row_id,sample_id,R,N,T_K,sigma_S_cm,rb_ohm,thickness_cm,area_cm2,ea_reported_eV,r2_reported,arc_visible,semicircle_visible,source_file,notes
0,S8-2-1-1,1.0408163265306123,4.656000000000001,198.15,1.4339844005231452e-06,21351.234617539285,0.12,3.919348,1.171877358978562,0.95,False,False,300-120K 3K-min,
1,S8-2-1-1,1.0408163265306123,4.656000000000001,208.15,3.877514762111271e-05,789.6124,0.12,3.919348,1.171877358978562,0.8998973878273878,False,False,300-120K 3K-min,
2,S8-2-1-1,1.0408163265306123,4.656000000000001,216.15,0.0001655376867446,184.9569,0.12,3.919348,1.171877358978562,0.8999662039534728,False,False,300-120K 3K-min,
3,S8-2-1-1,1.0408163265306123,4.656000000000001,224.15,0.000451965860106,67.74258871295915,0.12,3.919348,0.4139653363243663,0.95,False,False,300-120K 3K-min,
4,S8-2-1-1,1.0408163265306123,4.656000000000001,233.15,0.0009890818523789,30.95531203997056,0.12,3.919348,0.4139653363243663,0.95,False,False,300-120K 3K-min,
5,S8-2-1-1,1.0408163265306123,4.656000000000001,241.15,0.001879242505248,16.292382323174355,0.12,3.919348,0.4139653363243663,0.95,False,False,300-120K 3K-min,
6,S8-2-1-1,1.0408163265306123,4.656000000000001,249.15,0.0032443066954399,9.43725123660344,0.12,3.919348,0.4139653363243663,0.95,False,False,300-120K 3K-min,
7,S8-2-1-1,1.0408163265306123,4.656000000000001,258.15,0.0051197141234118,5.980282616455415,0.12,3.919348,0.1505869487750941,0.95,False,False,300-120K 3K-min,
8,S8-2-1-1,1.0408163265306123,4.656000000000001,266.15,0.0073416234755422,4.170376957557001,0.12,3.919348,0.1505869487750941,0.95,False,False,300-120K 3K-min,
9,S8-2-1-1,1.0408163265306123,4.656000000000001,273.15,0.0095312526256843,3.212309921463524,0.12,3.919348,0.1505869487750941,0.95,False,False,300-120K 3K-min,
10,S8-2-1-1,1.0408163265306123,4.656000000000001,282.15,0.0113758117870059,2.6914419776559533,0.12,3.919348,0.1505869487750941,0.95,False,False,300-120K 3K-min,
11,S8-2-1-1,1.0408163265306123,4.656000000000001,291.15,0.0126340830562866,2.423392124070769,0.12,3.919348,0.1505869487750941,0.95,False,False,300-120K 3K-min,
12,S8-2-1-1,1.0408163265306123,4.656000000000001,299.15,0.0131120435714751,2.335054578377714,0.12,3.919348,0.1505869487750941,0.95,False,False,300-120K 3K-min,
13,S8-2-1-2,1.0408163265306123,4.656000000000001,199.15,2.3567298010199856e-06,12991.45,0.12,3.919348,1.0114213753919017,0.8989759519792138,False,False,300-120K 3K-min,
14,S8-2-1-2,1.0408163265306123,4.656000000000001,209.15,3.946020825700122e-05,775.9041,0.12,3.919348,1.0114213753919017,0.8998888150365754,False,False,300-120K 3K-min,
15,S8-2-1-2,1.0408163265306123,4.656000000000001,217.15,0.0001662823557745,184.1286,0.12,3.919348,0.3845939516560927,0.8999667780944121,False,False,300-120K 3K-min,
16,S8-2-1-2,1.0408163265306123,4.656000000000001,225.15,0.0004339402506934,70.55657391664471,0.12,3.919348,0.3845939516560927,0.95,False,False,300-120K 3K-min,
17,S8-2-1-2,1.0408163265306123,4.656000000000001,233.15,0.000919749499264,33.288778518456255,0.12,3.919348,0.3845939516560927,0.95,False,False,300-120K 3K-min,
18,S8-2-1-2,1.0408163265306123,4.656000000000001,242.15,0.0017195256725844,17.80568784846542,0.12,3.919348,0.3845939516560927,0.95,False,False,300-120K 3K-min,
19,S8-2-1-2,1.0408163265306123,4.656000000000001,250.15,0.002922407160315,10.476752791065868,0.12,3.919348,0.3845939516560927,0.95,False,False,300-120K 3K-min,
20,S8-2-1-2,1.0408163265306123,4.656000000000001,258.15,0.0045431855562311,6.739178269192244,0.12,3.919348,0.3845939516560927,0.95,False,False,300-120K 3K-min,
21,S8-2-1-2,1.0408163265306123,4.656000000000001,267.15,0.0063588127710893,4.814945568560289,0.12,3.919348,0.1067415330674011,0.95,False,False,300-120K 3K-min,
22,S8-2-1-2,1.0408163265306123,4.656000000000001,274.15,0.0080713768741223,3.793322731791068,0.12,3.919348,0.1067415330674011,0.95,False,False,300-120K 3K-min,
23,S8-2-1-2,1.0408163265306123,4.656000000000001,283.15,0.0094212205284917,3.2498270559390847,0.12,3.919348,0.1067415330674011,0.95,False,False,300-120K 3K-min,
24,S8-2-1-2,1.0408163265306123,4.656000000000001,291.15,0.0101193179752569,3.025632502933955,0.12,3.919348,0.1067415330674011,0.95,False,False,300-120K 3K-min,
25,S8-2-1-2,1.0408163265306123,4.656000000000001,299.15,0.0106107520067716,2.8855011740847,0.12,3.919348,0.1067415330674011,0.95,False,False,300-120K 3K-min,
26,S8-2-2-1,1.040816326530612,4.1386666666666665,208.15,1.4610227043203676e-05,2095.6099643710563,0.12,3.919348,0.3139665207649121,0.95,False,False,300-120K 3K-min,
27,S8-2-2-1,1.040816326530612,4.1386666666666665,217.15,0.0001021658486574,299.6827,0.12,3.919348,0.3139665207649121,0.8999716276406652,False,False,300-120K 3K-min,
28,S8-2-2-1,1.040816326530612,4.1386666666666665,225.15,0.0003371251500487,90.81890618078776,0.12,3.919348,0.3139665207649121,0.95,False,False,300-120K 3K-min,
29,S8-2-2-1,1.040816326530612,4.1386666666666665,233.15,0.0007803552793136,39.2351255704826,0.12,3.919348,0.3139665207649121,0.95,False,False,300-120K 3K-min,
30,S8-2-2-1,1.040816326530612,4.1386666666666665,241.15,0.0015622958487453,19.59765648615708,0.12,3.919348,0.3139665207649121,0.95,False,False,300-120K 3K-min,
31,S8-2-2-1,1.040816326530612,4.1386666666666665,250.15,0.0025468145090881,12.021816769224897,0.12,3.919348,0.3139665207649121,0.95,False,False,300-120K 3K-min,
32,S8-2-2-1,1.040816326530612,4.1386666666666665,258.15,0.0023683203322326,12.92787,0.12,3.919348,0.3139665207649121,0.8999764893660428,False,False,300-120K 3K-min,
33,S8-2-2-1,1.040816326530612,4.1386666666666665,266.15,0.0014052824015739,21.78732,0.12,3.919348,0.3139665207649121,0.8999030575031831,False,False,300-120K 3K-min,
34,S8-2-2-1,1.040816326530612,4.1386666666666665,274.15,0.0018195698246928,16.82669,0.12,3.919348,0.3139665207649121,0.8999179837286324,False,False,300-120K 3K-min,
35,S8-2-2-1,1.040816326530612,4.1386666666666665,282.15,0.0019387424036709,15.79237,0.12,3.919348,0.3139665207649121,0.8999123174515377,False,False,300-120K 3K-min,
36,S8-2-2-1,1.040816326530612,4.1386666666666665,291.15,0.0107925024815052,2.836908068905155,0.12,3.919348,0.3139665207649121,0.95,False,False,300-120K 3K-min,
37,S8-2-2-1,1.040816326530612,4.1386666666666665,299.15,0.0131447120902164,2.3292512733123667,0.12,3.919348,0.3139665207649121,0.95,False,False,300-120K 3K-min,
38,S8-2-2-2,1.040816326530612,4.1386666666666665,216.15,1.0276085009409766e-05,2979.474901718401,0.12,3.919348,0.841473760640406,0.95,False,False,300-120K 3K-min,
39,S8-2-2-2,1.040816326530612,4.1386666666666665,225.15,8.589195236723069e-05,356.4634,0.12,3.919348,0.841473760640406,0.8999474135756619,False,False,300-120K 3K-min,
40,S8-2-2-2,1.040816326530612,4.1386666666666665,234.15,0.0003284282288494,93.22383,0.12,3.919348,0.841473760640406,0.8999903653941791,False,False,300-120K 3K-min,
41,S8-2-2-2,1.040816326530612,4.1386666666666665,242.15,0.0006543048654929,46.79368745086984,0.12,3.919348,0.2890118358744416,0.95,False,False,300-120K 3K-min,
42,S8-2-2-2,1.040816326530612,4.1386666666666665,250.15,0.0012920574443238,23.696575959503157,0.12,3.919348,0.2890118358744416,0.95,False,False,300-120K 3K-min,
43,S8-2-2-2,1.040816326530612,4.1386666666666665,258.15,0.0022538796251418,13.584282422152,0.12,3.919348,0.2890118358744416,0.95,False,False,300-120K 3K-min,
44,S8-2-2-2,1.040816326530612,4.1386666666666665,267.15,0.0035817170047993,8.548229056744429,0.12,3.919348,0.2890118358744416,0.95,False,False,300-120K 3K-min,
45,S8-2-2-2,1.040816326530612,4.1386666666666665,274.15,0.0051621952193348,5.9310692588270575,0.12,3.919348,0.2890118358744416,0.95,False,False,300-120K 3K-min,
46,S8-2-2-2,1.040816326530612,4.1386666666666665,283.15,0.0068122583799477,4.494447460123468,0.12,3.919348,0.2890118358744416,0.95,False,False,300-120K 3K-min,
47,S8-2-2-2,1.040816326530612,4.1386666666666665,291.15,0.0082069696704493,3.730650727722825,0.12,3.919348,0.2890118358744416,0.95,False,False,300-120K 3K-min,
48,S8-2-2-2,1.040816326530612,4.1386666666666665,299.15,0.0090559594988099,3.380904848070989,0.12,3.919348,0.2890118358744416,0.95,False,False,300-120K 3K-min,
49,S8-3-1-1,0.3865699438677833,3.892,190.15,2.560851642823061e-06,11955.92,0.12,3.919348,1.2086589922176374,0.8989426299661064,False,False,300-120K 3K-min,
50,S8-3-1-1,0.3865699438677833,3.892,199.15,7.180725971548788e-05,426.3822,0.12,3.919348,1.2086589922176374,0.8999794799531973,False,False,300-120K 3K-min,
51,S8-3-1-1,0.3865699438677833,3.892,207.15,0.000287783977568,106.39,0.12,3.919348,0.2607502339827305,0.8999960410372313,False,False,300-120K 3K-min,
52,S8-3-1-1,0.3865699438677833,3.892,216.15,0.0005867637842173,52.18000530536705,0.12,3.919348,0.2607502339827305,0.95,False,False,300-120K 3K-min,
53,S8-3-1-1,0.3865699438677833,3.892,224.15,0.0011083908524004,27.62323173919375,0.12,3.919348,0.2607502339827305,0.95,False,False,300-120K 3K-min,
54,S8-3-1-1,0.3865699438677833,3.892,232.15,0.0018038182941603,16.973626153244382,0.12,3.919348,0.2607502339827305,0.95,False,False,300-120K 3K-min,
55,S8-3-1-1,0.3865699438677833,3.892,241.15,0.0024748572498677,12.371354903438348,0.12,3.919348,0.2607502339827305,0.95,False,False,300-120K 3K-min,
56,S8-3-1-1,0.3865699438677833,3.892,249.15,0.0031097969879466,9.845445696980022,0.12,3.919348,0.2607502339827305,0.95,False,False,300-120K 3K-min,
57,S8-3-1-1,0.3865699438677833,3.892,257.15,0.0045319206449246,6.755929719941058,0.12,3.919348,0.2607502339827305,0.95,False,False,300-120K 3K-min,
58,S8-3-1-1,0.3865699438677833,3.892,266.15,0.0093621067201811,3.2703469730228223,0.12,3.919348,0.2607502339827305,0.95,False,False,300-120K 3K-min,
59,S8-3-1-1,0.3865699438677833,3.892,273.15,0.0112862167435539,2.712807849534528,0.12,3.919348,0.2607502339827305,0.95,False,False,300-120K 3K-min,
60,S8-3-1-1,0.3865699438677833,3.892,282.15,0.0125192429323393,2.445622114606566,0.12,3.919348,0.0387896860970522,0.95,False,False,300-120K 3K-min,
61,S8-3-1-1,0.3865699438677833,3.892,291.15,0.0133257707947867,2.2976034816266666,0.12,3.919348,0.0387896860970522,0.95,False,False,300-120K 3K-min,
62,S8-3-1-1,0.3865699438677833,3.892,299.15,0.0136965144460598,2.235410877273892,0.12,3.919348,0.0387896860970522,0.95,False,False,300-120K 3K-min,
63,S8-3-1-2,0.3865699438677833,3.892,215.15,2.704138576205876e-05,1132.239954078821,0.12,3.919348,0.7629912258116134,0.95,False,False,300-150K 1K-min,
64,S8-3-1-2,0.3865699438677833,3.892,220.15,6.695872733938613e-05,457.25685941243273,0.12,3.919348,0.7629912258116134,0.95,False,False,300-150K 1K-min,
65,S8-3-1-2,0.3865699438677833,3.892,224.15,0.0001530445430258,200.0550739551255,0.12,3.919348,0.7629912258116134,0.95,False,False,300-150K 1K-min,
66,S8-3-1-2,0.3865699438677833,3.892,227.15,0.0002272988792543,134.70078459647564,0.12,3.919348,0.7629912258116134,0.95,False,False,300-150K 1K-min,
67,S8-3-1-2,0.3865699438677833,3.892,230.15,0.0003241403875425,94.4570271097103,0.12,3.919348,0.3889742016393215,0.95,False,False,300-150K 1K-min,
68,S8-3-1-2,0.3865699438677833,3.892,233.15,0.000443018852125,69.11068733666501,0.12,3.919348,0.3889742016393215,0.95,False,False,300-150K 1K-min,
69,S8-3-1-2,0.3865699438677833,3.892,236.15,0.0005826872837169,52.5450584371013,0.12,3.919348,0.3889742016393215,0.95,False,False,300-150K 1K-min,
70,S8-3-1-2,0.3865699438677833,3.892,239.15,0.0007506620029823,40.787114908997744,0.12,3.919348,0.3889742016393215,0.95,False,False,300-150K 1K-min,
71,S8-3-1-2,0.3865699438677833,3.892,242.15,0.000963809934965,31.766986687650387,0.12,3.919348,0.3889742016393215,0.95,False,False,300-150K 1K-min,
72,S8-3-1-2,0.3865699438677833,3.892,245.15,0.001205126816413,25.405904969064387,0.12,3.919348,0.3889742016393215,0.95,False,False,300-150K 1K-min,
73,S8-3-1-2,0.3865699438677833,3.892,247.15,0.0014809027800968,20.67477878018378,0.12,3.919348,0.3889742016393215,0.95,False,False,300-150K 1K-min,
74,S8-3-1-2,0.3865699438677833,3.892,250.15,0.0017835954745624,17.166077067431868,0.12,3.919348,0.3889742016393215,0.95,False,False,300-150K 1K-min,
75,S8-3-1-2,0.3865699438677833,3.892,253.15,0.0021207223435349,14.437221103837038,0.12,3.919348,0.3889742016393215,0.95,False,False,300-150K 1K-min,
76,S8-3-1-2,0.3865699438677833,3.892,256.15,0.0024907645006568,12.29234532826645,0.12,3.919348,0.3889742016393215,0.95,False,False,300-150K 1K-min,
77,S8-3-1-2,0.3865699438677833,3.892,258.15,0.0028928229003363,10.583896224653566,0.12,3.919348,0.3889742016393215,0.95,False,False,300-150K 1K-min,
78,S8-3-1-2,0.3865699438677833,3.892,261.15,0.0033231101748039,9.213458405804191,0.12,3.919348,0.3889742016393215,0.95,False,False,300-150K 1K-min,
79,S8-3-1-2,0.3865699438677833,3.892,264.15,0.0037792766335676,8.101375036036519,0.12,3.919348,0.1790582740491368,0.95,False,False,300-150K 1K-min,
80,S8-3-1-2,0.3865699438677833,3.892,267.15,0.004258334412095,7.189979557852007,0.12,3.919348,0.1790582740491368,0.95,False,False,300-150K 1K-min,
81,S8-3-1-2,0.3865699438677833,3.892,269.15,0.004755721206057,6.438000893422022,0.12,3.919348,0.1790582740491368,0.95,False,False,300-150K 1K-min,
82,S8-3-1-2,0.3865699438677833,3.892,272.15,0.0052715274349022,5.808058053676604,0.12,3.919348,0.1790582740491368,0.95,False,False,300-150K 1K-min,
83,S8-3-1-2,0.3865699438677833,3.892,274.15,0.0058005092747384,5.27838779722353,0.12,3.919348,0.1790582740491368,0.95,False,False,300-150K 1K-min,
84,S8-3-1-2,0.3865699438677833,3.892,277.15,0.0063382294685178,4.8305820301297375,0.12,3.919348,0.1790582740491368,0.95,False,False,300-150K 1K-min,
85,S8-3-1-2,0.3865699438677833,3.892,280.15,0.0068729215308032,4.4547776715098015,0.12,3.919348,0.1790582740491368,0.95,False,False,300-150K 1K-min,
86,S8-3-1-2,0.3865699438677833,3.892,283.15,0.0073977273137275,4.138749115102731,0.12,3.919348,0.1790582740491368,0.95,False,False,300-150K 1K-min,
87,S8-3-1-2,0.3865699438677833,3.892,285.15,0.0079107414359619,3.8703499060500017,0.12,3.919348,0.1790582740491368,0.95,False,False,300-150K 1K-min,
88,S8-3-1-2,0.3865699438677833,3.892,288.15,0.008399154283,3.6452881256665086,0.12,3.919348,0.1790582740491368,0.95,False,False,300-150K 1K-min,
89,S8-3-1-2,0.3865699438677833,3.892,291.15,0.0088451326451798,3.461489906558492,0.12,3.919348,0.1790582740491368,0.95,False,False,300-150K 1K-min,
90,S8-3-1-2,0.3865699438677833,3.892,294.15,0.0091955841754977,3.3295695835228374,0.12,3.919348,0.1790582740491368,0.95,False,False,300-150K 1K-min,
91,S8-3-1-2,0.3865699438677833,3.892,297.15,0.0093684019482841,3.268149417849076,0.12,3.919348,0.1790582740491368,0.95,False,False,300-150K 1K-min,
92,S8-3-1-2,0.3865699438677833,3.892,299.15,0.0092426903321446,3.31260014922049,0.12,3.919348,0.1790582740491368,0.95,False,False,300-150K 1K-min,
93,S8-3-10-1,0.458644786705142,4.926666666666667,188.15,4.201824421949964e-07,72866.77,0.12,3.919348,1.015453898988118,0.7554795113587054,True,True,300-150K 1K-min,
94,S8-3-10-1,0.458644786705142,4.926666666666667,193.15,2.793012425831964e-06,10962.12,0.12,3.919348,1.015453898988118,0.8988222397196162,False,False,300-150K 1K-min,
95,S8-3-10-1,0.458644786705142,4.926666666666667,197.15,1.072209924080662e-05,2855.535719809078,0.12,3.919348,1.015453898988118,0.95,False,False,300-150K 1K-min,
96,S8-3-10-1,0.458644786705142,4.926666666666667,201.15,2.6485196475018185e-05,1156.017,0.12,3.919348,1.015453898988118,0.8998638447759647,False,False,300-150K 1K-min,
97,S8-3-10-1,0.458644786705142,4.926666666666667,204.15,5.942048417634066e-05,515.2657,0.12,3.919348,1.015453898988118,0.8999351900626479,False,False,300-150K 1K-min,
98,S8-3-10-1,0.458644786705142,4.926666666666667,207.15,0.0001016533802139,301.1935,0.12,3.919348,0.4406007165533412,0.8999548571137654,False,False,300-150K 1K-min,
99,S8-3-10-1,0.458644786705142,4.926666666666667,210.15,0.0001683687617081,181.8469,0.12,3.919348,0.4406007165533412,0.8999713948084164,False,False,300-150K 1K-min,
100,S8-3-10-1,0.458644786705142,4.926666666666667,213.15,0.0002591943904631,118.125,0.12,3.919348,0.4406007165533412,0.899989405320844,False,False,300-150K 1K-min,
101,S8-3-10-1,0.458644786705142,4.926666666666667,216.15,0.0003687008500659,83.04113583678141,0.12,3.919348,0.4406007165533412,0.95,False,False,300-150K 1K-min,
102,S8-3-10-1,0.458644786705142,4.926666666666667,218.15,0.0005113089003702,59.880313742416014,0.12,3.919348,0.4406007165533412,0.95,False,False,300-150K 1K-min,
103,S8-3-10-1,0.458644786705142,4.926666666666667,221.15,0.0006956676292306,44.01144467124683,0.12,3.919348,0.4406007165533412,0.95,False,False,300-150K 1K-min,
104,S8-3-10-1,0.458644786705142,4.926666666666667,224.15,0.0009278892045865,32.99675998181732,0.12,3.919348,0.4406007165533412,0.95,False,False,300-150K 1K-min,
105,S8-3-10-1,0.458644786705142,4.926666666666667,227.15,0.0012081749676791,25.34180743065321,0.12,3.919348,0.4406007165533412,0.95,False,False,300-150K 1K-min,
106,S8-3-10-1,0.458644786705142,4.926666666666667,230.15,0.0015517709299216,19.73057800161708,0.12,3.919348,0.4406007165533412,0.95,False,False,300-150K 1K-min,
107,S8-3-10-1,0.458644786705142,4.926666666666667,232.15,0.0019406186746847,15.7771012785059,0.12,3.919348,0.4406007165533412,0.95,False,False,300-150K 1K-min,
108,S8-3-10-1,0.458644786705142,4.926666666666667,235.15,0.0023826112646981,12.850328472421,0.12,3.919348,0.4406007165533412,0.95,False,False,300-150K 1K-min,
109,S8-3-10-1,0.458644786705142,4.926666666666667,238.15,0.0028739469053922,10.653410929761822,0.12,3.919348,0.4406007165533412,0.95,False,False,300-150K 1K-min,
110,S8-3-10-1,0.458644786705142,4.926666666666667,241.15,0.0034157307267494,8.963627353201298,0.12,3.919348,0.4406007165533412,0.95,False,False,300-150K 1K-min,
111,S8-3-10-1,0.458644786705142,4.926666666666667,243.15,0.0039982884251353,7.657610986987517,0.12,3.919348,0.1530803091191467,0.95,False,False,300-150K 1K-min,
112,S8-3-10-1,0.458644786705142,4.926666666666667,246.15,0.0046167358753579,6.631814814636179,0.12,3.919348,0.1530803091191467,0.95,False,False,300-150K 1K-min,
113,S8-3-10-1,0.458644786705142,4.926666666666667,249.15,0.005271977795458,5.807561898276341,0.12,3.919348,0.1530803091191467,0.95,False,False,300-150K 1K-min,
114,S8-3-10-1,0.458644786705142,4.926666666666667,252.15,0.0059597280076537,5.137371593827933,0.12,3.919348,0.1530803091191467,0.95,False,False,300-150K 1K-min,
115,S8-3-10-1,0.458644786705142,4.926666666666667,255.15,0.0066478186644561,4.605621620993184,0.12,3.919348,0.1530803091191467,0.95,False,False,300-150K 1K-min,
116,S8-3-10-1,0.458644786705142,4.926666666666667,257.15,0.0073389817490634,4.171878118836879,0.12,3.919348,0.1530803091191467,0.95,False,False,300-150K 1K-min,
117,S8-3-10-1,0.458644786705142,4.926666666666667,260.15,0.008022086970904,3.816629947357807,0.12,3.919348,0.1530803091191467,0.95,False,False,300-150K 1K-min,
118,S8-3-10-1,0.458644786705142,4.926666666666667,263.15,0.0087007524804268,3.518929821568608,0.12,3.919348,0.1530803091191467,0.95,False,False,300-150K 1K-min,
119,S8-3-10-1,0.458644786705142,4.926666666666667,266.15,0.0093665366886608,3.268800239743519,0.12,3.919348,0.1530803091191467,0.95,False,False,300-150K 1K-min,
120,S8-3-10-1,0.458644786705142,4.926666666666667,269.15,0.0100198805505046,3.0556589191993115,0.12,3.919348,0.1530803091191467,0.95,False,False,300-150K 1K-min,
121,S8-3-10-1,0.458644786705142,4.926666666666667,271.15,0.0106588742488209,2.872473833420801,0.12,3.919348,0.1530803091191467,0.95,False,False,300-150K 1K-min,
122,S8-3-10-1,0.458644786705142,4.926666666666667,273.15,0.0112707459110929,2.716531595599779,0.12,3.919348,0.1530803091191467,0.95,False,False,300-150K 1K-min,
123,S8-3-10-1,0.458644786705142,4.926666666666667,276.15,0.0118514977168252,2.583415033696085,0.12,3.919348,0.1530803091191467,0.95,False,False,300-150K 1K-min,
124,S8-3-10-1,0.458644786705142,4.926666666666667,279.15,0.0125992227410905,2.4300973165278767,0.12,3.919348,0.1530803091191467,0.95,False,False,300-150K 1K-min,
125,S8-3-10-1,0.458644786705142,4.926666666666667,282.15,0.0132546803269033,2.3099265028154905,0.12,3.919348,0.1530803091191467,0.95,False,False,300-150K 1K-min,
126,S8-3-10-1,0.458644786705142,4.926666666666667,285.15,0.0138114388112362,2.2168101232546853,0.12,3.919348,0.1530803091191467,0.95,False,False,300-150K 1K-min,
127,S8-3-10-1,0.458644786705142,4.926666666666667,288.15,0.0143213512417346,2.1378804874387414,0.12,3.919348,0.1530803091191467,0.95,False,False,300-150K 1K-min,
128,S8-3-10-1,0.458644786705142,4.926666666666667,291.15,0.0148148411388116,2.0666666005111862,0.12,3.919348,0.1530803091191467,0.95,False,False,300-150K 1K-min,
129,S8-3-10-1,0.458644786705142,4.926666666666667,293.15,0.0152871572420205,2.0028143158822123,0.12,3.919348,0.1530803091191467,0.95,False,False,300-150K 1K-min,
130,S8-3-10-1,0.458644786705142,4.926666666666667,296.15,0.0157495741153501,1.9440104950914376,0.12,3.919348,0.1530803091191467,0.95,False,False,300-150K 1K-min,
131,S8-3-10-1,0.458644786705142,4.926666666666667,299.15,0.0161458652544399,1.896295855995804,0.12,3.919348,0.1530803091191467,0.95,False,False,300-150K 1K-min,
132,S8-3-11-1,0.3079344114331621,4.492933333333334,208.15,1.3963941153635453e-07,219260.0,0.12,3.919348,0.956682959116511,0.8049979616088436,True,True,300-140K 0.3K-min,
133,S8-3-11-1,0.3079344114331621,4.492933333333334,210.15,2.286247671995817e-07,133919.6,0.12,3.919348,0.956682959116511,0.7824315804919488,True,True,300-140K 0.3K-min,
134,S8-3-11-1,0.3079344114331621,4.492933333333334,211.15,3.6180587525357673e-07,84623.66,0.12,3.919348,0.956682959116511,0.7488638824258486,True,True,300-140K 0.3K-min,
135,S8-3-11-1,0.3079344114331621,4.492933333333334,213.15,5.51513486298167e-07,55515.12,0.12,3.919348,0.956682959116511,0.7084060734269844,True,True,300-140K 0.3K-min,
136,S8-3-11-1,0.3079344114331621,4.492933333333334,215.15,8.54071064598189e-07,35848.7,0.12,3.919348,0.956682959116511,0.6440800206386441,False,False,300-140K 0.3K-min,
137,S8-3-11-1,0.3079344114331621,4.492933333333334,216.15,1.4335328548916234e-06,21357.96,0.12,3.919348,0.956682959116511,0.8978979545622373,False,False,300-140K 0.3K-min,
138,S8-3-11-1,0.3079344114331621,4.492933333333334,218.15,1.989496557290793e-06,15389.49,0.12,3.919348,0.956682959116511,0.8986388488637623,False,False,300-140K 0.3K-min,
139,S8-3-11-1,0.3079344114331621,4.492933333333334,219.15,2.780398932780096e-06,11011.850498319352,0.12,3.919348,0.956682959116511,0.95,False,False,300-140K 0.3K-min,
140,S8-3-11-1,0.3079344114331621,4.492933333333334,221.15,3.8760936482696265e-06,7899.019,0.12,3.919348,0.956682959116511,0.8990512907845792,False,False,300-140K 0.3K-min,
141,S8-3-11-1,0.3079344114331621,4.492933333333334,222.15,5.269412242728275e-06,5810.389463400335,0.12,3.919348,0.956682959116511,0.95,False,False,300-140K 0.3K-min,
142,S8-3-11-1,0.3079344114331621,4.492933333333334,223.15,7.031606483663895e-06,4354.245,0.12,3.919348,0.956682959116511,0.8995610472130761,False,False,300-140K 0.3K-min,
143,S8-3-11-1,0.3079344114331621,4.492933333333334,225.15,9.356124508229368e-06,3272.438,0.12,3.919348,0.956682959116511,0.8996953770269503,False,False,300-140K 0.3K-min,
144,S8-3-11-1,0.3079344114331621,4.492933333333334,226.15,1.2188503264733304e-05,2511.985,0.12,3.919348,0.956682959116511,0.899738288714304,False,False,300-140K 0.3K-min,
145,S8-3-11-1,0.3079344114331621,4.492933333333334,227.15,1.5823346775628013e-05,1934.947,0.12,3.919348,0.956682959116511,0.8997744365717776,False,False,300-140K 0.3K-min,
146,S8-3-11-1,0.3079344114331621,4.492933333333334,229.15,1.929088635751169e-05,1587.14,0.12,3.919348,0.956682959116511,0.899824562352328,False,False,300-140K 0.3K-min,
147,S8-3-11-1,0.3079344114331621,4.492933333333334,230.15,2.3816064697478637e-05,1285.575,0.12,3.919348,0.956682959116511,0.8998281575513907,False,False,300-140K 0.3K-min,
148,S8-3-11-1,0.3079344114331621,4.492933333333334,231.15,2.9008084857885063e-05,1055.476,0.12,3.919348,0.956682959116511,0.8998493029243223,False,False,300-140K 0.3K-min,
149,S8-3-11-1,0.3079344114331621,4.492933333333334,232.15,3.529650707514544e-05,867.4325,0.12,3.919348,0.956682959116511,0.8998795510005657,False,False,300-140K 0.3K-min,
150,S8-3-11-1,0.3079344114331621,4.492933333333334,233.15,4.20685243098913e-05,727.7968,0.12,3.919348,0.5537340621763314,0.8999186702003977,False,False,300-140K 0.3K-min,
151,S8-3-11-1,0.3079344114331621,4.492933333333334,234.15,4.890358650587844e-05,626.0755,0.12,3.919348,0.5537340621763314,0.8999229777018039,False,False,300-140K 0.3K-min,
152,S8-3-11-1,0.3079344114331621,4.492933333333334,235.15,5.653589718188008e-05,541.5557,0.12,3.919348,0.5537340621763314,0.8999270702287555,False,False,300-140K 0.3K-min,
153,S8-3-11-1,0.3079344114331621,4.492933333333334,236.15,6.645104164546631e-05,460.7503,0.12,3.919348,0.5537340621763314,0.8999378284429315,False,False,300-140K 0.3K-min,
154,S8-3-11-1,0.3079344114331621,4.492933333333334,237.15,7.531201088370686e-05,406.5399,0.12,3.919348,0.5537340621763314,0.8999786703190903,False,False,300-140K 0.3K-min,
155,S8-3-11-1,0.3079344114331621,4.492933333333334,238.15,8.53457790680643e-05,358.7446,0.12,3.919348,0.5537340621763314,0.8999648427401418,False,False,300-140K 0.3K-min,
156,S8-3-11-1,0.3079344114331621,4.492933333333334,239.15,9.610812185341292e-05,318.5718,0.12,3.919348,0.5537340621763314,0.8999504591909919,False,False,300-140K 0.3K-min,
157,S8-3-11-1,0.3079344114331621,4.492933333333334,240.15,0.0001085483300945,282.0618,0.12,3.919348,0.5537340621763314,0.8999530172680296,False,False,300-140K 0.3K-min,
158,S8-3-11-1,0.3079344114331621,4.492933333333334,241.15,0.0001229718123189,248.9785,0.12,3.919348,0.5537340621763314,0.8999571346584316,False,False,300-140K 0.3K-min,
159,S8-3-11-1,0.3079344114331621,4.492933333333334,242.15,0.0001382654592305,221.4388,0.12,3.919348,0.5537340621763314,0.8999667298053696,False,False,300-140K 0.3K-min,
160,S8-3-11-1,0.3079344114331621,4.492933333333334,243.15,0.0001527695373078,200.4152,0.12,3.919348,0.5537340621763314,0.8999683047927747,False,False,300-140K 0.3K-min,
161,S8-3-11-1,0.3079344114331621,4.492933333333334,244.15,0.0001682515341426,181.9736,0.12,3.919348,0.5537340621763314,0.8999735849513352,False,False,300-140K 0.3K-min,
162,S8-3-11-1,0.3079344114331621,4.492933333333334,245.15,0.00020394141652,150.1281,0.12,3.919348,0.5537340621763314,0.899980786588285,False,False,300-140K 0.3K-min,
163,S8-3-11-1,0.3079344114331621,4.492933333333334,245.15,0.000185345406088,165.1907,0.12,3.919348,0.5537340621763314,0.8999757168303387,False,False,300-140K 0.3K-min,
164,S8-3-11-1,0.3079344114331621,4.492933333333334,246.15,0.0002230719383843,137.2532,0.12,3.919348,0.5537340621763314,0.899983840769716,False,False,300-140K 0.3K-min,
165,S8-3-11-1,0.3079344114331621,4.492933333333334,247.15,0.0002439863713829,125.4879,0.12,3.919348,0.5537340621763314,0.899987397271119,False,False,300-140K 0.3K-min,
166,S8-3-11-1,0.3079344114331621,4.492933333333334,248.15,0.0002694163607981,113.6432,0.12,3.919348,0.5537340621763314,0.8999974153804995,False,False,300-140K 0.3K-min,
167,S8-3-11-1,0.3079344114331621,4.492933333333334,249.15,0.0002901072443985,105.5379966016964,0.12,3.919348,0.5537340621763314,0.95,False,False,300-140K 0.3K-min,
168,S8-3-11-1,0.3079344114331621,4.492933333333334,250.15,0.0003408884389734,89.81629727797181,0.12,3.919348,0.5537340621763314,0.95,False,False,300-140K 0.3K-min,
169,S8-3-11-1,0.3079344114331621,4.492933333333334,250.15,0.000314754858631,97.273597321492,0.12,3.919348,0.5537340621763314,0.95,False,False,300-140K 0.3K-min,
170,S8-3-11-1,0.3079344114331621,4.492933333333334,251.15,0.0003689482121466,82.98546073803006,0.12,3.919348,0.5537340621763314,0.95,False,False,300-140K 0.3K-min,
171,S8-3-11-1,0.3079344114331621,4.492933333333334,252.15,0.000398826067621,76.76864643299965,0.12,3.919348,0.5537340621763314,0.95,False,False,300-140K 0.3K-min,
172,S8-3-11-1,0.3079344114331621,4.492933333333334,253.15,0.0004300821835834,71.18950410444448,0.12,3.919348,0.5537340621763314,0.95,False,False,300-140K 0.3K-min,
173,S8-3-11-1,0.3079344114331621,4.492933333333334,254.15,0.0004635367648335,66.05158359867227,0.12,3.919348,0.5537340621763314,0.95,False,False,300-140K 0.3K-min,
174,S8-3-11-1,0.3079344114331621,4.492933333333334,255.15,0.0005364242544698,57.07672074544582,0.12,3.919348,0.5537340621763314,0.95,False,False,300-140K 0.3K-min,
175,S8-3-11-1,0.3079344114331621,4.492933333333334,255.15,0.0004988905218945,61.370853984538655,0.12,3.919348,0.5537340621763314,0.95,False,False,300-140K 0.3K-min,
176,S8-3-11-1,0.3079344114331621,4.492933333333334,256.15,0.0005754034007145,53.21021275758502,0.12,3.919348,0.5537340621763314,0.95,False,False,300-140K 0.3K-min,
177,S8-3-11-1,0.3079344114331621,4.492933333333334,257.15,0.0006164060981574,49.67072432440536,0.12,3.919348,0.5537340621763314,0.95,False,False,300-140K 0.3K-min,
178,S8-3-11-1,0.3079344114331621,4.492933333333334,258.15,0.0006597111311199,46.410217941124415,0.12,3.919348,0.5537340621763314,0.95,False,False,300-140K 0.3K-min,
179,S8-3-11-1,0.3079344114331621,4.492933333333334,259.15,0.000752535977763,40.68554631031984,0.12,3.919348,0.5537340621763314,0.95,False,False,300-140K 0.3K-min,
180,S8-3-11-1,0.3079344114331621,4.492933333333334,259.15,0.0007050347597713,43.426706200118495,0.12,3.919348,0.5537340621763314,0.95,False,False,300-140K 0.3K-min,
181,S8-3-11-1,0.3079344114331621,4.492933333333334,260.15,0.0008023918539646,38.15758749566201,0.12,3.919348,0.5537340621763314,0.95,False,False,300-140K 0.3K-min,
182,S8-3-11-1,0.3079344114331621,4.492933333333334,261.15,0.0008543837857081,35.83557867742587,0.12,3.919348,0.5537340621763314,0.95,False,False,300-140K 0.3K-min,
183,S8-3-11-1,0.3079344114331621,4.492933333333334,262.15,0.0009086629445173,33.69493337237882,0.12,3.919348,0.5537340621763314,0.95,False,False,300-140K 0.3K-min,
184,S8-3-11-1,0.3079344114331621,4.492933333333334,263.15,0.0009655037602817,31.71125647871759,0.12,3.919348,0.3303865224696488,0.95,False,False,300-140K 0.3K-min,
185,S8-3-11-1,0.3079344114331621,4.492933333333334,264.15,0.001086407996047,28.182172337523905,0.12,3.919348,0.3303865224696488,0.95,False,False,300-140K 0.3K-min,
186,S8-3-11-1,0.3079344114331621,4.492933333333334,264.15,0.0010246474421191,29.880850832105715,0.12,3.919348,0.3303865224696488,0.95,False,False,300-140K 0.3K-min,
187,S8-3-11-1,0.3079344114331621,4.492933333333334,265.15,0.0011509705240658,26.6013218699151,0.12,3.919348,0.3303865224696488,0.95,False,False,300-140K 0.3K-min,
188,S8-3-11-1,0.3079344114331621,4.492933333333334,266.15,0.0012192671263552,25.111262914949343,0.12,3.919348,0.3303865224696488,0.95,False,False,300-140K 0.3K-min,
189,S8-3-11-1,0.3079344114331621,4.492933333333334,267.15,0.0012907993514674,23.71967210756217,0.12,3.919348,0.3303865224696488,0.95,False,False,300-140K 0.3K-min,
190,S8-3-11-1,0.3079344114331621,4.492933333333334,268.15,0.0013642638777704,22.442386603021586,0.12,3.919348,0.3303865224696488,0.95,False,False,300-140K 0.3K-min,
191,S8-3-11-1,0.3079344114331621,4.492933333333334,269.15,0.0015160304658678,20.19572697434849,0.12,3.919348,0.3303865224696488,0.95,False,False,300-140K 0.3K-min,
192,S8-3-11-1,0.3079344114331621,4.492933333333334,269.15,0.0014392943179408,21.27246456253881,0.12,3.919348,0.3303865224696488,0.95,False,False,300-140K 0.3K-min,
193,S8-3-11-1,0.3079344114331621,4.492933333333334,270.15,0.0015953504335095,19.191606264278715,0.12,3.919348,0.3303865224696488,0.95,False,False,300-140K 0.3K-min,
194,S8-3-11-1,0.3079344114331621,4.492933333333334,271.15,0.0016769518369891,18.25773209350676,0.12,3.919348,0.3303865224696488,0.95,False,False,300-140K 0.3K-min,
195,S8-3-11-1,0.3079344114331621,4.492933333333334,272.15,0.0017614009469307,17.382378172789764,0.12,3.919348,0.3303865224696488,0.95,False,False,300-140K 0.3K-min,
196,S8-3-11-1,0.3079344114331621,4.492933333333334,273.15,0.0018480503226831,16.567372109764264,0.12,3.919348,0.3303865224696488,0.95,False,False,300-140K 0.3K-min,
197,S8-3-11-1,0.3079344114331621,4.492933333333334,273.15,0.0019370941809066,15.805807314506191,0.12,3.919348,0.3303865224696488,0.95,False,False,300-140K 0.3K-min,
198,S8-3-11-1,0.3079344114331621,4.492933333333334,274.15,0.0020285895787563,15.092918594322946,0.12,3.919348,0.3303865224696488,0.95,False,False,300-140K 0.3K-min,
199,S8-3-11-1,0.3079344114331621,4.492933333333334,274.15,0.0021226922478432,14.42382305045359,0.12,3.919348,0.3303865224696488,0.95,False,False,300-140K 0.3K-min,
200,S8-3-11-1,0.3079344114331621,4.492933333333334,275.15,0.0022194038779599,13.79529777230253,0.12,3.919348,0.3303865224696488,0.95,False,False,300-140K 0.3K-min,
201,S8-3-11-1,0.3079344114331621,4.492933333333334,276.15,0.0023186903343867,13.204582310711576,0.12,3.919348,0.3303865224696488,0.95,False,False,300-140K 0.3K-min,
202,S8-3-11-1,0.3079344114331621,4.492933333333334,277.15,0.0024199781845657,12.651906355492793,0.12,3.919348,0.3303865224696488,0.95,False,False,300-140K 0.3K-min,
203,S8-3-11-1,0.3079344114331621,4.492933333333334,278.15,0.0025237546247397,12.131661720726443,0.12,3.919348,0.3303865224696488,0.95,False,False,300-140K 0.3K-min,
204,S8-3-11-1,0.3079344114331621,4.492933333333334,279.15,0.0026296304030877,11.643209379352122,0.12,3.919348,0.3303865224696488,0.95,False,False,300-140K 0.3K-min,
205,S8-3-11-1,0.3079344114331621,4.492933333333334,279.15,0.0027377529103025,11.18338227611563,0.12,3.919348,0.3303865224696488,0.95,False,False,300-140K 0.3K-min,
206,S8-3-11-1,0.3079344114331621,4.492933333333334,280.15,0.0028479088624249,10.75081361535953,0.12,3.919348,0.3303865224696488,0.95,False,False,300-140K 0.3K-min,
207,S8-3-11-1,0.3079344114331621,4.492933333333334,281.15,0.0029604150616944,10.34224483236374,0.12,3.919348,0.3303865224696488,0.95,False,False,300-140K 0.3K-min,
208,S8-3-11-1,0.3079344114331621,4.492933333333334,282.15,0.003074507223256,9.958453550496506,0.12,3.919348,0.3303865224696488,0.95,False,False,300-140K 0.3K-min,
209,S8-3-11-1,0.3079344114331621,4.492933333333334,283.15,0.0031905163278242,9.596358152581724,0.12,3.919348,0.3303865224696488,0.95,False,False,300-140K 0.3K-min,
210,S8-3-11-1,0.3079344114331621,4.492933333333334,284.15,0.0033085008300152,9.254142267608207,0.12,3.919348,0.3303865224696488,0.95,False,False,300-140K 0.3K-min,
211,S8-3-11-1,0.3079344114331621,4.492933333333334,284.15,0.0034286269132425,8.92991222089694,0.12,3.919348,0.3303865224696488,0.95,False,False,300-140K 0.3K-min,
212,S8-3-11-1,0.3079344114331621,4.492933333333334,285.15,0.0035500676725967,8.624437671934757,0.12,3.919348,0.3303865224696488,0.95,False,False,300-140K 0.3K-min,
213,S8-3-11-1,0.3079344114331621,4.492933333333334,286.15,0.0036734494286438,8.334764903722803,0.12,3.919348,0.3303865224696488,0.95,False,False,300-140K 0.3K-min,
214,S8-3-11-1,0.3079344114331621,4.492933333333334,287.15,0.0037986577151027,8.060041117085158,0.12,3.919348,0.3303865224696488,0.95,False,False,300-140K 0.3K-min,
215,S8-3-11-1,0.3079344114331621,4.492933333333334,288.15,0.003925031498883,7.80053290837895,0.12,3.919348,0.3303865224696488,0.95,False,False,300-140K 0.3K-min,
216,S8-3-11-1,0.3079344114331621,4.492933333333334,289.15,0.0040536418248352,7.553044569917103,0.12,3.919348,0.3303865224696488,0.95,False,False,300-140K 0.3K-min,
217,S8-3-11-1,0.3079344114331621,4.492933333333334,289.15,0.0041832703954279,7.318995541603971,0.12,3.919348,0.3303865224696488,0.95,False,False,300-140K 0.3K-min,
218,S8-3-11-1,0.3079344114331621,4.492933333333334,290.15,0.0043147771761773,7.095925495876108,0.12,3.919348,0.3303865224696488,0.95,False,False,300-140K 0.3K-min,
219,S8-3-11-1,0.3079344114331621,4.492933333333334,291.15,0.0044484609349804,6.88268095886865,0.12,3.919348,0.3303865224696488,0.95,False,False,300-140K 0.3K-min,
220,S8-3-11-1,0.3079344114331621,4.492933333333334,292.15,0.0045837550457042,6.679531752499504,0.12,3.919348,0.3303865224696488,0.95,False,False,300-140K 0.3K-min,
221,S8-3-11-1,0.3079344114331621,4.492933333333334,293.15,0.0047202720910008,6.486350105078183,0.12,3.919348,0.3303865224696488,0.95,False,False,300-140K 0.3K-min,
222,S8-3-11-1,0.3079344114331621,4.492933333333334,294.15,0.004858163770106,6.302244803244357,0.12,3.919348,0.3303865224696488,0.95,False,False,300-140K 0.3K-min,
223,S8-3-11-1,0.3079344114331621,4.492933333333334,294.15,0.0049973510376086,6.126713361347524,0.12,3.919348,0.3303865224696488,0.95,False,False,300-140K 0.3K-min,
224,S8-3-11-1,0.3079344114331621,4.492933333333334,295.15,0.0051372734231351,5.9598418950369885,0.12,3.919348,0.3303865224696488,0.95,False,False,300-140K 0.3K-min,
225,S8-3-11-1,0.3079344114331621,4.492933333333334,296.15,0.0052768066077277,5.802247391182108,0.12,3.919348,0.3303865224696488,0.95,False,False,300-140K 0.3K-min,
226,S8-3-11-1,0.3079344114331621,4.492933333333334,297.15,0.0054144839457803,5.654710158910293,0.12,3.919348,0.3303865224696488,0.95,False,False,300-140K 0.3K-min,
227,S8-3-11-1,0.3079344114331621,4.492933333333334,298.15,0.0055432147846197,5.523390047669171,0.12,3.919348,0.3303865224696488,0.95,False,False,300-140K 0.3K-min,
228,S8-3-11-1,0.3079344114331621,4.492933333333334,299.15,0.0056417780208523,5.4268950781646215,0.12,3.919348,0.3303865224696488,0.95,False,False,300-140K 0.3K-min,
229,S8-3-11-1,0.3079344114331621,4.492933333333334,299.15,0.0056421041540423,5.426581384805724,0.12,3.919348,0.3303865224696488,0.95,False,False,300-140K 0.3K-min,
230,S8-3-11-2,0.3079344114331621,4.492933333333334,182.15,4.886084232671419e-07,62662.32,0.12,3.919348,0.844272533479554,0.7445182645679196,True,True,300-150K 1K-min,
231,S8-3-11-2,0.3079344114331621,4.492933333333334,187.15,2.7830982862242016e-06,11001.17,0.12,3.919348,0.844272533479554,0.8990103207433892,False,False,300-150K 1K-min,
232,S8-3-11-2,0.3079344114331621,4.492933333333334,192.15,9.3770784512078e-06,3265.1254367523693,0.12,3.919348,0.844272533479554,0.95,False,False,300-150K 1K-min,
233,S8-3-11-2,0.3079344114331621,4.492933333333334,195.15,2.673330845469532e-05,1145.288,0.12,3.919348,0.844272533479554,0.8998516227192216,False,False,300-150K 1K-min,
234,S8-3-11-2,0.3079344114331621,4.492933333333334,199.15,5.539065089034573e-05,552.7528,0.12,3.919348,0.844272533479554,0.8999290522534305,False,False,300-150K 1K-min,
235,S8-3-11-2,0.3079344114331621,4.492933333333334,202.15,9.9774290320404e-05,306.866,0.12,3.919348,0.844272533479554,0.8999591005050585,False,False,300-150K 1K-min,
236,S8-3-11-2,0.3079344114331621,4.492933333333334,205.15,0.0001630260596734,187.8064,0.12,3.919348,0.3922017135532004,0.8999729487172436,False,False,300-150K 1K-min,
237,S8-3-11-2,0.3079344114331621,4.492933333333334,208.15,0.000245518121755,124.705,0.12,3.919348,0.3922017135532004,0.8999888098165395,False,False,300-150K 1K-min,
238,S8-3-11-2,0.3079344114331621,4.492933333333334,210.15,0.0003487130916984,87.80094037861849,0.12,3.919348,0.3922017135532004,0.95,False,False,300-150K 1K-min,
239,S8-3-11-2,0.3079344114331621,4.492933333333334,213.15,0.0004800604714173,63.77808462976002,0.12,3.919348,0.3922017135532004,0.95,False,False,300-150K 1K-min,
240,S8-3-11-2,0.3079344114331621,4.492933333333334,216.15,0.0006467742235198,47.33852441867212,0.12,3.919348,0.3922017135532004,0.95,False,False,300-150K 1K-min,
241,S8-3-11-2,0.3079344114331621,4.492933333333334,219.15,0.0008563264467606,35.75428213069926,0.12,3.919348,0.3922017135532004,0.95,False,False,300-150K 1K-min,
242,S8-3-11-2,0.3079344114331621,4.492933333333334,221.15,0.0011106863967472,27.566140598397386,0.12,3.919348,0.3922017135532004,0.95,False,False,300-150K 1K-min,
243,S8-3-11-2,0.3079344114331621,4.492933333333334,224.15,0.0014161917964082,21.6194850521754,0.12,3.919348,0.3922017135532004,0.95,False,False,300-150K 1K-min,
244,S8-3-11-2,0.3079344114331621,4.492933333333334,227.15,0.0017637698230061,17.359032326155333,0.12,3.919348,0.3922017135532004,0.95,False,False,300-150K 1K-min,
245,S8-3-11-2,0.3079344114331621,4.492933333333334,230.15,0.00215968076163,14.176788494588346,0.12,3.919348,0.3922017135532004,0.95,False,False,300-150K 1K-min,
246,S8-3-11-2,0.3079344114331621,4.492933333333334,232.15,0.0026017536075273,11.767961918023223,0.12,3.919348,0.3922017135532004,0.95,False,False,300-150K 1K-min,
247,S8-3-11-2,0.3079344114331621,4.492933333333334,235.15,0.0030883652340569,9.913768305583917,0.12,3.919348,0.3922017135532004,0.95,False,False,300-150K 1K-min,
248,S8-3-11-2,0.3079344114331621,4.492933333333334,238.15,0.0036138726280828,8.472168370168404,0.12,3.919348,0.3922017135532004,0.95,False,False,300-150K 1K-min,
249,S8-3-11-2,0.3079344114331621,4.492933333333334,241.15,0.0041752886330585,7.332987025386282,0.12,3.919348,0.3922017135532004,0.95,False,False,300-150K 1K-min,
250,S8-3-11-2,0.3079344114331621,4.492933333333334,244.15,0.0047799335712416,6.405389722917875,0.12,3.919348,0.1359151053524435,0.95,False,False,300-150K 1K-min,
251,S8-3-11-2,0.3079344114331621,4.492933333333334,246.15,0.0054133480638351,5.655896685824721,0.12,3.919348,0.1359151053524435,0.95,False,False,300-150K 1K-min,
252,S8-3-11-2,0.3079344114331621,4.492933333333334,249.15,0.0060546015133909,5.056870762798314,0.12,3.919348,0.1359151053524435,0.95,False,False,300-150K 1K-min,
253,S8-3-11-2,0.3079344114331621,4.492933333333334,252.15,0.0067084836665552,4.563972858144071,0.12,3.919348,0.1359151053524435,0.95,False,False,300-150K 1K-min,
254,S8-3-11-2,0.3079344114331621,4.492933333333334,255.15,0.0073619324017824,4.158872386012129,0.12,3.919348,0.1359151053524435,0.95,False,False,300-150K 1K-min,
255,S8-3-11-2,0.3079344114331621,4.492933333333334,258.15,0.0080120567374052,3.8214079576496567,0.12,3.919348,0.1359151053524435,0.95,False,False,300-150K 1K-min,
256,S8-3-11-2,0.3079344114331621,4.492933333333334,260.15,0.0086569628402177,3.5367296751259816,0.12,3.919348,0.1359151053524435,0.95,False,False,300-150K 1K-min,
257,S8-3-11-2,0.3079344114331621,4.492933333333334,263.15,0.009304360599189,3.2906438918682714,0.12,3.919348,0.1359151053524435,0.95,False,False,300-150K 1K-min,
258,S8-3-11-2,0.3079344114331621,4.492933333333334,266.15,0.0099265492546589,3.0843888029962634,0.12,3.919348,0.1359151053524435,0.95,False,False,300-150K 1K-min,
259,S8-3-11-2,0.3079344114331621,4.492933333333334,269.15,0.0105407145447203,2.9046738002023504,0.12,3.919348,0.1359151053524435,0.95,False,False,300-150K 1K-min,
260,S8-3-11-2,0.3079344114331621,4.492933333333334,272.15,0.0111287444872082,2.751194207815047,0.12,3.919348,0.1359151053524435,0.95,False,False,300-150K 1K-min,
261,S8-3-11-2,0.3079344114331621,4.492933333333334,274.15,0.0116949804723412,2.6179896106600062,0.12,3.919348,0.1359151053524435,0.95,False,False,300-150K 1K-min,
262,S8-3-11-2,0.3079344114331621,4.492933333333334,276.15,0.0122434608121421,2.500709386278838,0.12,3.919348,0.1359151053524435,0.95,False,False,300-150K 1K-min,
263,S8-3-11-2,0.3079344114331621,4.492933333333334,279.15,0.0127619078891648,2.399119131666504,0.12,3.919348,0.1359151053524435,0.95,False,False,300-150K 1K-min,
264,S8-3-11-2,0.3079344114331621,4.492933333333334,282.15,0.013273618754859,2.306630764293495,0.12,3.919348,0.1359151053524435,0.95,False,False,300-150K 1K-min,
265,S8-3-11-2,0.3079344114331621,4.492933333333334,285.15,0.0137520023458315,2.2263912267831785,0.12,3.919348,0.1359151053524435,0.95,False,False,300-150K 1K-min,
266,S8-3-11-2,0.3079344114331621,4.492933333333334,288.15,0.0141977066672631,2.1564987987854454,0.12,3.919348,0.1359151053524435,0.95,False,False,300-150K 1K-min,
267,S8-3-11-2,0.3079344114331621,4.492933333333334,291.15,0.0146133439864953,2.095162982665405,0.12,3.919348,0.1359151053524435,0.95,False,False,300-150K 1K-min,
268,S8-3-11-2,0.3079344114331621,4.492933333333334,294.15,0.0149752543644375,2.0445287023751426,0.12,3.919348,0.1359151053524435,0.95,False,False,300-150K 1K-min,
269,S8-3-11-2,0.3079344114331621,4.492933333333334,297.15,0.0152486534209465,2.0078715495889727,0.12,3.919348,0.1359151053524435,0.95,False,False,300-150K 1K-min,
270,S8-3-11-2,0.3079344114331621,4.492933333333334,299.15,0.0153946151653633,1.988834215378612,0.12,3.919348,0.1359151053524435,0.95,False,False,300-150K 1K-min,
271,S8-3-2-1,0.2941272648899327,4.2860000000000005,203.15,1.9514465270830478e-07,156895.6,0.12,3.919348,0.994015008811645,0.795315205956021,True,True,300-140K 1K-min,
272,S8-3-2-1,0.2941272648899327,4.2860000000000005,208.15,8.001388571617766e-07,38265.03,0.12,3.919348,0.994015008811645,0.6602398590258841,False,False,300-140K 1K-min,
273,S8-3-2-1,0.2941272648899327,4.2860000000000005,212.15,3.504495311098133e-06,8736.589624332286,0.12,3.919348,0.994015008811645,0.95,False,False,300-140K 1K-min,
274,S8-3-2-1,0.2941272648899327,4.2860000000000005,217.15,8.394185142353827e-06,3647.446042019945,0.12,3.919348,0.994015008811645,0.95,False,False,300-140K 1K-min,
275,S8-3-2-1,0.2941272648899327,4.2860000000000005,221.15,2.1016987605256144e-05,1456.79,0.12,3.919348,0.994015008811645,0.8997990780816101,False,False,300-140K 1K-min,
276,S8-3-2-1,0.2941272648899327,4.2860000000000005,224.15,4.206369834911192e-05,727.8803,0.12,3.919348,0.994015008811645,0.8999088922216786,False,False,300-140K 1K-min,
277,S8-3-2-1,0.2941272648899327,4.2860000000000005,227.15,7.176829382990067e-05,426.6137,0.12,3.919348,0.994015008811645,0.8999648298591689,False,False,300-140K 1K-min,
278,S8-3-2-1,0.2941272648899327,4.2860000000000005,231.15,0.0001059428570707,288.9986,0.12,3.919348,0.4819926156775453,0.8999530529007237,False,False,300-140K 1K-min,
279,S8-3-2-1,0.2941272648899327,4.2860000000000005,233.15,0.0001564893922115,195.6512,0.12,3.919348,0.4819926156775453,0.8999690129078377,False,False,300-140K 1K-min,
280,S8-3-2-1,0.2941272648899327,4.2860000000000005,236.15,0.0002160970091285,141.6833,0.12,3.919348,0.4819926156775453,0.8999795526243058,False,False,300-140K 1K-min,
281,S8-3-2-1,0.2941272648899327,4.2860000000000005,239.15,0.0002961644946383,103.3795,0.12,3.919348,0.4819926156775453,0.899991376446861,False,False,300-140K 1K-min,
282,S8-3-2-1,0.2941272648899327,4.2860000000000005,242.15,0.0003882347815623,78.86294280551282,0.12,3.919348,0.4819926156775453,0.95,False,False,300-140K 1K-min,
283,S8-3-2-1,0.2941272648899327,4.2860000000000005,245.15,0.000496875321644,61.61975859891408,0.12,3.919348,0.4819926156775453,0.95,False,False,300-140K 1K-min,
284,S8-3-2-1,0.2941272648899327,4.2860000000000005,247.15,0.0006273849233209,48.80151918760063,0.12,3.919348,0.4819926156775453,0.95,False,False,300-140K 1K-min,
285,S8-3-2-1,0.2941272648899327,4.2860000000000005,250.15,0.0007815098951257,39.17715893863773,0.12,3.919348,0.4819926156775453,0.95,False,False,300-140K 1K-min,
286,S8-3-2-1,0.2941272648899327,4.2860000000000005,253.15,0.0009653497650831,31.716315143893446,0.12,3.919348,0.4819926156775453,0.95,False,False,300-140K 1K-min,
287,S8-3-2-1,0.2941272648899327,4.2860000000000005,256.15,0.0011709716795675,26.146949501604333,0.12,3.919348,0.4819926156775453,0.95,False,False,300-140K 1K-min,
288,S8-3-2-1,0.2941272648899327,4.2860000000000005,258.15,0.0014093904123824,21.72381556201032,0.12,3.919348,0.4819926156775453,0.95,False,False,300-140K 1K-min,
289,S8-3-2-1,0.2941272648899327,4.2860000000000005,261.15,0.0016707025791573,18.32602508395233,0.12,3.919348,0.2638724445133263,0.95,False,False,300-140K 1K-min,
290,S8-3-2-1,0.2941272648899327,4.2860000000000005,264.15,0.0019657612551661,15.575308188111345,0.12,3.919348,0.2638724445133263,0.95,False,False,300-140K 1K-min,
291,S8-3-2-1,0.2941272648899327,4.2860000000000005,267.15,0.0022834615505556,13.408299940943229,0.12,3.919348,0.2638724445133263,0.95,False,False,300-140K 1K-min,
292,S8-3-2-1,0.2941272648899327,4.2860000000000005,270.15,0.0026331307302945,11.627731590081996,0.12,3.919348,0.2638724445133263,0.95,False,False,300-140K 1K-min,
293,S8-3-2-1,0.2941272648899327,4.2860000000000005,272.15,0.0030059693715664,10.185512089069032,0.12,3.919348,0.2638724445133263,0.95,False,False,300-140K 1K-min,
294,S8-3-2-1,0.2941272648899327,4.2860000000000005,274.15,0.003405491959286,8.99057690915229,0.12,3.919348,0.2638724445133263,0.95,False,False,300-140K 1K-min,
295,S8-3-2-1,0.2941272648899327,4.2860000000000005,277.15,0.0038338871995502,7.985977620064764,0.12,3.919348,0.2638724445133263,0.95,False,False,300-140K 1K-min,
296,S8-3-2-1,0.2941272648899327,4.2860000000000005,280.15,0.0042759947198034,7.16028418642873,0.12,3.919348,0.2638724445133263,0.95,False,False,300-140K 1K-min,
297,S8-3-2-1,0.2941272648899327,4.2860000000000005,283.15,0.0047409013443349,6.45812581821531,0.12,3.919348,0.2638724445133263,0.95,False,False,300-140K 1K-min,
298,S8-3-2-1,0.2941272648899327,4.2860000000000005,285.15,0.0052184911052984,5.867086243066476,0.12,3.919348,0.2638724445133263,0.95,False,False,300-140K 1K-min,
299,S8-3-2-1,0.2941272648899327,4.2860000000000005,288.15,0.0057081432695218,5.363799737988315,0.12,3.919348,0.2638724445133263,0.95,False,False,300-140K 1K-min,
300,S8-3-2-1,0.2941272648899327,4.2860000000000005,291.15,0.0061958904190519,4.941555660719075,0.12,3.919348,0.2638724445133263,0.95,False,False,300-140K 1K-min,
301,S8-3-2-1,0.2941272648899327,4.2860000000000005,294.15,0.0066515025252464,4.603070848616508,0.12,3.919348,0.2638724445133263,0.95,False,False,300-140K 1K-min,
302,S8-3-2-1,0.2941272648899327,4.2860000000000005,297.15,0.0070148374530589,4.364653860954397,0.12,3.919348,0.2638724445133263,0.95,False,False,300-140K 1K-min,
303,S8-3-2-1,0.2941272648899327,4.2860000000000005,299.15,0.007163016325867,4.274363756912819,0.12,3.919348,0.2638724445133263,0.95,False,False,300-140K 1K-min,
304,S8-3-2-2,0.2941272648899327,4.2860000000000005,235.15,9.246830412051611e-06,3311.117,0.12,3.919348,0.3901276580440211,0.8997044016538679,False,False,300-140K 1K-min,
305,S8-3-2-2,0.2941272648899327,4.2860000000000005,240.15,1.4751198758835996e-05,2075.583,0.12,3.919348,0.3901276580440211,0.8997784166507231,False,False,300-140K 1K-min,
306,S8-3-2-2,0.2941272648899327,4.2860000000000005,245.15,2.1207504156645168e-05,1443.703,0.12,3.919348,0.3901276580440211,0.8998211338197558,False,False,300-140K 1K-min,
307,S8-3-2-2,0.2941272648899327,4.2860000000000005,249.15,2.85260631573338e-05,1073.311,0.12,3.919348,0.3901276580440211,0.8998472342156612,False,False,300-140K 1K-min,
308,S8-3-2-2,0.2941272648899327,4.2860000000000005,253.15,3.653474595816956e-05,838.0334,0.12,3.919348,0.3901276580440211,0.8998605690295275,False,False,300-140K 1K-min,
309,S8-3-2-2,0.2941272648899327,4.2860000000000005,257.15,4.4178637141450015e-05,693.0349,0.12,3.919348,0.2131822625825297,0.8998653377402498,False,False,300-140K 1K-min,
310,S8-3-2-2,0.2941272648899327,4.2860000000000005,260.15,5.269683838539695e-05,581.009,0.12,3.919348,0.2131822625825297,0.8998675938723076,False,False,300-140K 1K-min,
311,S8-3-2-2,0.2941272648899327,4.2860000000000005,264.15,6.068319798031667e-05,504.5439,0.12,3.919348,0.2131822625825297,0.899866277359449,False,False,300-140K 1K-min,
312,S8-3-2-2,0.2941272648899327,4.2860000000000005,267.15,6.794590967215154e-05,450.6134,0.12,3.919348,0.2131822625825297,0.8998647221087532,False,False,300-140K 1K-min,
313,S8-3-2-2,0.2941272648899327,4.2860000000000005,270.15,7.91788101287895e-05,386.686,0.12,3.919348,0.2131822625825297,0.8998587721748652,False,False,300-140K 1K-min,
314,S8-3-2-2,0.2941272648899327,4.2860000000000005,273.15,8.523945090513154e-05,359.1921,0.12,3.919348,0.2131822625825297,0.8998609108059706,False,False,300-140K 1K-min,
315,S8-3-2-2,0.2941272648899327,4.2860000000000005,275.15,8.762536747030607e-05,349.4118,0.12,3.919348,0.2131822625825297,0.8998469077493338,False,False,300-140K 1K-min,
316,S8-3-2-2,0.2941272648899327,4.2860000000000005,278.15,8.861780774706561e-05,345.4987,0.12,3.919348,0.2131822625825297,0.8998283617138645,False,False,300-140K 1K-min,
317,S8-3-2-2,0.2941272648899327,4.2860000000000005,281.15,9.0200380021916e-05,339.4369,0.12,3.919348,-0.1977458047559633,0.8998007389614388,False,False,300-140K 1K-min,
318,S8-3-2-2,0.2941272648899327,4.2860000000000005,285.15,8.605287448751956e-05,355.7968,0.12,3.919348,-0.1977458047559633,0.8997529284896214,False,False,300-140K 1K-min,
319,S8-3-2-2,0.2941272648899327,4.2860000000000005,288.15,8.394921747551659e-05,364.7126,0.12,3.919348,-0.1977458047559633,0.899712429229226,False,False,300-140K 1K-min,
320,S8-3-2-2,0.2941272648899327,4.2860000000000005,292.15,7.721441390490023e-05,396.5236,0.12,3.919348,-0.1977458047559633,0.8996358193533994,False,False,300-140K 1K-min,
321,S8-3-2-2,0.2941272648899327,4.2860000000000005,295.15,6.68936939530032e-05,457.7014,0.12,3.919348,-0.1977458047559633,0.8994696794661182,False,False,300-140K 1K-min,
322,S8-3-2-2,0.2941272648899327,4.2860000000000005,299.15,5.4009023525534965e-05,566.893,0.12,3.919348,-0.1977458047559633,0.8992309295158721,False,False,300-140K 1K-min,
323,S8-3-2-3,0.2941272648899327,4.2860000000000005,197.15,5.0676186561782135e-06,6041.760331775125,0.12,3.919348,1.0599593323453196,0.95,False,False,300-140K 3K-min,
324,S8-3-2-3,0.2941272648899327,4.2860000000000005,206.15,7.723363838512944e-05,396.4249,0.12,3.919348,1.0599593323453196,0.8999678992249472,False,False,300-140K 3K-min,
325,S8-3-2-3,0.2941272648899327,4.2860000000000005,215.15,0.0002618162096752,116.9421,0.12,3.919348,0.300822982515687,0.8999898106337547,False,False,300-140K 3K-min,
326,S8-3-2-3,0.2941272648899327,4.2860000000000005,223.15,0.0005604650052732,54.628455096022,0.12,3.919348,0.300822982515687,0.95,False,False,300-140K 3K-min,
327,S8-3-2-3,0.2941272648899327,4.2860000000000005,231.15,0.0010249031253332,29.873396437838814,0.12,3.919348,0.300822982515687,0.95,False,False,300-140K 3K-min,
328,S8-3-2-3,0.2941272648899327,4.2860000000000005,240.15,0.0016025104146367,19.105858591502983,0.12,3.919348,0.300822982515687,0.95,False,False,300-140K 3K-min,
329,S8-3-2-3,0.2941272648899327,4.2860000000000005,248.15,0.0023108961857531,13.24911848581504,0.12,3.919348,0.300822982515687,0.95,False,False,300-140K 3K-min,
330,S8-3-2-3,0.2941272648899327,4.2860000000000005,256.15,0.0033544773854494,9.127304749845331,0.12,3.919348,0.1053846967889936,0.95,False,False,300-140K 3K-min,
331,S8-3-2-3,0.2941272648899327,4.2860000000000005,265.15,0.0039557822332811,7.739894556345558,0.12,3.919348,0.1053846967889936,0.95,False,False,300-140K 3K-min,
332,S8-3-2-3,0.2941272648899327,4.2860000000000005,273.15,0.0048497815578286,6.313137408021618,0.12,3.919348,0.1053846967889936,0.95,False,False,300-140K 3K-min,
333,S8-3-2-3,0.2941272648899327,4.2860000000000005,281.15,0.0056992676464827,5.372152927816294,0.12,3.919348,0.1053846967889936,0.95,False,False,300-140K 3K-min,
334,S8-3-2-3,0.2941272648899327,4.2860000000000005,290.15,0.0062560166085989,4.894062674222648,0.12,3.919348,0.1053846967889936,0.95,False,False,300-140K 3K-min,
335,S8-3-2-3,0.2941272648899327,4.2860000000000005,299.15,0.0063545496143895,4.818175831711126,0.12,3.919348,0.1053846967889936,0.95,True,True,300-140K 3K-min,
336,S8-3-2-4,0.2941272648899327,4.2860000000000005,207.15,5.983113211726259e-06,5117.292,0.12,3.919348,0.9953342386491992,0.8995707698276919,False,False,300-140K 3K-min,
337,S8-3-2-4,0.2941272648899327,4.2860000000000005,217.15,7.800839968605665e-05,392.4877,0.12,3.919348,0.9953342386491992,0.899969049600838,False,False,300-140K 3K-min,
338,S8-3-2-4,0.2941272648899327,4.2860000000000005,225.15,0.0002923418058733,104.7313,0.12,3.919348,0.9953342386491992,0.8999930334198017,False,False,300-140K 3K-min,
339,S8-3-2-4,0.2941272648899327,4.2860000000000005,233.15,0.0005850529719225,52.33259011204832,0.12,3.919348,0.3608993217125119,0.95,False,False,300-140K 3K-min,
340,S8-3-2-4,0.2941272648899327,4.2860000000000005,242.15,0.0011448055085335,26.744575515434587,0.12,3.919348,0.3608993217125119,0.95,False,False,300-140K 3K-min,
341,S8-3-2-4,0.2941272648899327,4.2860000000000005,250.15,0.0020052498919254,15.26858946445896,0.12,3.919348,0.3608993217125119,0.95,False,False,300-140K 3K-min,
342,S8-3-2-4,0.2941272648899327,4.2860000000000005,258.15,0.0031183747313202,9.818363734783944,0.12,3.919348,0.3608993217125119,0.95,False,False,300-140K 3K-min,
343,S8-3-2-4,0.2941272648899327,4.2860000000000005,267.15,0.0044566197441823,6.870080718335702,0.12,3.919348,0.1578471982602849,0.95,False,False,300-140K 3K-min,
344,S8-3-2-4,0.2941272648899327,4.2860000000000005,274.15,0.0059558591005122,5.140708814086604,0.12,3.919348,0.1578471982602849,0.95,False,False,300-140K 3K-min,
345,S8-3-2-4,0.2941272648899327,4.2860000000000005,283.15,0.0074401151341744,4.115169835588612,0.12,3.919348,0.1578471982602849,0.95,False,False,300-140K 3K-min,
346,S8-3-2-4,0.2941272648899327,4.2860000000000005,291.15,0.0087140502852078,3.513559868415526,0.12,3.919348,0.1578471982602849,0.95,False,False,300-140K 3K-min,
347,S8-3-2-4,0.2941272648899327,4.2860000000000005,299.15,0.0092912024491829,3.295304083719917,0.12,3.919348,0.1578471982602849,0.95,False,False,300-140K 3K-min,
348,S8-3-2-5,0.2941272648899327,4.2860000000000005,198.15,1.2652252384988006e-06,24199.12,0.12,3.919348,1.102539158117964,0.8977452461681601,False,False,300-140K 3K-min,
349,S8-3-2-5,0.2941272648899327,4.2860000000000005,208.15,2.814797207892147e-05,1087.728,0.12,3.919348,1.102539158117964,0.8998818246256002,False,False,300-140K 3K-min,
350,S8-3-2-5,0.2941272648899327,4.2860000000000005,217.15,0.000147237245575,207.9456,0.12,3.919348,0.3996501065762149,0.8999736426599557,False,False,300-140K 3K-min,
351,S8-3-2-5,0.2941272648899327,4.2860000000000005,225.15,0.0004020310902045,76.15664091521381,0.12,3.919348,0.3996501065762149,0.95,False,False,300-140K 3K-min,
352,S8-3-2-5,0.2941272648899327,4.2860000000000005,233.15,0.0008360531900279,36.62127929018191,0.12,3.919348,0.3996501065762149,0.95,False,False,300-140K 3K-min,
353,S8-3-2-5,0.2941272648899327,4.2860000000000005,242.15,0.0015583652428661,19.64708691599765,0.12,3.919348,0.3996501065762149,0.95,False,False,300-140K 3K-min,
354,S8-3-2-5,0.2941272648899327,4.2860000000000005,250.15,0.0025534668739587,11.99049718862964,0.12,3.919348,0.3996501065762149,0.95,False,False,300-140K 3K-min,
355,S8-3-2-5,0.2941272648899327,4.2860000000000005,258.15,0.0038017098061988,8.053570349724735,0.12,3.919348,0.1513017408193424,0.95,False,False,300-140K 3K-min,
356,S8-3-2-5,0.2941272648899327,4.2860000000000005,267.15,0.0052269592096963,5.857581080155362,0.12,3.919348,0.1513017408193424,0.95,False,False,300-140K 3K-min,
357,S8-3-2-5,0.2941272648899327,4.2860000000000005,274.15,0.0067178077471939,4.5576382245011535,0.12,3.919348,0.1513017408193424,0.95,False,False,300-140K 3K-min,
358,S8-3-2-5,0.2941272648899327,4.2860000000000005,283.15,0.0080850756087884,3.786895615444843,0.12,3.919348,0.1513017408193424,0.95,False,False,300-140K 3K-min,
359,S8-3-2-5,0.2941272648899327,4.2860000000000005,291.15,0.0091296481595751,3.353616353917195,0.12,3.919348,0.1513017408193424,0.95,False,False,300-140K 3K-min,
360,S8-3-2-5,0.2941272648899327,4.2860000000000005,299.15,0.0094814333136811,3.229188706024222,0.12,3.919348,0.1513017408193424,0.95,False,False,300-140K 3K-min,
361,S8-3-20-1-1,0.4079387858179356,4.591600000000001,189.15,5.006837556094474e-07,61151.05,0.12,3.919348,0.922616371821352,0.732500068643187,True,True,300-140K 1K-min,
362,S8-3-20-1-1,0.4079387858179356,4.591600000000001,193.15,3.355838040916846e-06,9123.604,0.12,3.919348,0.922616371821352,0.8990005790332167,False,False,300-140K 1K-min,
363,S8-3-20-1-1,0.4079387858179356,4.591600000000001,198.15,1.1091168631020334e-05,2760.515,0.12,3.919348,0.922616371821352,0.899597983102187,False,False,300-140K 1K-min,
364,S8-3-20-1-1,0.4079387858179356,4.591600000000001,202.15,3.0060054031766183e-05,1018.539,0.12,3.919348,0.922616371821352,0.8998615334284558,False,False,300-140K 1K-min,
365,S8-3-20-1-1,0.4079387858179356,4.591600000000001,205.15,6.029661617051108e-05,507.7787,0.12,3.919348,0.922616371821352,0.8999448433144223,False,False,300-140K 1K-min,
366,S8-3-20-1-1,0.4079387858179356,4.591600000000001,208.15,0.0001031795594148,296.7384,0.12,3.919348,0.922616371821352,0.8999443454984137,False,False,300-140K 1K-min,
367,S8-3-20-1-1,0.4079387858179356,4.591600000000001,211.15,0.0001687224493304,181.4657,0.12,3.919348,0.4274753240049041,0.8999701243434555,False,False,300-140K 1K-min,
368,S8-3-20-1-1,0.4079387858179356,4.591600000000001,213.15,0.0002609993459399,117.3081,0.12,3.919348,0.4274753240049041,0.8999861602312282,False,False,300-140K 1K-min,
369,S8-3-20-1-1,0.4079387858179356,4.591600000000001,216.15,0.0003797521337624,80.62453019055464,0.12,3.919348,0.4274753240049041,0.95,False,False,300-140K 1K-min,
370,S8-3-20-1-1,0.4079387858179356,4.591600000000001,219.15,0.0005313575011578,57.62097515654435,0.12,3.919348,0.4274753240049041,0.95,False,False,300-140K 1K-min,
371,S8-3-20-1-1,0.4079387858179356,4.591600000000001,221.15,0.0007294254132715,41.97459646509826,0.12,3.919348,0.4274753240049041,0.95,False,False,300-140K 1K-min,
372,S8-3-20-1-1,0.4079387858179356,4.591600000000001,224.15,0.0009842702277662,31.10663769943246,0.12,3.919348,0.4274753240049041,0.95,False,False,300-140K 1K-min,
373,S8-3-20-1-1,0.4079387858179356,4.591600000000001,227.15,0.0013000824254727,23.550304791120038,0.12,3.919348,0.4274753240049041,0.95,False,False,300-140K 1K-min,
374,S8-3-20-1-1,0.4079387858179356,4.591600000000001,230.15,0.0016755018557444,18.2735323559862,0.12,3.919348,0.4274753240049041,0.95,False,False,300-140K 1K-min,
375,S8-3-20-1-1,0.4079387858179356,4.591600000000001,233.15,0.0021216382528105,14.430988568810864,0.12,3.919348,0.4274753240049041,0.95,False,False,300-140K 1K-min,
376,S8-3-20-1-1,0.4079387858179356,4.591600000000001,235.15,0.002639584131936,11.599303467173185,0.12,3.919348,0.4274753240049041,0.95,False,False,300-140K 1K-min,
377,S8-3-20-1-1,0.4079387858179356,4.591600000000001,238.15,0.0032279996583633,9.484925840724616,0.12,3.919348,0.4274753240049041,0.95,False,False,300-140K 1K-min,
378,S8-3-20-1-1,0.4079387858179356,4.591600000000001,241.15,0.003885219335197,7.880465613895181,0.12,3.919348,0.4274753240049041,0.95,False,False,300-140K 1K-min,
379,S8-3-20-1-1,0.4079387858179356,4.591600000000001,244.15,0.0046067268539418,6.646223738501548,0.12,3.919348,0.4274753240049041,0.95,False,False,300-140K 1K-min,
380,S8-3-20-1-1,0.4079387858179356,4.591600000000001,246.15,0.0053975346001146,5.672467087623821,0.12,3.919348,0.4274753240049041,0.95,False,False,300-140K 1K-min,
381,S8-3-20-1-1,0.4079387858179356,4.591600000000001,249.15,0.0062405452964081,4.906195840142939,0.12,3.919348,0.153042659356948,0.95,False,False,300-140K 1K-min,
382,S8-3-20-1-1,0.4079387858179356,4.591600000000001,252.15,0.0071270696989409,4.295922260730872,0.12,3.919348,0.153042659356948,0.95,False,False,300-140K 1K-min,
383,S8-3-20-1-1,0.4079387858179356,4.591600000000001,255.15,0.0080421844782038,3.807092147219575,0.12,3.919348,0.153042659356948,0.95,False,False,300-140K 1K-min,
384,S8-3-20-1-1,0.4079387858179356,4.591600000000001,258.15,0.0089868131936068,3.4069181937866424,0.12,3.919348,0.153042659356948,0.95,False,False,300-140K 1K-min,
385,S8-3-20-1-1,0.4079387858179356,4.591600000000001,260.15,0.00994453204584,3.0788112736052464,0.12,3.919348,0.153042659356948,0.95,False,False,300-140K 1K-min,
386,S8-3-20-1-1,0.4079387858179356,4.591600000000001,263.15,0.0109033776336191,2.8080598877045637,0.12,3.919348,0.153042659356948,0.95,False,False,300-140K 1K-min,
387,S8-3-20-1-1,0.4079387858179356,4.591600000000001,266.15,0.0118524055276839,2.5832171622838493,0.12,3.919348,0.153042659356948,0.95,False,False,300-140K 1K-min,
388,S8-3-20-1-1,0.4079387858179356,4.591600000000001,269.15,0.012792666849137,2.3933506386533123,0.12,3.919348,0.153042659356948,0.95,False,False,300-140K 1K-min,
389,S8-3-20-1-1,0.4079387858179356,4.591600000000001,272.15,0.0137469293083536,2.227212833258391,0.12,3.919348,0.153042659356948,0.95,False,False,300-140K 1K-min,
390,S8-3-20-1-1,0.4079387858179356,4.591600000000001,274.15,0.0146573346195934,2.0888748307985594,0.12,3.919348,0.153042659356948,0.95,False,False,300-140K 1K-min,
391,S8-3-20-1-1,0.4079387858179356,4.591600000000001,277.15,0.0155230467374613,1.9723793847488127,0.12,3.919348,0.153042659356948,0.95,False,False,300-140K 1K-min,
392,S8-3-20-1-1,0.4079387858179356,4.591600000000001,280.15,0.0163688487047806,1.8704637036885237,0.12,3.919348,0.153042659356948,0.95,False,False,300-140K 1K-min,
393,S8-3-20-1-1,0.4079387858179356,4.591600000000001,282.15,0.017164219902208,1.7837884592426083,0.12,3.919348,0.153042659356948,0.95,False,False,300-140K 1K-min,
394,S8-3-20-1-1,0.4079387858179356,4.591600000000001,285.15,0.0179308257824549,1.707525227500661,0.12,3.919348,0.153042659356948,0.95,False,False,300-140K 1K-min,
395,S8-3-20-1-1,0.4079387858179356,4.591600000000001,288.15,0.0186556765133391,1.6411807608032387,0.12,3.919348,0.153042659356948,0.95,False,False,300-140K 1K-min,
396,S8-3-20-1-1,0.4079387858179356,4.591600000000001,291.15,0.0193556233271388,1.581831639104696,0.12,3.919348,0.153042659356948,0.95,False,False,300-140K 1K-min,
397,S8-3-20-1-1,0.4079387858179356,4.591600000000001,294.15,0.020011759719488,1.5299672693773698,0.12,3.919348,0.153042659356948,0.95,False,False,300-140K 1K-min,
398,S8-3-20-1-1,0.4079387858179356,4.591600000000001,297.15,0.020603216325624,1.4860464934002813,0.12,3.919348,0.153042659356948,0.95,False,False,300-140K 1K-min,
399,S8-3-20-1-1,0.4079387858179356,4.591600000000001,299.15,0.0209789499542929,1.4594313557240643,0.12,3.919348,0.153042659356948,0.95,False,False,300-140K 1K-min,
400,S8-3-21-1-1,0.5511248511687172,4.690266666666666,195.15,2.3505889169891345e-07,130253.9,0.12,3.919348,0.9810297726069506,0.7971555656998559,True,True,300-140K 1K-min,
401,S8-3-21-1-1,0.5511248511687172,4.690266666666666,200.15,1.6188180634704356e-06,18913.39,0.12,3.919348,0.9810297726069506,0.8977274428450964,False,False,300-140K 1K-min,
402,S8-3-21-1-1,0.5511248511687172,4.690266666666666,205.15,5.970241239460917e-06,5128.324994824779,0.12,3.919348,0.9810297726069506,0.95,False,False,300-140K 1K-min,
403,S8-3-21-1-1,0.5511248511687172,4.690266666666666,209.15,1.6626348360142764e-05,1841.495,0.12,3.919348,0.9810297726069506,0.8997180227636805,False,False,300-140K 1K-min,
404,S8-3-21-1-1,0.5511248511687172,4.690266666666666,213.15,3.970993580939064e-05,771.0246,0.12,3.919348,0.9810297726069506,0.8998941641437372,False,False,300-140K 1K-min,
405,S8-3-21-1-1,0.5511248511687172,4.690266666666666,216.15,7.562360909978121e-05,404.8648,0.12,3.919348,0.9810297726069506,0.8999493272304828,False,False,300-140K 1K-min,
406,S8-3-21-1-1,0.5511248511687172,4.690266666666666,219.15,0.0001241747153647,246.5666,0.12,3.919348,0.4567351057625416,0.8999567545561202,False,False,300-140K 1K-min,
407,S8-3-21-1-1,0.5511248511687172,4.690266666666666,222.15,0.0001916124846418,159.7878,0.12,3.919348,0.4567351057625416,0.8999750284835302,False,False,300-140K 1K-min,
408,S8-3-21-1-1,0.5511248511687172,4.690266666666666,225.15,0.0002922059302678,104.78,0.12,3.919348,0.4567351057625416,0.899993030646242,False,False,300-140K 1K-min,
409,S8-3-21-1-1,0.5511248511687172,4.690266666666666,227.15,0.000388973093765,78.71325257257514,0.12,3.919348,0.4567351057625416,0.95,False,False,300-140K 1K-min,
410,S8-3-21-1-1,0.5511248511687172,4.690266666666666,230.15,0.000525774342108,58.23284805169568,0.12,3.919348,0.4567351057625416,0.95,False,False,300-140K 1K-min,
411,S8-3-21-1-1,0.5511248511687172,4.690266666666666,233.15,0.0006982368758366,43.8494992645204,0.12,3.919348,0.4567351057625416,0.95,False,False,300-140K 1K-min,
412,S8-3-21-1-1,0.5511248511687172,4.690266666666666,236.15,0.0009137609109925,33.50694585983375,0.12,3.919348,0.4567351057625416,0.95,False,False,300-140K 1K-min,
413,S8-3-21-1-1,0.5511248511687172,4.690266666666666,239.15,0.0011703285370725,26.16131829960092,0.12,3.919348,0.4567351057625416,0.95,False,False,300-140K 1K-min,
414,S8-3-21-1-1,0.5511248511687172,4.690266666666666,241.15,0.0014788760343872,20.703112811039148,0.12,3.919348,0.4567351057625416,0.95,False,False,300-140K 1K-min,
415,S8-3-21-1-1,0.5511248511687172,4.690266666666666,244.15,0.0018329874365754,16.70351730869685,0.12,3.919348,0.4567351057625416,0.95,False,False,300-140K 1K-min,
416,S8-3-21-1-1,0.5511248511687172,4.690266666666666,247.15,0.0022380228786535,13.680529214196966,0.12,3.919348,0.4567351057625416,0.95,False,False,300-140K 1K-min,
417,S8-3-21-1-1,0.5511248511687172,4.690266666666666,250.15,0.0027007147528986,11.336753480018483,0.12,3.919348,0.4567351057625416,0.95,False,False,300-140K 1K-min,
418,S8-3-21-1-1,0.5511248511687172,4.690266666666666,252.15,0.0032148866985198,9.52361319220288,0.12,3.919348,0.4567351057625416,0.95,False,False,300-140K 1K-min,
419,S8-3-21-1-1,0.5511248511687172,4.690266666666666,255.15,0.003773003858999,8.114843906251279,0.12,3.919348,0.2092259934958519,0.95,False,False,300-140K 1K-min,
420,S8-3-21-1-1,0.5511248511687172,4.690266666666666,258.15,0.0043771817017845,6.994760432489793,0.12,3.919348,0.2092259934958519,0.95,False,False,300-140K 1K-min,
421,S8-3-21-1-1,0.5511248511687172,4.690266666666666,261.15,0.0050250486297855,6.0929434974975685,0.12,3.919348,0.2092259934958519,0.95,False,False,300-140K 1K-min,
422,S8-3-21-1-1,0.5511248511687172,4.690266666666666,263.15,0.005714891411549,5.357466164901679,0.12,3.919348,0.2092259934958519,0.95,False,False,300-140K 1K-min,
423,S8-3-21-1-1,0.5511248511687172,4.690266666666666,266.15,0.0064378537486795,4.755829903675749,0.12,3.919348,0.2092259934958519,0.95,False,False,300-140K 1K-min,
424,S8-3-21-1-1,0.5511248511687172,4.690266666666666,269.15,0.0071842081446874,4.26175533292446,0.12,3.919348,0.2092259934958519,0.95,False,False,300-140K 1K-min,
425,S8-3-21-1-1,0.5511248511687172,4.690266666666666,272.15,0.0079519695008747,3.850283551778321,0.12,3.919348,0.2092259934958519,0.95,False,False,300-140K 1K-min,
426,S8-3-21-1-1,0.5511248511687172,4.690266666666666,274.15,0.008734773217023,3.505224075399176,0.12,3.919348,0.2092259934958519,0.95,False,False,300-140K 1K-min,
427,S8-3-21-1-1,0.5511248511687172,4.690266666666666,277.15,0.0095344614340078,3.2112288235027315,0.12,3.919348,0.2092259934958519,0.95,False,False,300-140K 1K-min,
428,S8-3-21-1-1,0.5511248511687172,4.690266666666666,279.15,0.0103353291658176,2.962395960713353,0.12,3.919348,0.2092259934958519,0.95,False,False,300-140K 1K-min,
429,S8-3-21-1-1,0.5511248511687172,4.690266666666666,282.15,0.0111355006410303,2.749524997614136,0.12,3.919348,0.2092259934958519,0.95,False,False,300-140K 1K-min,
430,S8-3-21-1-1,0.5511248511687172,4.690266666666666,285.15,0.0119197730306818,2.5686174807734297,0.12,3.919348,0.2092259934958519,0.95,False,False,300-140K 1K-min,
431,S8-3-21-1-1,0.5511248511687172,4.690266666666666,288.15,0.0127006470529452,2.410691143988678,0.12,3.919348,0.2092259934958519,0.95,False,False,300-140K 1K-min,
432,S8-3-21-1-1,0.5511248511687172,4.690266666666666,291.15,0.0134966273488994,2.268517651260321,0.12,3.919348,0.2092259934958519,0.95,False,False,300-140K 1K-min,
433,S8-3-21-1-1,0.5511248511687172,4.690266666666666,294.15,0.0142505205970604,2.148506587175254,0.12,3.919348,0.2092259934958519,0.95,False,False,300-140K 1K-min,
434,S8-3-21-1-1,0.5511248511687172,4.690266666666666,297.15,0.0149441934188484,2.04877817860981,0.12,3.919348,0.2092259934958519,0.95,False,False,300-140K 1K-min,
435,S8-3-21-1-1,0.5511248511687172,4.690266666666666,299.15,0.0154211608341067,1.98541067710967,0.12,3.919348,0.2092259934958519,0.95,False,False,300-140K 1K-min,
436,S8-3-22-1-1,0.2040451455952585,4.344933333333333,196.15,3.171749023992307e-07,96531.4,0.12,3.919348,0.9376051209164644,0.7400485562894572,True,True,300-140K 1K-min,
437,S8-3-22-1-1,0.2040451455952585,4.344933333333333,201.15,1.7490124460004624e-06,17505.5,0.12,3.919348,0.9376051209164644,0.8985636280892877,False,False,300-140K 1K-min,
438,S8-3-22-1-1,0.2040451455952585,4.344933333333333,205.15,5.054150702304295e-06,6057.86,0.12,3.919348,0.9376051209164644,0.8997545939057721,False,False,300-140K 1K-min,
439,S8-3-22-1-1,0.2040451455952585,4.344933333333333,209.15,1.3515565384898726e-05,2265.339,0.12,3.919348,0.9376051209164644,0.8998532244004968,False,False,300-140K 1K-min,
440,S8-3-22-1-1,0.2040451455952585,4.344933333333333,213.15,3.126943006810128e-05,979.146,0.12,3.919348,0.9376051209164644,0.8998826411361267,False,False,300-140K 1K-min,
441,S8-3-22-1-1,0.2040451455952585,4.344933333333333,216.15,5.672365779257807e-05,539.7631,0.12,3.919348,0.9376051209164644,0.8999458939724683,False,False,300-140K 1K-min,
442,S8-3-22-1-1,0.2040451455952585,4.344933333333333,219.15,9.270460712162012e-05,330.2677,0.12,3.919348,0.4606196669044425,0.8999482413429885,False,False,300-140K 1K-min,
443,S8-3-22-1-1,0.2040451455952585,4.344933333333333,222.15,0.0001443002449521,212.178,0.12,3.919348,0.4606196669044425,0.899969776835357,False,False,300-140K 1K-min,
444,S8-3-22-1-1,0.2040451455952585,4.344933333333333,225.15,0.0002079001976884,147.2694,0.12,3.919348,0.4606196669044425,0.8999805333877121,False,False,300-140K 1K-min,
445,S8-3-22-1-1,0.2040451455952585,4.344933333333333,228.15,0.0003036208333883,100.8407,0.12,3.919348,0.4606196669044425,0.8999998127241976,False,False,300-140K 1K-min,
446,S8-3-22-1-1,0.2040451455952585,4.344933333333333,231.15,0.0003939751829468,77.7138731034974,0.12,3.919348,0.4606196669044425,0.95,False,False,300-140K 1K-min,
447,S8-3-22-1-1,0.2040451455952585,4.344933333333333,233.15,0.0005186818949471,59.029122997593525,0.12,3.919348,0.4606196669044425,0.95,False,False,300-140K 1K-min,
448,S8-3-22-1-1,0.2040451455952585,4.344933333333333,236.15,0.0006719279222833,45.566401332773445,0.12,3.919348,0.4606196669044425,0.95,False,False,300-140K 1K-min,
449,S8-3-22-1-1,0.2040451455952585,4.344933333333333,239.15,0.0008563070685302,35.755091250166885,0.12,3.919348,0.4606196669044425,0.95,False,False,300-140K 1K-min,
450,S8-3-22-1-1,0.2040451455952585,4.344933333333333,242.15,0.0010764938021891,28.44172192278043,0.12,3.919348,0.4606196669044425,0.95,False,False,300-140K 1K-min,
451,S8-3-22-1-1,0.2040451455952585,4.344933333333333,244.15,0.0013317717709036,22.989928186182784,0.12,3.919348,0.4606196669044425,0.95,False,False,300-140K 1K-min,
452,S8-3-22-1-1,0.2040451455952585,4.344933333333333,247.15,0.0016238126638637,18.855215293498738,0.12,3.919348,0.4606196669044425,0.95,False,False,300-140K 1K-min,
453,S8-3-22-1-1,0.2040451455952585,4.344933333333333,250.15,0.0019503799741265,15.698139736680472,0.12,3.919348,0.4606196669044425,0.95,False,False,300-140K 1K-min,
454,S8-3-22-1-1,0.2040451455952585,4.344933333333333,253.15,0.0023135065086003,13.234169542917764,0.12,3.919348,0.2211739913976937,0.95,False,False,300-140K 1K-min,
455,S8-3-22-1-1,0.2040451455952585,4.344933333333333,255.15,0.0027168344886997,11.269489363746471,0.12,3.919348,0.2211739913976937,0.95,False,False,300-140K 1K-min,
456,S8-3-22-1-1,0.2040451455952585,4.344933333333333,258.15,0.0031475646952564,9.727309948419174,0.12,3.919348,0.2211739913976937,0.95,False,False,300-140K 1K-min,
457,S8-3-22-1-1,0.2040451455952585,4.344933333333333,261.15,0.0036098245992393,8.481668992978904,0.12,3.919348,0.2211739913976937,0.95,False,False,300-140K 1K-min,
458,S8-3-22-1-1,0.2040451455952585,4.344933333333333,264.15,0.0041021248432561,7.463775127126035,0.12,3.919348,0.2211739913976937,0.95,False,False,300-140K 1K-min,
459,S8-3-22-1-1,0.2040451455952585,4.344933333333333,267.15,0.0046178800601278,6.63017163174518,0.12,3.919348,0.2211739913976937,0.95,False,False,300-140K 1K-min,
460,S8-3-22-1-1,0.2040451455952585,4.344933333333333,269.15,0.0051641253878972,5.9288524336021045,0.12,3.919348,0.2211739913976937,0.95,False,False,300-140K 1K-min,
461,S8-3-22-1-1,0.2040451455952585,4.344933333333333,272.15,0.0057284026804581,5.344829803587111,0.12,3.919348,0.2211739913976937,0.95,False,False,300-140K 1K-min,
462,S8-3-22-1-1,0.2040451455952585,4.344933333333333,274.15,0.0063068359729269,4.854627186261149,0.12,3.919348,0.2211739913976937,0.95,False,False,300-140K 1K-min,
463,S8-3-22-1-1,0.2040451455952585,4.344933333333333,277.15,0.0068972803232439,4.439044947945647,0.12,3.919348,0.2211739913976937,0.95,False,False,300-140K 1K-min,
464,S8-3-22-1-1,0.2040451455952585,4.344933333333333,280.15,0.0074930067096679,4.08612170785281,0.12,3.919348,0.2211739913976937,0.95,False,False,300-140K 1K-min,
465,S8-3-22-1-1,0.2040451455952585,4.344933333333333,283.15,0.0080817908470402,3.788434760678575,0.12,3.919348,0.2211739913976937,0.95,False,False,300-140K 1K-min,
466,S8-3-22-1-1,0.2040451455952585,4.344933333333333,285.15,0.0086609729047134,3.535092155385747,0.12,3.919348,0.2211739913976937,0.95,False,False,300-140K 1K-min,
467,S8-3-22-1-1,0.2040451455952585,4.344933333333333,288.15,0.0092430123611655,3.3124847373459745,0.12,3.919348,0.2211739913976937,0.95,False,False,300-140K 1K-min,
468,S8-3-22-1-1,0.2040451455952585,4.344933333333333,291.15,0.0098237924703493,3.116651483209959,0.12,3.919348,0.2211739913976937,0.95,False,False,300-140K 1K-min,
469,S8-3-22-1-1,0.2040451455952585,4.344933333333333,294.15,0.0103873979126704,2.947546404871468,0.12,3.919348,0.2211739913976937,0.95,False,False,300-140K 1K-min,
470,S8-3-22-1-1,0.2040451455952585,4.344933333333333,297.15,0.0108977390682047,2.809512797272802,0.12,3.919348,0.2211739913976937,0.95,False,False,300-140K 1K-min,
471,S8-3-22-1-1,0.2040451455952585,4.344933333333333,299.15,0.0112670824557925,2.7174148670333302,0.12,3.919348,0.2211739913976937,0.95,False,False,300-140K 1K-min,
472,S8-3-23-2-1,0.1521902146952619,3.881733333333334,215.15,3.879790713018666e-07,78914.92,0.12,3.919348,0.8126481907800511,0.8965009387339093,False,False,300-140K 1K-min,
473,S8-3-23-2-1,0.1521902146952619,3.881733333333334,220.15,1.1790757384013955e-06,25967.235501743453,0.12,3.919348,0.8126481907800511,0.95,False,False,300-140K 1K-min,
474,S8-3-23-2-1,0.1521902146952619,3.881733333333334,224.15,3.289099658338007e-06,9308.729,0.12,3.919348,0.8126481907800511,0.8991496837253634,False,False,300-140K 1K-min,
475,S8-3-23-2-1,0.1521902146952619,3.881733333333334,229.15,7.271758062024583e-06,4210.445,0.12,3.919348,0.8126481907800511,0.8995141464128836,False,False,300-140K 1K-min,
476,S8-3-23-2-1,0.1521902146952619,3.881733333333334,234.15,1.569168707658286e-05,1951.182,0.12,3.919348,0.8126481907800511,0.8997003571854524,False,False,300-140K 1K-min,
477,S8-3-23-2-1,0.1521902146952619,3.881733333333334,238.15,2.9144213935859155e-05,1050.546,0.12,3.919348,0.8126481907800511,0.8998324365559283,False,False,300-140K 1K-min,
478,S8-3-23-2-1,0.1521902146952619,3.881733333333334,241.15,4.740300060375355e-05,645.8945,0.12,3.919348,0.8126481907800511,0.8998946410990262,False,False,300-140K 1K-min,
479,S8-3-23-2-1,0.1521902146952619,3.881733333333334,244.15,6.991693131025744e-05,437.9102,0.12,3.919348,0.4773083622779481,0.8999501298046823,False,False,300-140K 1K-min,
480,S8-3-23-2-1,0.1521902146952619,3.881733333333334,247.15,9.364136755647292e-05,326.9638,0.12,3.919348,0.4773083622779481,0.8999299876052392,False,False,300-140K 1K-min,
481,S8-3-23-2-1,0.1521902146952619,3.881733333333334,251.15,0.0001302824395038,235.0074,0.12,3.919348,0.4773083622779481,0.8999483036994667,False,False,300-140K 1K-min,
482,S8-3-23-2-1,0.1521902146952619,3.881733333333334,253.15,0.0001709454427434,179.1059,0.12,3.919348,0.4773083622779481,0.8999624855814309,False,False,300-140K 1K-min,
483,S8-3-23-2-1,0.1521902146952619,3.881733333333334,256.15,0.0002183513635556,140.2205,0.12,3.919348,0.4773083622779481,0.899974868422169,False,False,300-140K 1K-min,
484,S8-3-23-2-1,0.1521902146952619,3.881733333333334,259.15,0.0002747538923723,111.4355,0.12,3.919348,0.4773083622779481,0.8999896551272256,False,False,300-140K 1K-min,
485,S8-3-23-2-1,0.1521902146952619,3.881733333333334,262.15,0.0003363210349205,91.03604649853644,0.12,3.919348,0.4773083622779481,0.95,False,False,300-140K 1K-min,
486,S8-3-23-2-1,0.1521902146952619,3.881733333333334,264.15,0.0004039810155945,75.78904995919409,0.12,3.919348,0.4773083622779481,0.95,False,False,300-140K 1K-min,
487,S8-3-23-2-1,0.1521902146952619,3.881733333333334,267.15,0.0004823113076656,63.48044693716172,0.12,3.919348,0.4773083622779481,0.95,False,False,300-140K 1K-min,
488,S8-3-23-2-1,0.1521902146952619,3.881733333333334,270.15,0.0005722142501901,53.50677191853787,0.12,3.919348,0.3057543730054033,0.95,False,False,300-140K 1K-min,
489,S8-3-23-2-1,0.1521902146952619,3.881733333333334,273.15,0.0006703091225685,45.676444408425695,0.12,3.919348,0.3057543730054033,0.95,False,False,300-140K 1K-min,
490,S8-3-23-2-1,0.1521902146952619,3.881733333333334,275.15,0.000779866967206,39.25969256416825,0.12,3.919348,0.3057543730054033,0.95,False,False,300-140K 1K-min,
491,S8-3-23-2-1,0.1521902146952619,3.881733333333334,277.15,0.0009030879969197,33.90293911323144,0.12,3.919348,0.3057543730054033,0.95,False,False,300-140K 1K-min,
492,S8-3-23-2-1,0.1521902146952619,3.881733333333334,280.15,0.0010329599545357,29.64039141984074,0.12,3.919348,0.3057543730054033,0.95,False,False,300-140K 1K-min,
493,S8-3-23-2-1,0.1521902146952619,3.881733333333334,283.15,0.001170914268134,26.14823152018851,0.12,3.919348,0.3057543730054033,0.95,False,False,300-140K 1K-min,
494,S8-3-23-2-1,0.1521902146952619,3.881733333333334,286.15,0.0013153466775196,23.277009701500248,0.12,3.919348,0.3057543730054033,0.95,False,False,300-140K 1K-min,
495,S8-3-23-2-1,0.1521902146952619,3.881733333333334,288.15,0.0014659094187519,20.886240979015337,0.12,3.919348,0.3057543730054033,0.95,False,False,300-140K 1K-min,
496,S8-3-23-2-1,0.1521902146952619,3.881733333333334,291.15,0.0016308858309083,18.773440049085128,0.12,3.919348,0.3057543730054033,0.95,False,False,300-140K 1K-min,
497,S8-3-23-2-1,0.1521902146952619,3.881733333333334,294.15,0.0017958836515285,17.048619685023123,0.12,3.919348,0.3057543730054033,0.95,False,False,300-140K 1K-min,
498,S8-3-23-2-1,0.1521902146952619,3.881733333333334,297.15,0.0019512749064072,15.69093994543018,0.12,3.919348,0.3057543730054033,0.95,False,False,300-140K 1K-min,
499,S8-3-23-2-1,0.1521902146952619,3.881733333333334,299.15,0.0020385922524233,15.01886281430986,0.12,3.919348,0.3057543730054033,0.95,False,False,300-140K 1K-min,
500,S8-3-25-1-1,1.0408163265306123,5.173333333333333,205.15,5.590621942937665e-07,54765.53,0.12,3.919348,1.1069376986227135,0.7319516731724641,False,False,300-140K 1K-min,
501,S8-3-25-1-1,1.0408163265306123,5.173333333333333,209.15,3.0914862005401075e-06,9903.76,0.12,3.919348,1.1069376986227135,0.8987194528658585,False,False,300-140K 1K-min,
502,S8-3-25-1-1,1.0408163265306123,5.173333333333333,214.15,9.971563712161218e-06,3070.465,0.12,3.919348,1.1069376986227135,0.8995225357913945,False,False,300-140K 1K-min,
503,S8-3-25-1-1,1.0408163265306123,5.173333333333333,218.15,2.559391692326432e-05,1196.274,0.12,3.919348,1.1069376986227135,0.8998263425998968,False,False,300-140K 1K-min,
504,S8-3-25-1-1,1.0408163265306123,5.173333333333333,222.15,5.2659886400684906e-05,581.4167,0.12,3.919348,0.5714789890815621,0.8999189245324851,False,False,300-140K 1K-min,
505,S8-3-25-1-1,1.0408163265306123,5.173333333333333,225.15,9.045973725826756e-05,338.4637,0.12,3.919348,0.5714789890815621,0.8999392092196463,False,False,300-140K 1K-min,
506,S8-3-25-1-1,1.0408163265306123,5.173333333333333,228.15,0.0001432882763123,213.6765,0.12,3.919348,0.5714789890815621,0.8999562618618128,False,False,300-140K 1K-min,
507,S8-3-25-1-1,1.0408163265306123,5.173333333333333,230.15,0.000216274995274,141.5667,0.12,3.919348,0.5714789890815621,0.8999740178505145,False,False,300-140K 1K-min,
508,S8-3-25-1-1,1.0408163265306123,5.173333333333333,233.15,0.000321796747277,95.14495603990753,0.12,3.919348,0.5714789890815621,0.95,False,False,300-140K 1K-min,
509,S8-3-25-1-1,1.0408163265306123,5.173333333333333,236.15,0.0004250437099814,72.03338540123401,0.12,3.919348,0.5714789890815621,0.95,False,False,300-140K 1K-min,
510,S8-3-25-1-1,1.0408163265306123,5.173333333333333,239.15,0.0005689514084577,53.81362435933269,0.12,3.919348,0.5714789890815621,0.95,False,False,300-140K 1K-min,
511,S8-3-25-1-1,1.0408163265306123,5.173333333333333,241.15,0.0007485567377466,40.90182591319055,0.12,3.919348,0.5714789890815621,0.95,False,False,300-140K 1K-min,
512,S8-3-25-1-1,1.0408163265306123,5.173333333333333,244.15,0.0009700899688271,31.561337976185783,0.12,3.919348,0.5714789890815621,0.95,False,False,300-140K 1K-min,
513,S8-3-25-1-1,1.0408163265306123,5.173333333333333,247.15,0.0012337355686892,24.816774477848185,0.12,3.919348,0.5714789890815621,0.95,False,False,300-140K 1K-min,
514,S8-3-25-1-1,1.0408163265306123,5.173333333333333,250.15,0.0015557042712675,19.68069249338428,0.12,3.919348,0.5714789890815621,0.95,False,False,300-140K 1K-min,
515,S8-3-25-1-1,1.0408163265306123,5.173333333333333,253.15,0.0019177601579966,15.965154581918972,0.12,3.919348,0.2695539372794358,0.95,False,False,300-140K 1K-min,
516,S8-3-25-1-1,1.0408163265306123,5.173333333333333,255.15,0.0023305654068794,13.137300194657987,0.12,3.919348,0.2695539372794358,0.95,False,False,300-140K 1K-min,
517,S8-3-25-1-1,1.0408163265306123,5.173333333333333,258.15,0.0027942095077952,10.957423660625862,0.12,3.919348,0.2695539372794358,0.95,False,False,300-140K 1K-min,
518,S8-3-25-1-1,1.0408163265306123,5.173333333333333,261.15,0.0033081285137103,9.255183783389729,0.12,3.919348,0.2695539372794358,0.95,False,False,300-140K 1K-min,
519,S8-3-25-1-1,1.0408163265306123,5.173333333333333,264.15,0.0038694814971758,7.912516805108794,0.12,3.919348,0.2695539372794358,0.95,False,False,300-140K 1K-min,
520,S8-3-25-1-1,1.0408163265306123,5.173333333333333,266.15,0.0044758770074749,6.84052249923951,0.12,3.919348,0.2695539372794358,0.95,False,False,300-140K 1K-min,
521,S8-3-25-1-1,1.0408163265306123,5.173333333333333,269.15,0.005123419603301,5.97595741596769,0.12,3.919348,0.2695539372794358,0.95,False,False,300-140K 1K-min,
522,S8-3-25-1-1,1.0408163265306123,5.173333333333333,272.15,0.0058167212607766,5.263676219096136,0.12,3.919348,0.2695539372794358,0.95,False,False,300-140K 1K-min,
523,S8-3-25-1-1,1.0408163265306123,5.173333333333333,274.15,0.0065425623004131,4.679716595366253,0.12,3.919348,0.2695539372794358,0.95,False,False,300-140K 1K-min,
524,S8-3-25-1-1,1.0408163265306123,5.173333333333333,277.15,0.007297512856329,4.195585259833695,0.12,3.919348,0.2695539372794358,0.95,False,False,300-140K 1K-min,
525,S8-3-25-1-1,1.0408163265306123,5.173333333333333,279.15,0.0080691360834599,3.7943761335516566,0.12,3.919348,0.2695539372794358,0.95,False,False,300-140K 1K-min,
526,S8-3-25-1-1,1.0408163265306123,5.173333333333333,282.15,0.008859987859351,3.4556861543717416,0.12,3.919348,0.2695539372794358,0.95,False,False,300-140K 1K-min,
527,S8-3-25-1-1,1.0408163265306123,5.173333333333333,285.15,0.0096462125531149,3.174026821913043,0.12,3.919348,0.2695539372794358,0.95,False,False,300-140K 1K-min,
528,S8-3-25-1-1,1.0408163265306123,5.173333333333333,288.15,0.0104260650511099,2.936614842068509,0.12,3.919348,0.2695539372794358,0.95,False,False,300-140K 1K-min,
529,S8-3-25-1-1,1.0408163265306123,5.173333333333333,291.15,0.0112028918558433,2.7329851762776047,0.12,3.919348,0.2695539372794358,0.95,False,False,300-140K 1K-min,
530,S8-3-25-1-1,1.0408163265306123,5.173333333333333,294.15,0.0119609396648237,2.559776926515601,0.12,3.919348,0.2695539372794358,0.95,False,False,300-140K 1K-min,
531,S8-3-25-1-1,1.0408163265306123,5.173333333333333,297.15,0.0126682461240598,2.416856846135304,0.12,3.919348,0.2695539372794358,0.95,False,False,300-140K 1K-min,
532,S8-3-25-1-1,1.0408163265306123,5.173333333333333,299.15,0.0132660766683912,2.307942139850004,0.12,3.919348,0.2695539372794358,0.95,False,False,300-140K 1K-min,
533,S8-3-27-1-1,0.0,2.7580000000000005,272.15,0.0001029598568708,297.3716,0.12,3.919348,0.2158323371068144,0.8998665572771889,False,False,300-140K 1K-min,
534,S8-3-27-1-1,0.0,2.7580000000000005,274.15,0.0001145713934038,267.2337,0.12,3.919348,0.2158323371068144,0.899877639564202,False,False,300-140K 1K-min,
535,S8-3-27-1-1,0.0,2.7580000000000005,277.15,0.000127333382852,240.4502,0.12,3.919348,0.2158323371068144,0.8998836378266271,False,False,300-140K 1K-min,
536,S8-3-27-1-1,0.0,2.7580000000000005,280.15,0.0001380342580755,221.8097,0.12,3.919348,0.2158323371068144,0.899892158346504,False,False,300-140K 1K-min,
537,S8-3-27-1-1,0.0,2.7580000000000005,283.15,0.0001484285535705,206.2766,0.12,3.919348,0.2158323371068144,0.8998992052333052,False,False,300-140K 1K-min,
538,S8-3-27-1-1,0.0,2.7580000000000005,286.15,0.000157902801257,193.8999,0.12,3.919348,0.1062269639096542,0.8999025157893993,False,False,300-140K 1K-min,
539,S8-3-27-1-1,0.0,2.7580000000000005,288.15,0.0001673278789836,182.9781,0.12,3.919348,0.1062269639096542,0.899905741315915,False,False,300-140K 1K-min,
540,S8-3-27-1-1,0.0,2.7580000000000005,291.15,0.0001762016065175,173.7631,0.12,3.919348,0.1062269639096542,0.8999090075685365,False,False,300-140K 1K-min,
541,S8-3-27-1-1,0.0,2.7580000000000005,294.15,0.0001843439558491,166.0881,0.12,3.919348,0.1062269639096542,0.8999108630636667,False,False,300-140K 1K-min,
542,S8-3-27-1-1,0.0,2.7580000000000005,297.15,0.0001906644591182,160.5823,0.12,3.919348,0.1062269639096542,0.899911632273684,False,False,300-140K 1K-min,
543,S8-3-27-1-1,0.0,2.7580000000000005,299.15,0.0001900432592302,161.1072,0.12,3.919348,0.1062269639096542,0.8999114614600149,False,False,300-140K 1K-min,
544,S8-3-28-1-1,0.0641214250069669,3.3986666666666667,207.15,4.067598873496119e-07,75271.28,0.12,3.919348,1.1919812977441866,0.7664403282437553,True,True,300-140K 1K-min,
545,S8-3-28-1-1,0.0641214250069669,3.3986666666666667,212.15,1.8436393651512883e-06,16607.01,0.12,3.919348,1.1919812977441866,0.8934890232724081,False,False,300-140K 1K-min,
546,S8-3-28-1-1,0.0641214250069669,3.3986666666666667,216.15,6.597698141226959e-06,4640.609,0.12,3.919348,1.1919812977441866,0.8981547042338723,False,False,300-140K 1K-min,
547,S8-3-28-1-1,0.0641214250069669,3.3986666666666667,220.15,1.5554239012256046e-05,1968.424,0.12,3.919348,1.1919812977441866,0.8991656903350058,False,False,300-140K 1K-min,
548,S8-3-28-1-1,0.0641214250069669,3.3986666666666667,224.15,3.2401424615647903e-05,944.938,0.12,3.919348,0.7620804274742082,0.8996284538163785,False,False,300-140K 1K-min,
549,S8-3-28-1-1,0.0641214250069669,3.3986666666666667,227.15,5.986965850689665e-05,511.3999,0.12,3.919348,0.7620804274742082,0.8998029386862155,False,False,300-140K 1K-min,
550,S8-3-28-1-1,0.0641214250069669,3.3986666666666667,230.15,9.716399698473802e-05,315.1099,0.12,3.919348,0.7620804274742082,0.8998496150603903,False,False,300-140K 1K-min,
551,S8-3-28-1-1,0.0641214250069669,3.3986666666666667,233.15,0.0001537019557963,199.1994,0.12,3.919348,0.7620804274742082,0.8999014974928962,False,False,300-140K 1K-min,
552,S8-3-28-1-1,0.0641214250069669,3.3986666666666667,235.15,0.0002320302087882,131.9541,0.12,3.919348,0.7620804274742082,0.899932587533237,False,False,300-140K 1K-min,
553,S8-3-28-1-1,0.0641214250069669,3.3986666666666667,238.15,0.000349170868012,87.68583,0.12,3.919348,0.7620804274742082,0.8999611444946037,False,False,300-140K 1K-min,
554,S8-3-28-1-1,0.0641214250069669,3.3986666666666667,241.15,0.0005322512238646,57.52422164697303,0.12,3.919348,0.7620804274742082,0.95,False,False,300-140K 1K-min,
555,S8-3-28-1-1,0.0641214250069669,3.3986666666666667,244.15,0.0007604229370576,40.26356371091144,0.12,3.919348,0.7620804274742082,0.95,False,False,300-140K 1K-min,
556,S8-3-28-1-1,0.0641214250069669,3.3986666666666667,247.15,0.0011491256551502,26.64402908092568,0.12,3.919348,0.7620804274742082,0.95,False,False,300-140K 1K-min,
557,S8-3-28-1-1,0.0641214250069669,3.3986666666666667,249.15,0.0017780353610567,17.219757291702297,0.12,3.919348,0.7620804274742082,0.95,False,False,300-140K 1K-min,
558,S8-3-28-1-1,0.0641214250069669,3.3986666666666667,252.15,0.0028209774239123,10.853449982949074,0.12,3.919348,0.7620804274742082,0.95,False,False,300-140K 1K-min,
559,S8-3-28-1-1,0.0641214250069669,3.3986666666666667,255.15,0.0042740932004262,7.163469755504564,0.12,3.919348,0.7620804274742082,0.95,False,False,300-140K 1K-min,
560,S8-3-28-1-1,0.0641214250069669,3.3986666666666667,258.15,0.0060352592501307,5.07307741134692,0.12,3.919348,0.7620804274742082,0.95,False,False,300-140K 1K-min,
561,S8-3-28-1-1,0.0641214250069669,3.3986666666666667,260.15,0.0071304951115764,4.293858546197391,0.12,3.919348,0.1077718272914408,0.95,False,False,300-140K 1K-min,
562,S8-3-28-1-1,0.0641214250069669,3.3986666666666667,263.15,0.0076628807692885,3.9955387921693934,0.12,3.919348,0.1077718272914408,0.95,False,False,300-140K 1K-min,
563,S8-3-28-1-1,0.0641214250069669,3.3986666666666667,266.15,0.0081889380888652,3.7388654110222657,0.12,3.919348,0.1077718272914408,0.95,False,False,300-140K 1K-min,
564,S8-3-28-1-1,0.0641214250069669,3.3986666666666667,269.15,0.0087057582257125,3.516906463475229,0.12,3.919348,0.1077718272914408,0.95,False,False,300-140K 1K-min,
565,S8-3-28-1-1,0.0641214250069669,3.3986666666666667,272.15,0.0092186644554247,3.3212335172308345,0.12,3.919348,0.1077718272914408,0.95,False,False,300-140K 1K-min,
566,S8-3-28-1-1,0.0641214250069669,3.3986666666666667,274.15,0.0097158681912149,3.151271381094386,0.12,3.919348,0.1077718272914408,0.95,False,False,300-140K 1K-min,
567,S8-3-28-1-1,0.0641214250069669,3.3986666666666667,276.15,0.0102046573619262,3.0003297795862243,0.12,3.919348,0.1077718272914408,0.95,False,False,300-140K 1K-min,
568,S8-3-28-1-1,0.0641214250069669,3.3986666666666667,279.15,0.0106694080702708,2.869637862926341,0.12,3.919348,0.1077718272914408,0.95,False,False,300-140K 1K-min,
569,S8-3-28-1-1,0.0641214250069669,3.3986666666666667,282.15,0.0111238574657648,2.752402884313287,0.12,3.919348,0.1077718272914408,0.95,False,False,300-140K 1K-min,
570,S8-3-28-1-1,0.0641214250069669,3.3986666666666667,285.15,0.0115582556407934,2.648958313865359,0.12,3.919348,0.1077718272914408,0.95,False,False,300-140K 1K-min,
571,S8-3-28-1-1,0.0641214250069669,3.3986666666666667,288.15,0.0119732683651537,2.557141161436568,0.12,3.919348,0.1077718272914408,0.95,False,False,300-140K 1K-min,
572,S8-3-28-1-1,0.0641214250069669,3.3986666666666667,291.15,0.0123857320042586,2.4719844869026457,0.12,3.919348,0.1077718272914408,0.95,False,False,300-140K 1K-min,
573,S8-3-28-1-1,0.0641214250069669,3.3986666666666667,294.15,0.012772149238804,2.397195397657921,0.12,3.919348,0.1077718272914408,0.95,False,False,300-140K 1K-min,
574,S8-3-28-1-1,0.0641214250069669,3.3986666666666667,296.15,0.0131002589170673,2.3371551331380167,0.12,3.919348,0.1077718272914408,0.95,False,False,300-140K 1K-min,
575,S8-3-28-1-1,0.0641214250069669,3.3986666666666667,299.15,0.0132034718174305,2.318885350521348,0.12,3.919348,0.1077718272914408,0.95,False,False,300-140K 1K-min,
576,S8-3-29-1-1,0.0,1.182,268.15,4.069961216817008e-05,752.2759,0.12,3.919348,0.2594193069521647,0.8998453179618005,False,False,300-140K 1K-min,
577,S8-3-29-1-1,0.0,1.182,272.15,4.628858221021515e-05,661.4447,0.12,3.919348,0.2594193069521647,0.8998234853858172,False,False,300-140K 1K-min,
578,S8-3-29-1-1,0.0,1.182,274.15,5.2668510236523325e-05,581.3215,0.12,3.919348,0.2594193069521647,0.8998380577435181,False,False,300-140K 1K-min,
579,S8-3-29-1-1,0.0,1.182,277.15,5.803253245794473e-05,527.5892,0.12,3.919348,0.2594193069521647,0.8998528366436298,False,False,300-140K 1K-min,
580,S8-3-29-1-1,0.0,1.182,281.15,6.442848494555214e-05,475.2143,0.12,3.919348,0.1652308461995994,0.8998635208349973,False,False,300-140K 1K-min,
581,S8-3-29-1-1,0.0,1.182,284.15,7.055211107522771e-05,433.9677,0.12,3.919348,0.1652308461995994,0.8998787098243544,False,False,300-140K 1K-min,
582,S8-3-29-1-1,0.0,1.182,287.15,7.583230185530644e-05,403.7506,0.12,3.919348,0.1652308461995994,0.8998998196532454,False,False,300-140K 1K-min,
583,S8-3-29-1-1,0.0,1.182,290.15,8.213115724994184e-05,372.7859,0.12,3.919348,0.1652308461995994,0.8999016917347826,False,False,300-140K 1K-min,
584,S8-3-29-1-1,0.0,1.182,293.15,8.81672471758862e-05,347.2643,0.12,3.919348,0.1652308461995994,0.899895748474713,False,False,300-140K 1K-min,
585,S8-3-29-1-1,0.0,1.182,296.15,9.33627331784911e-05,327.9396,0.12,3.919348,0.1652308461995994,0.8999066365543993,False,False,300-140K 1K-min,
586,S8-3-29-1-1,0.0,1.182,299.15,9.612233328674698e-05,318.5247,0.12,3.919348,0.1652308461995994,0.8999089666002927,False,False,300-140K 1K-min,
587,S8-3-3-1,0.1712623980890066,3.645333333333333,199.15,7.803922682906733e-06,3923.3265906802953,0.12,3.919348,0.9701719233883028,0.95,False,False,300-120K 3K-min,
588,S8-3-3-1,0.1712623980890066,3.645333333333333,208.15,8.993561017735803e-05,340.4362,0.12,3.919348,0.9701719233883028,0.8999571424340863,False,False,300-120K 3K-min,
589,S8-3-3-1,0.1712623980890066,3.645333333333333,216.15,0.0002846948550873,107.5444,0.12,3.919348,0.9701719233883028,0.8999919934151491,False,False,300-120K 3K-min,
590,S8-3-3-1,0.1712623980890066,3.645333333333333,225.15,0.000619946725615,49.3870458676674,0.12,3.919348,0.3370883919416964,0.95,False,False,300-120K 3K-min,
591,S8-3-3-1,0.1712623980890066,3.645333333333333,233.15,0.001196627422087,25.586357798871077,0.12,3.919348,0.3370883919416964,0.95,False,False,300-120K 3K-min,
592,S8-3-3-1,0.1712623980890066,3.645333333333333,241.15,0.0020648780487027,14.82767342734659,0.12,3.919348,0.3370883919416964,0.95,False,False,300-120K 3K-min,
593,S8-3-3-1,0.1712623980890066,3.645333333333333,250.15,0.0032267906437528,9.488479654773164,0.12,3.919348,0.3370883919416964,0.95,False,False,300-120K 3K-min,
594,S8-3-3-1,0.1712623980890066,3.645333333333333,258.15,0.0046547373635202,6.577672375978249,0.12,3.919348,0.120013783433746,0.95,False,False,300-120K 3K-min,
595,S8-3-3-1,0.1712623980890066,3.645333333333333,267.15,0.0061599598902855,4.9703793399281215,0.12,3.919348,0.120013783433746,0.95,False,False,300-120K 3K-min,
596,S8-3-3-1,0.1712623980890066,3.645333333333333,274.15,0.0075145747647811,4.074393872153137,0.12,3.919348,0.120013783433746,0.95,False,False,300-120K 3K-min,
597,S8-3-3-1,0.1712623980890066,3.645333333333333,282.15,0.0085711316919958,3.5721464181974083,0.12,3.919348,0.120013783433746,0.95,False,False,300-120K 3K-min,
598,S8-3-3-1,0.1712623980890066,3.645333333333333,291.15,0.0091971820684928,3.328991113305036,0.12,3.919348,0.120013783433746,0.95,False,False,300-120K 3K-min,
599,S8-3-3-1,0.1712623980890066,3.645333333333333,299.15,0.0098688597054479,3.1024189508499447,0.12,3.919348,0.120013783433746,0.95,False,False,300-120K 3K-min,
600,S8-3-31-1-1,0.3340714749983821,4.9068,184.15,3.080946519843856e-07,99376.4,0.12,3.919348,0.8836397520175577,0.775991650800398,True,True,300-140K 1K-min,
601,S8-3-31-1-1,0.3340714749983821,4.9068,190.15,2.1515815261588237e-06,14230.154424183793,0.12,3.919348,0.8836397520175577,0.95,False,False,300-140K 1K-min,
602,S8-3-31-1-1,0.3340714749983821,4.9068,194.15,7.887057756588943e-06,3881.972,0.12,3.919348,0.8836397520175577,0.8995238988515639,False,False,300-140K 1K-min,
603,S8-3-31-1-1,0.3340714749983821,4.9068,198.15,2.419279539859247e-05,1265.556,0.12,3.919348,0.8836397520175577,0.8998050936675335,False,False,300-140K 1K-min,
604,S8-3-31-1-1,0.3340714749983821,4.9068,202.15,5.476595067069278e-05,559.0579,0.12,3.919348,0.8836397520175577,0.8999328521803125,False,False,300-140K 1K-min,
605,S8-3-31-1-1,0.3340714749983821,4.9068,205.15,9.477895691194665e-05,323.0394,0.12,3.919348,0.8836397520175577,0.8999485656014444,False,False,300-140K 1K-min,
606,S8-3-31-1-1,0.3340714749983821,4.9068,207.15,0.0001581687271551,193.5739,0.12,3.919348,0.8836397520175577,0.8999704691321162,False,False,300-140K 1K-min,
607,S8-3-31-1-1,0.3340714749983821,4.9068,210.15,0.0002415041239386,126.7777,0.12,3.919348,0.405723636620504,0.8999827149842851,False,False,300-140K 1K-min,
608,S8-3-31-1-1,0.3340714749983821,4.9068,213.15,0.0003588687389654,85.31625647227234,0.12,3.919348,0.405723636620504,0.95,False,False,300-140K 1K-min,
609,S8-3-31-1-1,0.3340714749983821,4.9068,216.15,0.0004990429846649,61.3521045567221,0.12,3.919348,0.405723636620504,0.95,False,False,300-140K 1K-min,
610,S8-3-31-1-1,0.3340714749983821,4.9068,219.15,0.0006827457303376,44.84442159501654,0.12,3.919348,0.405723636620504,0.95,False,False,300-140K 1K-min,
611,S8-3-31-1-1,0.3340714749983821,4.9068,221.15,0.0009180334189799,33.351005247151235,0.12,3.919348,0.405723636620504,0.95,False,False,300-140K 1K-min,
612,S8-3-31-1-1,0.3340714749983821,4.9068,224.15,0.0012048970516776,25.41074968258114,0.12,3.919348,0.405723636620504,0.95,False,False,300-140K 1K-min,
613,S8-3-31-1-1,0.3340714749983821,4.9068,227.15,0.0015604157542219,19.62126906923429,0.12,3.919348,0.405723636620504,0.95,False,False,300-140K 1K-min,
614,S8-3-31-1-1,0.3340714749983821,4.9068,230.15,0.0019681386345465,15.556494261145104,0.12,3.919348,0.405723636620504,0.95,False,False,300-140K 1K-min,
615,S8-3-31-1-1,0.3340714749983821,4.9068,232.15,0.0024374330068728,12.56130416184931,0.12,3.919348,0.405723636620504,0.95,False,False,300-140K 1K-min,
616,S8-3-31-1-1,0.3340714749983821,4.9068,235.15,0.00296988573355,10.30926443653545,0.12,3.919348,0.405723636620504,0.95,False,False,300-140K 1K-min,
617,S8-3-31-1-1,0.3340714749983821,4.9068,238.15,0.0035608225396293,8.598389004987736,0.12,3.919348,0.405723636620504,0.95,False,False,300-140K 1K-min,
618,S8-3-31-1-1,0.3340714749983821,4.9068,241.15,0.0042069372488367,7.277821265797867,0.12,3.919348,0.405723636620504,0.95,False,False,300-140K 1K-min,
619,S8-3-31-1-1,0.3340714749983821,4.9068,244.15,0.0049048726848987,6.242228767267863,0.12,3.919348,0.405723636620504,0.95,False,False,300-140K 1K-min,
620,S8-3-31-1-1,0.3340714749983821,4.9068,246.15,0.0056561155263379,5.413138616226998,0.12,3.919348,0.1523179360200124,0.95,False,False,300-140K 1K-min,
621,S8-3-31-1-1,0.3340714749983821,4.9068,249.15,0.0064376234304592,4.7560000525344455,0.12,3.919348,0.1523179360200124,0.95,False,False,300-140K 1K-min,
622,S8-3-31-1-1,0.3340714749983821,4.9068,252.15,0.0072531743420434,4.221232791274034,0.12,3.919348,0.1523179360200124,0.95,False,False,300-140K 1K-min,
623,S8-3-31-1-1,0.3340714749983821,4.9068,255.15,0.0080886695877124,3.785213012035007,0.12,3.919348,0.1523179360200124,0.95,False,False,300-140K 1K-min,
624,S8-3-31-1-1,0.3340714749983821,4.9068,258.15,0.0089395654265401,3.4249245810722626,0.12,3.919348,0.1523179360200124,0.95,False,False,300-140K 1K-min,
625,S8-3-31-1-1,0.3340714749983821,4.9068,260.15,0.0097913941198341,3.1269640460534958,0.12,3.919348,0.1523179360200124,0.95,False,False,300-140K 1K-min,
626,S8-3-31-1-1,0.3340714749983821,4.9068,263.15,0.0106425385525266,2.8768829187085374,0.12,3.919348,0.1523179360200124,0.95,False,False,300-140K 1K-min,
627,S8-3-31-1-1,0.3340714749983821,4.9068,266.15,0.0114778991398721,2.667503608487194,0.12,3.919348,0.1523179360200124,0.95,False,False,300-140K 1K-min,
628,S8-3-31-1-1,0.3340714749983821,4.9068,269.15,0.0122997642214725,2.4892621372375765,0.12,3.919348,0.1523179360200124,0.95,False,False,300-140K 1K-min,
629,S8-3-31-1-1,0.3340714749983821,4.9068,272.15,0.0131256288168883,2.33263775782435,0.12,3.919348,0.1523179360200124,0.95,False,False,300-140K 1K-min,
630,S8-3-31-1-1,0.3340714749983821,4.9068,274.15,0.013925664173309,2.198626722030576,0.12,3.919348,0.1523179360200124,0.95,False,False,300-140K 1K-min,
631,S8-3-31-1-1,0.3340714749983821,4.9068,277.15,0.0146995209895989,2.082879938409232,0.12,3.919348,0.1523179360200124,0.95,False,False,300-140K 1K-min,
632,S8-3-31-1-1,0.3340714749983821,4.9068,280.15,0.0154371885382031,1.9833493189314129,0.12,3.919348,0.1523179360200124,0.95,False,False,300-140K 1K-min,
633,S8-3-31-1-1,0.3340714749983821,4.9068,282.15,0.0161396561792468,1.897025378572213,0.12,3.919348,0.1523179360200124,0.95,False,False,300-140K 1K-min,
634,S8-3-31-1-1,0.3340714749983821,4.9068,285.15,0.0168109749079544,1.8212707794224243,0.12,3.919348,0.1523179360200124,0.95,False,False,300-140K 1K-min,
635,S8-3-31-1-1,0.3340714749983821,4.9068,288.15,0.0174562070798198,1.753951315624349,0.12,3.919348,0.1523179360200124,0.95,False,False,300-140K 1K-min,
636,S8-3-31-1-1,0.3340714749983821,4.9068,291.15,0.0180726500310421,1.6941255057156404,0.12,3.919348,0.1523179360200124,0.95,False,False,300-140K 1K-min,
637,S8-3-31-1-1,0.3340714749983821,4.9068,294.15,0.018658372288445,1.6409436418214325,0.12,3.919348,0.1523179360200124,0.95,False,False,300-140K 1K-min,
638,S8-3-31-1-1,0.3340714749983821,4.9068,297.15,0.0191643133629429,1.597622455530508,0.12,3.919348,0.1523179360200124,0.95,False,False,300-140K 1K-min,
639,S8-3-31-1-1,0.3340714749983821,4.9068,299.15,0.0194038409086404,1.5779008659995422,0.12,3.919348,0.1523179360200124,0.95,False,False,300-140K 1K-min,
640,S8-3-32-1-1,0.3584084621201487,5.320666666666667,191.15,4.2391658741369286e-07,72224.91,0.12,3.919348,1.079440242279692,0.7255526870872772,True,True,300-140K 1K-min,
641,S8-3-32-1-1,0.3584084621201487,5.320666666666667,196.15,2.9586971104738574e-06,10348.25,0.12,3.919348,1.079440242279692,0.8986960025565058,False,False,300-140K 1K-min,
642,S8-3-32-1-1,0.3584084621201487,5.320666666666667,200.15,1.2199459532667111e-05,2509.729,0.12,3.919348,1.079440242279692,0.8995499054996844,False,False,300-140K 1K-min,
643,S8-3-32-1-1,0.3584084621201487,5.320666666666667,204.15,3.265470699393158e-05,937.6087,0.12,3.919348,1.079440242279692,0.8998229272293663,False,False,300-140K 1K-min,
644,S8-3-32-1-1,0.3584084621201487,5.320666666666667,207.15,6.654944665574316e-05,460.069,0.12,3.919348,1.079440242279692,0.899913206540648,False,False,300-140K 1K-min,
645,S8-3-32-1-1,0.3584084621201487,5.320666666666667,210.15,0.0001201131145483,254.9042,0.12,3.919348,0.4747836698876585,0.8999334978864398,False,False,300-140K 1K-min,
646,S8-3-32-1-1,0.3584084621201487,5.320666666666667,213.15,0.0001985807401016,154.1808,0.12,3.919348,0.4747836698876585,0.8999626171441537,False,False,300-140K 1K-min,
647,S8-3-32-1-1,0.3584084621201487,5.320666666666667,216.15,0.0003120696170797,98.1106,0.12,3.919348,0.4747836698876585,0.8999814359895455,False,False,300-140K 1K-min,
648,S8-3-32-1-1,0.3584084621201487,5.320666666666667,219.15,0.0004564120535627,67.08266605682567,0.12,3.919348,0.4747836698876585,0.95,False,False,300-140K 1K-min,
649,S8-3-32-1-1,0.3584084621201487,5.320666666666667,221.15,0.0006415272402821,47.72570118767424,0.12,3.919348,0.4747836698876585,0.95,False,False,300-140K 1K-min,
650,S8-3-32-1-1,0.3584084621201487,5.320666666666667,224.15,0.0008907553976297,34.37232876155835,0.12,3.919348,0.4747836698876585,0.95,False,False,300-140K 1K-min,
651,S8-3-32-1-1,0.3584084621201487,5.320666666666667,227.15,0.0011999044574496,25.51647940248348,0.12,3.919348,0.4747836698876585,0.95,False,False,300-140K 1K-min,
652,S8-3-32-1-1,0.3584084621201487,5.320666666666667,230.15,0.0015958667573788,19.18539704639814,0.12,3.919348,0.4747836698876585,0.95,False,False,300-140K 1K-min,
653,S8-3-32-1-1,0.3584084621201487,5.320666666666667,233.15,0.0020608021555924,14.856999877632482,0.12,3.919348,0.4747836698876585,0.95,False,False,300-140K 1K-min,
654,S8-3-32-1-1,0.3584084621201487,5.320666666666667,235.15,0.002606656202698,11.745828752472269,0.12,3.919348,0.4747836698876585,0.95,False,False,300-140K 1K-min,
655,S8-3-32-1-1,0.3584084621201487,5.320666666666667,238.15,0.0032352616153297,9.46363571600712,0.12,3.919348,0.4747836698876585,0.95,False,False,300-140K 1K-min,
656,S8-3-32-1-1,0.3584084621201487,5.320666666666667,241.15,0.0039411860902589,7.768559177942628,0.12,3.919348,0.4747836698876585,0.95,False,False,300-140K 1K-min,
657,S8-3-32-1-1,0.3584084621201487,5.320666666666667,244.15,0.0047166836507241,6.491284902849161,0.12,3.919348,0.4747836698876585,0.95,False,False,300-140K 1K-min,
658,S8-3-32-1-1,0.3584084621201487,5.320666666666667,246.15,0.005568366120554,5.498441860790355,0.12,3.919348,0.150902566600286,0.95,False,False,300-140K 1K-min,
659,S8-3-32-1-1,0.3584084621201487,5.320666666666667,249.15,0.0064739387464184,4.72932144907911,0.12,3.919348,0.150902566600286,0.95,False,False,300-140K 1K-min,
660,S8-3-32-1-1,0.3584084621201487,5.320666666666667,252.15,0.0074180643565459,4.1274025004169,0.12,3.919348,0.150902566600286,0.95,False,False,300-140K 1K-min,
661,S8-3-32-1-1,0.3584084621201487,5.320666666666667,255.15,0.0083833367422846,3.652165994839582,0.12,3.919348,0.150902566600286,0.95,False,False,300-140K 1K-min,
662,S8-3-32-1-1,0.3584084621201487,5.320666666666667,258.15,0.0093717327102558,3.2669879007491667,0.12,3.919348,0.150902566600286,0.95,False,False,300-140K 1K-min,
663,S8-3-32-1-1,0.3584084621201487,5.320666666666667,261.15,0.0103585289403156,2.955761146189174,0.12,3.919348,0.150902566600286,0.95,False,False,300-140K 1K-min,
664,S8-3-32-1-1,0.3584084621201487,5.320666666666667,263.15,0.0113306087496357,2.702179384178751,0.12,3.919348,0.150902566600286,0.95,False,False,300-140K 1K-min,
665,S8-3-32-1-1,0.3584084621201487,5.320666666666667,266.15,0.0122793326275328,2.493404023017558,0.12,3.919348,0.150902566600286,0.95,False,False,300-140K 1K-min,
666,S8-3-32-1-1,0.3584084621201487,5.320666666666667,269.15,0.0132170933027372,2.316495516235799,0.12,3.919348,0.150902566600286,0.95,False,False,300-140K 1K-min,
667,S8-3-32-1-1,0.3584084621201487,5.320666666666667,272.15,0.014116823222796,2.168854627577946,0.12,3.919348,0.150902566600286,0.95,False,False,300-140K 1K-min,
668,S8-3-32-1-1,0.3584084621201487,5.320666666666667,274.15,0.0149745269732249,2.044628015843576,0.12,3.919348,0.150902566600286,0.95,False,False,300-140K 1K-min,
669,S8-3-32-1-1,0.3584084621201487,5.320666666666667,277.15,0.0157812178923484,1.9401124540778336,0.12,3.919348,0.150902566600286,0.95,False,False,300-140K 1K-min,
670,S8-3-32-1-1,0.3584084621201487,5.320666666666667,280.15,0.016546548009583,1.8503761241153645,0.12,3.919348,0.150902566600286,0.95,True,True,300-140K 1K-min,
671,S8-3-32-1-1,0.3584084621201487,5.320666666666667,282.15,0.0172709130922268,1.7727688866225086,0.12,3.919348,0.150902566600286,0.95,True,True,300-140K 1K-min,
672,S8-3-32-1-1,0.3584084621201487,5.320666666666667,285.15,0.0179315019038069,1.7074608439218844,0.12,3.919348,0.150902566600286,0.95,True,True,300-140K 1K-min,
673,S8-3-32-1-1,0.3584084621201487,5.320666666666667,288.15,0.0185354674466137,1.6518243989068917,0.12,3.919348,0.150902566600286,0.95,True,True,300-140K 1K-min,
674,S8-3-32-1-1,0.3584084621201487,5.320666666666667,291.15,0.0191149602382499,1.6017473744043829,0.12,3.919348,0.150902566600286,0.95,True,True,300-140K 1K-min,
675,S8-3-32-1-1,0.3584084621201487,5.320666666666667,294.15,0.0196212008899245,1.5604211763196902,0.12,3.919348,0.150902566600286,0.95,True,True,300-140K 1K-min,
676,S8-3-32-1-1,0.3584084621201487,5.320666666666667,297.15,0.0200100296373176,1.5300995514949849,0.12,3.919348,0.150902566600286,0.95,True,True,300-140K 1K-min,
677,S8-3-32-1-1,0.3584084621201487,5.320666666666667,299.15,0.0200541553057585,1.526732834499858,0.12,3.919348,0.150902566600286,0.95,True,True,300-140K 1K-min,
678,S8-3-33-1-1,0.0641214250069669,4.418266666666667,188.15,1.793949573648626e-07,170670.0,0.12,3.919348,0.8677804276366072,0.7906995168377342,True,True,300-140K 1K-min,
679,S8-3-33-1-1,0.0641214250069669,4.418266666666667,193.15,1.3820984793997095e-06,22152.79,0.12,3.919348,0.8677804276366072,0.8918968949420125,False,False,300-140K 1K-min,
680,S8-3-33-1-1,0.0641214250069669,4.418266666666667,198.15,4.675695428684342e-06,6548.189,0.12,3.919348,0.8677804276366072,0.8970844526806262,False,False,300-140K 1K-min,
681,S8-3-33-1-1,0.0641214250069669,4.418266666666667,203.15,1.3183410612173836e-05,2322.414,0.12,3.919348,0.8677804276366072,0.8985298406441117,False,False,300-140K 1K-min,
682,S8-3-33-1-1,0.0641214250069669,4.418266666666667,207.15,3.078502339589856e-05,994.553,0.12,3.919348,0.8677804276366072,0.8992839774166752,False,False,300-140K 1K-min,
683,S8-3-33-1-1,0.0641214250069669,4.418266666666667,210.15,6.212928677302433e-05,492.8004,0.12,3.919348,0.8677804276366072,0.8997090119842233,False,False,300-140K 1K-min,
684,S8-3-33-1-1,0.0641214250069669,4.418266666666667,213.15,0.0001029943878767,297.2719,0.12,3.919348,0.4743423333941634,0.8997219466844675,False,False,300-140K 1K-min,
685,S8-3-33-1-1,0.0641214250069669,4.418266666666667,216.15,0.0001627335305588,188.144,0.12,3.919348,0.4743423333941634,0.8998269254274082,False,False,300-140K 1K-min,
686,S8-3-33-1-1,0.0641214250069669,4.418266666666667,219.15,0.0002396251549517,127.7718,0.12,3.919348,0.4743423333941634,0.8999329491722401,False,False,300-140K 1K-min,
687,S8-3-33-1-1,0.0641214250069669,4.418266666666667,221.15,0.0003333932307171,91.83551,0.12,3.919348,0.4743423333941634,0.89998823452581,False,False,300-140K 1K-min,
688,S8-3-33-1-1,0.0641214250069669,4.418266666666667,224.15,0.0004455474513614,68.71846596788909,0.12,3.919348,0.4743423333941634,0.95,False,False,300-140K 1K-min,
689,S8-3-33-1-1,0.0641214250069669,4.418266666666667,227.15,0.0005781898676019,52.95377710517248,0.12,3.919348,0.4743423333941634,0.95,False,False,300-140K 1K-min,
690,S8-3-33-1-1,0.0641214250069669,4.418266666666667,230.15,0.0007368992363186,41.5488792286138,0.12,3.919348,0.4743423333941634,0.95,False,False,300-140K 1K-min,
691,S8-3-33-1-1,0.0641214250069669,4.418266666666667,233.15,0.0009208678738482,33.24835,0.12,3.919348,0.4743423333941634,0.8999992587894666,False,False,300-140K 1K-min,
692,S8-3-33-1-1,0.0641214250069669,4.418266666666667,235.15,0.0011584390816139,26.42982083339751,0.12,3.919348,0.4743423333941634,0.95,False,False,300-140K 1K-min,
693,S8-3-33-1-1,0.0641214250069669,4.418266666666667,238.15,0.0016581583145739,18.46466474543373,0.12,3.919348,0.4743423333941634,0.95,False,False,300-140K 1K-min,
694,S8-3-33-1-1,0.0641214250069669,4.418266666666667,241.15,0.0023930973487499,12.794020848944584,0.12,3.919348,0.4743423333941634,0.95,False,False,300-140K 1K-min,
695,S8-3-33-1-1,0.0641214250069669,4.418266666666667,244.15,0.0030568134788773,10.016096037598397,0.12,3.919348,0.4743423333941634,0.95,False,False,300-140K 1K-min,
696,S8-3-33-1-1,0.0641214250069669,4.418266666666667,246.15,0.0039126696242245,7.825178283364209,0.12,3.919348,0.4743423333941634,0.95,False,False,300-140K 1K-min,
697,S8-3-33-1-1,0.0641214250069669,4.418266666666667,249.15,0.0049254319536484,6.216173050727441,0.12,3.919348,0.4743423333941634,0.95,False,False,300-140K 1K-min,
698,S8-3-33-1-1,0.0641214250069669,4.418266666666667,252.15,0.0062653959713993,4.886736211601784,0.12,3.919348,0.4743423333941634,0.95,False,False,300-140K 1K-min,
699,S8-3-33-1-1,0.0641214250069669,4.418266666666667,255.15,0.0077171213449825,3.967455739615591,0.12,3.919348,0.4743423333941634,0.95,False,False,300-140K 1K-min,
700,S8-3-33-1-1,0.0641214250069669,4.418266666666667,258.15,0.0088877122526557,3.444906462212741,0.12,3.919348,0.1129430512077818,0.95,False,False,300-140K 1K-min,
701,S8-3-33-1-1,0.0641214250069669,4.418266666666667,261.15,0.0095011180963836,3.222498348390695,0.12,3.919348,0.1129430512077818,0.95,False,False,300-140K 1K-min,
702,S8-3-33-1-1,0.0641214250069669,4.418266666666667,263.15,0.0101701314888427,3.010515390784296,0.12,3.919348,0.1129430512077818,0.95,False,False,300-140K 1K-min,
703,S8-3-33-1-1,0.0641214250069669,4.418266666666667,266.15,0.0113348491398168,2.7011684933599334,0.12,3.919348,0.1129430512077818,0.95,False,False,300-140K 1K-min,
704,S8-3-33-1-1,0.0641214250069669,4.418266666666667,269.15,0.0130673997528222,2.3430321221211976,0.12,3.919348,0.1129430512077818,0.95,False,False,300-140K 1K-min,
705,S8-3-33-1-1,0.0641214250069669,4.418266666666667,272.15,0.014194918717088,2.156922345501252,0.12,3.919348,0.1129430512077818,0.95,False,False,300-140K 1K-min,
706,S8-3-33-1-1,0.0641214250069669,4.418266666666667,274.15,0.0147641124629391,2.073767552930578,0.12,3.919348,0.1129430512077818,0.95,False,False,300-140K 1K-min,
707,S8-3-33-1-1,0.0641214250069669,4.418266666666667,277.15,0.0152987575385797,2.001295680139485,0.12,3.919348,0.1129430512077818,0.95,False,False,300-140K 1K-min,
708,S8-3-33-1-1,0.0641214250069669,4.418266666666667,280.15,0.0158051606693671,1.9371734342949332,0.12,3.919348,0.1129430512077818,0.95,False,False,300-140K 1K-min,
709,S8-3-33-1-1,0.0641214250069669,4.418266666666667,282.15,0.0162596090786861,1.8830303499483128,0.12,3.919348,0.1129430512077818,0.95,False,False,300-140K 1K-min,
710,S8-3-33-1-1,0.0641214250069669,4.418266666666667,285.15,0.016712640326015,1.831986854034186,0.12,3.919348,0.1129430512077818,0.95,False,False,300-140K 1K-min,
711,S8-3-33-1-1,0.0641214250069669,4.418266666666667,288.15,0.0170553670695864,1.795173170330572,0.12,3.919348,0.1129430512077818,0.95,False,False,300-140K 1K-min,
712,S8-3-33-1-1,0.0641214250069669,4.418266666666667,291.15,0.0173224212807091,1.7674975615307051,0.12,3.919348,0.1129430512077818,0.95,False,False,300-140K 1K-min,
713,S8-3-33-1-1,0.0641214250069669,4.418266666666667,294.15,0.0175384816084296,1.745723378855396,0.12,3.919348,0.1129430512077818,0.95,False,False,300-140K 1K-min,
714,S8-3-33-1-1,0.0641214250069669,4.418266666666667,297.15,0.0177420705975649,1.725691328139756,0.12,3.919348,0.1129430512077818,0.95,False,False,300-140K 1K-min,
715,S8-3-33-1-1,0.0641214250069669,4.418266666666667,299.15,0.0178434944277891,1.7158823624692114,0.12,3.919348,0.1129430512077818,0.95,False,False,300-140K 1K-min,
716,S8-3-35-1-1,0.2996777658431794,4.0,212.15,3.866772101586625e-07,79180.61,0.12,3.919348,1.53692138704735,0.7035713105519596,True,True,300-140K 1K-min,
717,S8-3-35-1-1,0.2996777658431794,4.0,216.15,1.832477008161941e-06,16708.17,0.12,3.919348,1.53692138704735,0.8988150050392171,False,False,300-140K 1K-min,
718,S8-3-35-1-1,0.2996777658431794,4.0,221.15,4.986953693926072e-06,6139.487,0.12,3.919348,0.7321651258475244,0.8995610810084512,False,False,300-140K 1K-min,
719,S8-3-35-1-1,0.2996777658431794,4.0,226.15,1.2159404879910916e-05,2517.996372013678,0.12,3.919348,0.7321651258475244,0.95,False,False,300-140K 1K-min,
720,S8-3-35-1-1,0.2996777658431794,4.0,229.15,2.60483965260065e-05,1175.402,0.12,3.919348,0.7321651258475244,0.8998523480681646,False,False,300-140K 1K-min,
721,S8-3-35-1-1,0.2996777658431794,4.0,233.15,4.4278722460001205e-05,691.4684,0.12,3.919348,0.7321651258475244,0.8999304466479633,False,False,300-140K 1K-min,
722,S8-3-35-1-1,0.2996777658431794,4.0,236.15,7.36591459161596e-05,415.6624,0.12,3.919348,0.7321651258475244,0.8999809222420181,False,False,300-140K 1K-min,
723,S8-3-35-1-1,0.2996777658431794,4.0,239.15,0.0001070949298749,285.8897,0.12,3.919348,0.7321651258475244,0.8999559618878042,False,False,300-140K 1K-min,
724,S8-3-35-1-1,0.2996777658431794,4.0,242.15,0.0001538464575981,199.0123,0.12,3.919348,0.7321651258475244,0.8999723414278634,False,False,300-140K 1K-min,
725,S8-3-35-1-1,0.2996777658431794,4.0,245.15,0.0002072441400275,147.7356,0.12,3.919348,0.7321651258475244,0.8999829905357444,False,False,300-140K 1K-min,
726,S8-3-35-1-1,0.2996777658431794,4.0,248.15,0.0002806041763372,109.11219417014912,0.12,3.919348,0.3523678426352971,0.95,False,False,300-140K 1K-min,
727,S8-3-35-1-1,0.2996777658431794,4.0,250.15,0.000351534914675,87.09614918837747,0.12,3.919348,0.3523678426352971,0.95,False,False,300-140K 1K-min,
728,S8-3-35-1-1,0.2996777658431794,4.0,253.15,0.0004424154321096,69.20494890393178,0.12,3.919348,0.3523678426352971,0.95,False,False,300-140K 1K-min,
729,S8-3-35-1-1,0.2996777658431794,4.0,256.15,0.0005532959299144,55.33627796284818,0.12,3.919348,0.3523678426352971,0.95,False,False,300-140K 1K-min,
730,S8-3-35-1-1,0.2996777658431794,4.0,259.15,0.0006794264801275,45.06350321776046,0.12,3.919348,0.3523678426352971,0.95,False,False,300-140K 1K-min,
731,S8-3-35-1-1,0.2996777658431794,4.0,261.15,0.0008243823087268,37.139731225848905,0.12,3.919348,0.3523678426352971,0.95,False,False,300-140K 1K-min,
732,S8-3-35-1-1,0.2996777658431794,4.0,264.15,0.0009902181130649,30.91979127577606,0.12,3.919348,0.3523678426352971,0.95,False,False,300-140K 1K-min,
733,S8-3-35-1-1,0.2996777658431794,4.0,267.15,0.0011760044949951,26.035051314653423,0.12,3.919348,0.3523678426352971,0.95,False,False,300-140K 1K-min,
734,S8-3-35-1-1,0.2996777658431794,4.0,270.15,0.0013859717916496,22.09088060660881,0.12,3.919348,0.3523678426352971,0.95,False,False,300-140K 1K-min,
735,S8-3-35-1-1,0.2996777658431794,4.0,273.15,0.0016159974288491,18.94640228188088,0.12,3.919348,0.3523678426352971,0.95,False,False,300-140K 1K-min,
736,S8-3-35-1-1,0.2996777658431794,4.0,274.15,0.0018656825104177,16.410797229698975,0.12,3.919348,0.3523678426352971,0.95,False,False,300-140K 1K-min,
737,S8-3-35-1-1,0.2996777658431794,4.0,277.15,0.0021373912196347,14.324629526031831,0.12,3.919348,0.3523678426352971,0.95,False,False,300-140K 1K-min,
738,S8-3-35-1-1,0.2996777658431794,4.0,280.15,0.0024280978667556,12.609597740131758,0.12,3.919348,0.3523678426352971,0.95,False,False,300-140K 1K-min,
739,S8-3-35-1-1,0.2996777658431794,4.0,283.15,0.0027406231312833,11.171670057066011,0.12,3.919348,0.3523678426352971,0.95,False,False,300-140K 1K-min,
740,S8-3-35-1-1,0.2996777658431794,4.0,286.15,0.0030687947781498,9.976990834141215,0.12,3.919348,0.3523678426352971,0.95,False,False,300-140K 1K-min,
741,S8-3-35-1-1,0.2996777658431794,4.0,288.15,0.0034075150467644,8.985239082813063,0.12,3.919348,0.3523678426352971,0.95,False,False,300-140K 1K-min,
742,S8-3-35-1-1,0.2996777658431794,4.0,291.15,0.00376157062723,8.139508840222733,0.12,3.919348,0.3523678426352971,0.95,False,False,300-140K 1K-min,
743,S8-3-35-1-1,0.2996777658431794,4.0,294.15,0.0041224535320729,7.426969676008829,0.12,3.919348,0.3523678426352971,0.95,False,False,300-140K 1K-min,
744,S8-3-35-1-1,0.2996777658431794,4.0,297.15,0.0044686462790741,6.851591166845354,0.12,3.919348,0.3523678426352971,0.95,False,False,300-140K 1K-min,
745,S8-3-35-1-1,0.2996777658431794,4.0,299.15,0.0046926681815422,6.524505076640359,0.12,3.919348,0.3523678426352971,0.95,False,False,300-140K 1K-min,
746,S8-3-37-1-1,0.2996777658431794,4.888888888888889,233.15,5.867723901969652e-05,521.7924,0.12,3.919348,0.3641122034017601,0.8999580295359967,False,False,300-140K 1K-min,
747,S8-3-37-1-1,0.2996777658431794,4.888888888888889,236.15,8.770008823321974e-05,349.1141,0.12,3.919348,0.3641122034017601,0.8999637025858144,False,False,300-140K 1K-min,
748,S8-3-37-1-1,0.2996777658431794,4.888888888888889,239.15,0.000115332917617,265.4692,0.12,3.919348,0.3641122034017601,0.8999632706487903,False,False,300-140K 1K-min,
749,S8-3-37-1-1,0.2996777658431794,4.888888888888889,242.15,0.0001484325112604,206.2711,0.12,3.919348,0.3641122034017601,0.8999715327093193,False,False,300-140K 1K-min,
750,S8-3-37-1-1,0.2996777658431794,4.888888888888889,245.15,0.0001849669415241,165.5287,0.12,3.919348,0.3641122034017601,0.8999737337927267,False,False,300-140K 1K-min,
751,S8-3-37-1-1,0.2996777658431794,4.888888888888889,248.15,0.0002259708837799,135.4924,0.12,3.919348,0.3641122034017601,0.8999746445526845,False,False,300-140K 1K-min,
752,S8-3-37-1-1,0.2996777658431794,4.888888888888889,251.15,0.0002730808858281,112.1182,0.12,3.919348,0.3641122034017601,0.8999750328743942,False,False,300-140K 1K-min,
753,S8-3-37-1-1,0.2996777658431794,4.888888888888889,253.15,0.0003245269637148,94.34451,0.12,3.919348,0.3641122034017601,0.8999749773947527,False,False,300-140K 1K-min,
754,S8-3-37-1-1,0.2996777658431794,4.888888888888889,256.15,0.0003811985937685,80.3186,0.12,3.919348,0.3641122034017601,0.8999750619664538,False,False,300-140K 1K-min,
755,S8-3-37-1-1,0.2996777658431794,4.888888888888889,259.15,0.0004396682036306,69.63737,0.12,3.919348,0.3641122034017601,0.899974067637302,False,False,300-140K 1K-min,
756,S8-3-37-1-1,0.2996777658431794,4.888888888888889,262.15,0.0005033100589469,60.83196,0.12,3.919348,0.3641122034017601,0.8999739817357852,False,False,300-140K 1K-min,
757,S8-3-37-1-1,0.2996777658431794,4.888888888888889,264.15,0.0005669162347019,54.00681,0.12,3.919348,0.3641122034017601,0.8999732676718474,False,False,300-140K 1K-min,
758,S8-3-37-1-1,0.2996777658431794,4.888888888888889,267.15,0.0006336962268296,48.31548,0.12,3.919348,0.3641122034017601,0.8999723207279423,False,False,300-140K 1K-min,
759,S8-3-37-1-1,0.2996777658431794,4.888888888888889,270.15,0.0007007253062898,43.69378,0.12,3.919348,0.0478241184493563,0.8999708975885826,False,False,300-140K 1K-min,
760,S8-3-37-1-1,0.2996777658431794,4.888888888888889,273.15,0.0007628766532332,40.13406,0.12,3.919348,0.0478241184493563,0.8999699121048781,False,False,300-140K 1K-min,
761,S8-3-37-1-1,0.2996777658431794,4.888888888888889,274.15,0.0008249731934078,37.11313,0.12,3.919348,0.0478241184493563,0.8999684050868415,False,False,300-140K 1K-min,
762,S8-3-37-1-1,0.2996777658431794,4.888888888888889,277.15,0.0008747058431106,35.00301,0.12,3.919348,0.0478241184493563,0.8999655724397859,False,False,300-140K 1K-min,
763,S8-3-37-1-1,0.2996777658431794,4.888888888888889,280.15,0.0009306269260731,32.89969,0.12,3.919348,0.0478241184493563,0.8999579804021649,False,False,300-140K 1K-min,
764,S8-3-37-1-1,0.2996777658431794,4.888888888888889,283.15,0.0009528129057769,32.13363,0.12,3.919348,0.0478241184493563,0.8999541109394533,False,False,300-140K 1K-min,
765,S8-3-37-1-1,0.2996777658431794,4.888888888888889,285.15,0.0009677414854088,31.63793,0.12,3.919348,0.0478241184493563,0.8999497621461213,False,False,300-140K 1K-min,
766,S8-3-37-1-1,0.2996777658431794,4.888888888888889,288.15,0.0009555039527493,32.04313,0.12,3.919348,0.0478241184493563,0.8999431452012068,False,False,300-140K 1K-min,
767,S8-3-37-1-1,0.2996777658431794,4.888888888888889,291.15,0.0008945441028862,34.22675,0.12,3.919348,0.0478241184493563,0.8999399598316422,False,False,300-140K 1K-min,
768,S8-3-37-1-1,0.2996777658431794,4.888888888888889,294.15,0.0007825677553396,39.1242,0.12,3.919348,0.0478241184493563,0.899923326615967,False,False,300-140K 1K-min,
769,S8-3-37-1-1,0.2996777658431794,4.888888888888889,297.15,0.0005980726667465,51.19334,0.12,3.919348,-3.128772248255314,0.8998884879251807,False,False,300-140K 1K-min,
770,S8-3-37-1-1,0.2996777658431794,4.888888888888889,299.15,0.0002642174864144,115.8793,0.12,3.919348,-3.128772248255314,0.8997278247490454,False,False,300-140K 1K-min,
771,S8-3-38-1-1,0.2996777658431793,5.555555555555555,184.15,2.1491506447985325e-07,142462.5,0.12,3.919348,0.91164935894947,0.7932487374383453,True,True,300-140K 1K-min,
772,S8-3-38-1-1,0.2996777658431793,5.555555555555555,189.15,1.3659386547172075e-06,22414.87,0.12,3.919348,0.91164935894947,0.8975364723478537,False,False,300-140K 1K-min,
773,S8-3-38-1-1,0.2996777658431793,5.555555555555555,194.15,5.488981797380351e-06,5577.963,0.12,3.919348,0.91164935894947,0.8993655139930841,False,False,300-140K 1K-min,
774,S8-3-38-1-1,0.2996777658431793,5.555555555555555,199.15,1.881131712387985e-05,1627.602,0.12,3.919348,0.91164935894947,0.8997846345996551,False,False,300-140K 1K-min,
775,S8-3-38-1-1,0.2996777658431793,5.555555555555555,202.15,4.4398169588583855e-05,689.6081,0.12,3.919348,0.91164935894947,0.8999179587673146,False,False,300-140K 1K-min,
776,S8-3-38-1-1,0.2996777658431793,5.555555555555555,205.15,8.146173845065322e-05,375.8493,0.12,3.919348,0.91164935894947,0.8999499345922998,False,False,300-140K 1K-min,
777,S8-3-38-1-1,0.2996777658431793,5.555555555555555,208.15,0.0001371299079531,223.2725,0.12,3.919348,0.4388743090487451,0.8999638642660139,False,False,300-140K 1K-min,
778,S8-3-38-1-1,0.2996777658431793,5.555555555555555,211.15,0.0002118820483444,144.5018,0.12,3.919348,0.4388743090487451,0.8999783252292032,False,False,300-140K 1K-min,
779,S8-3-38-1-1,0.2996777658431793,5.555555555555555,213.15,0.0003287559521768,93.1308989867146,0.12,3.919348,0.4388743090487451,0.95,False,False,300-140K 1K-min,
780,S8-3-38-1-1,0.2996777658431793,5.555555555555555,216.15,0.0004483070145163,68.29546802093486,0.12,3.919348,0.4388743090487451,0.95,False,False,300-140K 1K-min,
781,S8-3-38-1-1,0.2996777658431793,5.555555555555555,219.15,0.000614143112999,49.85375025040805,0.12,3.919348,0.4388743090487451,0.95,False,False,300-140K 1K-min,
782,S8-3-38-1-1,0.2996777658431793,5.555555555555555,222.15,0.0008252381239381,37.10121537690567,0.12,3.919348,0.4388743090487451,0.95,False,False,300-140K 1K-min,
783,S8-3-38-1-1,0.2996777658431793,5.555555555555555,224.15,0.0010854987321214,28.205779028064413,0.12,3.919348,0.4388743090487451,0.95,False,False,300-140K 1K-min,
784,S8-3-38-1-1,0.2996777658431793,5.555555555555555,227.15,0.0014006565460017,21.859275538218785,0.12,3.919348,0.4388743090487451,0.95,False,False,300-140K 1K-min,
785,S8-3-38-1-1,0.2996777658431793,5.555555555555555,230.15,0.0017636638134331,17.36007573567046,0.12,3.919348,0.4388743090487451,0.95,False,False,300-140K 1K-min,
786,S8-3-38-1-1,0.2996777658431793,5.555555555555555,233.15,0.0021791174073922,14.050338577259843,0.12,3.919348,0.4388743090487451,0.95,False,False,300-140K 1K-min,
787,S8-3-38-1-1,0.2996777658431793,5.555555555555555,235.15,0.0026430701130835,11.584004987949964,0.12,3.919348,0.4388743090487451,0.95,False,False,300-140K 1K-min,
788,S8-3-38-1-1,0.2996777658431793,5.555555555555555,238.15,0.00315615168738,9.700844701439822,0.12,3.919348,0.4388743090487451,0.95,False,False,300-140K 1K-min,
789,S8-3-38-1-1,0.2996777658431793,5.555555555555555,241.15,0.0037040123035692,8.265992352119724,0.12,3.919348,0.4388743090487451,0.95,False,False,300-140K 1K-min,
790,S8-3-38-1-1,0.2996777658431793,5.555555555555555,244.15,0.0042827095981236,7.149057546856664,0.12,3.919348,0.1405493821032535,0.95,False,False,300-140K 1K-min,
791,S8-3-38-1-1,0.2996777658431793,5.555555555555555,247.15,0.0048854817428928,6.2670047673398095,0.12,3.919348,0.1405493821032535,0.95,False,False,300-140K 1K-min,
792,S8-3-38-1-1,0.2996777658431793,5.555555555555555,249.15,0.0055099016335294,5.556784750410996,0.12,3.919348,0.1405493821032535,0.95,False,False,300-140K 1K-min,
793,S8-3-38-1-1,0.2996777658431793,5.555555555555555,252.15,0.0061462121273455,4.98149701622551,0.12,3.919348,0.1405493821032535,0.95,False,False,300-140K 1K-min,
794,S8-3-38-1-1,0.2996777658431793,5.555555555555555,255.15,0.0067827551150923,4.513997166923255,0.12,3.919348,0.1405493821032535,0.95,False,False,300-140K 1K-min,
795,S8-3-38-1-1,0.2996777658431793,5.555555555555555,258.15,0.007415455089729,4.128854804321886,0.12,3.919348,0.1405493821032535,0.95,False,False,300-140K 1K-min,
796,S8-3-38-1-1,0.2996777658431793,5.555555555555555,261.15,0.0080431318014886,3.806643746381766,0.12,3.919348,0.1405493821032535,0.95,False,False,300-140K 1K-min,
797,S8-3-38-1-1,0.2996777658431793,5.555555555555555,263.15,0.008648576531447,3.54015915360564,0.12,3.919348,0.1405493821032535,0.95,False,False,300-140K 1K-min,
798,S8-3-38-1-1,0.2996777658431793,5.555555555555555,266.15,0.0092454886525496,3.3115975287058146,0.12,3.919348,0.1405493821032535,0.95,False,False,300-140K 1K-min,
799,S8-3-38-1-1,0.2996777658431793,5.555555555555555,269.15,0.0098160340738151,3.1191148220577825,0.12,3.919348,0.1405493821032535,0.95,False,False,300-140K 1K-min,
800,S8-3-38-1-1,0.2996777658431793,5.555555555555555,272.15,0.0103593737036106,2.9555201163164737,0.12,3.919348,0.1405493821032535,0.95,False,False,300-140K 1K-min,
801,S8-3-38-1-1,0.2996777658431793,5.555555555555555,274.15,0.0108807288155257,2.813905014319722,0.12,3.919348,0.1405493821032535,0.95,False,False,300-140K 1K-min,
802,S8-3-38-1-1,0.2996777658431793,5.555555555555555,277.15,0.0113765096088433,2.6912768877425526,0.12,3.919348,0.1405493821032535,0.95,False,False,300-140K 1K-min,
803,S8-3-38-1-1,0.2996777658431793,5.555555555555555,279.15,0.0118544047213555,2.58278151397214,0.12,3.919348,0.1405493821032535,0.95,False,False,300-140K 1K-min,
804,S8-3-38-1-1,0.2996777658431793,5.555555555555555,282.15,0.0123069705432243,2.4878045548193444,0.12,3.919348,0.1405493821032535,0.95,False,False,300-140K 1K-min,
805,S8-3-38-1-1,0.2996777658431793,5.555555555555555,285.15,0.012776984725253,2.3962881721966505,0.12,3.919348,0.1405493821032535,0.95,False,False,300-140K 1K-min,
806,S8-3-38-1-1,0.2996777658431793,5.555555555555555,288.15,0.0131459944947028,2.32902405259627,0.12,3.919348,0.1405493821032535,0.95,False,False,300-140K 1K-min,
807,S8-3-38-1-1,0.2996777658431793,5.555555555555555,291.15,0.0135431922700894,2.260717913684234,0.12,3.919348,0.1405493821032535,0.95,False,False,300-140K 1K-min,
808,S8-3-38-1-1,0.2996777658431793,5.555555555555555,294.15,0.0139199701529355,2.199526079228289,0.12,3.919348,0.1405493821032535,0.95,False,False,300-140K 1K-min,
809,S8-3-38-1-1,0.2996777658431793,5.555555555555555,297.15,0.0142509892385819,2.1484359338768027,0.12,3.919348,0.1405493821032535,0.95,False,False,300-140K 1K-min,
810,S8-3-38-1-1,0.2996777658431793,5.555555555555555,299.15,0.0144272433193879,2.1221890208447616,0.12,3.919348,0.1405493821032535,0.95,False,False,300-140K 1K-min,
811,S8-3-4-1,0.0641214250069669,3.3986666666666667,199.15,5.895986177593824e-06,5192.912,0.12,3.919348,1.00547356764754,0.8985993820417313,False,False,300-120K 3K-min,
812,S8-3-4-1,0.0641214250069669,3.3986666666666667,208.15,7.426844525418317e-05,412.2523,0.12,3.919348,1.00547356764754,0.8999217195247322,False,False,300-120K 3K-min,
813,S8-3-4-1,0.0641214250069669,3.3986666666666667,216.15,0.0003667387827528,83.48540927043354,0.12,3.919348,1.00547356764754,0.95,False,False,300-120K 3K-min,
814,S8-3-4-1,0.0641214250069669,3.3986666666666667,224.15,0.0009772666558515,31.329563113747152,0.12,3.919348,0.4265958426954862,0.95,False,False,300-120K 3K-min,
815,S8-3-4-1,0.0641214250069669,3.3986666666666667,233.15,0.0023088054502617,13.261116206213838,0.12,3.919348,0.4265958426954862,0.95,False,False,300-120K 3K-min,
816,S8-3-4-1,0.0641214250069669,3.3986666666666667,241.15,0.0045990316191064,6.657344395342486,0.12,3.919348,0.4265958426954862,0.95,False,False,300-120K 3K-min,
817,S8-3-4-1,0.0641214250069669,3.3986666666666667,249.15,0.0075429903303863,4.059045024904989,0.12,3.919348,0.4265958426954862,0.95,False,False,300-120K 3K-min,
818,S8-3-4-1,0.0641214250069669,3.3986666666666667,258.15,0.0104740869988806,2.923150951174361,0.12,3.919348,0.0741003152299313,0.95,False,False,300-120K 3K-min,
819,S8-3-4-1,0.0641214250069669,3.3986666666666667,267.15,0.0123544893545042,2.4782357647423505,0.12,3.919348,0.0741003152299313,0.95,False,False,300-120K 3K-min,
820,S8-3-4-1,0.0641214250069669,3.3986666666666667,274.15,0.0139004953615288,2.2026076465014275,0.12,3.919348,0.0741003152299313,0.95,False,False,300-120K 3K-min,
821,S8-3-4-1,0.0641214250069669,3.3986666666666667,283.15,0.0150219290569601,2.0381761395201785,0.12,3.919348,0.0741003152299313,0.95,False,False,300-120K 3K-min,
822,S8-3-4-1,0.0641214250069669,3.3986666666666667,291.15,0.0156864818084254,1.9518294635713755,0.12,3.919348,0.0741003152299313,0.95,False,False,300-120K 3K-min,
823,S8-3-4-1,0.0641214250069669,3.3986666666666667,299.15,0.0167935221117356,1.823163549001136,0.12,3.919348,0.0741003152299313,0.95,False,False,300-120K 3K-min,
824,S8-3-5-1,0.6367153877711904,4.532666666666667,199.15,2.3043303180855306e-06,13286.87,0.12,3.919348,1.0562504153865548,0.8989970194573232,False,False,300-140K 3K-min,
825,S8-3-5-1,0.6367153877711904,4.532666666666667,209.15,4.371583403766556e-05,700.3718,0.12,3.919348,1.0562504153865548,0.89992640156542,False,False,300-140K 3K-min,
826,S8-3-5-1,0.6367153877711904,4.532666666666667,217.15,0.0001678606020341,182.3974,0.12,3.919348,0.3784395366149006,0.899971408193559,False,False,300-140K 3K-min,
827,S8-3-5-1,0.6367153877711904,4.532666666666667,225.15,0.0004308685123455,71.05958429588475,0.12,3.919348,0.3784395366149006,0.95,False,False,300-140K 3K-min,
828,S8-3-5-1,0.6367153877711904,4.532666666666667,233.15,0.0009010812888423,33.97844096041048,0.12,3.919348,0.3784395366149006,0.95,False,False,300-140K 3K-min,
829,S8-3-5-1,0.6367153877711904,4.532666666666667,242.15,0.0016674056693749,18.362260567902585,0.12,3.919348,0.3784395366149006,0.95,False,False,300-140K 3K-min,
830,S8-3-5-1,0.6367153877711904,4.532666666666667,250.15,0.00281650849952,10.870671037803827,0.12,3.919348,0.3784395366149006,0.95,False,False,300-140K 3K-min,
831,S8-3-5-1,0.6367153877711904,4.532666666666667,258.15,0.0043491177036645,7.039896240946255,0.12,3.919348,0.3784395366149006,0.95,False,False,300-140K 3K-min,
832,S8-3-5-1,0.6367153877711904,4.532666666666667,267.15,0.0060553236591115,5.056267690561968,0.12,3.919348,0.1024708018601766,0.95,False,False,300-140K 3K-min,
833,S8-3-5-1,0.6367153877711904,4.532666666666667,274.15,0.0076627528767609,3.995605478328188,0.12,3.919348,0.1024708018601766,0.95,False,False,300-140K 3K-min,
834,S8-3-5-1,0.6367153877711904,4.532666666666667,283.15,0.0089374836551168,3.425722334712419,0.12,3.919348,0.1024708018601766,0.95,False,False,300-140K 3K-min,
835,S8-3-5-1,0.6367153877711904,4.532666666666667,291.15,0.0096514368770107,3.1723087208279037,0.12,3.919348,0.1024708018601766,0.95,False,False,300-140K 3K-min,
836,S8-3-5-1,0.6367153877711904,4.532666666666667,299.15,0.0098232633921531,3.116819345179949,0.12,3.919348,0.1024708018601766,0.95,False,False,300-140K 3K-min,
837,S8-3-6-1,0.3797497505181546,4.566933333333333,189.15,4.295866625939063e-07,71271.62,0.12,3.919348,1.0712795465658174,0.7607411471414294,False,False,300-140K 2K-min,
838,S8-3-6-1,0.3797497505181546,4.566933333333333,198.15,9.116939973024542e-06,3358.2909906232285,0.12,3.919348,1.0712795465658174,0.95,False,False,300-140K 2K-min,
839,S8-3-6-1,0.3797497505181546,4.566933333333333,204.15,5.311650714448113e-05,576.4185,0.12,3.919348,1.0712795465658174,0.899947239835357,False,False,300-140K 2K-min,
840,S8-3-6-1,0.3797497505181546,4.566933333333333,210.15,0.0001376597753165,222.4131,0.12,3.919348,0.3830537768697998,0.8999694332986548,False,False,300-140K 2K-min,
841,S8-3-6-1,0.3797497505181546,4.566933333333333,216.15,0.0003153475413856,97.0907755897731,0.12,3.919348,0.3830537768697998,0.95,False,False,300-140K 2K-min,
842,S8-3-6-1,0.3797497505181546,4.566933333333333,222.15,0.0005339746906476,57.338555384197086,0.12,3.919348,0.3830537768697998,0.95,False,False,300-140K 2K-min,
843,S8-3-6-1,0.3797497505181546,4.566933333333333,227.15,0.0008971502791613,34.127323018926866,0.12,3.919348,0.3830537768697998,0.95,False,False,300-140K 2K-min,
844,S8-3-6-1,0.3797497505181546,4.566933333333333,233.15,0.0014005091501009,21.86157610698452,0.12,3.919348,0.3830537768697998,0.95,False,False,300-140K 2K-min,
845,S8-3-6-1,0.3797497505181546,4.566933333333333,238.15,0.0020771494349218,14.740074478374114,0.12,3.919348,0.3830537768697998,0.95,False,False,300-140K 2K-min,
846,S8-3-6-1,0.3797497505181546,4.566933333333333,244.15,0.0029505368364923,10.376870064723262,0.12,3.919348,0.3830537768697998,0.95,False,False,300-140K 2K-min,
847,S8-3-6-1,0.3797497505181546,4.566933333333333,249.15,0.0040128521767421,7.629819396516608,0.12,3.919348,0.3830537768697998,0.95,False,False,300-140K 2K-min,
848,S8-3-6-1,0.3797497505181546,4.566933333333333,255.15,0.0052630559947152,5.817406731793229,0.12,3.919348,0.1486385563162101,0.95,False,False,300-140K 2K-min,
849,S8-3-6-1,0.3797497505181546,4.566933333333333,261.15,0.0066546543797571,4.600890688868276,0.12,3.919348,0.1486385563162101,0.95,False,False,300-140K 2K-min,
850,S8-3-6-1,0.3797497505181546,4.566933333333333,266.15,0.0081273417673853,3.767201903127423,0.12,3.919348,0.1486385563162101,0.95,False,False,300-140K 2K-min,
851,S8-3-6-1,0.3797497505181546,4.566933333333333,272.15,0.0096150503980266,3.1843137691451746,0.12,3.919348,0.1486385563162101,0.95,False,False,300-140K 2K-min,
852,S8-3-6-1,0.3797497505181546,4.566933333333333,277.15,0.0109755925818282,2.789583992408105,0.12,3.919348,0.1486385563162101,0.95,False,False,300-140K 2K-min,
853,S8-3-6-1,0.3797497505181546,4.566933333333333,282.15,0.0121612263438638,2.517619235736819,0.12,3.919348,0.1486385563162101,0.95,False,False,300-140K 2K-min,
854,S8-3-6-1,0.3797497505181546,4.566933333333333,288.15,0.0131474325312065,2.3287693092007355,0.12,3.919348,0.1486385563162101,0.95,False,False,300-140K 2K-min,
855,S8-3-6-1,0.3797497505181546,4.566933333333333,294.15,0.013830837985619,2.213700818800433,0.12,3.919348,0.1486385563162101,0.95,False,False,300-140K 2K-min,
856,S8-3-6-1,0.3797497505181546,4.566933333333333,299.15,0.0141370413150734,2.165752839727197,0.12,3.919348,0.1486385563162101,0.95,False,False,300-140K 2K-min,
857,S8-3-6-2,0.3797497505181546,4.566933333333333,196.15,3.6816601394440133e-07,83161.77,0.12,3.919348,0.9416399159441312,0.7727262860546471,True,True,300-150K 1K-min,
858,S8-3-6-2,0.3797497505181546,4.566933333333333,201.15,1.996905760837529e-06,15332.389727104488,0.12,3.919348,0.9416399159441312,0.95,False,False,300-150K 1K-min,
859,S8-3-6-2,0.3797497505181546,4.566933333333333,205.15,6.25825606783739e-06,4892.311379013492,0.12,3.919348,0.9416399159441312,0.95,False,False,300-150K 1K-min,
860,S8-3-6-2,0.3797497505181546,4.566933333333333,210.15,1.612489473323202e-05,1898.762,0.12,3.919348,0.9416399159441312,0.8998090311054459,False,False,300-150K 1K-min,
861,S8-3-6-2,0.3797497505181546,4.566933333333333,213.15,3.455850701203772e-05,885.9566,0.12,3.919348,0.9416399159441312,0.8999064309066966,False,False,300-150K 1K-min,
862,S8-3-6-2,0.3797497505181546,4.566933333333333,217.15,6.510106612470829e-05,470.3047,0.12,3.919348,0.4756280824102143,0.899950112383884,False,False,300-150K 1K-min,
863,S8-3-6-2,0.3797497505181546,4.566933333333333,220.15,9.937051442332046e-05,308.1129,0.12,3.919348,0.4756280824102143,0.8999519231985044,False,False,300-150K 1K-min,
864,S8-3-6-2,0.3797497505181546,4.566933333333333,223.15,0.0001537860288334,199.0905,0.12,3.919348,0.4756280824102143,0.8999724284179756,False,False,300-150K 1K-min,
865,S8-3-6-2,0.3797497505181546,4.566933333333333,225.15,0.0002220705811651,137.8721,0.12,3.919348,0.4756280824102143,0.8999858222872692,False,False,300-150K 1K-min,
866,S8-3-6-2,0.3797497505181546,4.566933333333333,228.15,0.0003024932355114,101.21660182480838,0.12,3.919348,0.4756280824102143,0.95,False,False,300-150K 1K-min,
867,S8-3-6-2,0.3797497505181546,4.566933333333333,231.15,0.000398524080546,76.82681892525127,0.12,3.919348,0.4756280824102143,0.95,False,False,300-150K 1K-min,
868,S8-3-6-2,0.3797497505181546,4.566933333333333,234.15,0.0005183446330254,59.06753040878052,0.12,3.919348,0.4756280824102143,0.95,False,False,300-150K 1K-min,
869,S8-3-6-2,0.3797497505181546,4.566933333333333,236.15,0.0006628342256019,46.19154562463158,0.12,3.919348,0.4756280824102143,0.95,False,False,300-150K 1K-min,
870,S8-3-6-2,0.3797497505181546,4.566933333333333,239.15,0.0008342425952321,36.700760124747006,0.12,3.919348,0.4756280824102143,0.95,False,False,300-150K 1K-min,
871,S8-3-6-2,0.3797497505181546,4.566933333333333,242.15,0.0010368885216881,29.52808979273132,0.12,3.919348,0.4756280824102143,0.95,False,False,300-150K 1K-min,
872,S8-3-6-2,0.3797497505181546,4.566933333333333,245.15,0.001267468553885,24.15628954234176,0.12,3.919348,0.4756280824102143,0.95,False,False,300-150K 1K-min,
873,S8-3-6-2,0.3797497505181546,4.566933333333333,247.15,0.0015323800667615,19.980250355360752,0.12,3.919348,0.4756280824102143,0.95,False,False,300-150K 1K-min,
874,S8-3-6-2,0.3797497505181546,4.566933333333333,250.15,0.0018239539423545,16.78624479625706,0.12,3.919348,0.2148573605675573,0.95,False,False,300-150K 1K-min,
875,S8-3-6-2,0.3797497505181546,4.566933333333333,253.15,0.0021446550858714,14.27611254376631,0.12,3.919348,0.2148573605675573,0.95,False,False,300-150K 1K-min,
876,S8-3-6-2,0.3797497505181546,4.566933333333333,256.15,0.0024937401977502,12.277677282133272,0.12,3.919348,0.2148573605675573,0.95,False,False,300-150K 1K-min,
877,S8-3-6-2,0.3797497505181546,4.566933333333333,259.15,0.0028709152369116,10.664660864873811,0.12,3.919348,0.2148573605675573,0.95,False,False,300-150K 1K-min,
878,S8-3-6-2,0.3797497505181546,4.566933333333333,261.15,0.0032698026432346,9.363665246527724,0.12,3.919348,0.2148573605675573,0.95,False,False,300-150K 1K-min,
879,S8-3-6-2,0.3797497505181546,4.566933333333333,264.15,0.0036893722195859,8.298793277328125,0.12,3.919348,0.2148573605675573,0.95,False,False,300-150K 1K-min,
880,S8-3-6-2,0.3797497505181546,4.566933333333333,267.15,0.0041274710828285,7.417941097355717,0.12,3.919348,0.2148573605675573,0.95,False,False,300-150K 1K-min,
881,S8-3-6-2,0.3797497505181546,4.566933333333333,270.15,0.0045804737506698,6.68431674103228,0.12,3.919348,0.2148573605675573,0.95,False,False,300-150K 1K-min,
882,S8-3-6-2,0.3797497505181546,4.566933333333333,272.15,0.0050507618257314,6.061924602636935,0.12,3.919348,0.2148573605675573,0.95,False,False,300-150K 1K-min,
883,S8-3-6-2,0.3797497505181546,4.566933333333333,274.15,0.0055286996369046,5.537891255492887,0.12,3.919348,0.2148573605675573,0.95,False,False,300-150K 1K-min,
884,S8-3-6-2,0.3797497505181546,4.566933333333333,277.15,0.0060154495030233,5.08978379056672,0.12,3.919348,0.2148573605675573,0.95,False,False,300-150K 1K-min,
885,S8-3-6-2,0.3797497505181546,4.566933333333333,280.15,0.0065041235320333,4.707373287525729,0.12,3.919348,0.2148573605675573,0.95,False,False,300-150K 1K-min,
886,S8-3-6-2,0.3797497505181546,4.566933333333333,283.15,0.0069856213061914,4.382908267060597,0.12,3.919348,0.2148573605675573,0.95,False,False,300-150K 1K-min,
887,S8-3-6-2,0.3797497505181546,4.566933333333333,285.15,0.0074538122587841,4.107607799938786,0.12,3.919348,0.2148573605675573,0.95,False,False,300-150K 1K-min,
888,S8-3-6-2,0.3797497505181546,4.566933333333333,288.15,0.0079132325029942,3.8691315289770456,0.12,3.919348,0.2148573605675573,0.95,False,False,300-150K 1K-min,
889,S8-3-6-2,0.3797497505181546,4.566933333333333,291.15,0.0083425726941394,3.6700114576130094,0.12,3.919348,0.2148573605675573,0.95,False,False,300-150K 1K-min,
890,S8-3-6-2,0.3797497505181546,4.566933333333333,294.15,0.008721998176989,3.510358148690965,0.12,3.919348,0.2148573605675573,0.95,False,False,300-150K 1K-min,
891,S8-3-6-2,0.3797497505181546,4.566933333333333,297.15,0.0090134250319049,3.3968593808773364,0.12,3.919348,0.2148573605675573,0.95,False,False,300-150K 1K-min,
892,S8-3-6-2,0.3797497505181546,4.566933333333333,299.15,0.0091317259983597,3.35285326990325,0.12,3.919348,0.2148573605675573,0.95,False,False,300-150K 1K-min,
893,S8-3-6-3,0.3797497505181546,4.566933333333333,190.15,3.580890530242572e-06,8550.202,0.12,3.919348,1.084712437322564,0.8992363447128893,False,False,300-140K 3K-min,
894,S8-3-6-3,0.3797497505181546,4.566933333333333,199.15,7.133561192256663e-05,429.2013,0.12,3.919348,1.084712437322564,0.8999746481800294,False,False,300-140K 3K-min,
895,S8-3-6-3,0.3797497505181546,4.566933333333333,208.15,0.0002902626341791,105.48149767896189,0.12,3.919348,0.3280136600098,0.95,False,False,300-140K 3K-min,
896,S8-3-6-3,0.3797497505181546,4.566933333333333,216.15,0.0006238070856279,49.08141968704963,0.12,3.919348,0.3280136600098,0.95,False,False,300-140K 3K-min,
897,S8-3-6-3,0.3797497505181546,4.566933333333333,224.15,0.0013001607835151,23.548885462213786,0.12,3.919348,0.3280136600098,0.95,False,False,300-140K 3K-min,
898,S8-3-6-3,0.3797497505181546,4.566933333333333,233.15,0.0023573001347446,12.98830680157667,0.12,3.919348,0.3280136600098,0.95,False,False,300-140K 3K-min,
899,S8-3-6-3,0.3797497505181546,4.566933333333333,241.15,0.0038726094636703,7.9061257430391425,0.12,3.919348,0.3280136600098,0.95,False,False,300-140K 3K-min,
900,S8-3-6-3,0.3797497505181546,4.566933333333333,249.15,0.0058794566203088,5.207511399557307,0.12,3.919348,0.3280136600098,0.95,False,False,300-140K 3K-min,
901,S8-3-6-3,0.3797497505181546,4.566933333333333,258.15,0.0081698204820398,3.747614459922206,0.12,3.919348,0.1039300693486881,0.95,False,False,300-140K 3K-min,
902,S8-3-6-3,0.3797497505181546,4.566933333333333,266.15,0.0104937454824593,2.917674859242485,0.12,3.919348,0.1039300693486881,0.95,False,False,300-140K 3K-min,
903,S8-3-6-3,0.3797497505181546,4.566933333333333,274.15,0.0124955599387554,2.450257333286863,0.12,3.919348,0.1039300693486881,0.95,False,False,300-140K 3K-min,
904,S8-3-6-3,0.3797497505181546,4.566933333333333,283.15,0.0141313272066734,2.1666285781707857,0.12,3.919348,0.1039300693486881,0.95,False,False,300-140K 3K-min,
905,S8-3-6-3,0.3797497505181546,4.566933333333333,291.15,0.0151481041390783,2.0211992928194884,0.12,3.919348,0.1039300693486881,0.95,False,False,300-140K 3K-min,
906,S8-3-6-3,0.3797497505181546,4.566933333333333,299.15,0.0156056812152214,1.9619353331142992,0.12,3.919348,0.1039300693486881,0.95,False,False,300-140K 3K-min,
907,S8-3-7-1,0.3865699438677832,5.838000000000001,190.15,2.720370735919933e-07,112548.4,0.12,3.919348,0.9383503112575826,0.7789931182656584,True,True,300-140K 1K-min,
908,S8-3-7-1,0.3865699438677832,5.838000000000001,195.15,1.5923556833870456e-06,19227.7,0.12,3.919348,0.9383503112575826,0.8981693686050851,False,False,300-140K 1K-min,
909,S8-3-7-1,0.3865699438677832,5.838000000000001,200.15,5.295667755548757e-06,5781.582,0.12,3.919348,0.9383503112575826,0.8993380529971994,False,False,300-140K 1K-min,
910,S8-3-7-1,0.3865699438677832,5.838000000000001,204.15,1.4850853985492768e-05,2061.655,0.12,3.919348,0.9383503112575826,0.8997259201326637,False,False,300-140K 1K-min,
911,S8-3-7-1,0.3865699438677832,5.838000000000001,207.15,3.3050177461490114e-05,926.3895,0.12,3.919348,0.9383503112575826,0.8998426008787667,False,False,300-140K 1K-min,
912,S8-3-7-1,0.3865699438677832,5.838000000000001,211.15,6.248548417494253e-05,489.9912,0.12,3.919348,0.4270181796682048,0.8998826022617257,False,False,300-140K 1K-min,
913,S8-3-7-1,0.3865699438677832,5.838000000000001,214.15,9.403220521767828e-05,325.6048,0.12,3.919348,0.4270181796682048,0.8998334675527359,False,False,300-140K 1K-min,
914,S8-3-7-1,0.3865699438677832,5.838000000000001,217.15,0.0001459119065961,209.8344,0.12,3.919348,0.4270181796682048,0.8998453589040959,False,False,300-140K 1K-min,
915,S8-3-7-1,0.3865699438677832,5.838000000000001,219.15,0.0002092111287413,146.3466,0.12,3.919348,0.4270181796682048,0.8998741085038688,False,False,300-140K 1K-min,
916,S8-3-7-1,0.3865699438677832,5.838000000000001,222.15,0.0002830493722215,108.1696,0.12,3.919348,0.4270181796682048,0.8999212682380461,False,False,300-140K 1K-min,
917,S8-3-7-1,0.3865699438677832,5.838000000000001,225.15,0.0003723848981685,82.2196,0.12,3.919348,0.4270181796682048,0.8999306079176121,False,False,300-140K 1K-min,
918,S8-3-7-1,0.3865699438677832,5.838000000000001,228.15,0.0004794355224259,63.86122,0.12,3.919348,0.4270181796682048,0.8999310360021596,False,False,300-140K 1K-min,
919,S8-3-7-1,0.3865699438677832,5.838000000000001,230.15,0.0006130161611171,49.9454,0.12,3.919348,0.4270181796682048,0.8999314320141854,False,False,300-140K 1K-min,
920,S8-3-7-1,0.3865699438677832,5.838000000000001,233.15,0.0007717441794277,39.67291,0.12,3.919348,0.4270181796682048,0.8999310537079744,False,False,300-140K 1K-min,
921,S8-3-7-1,0.3865699438677832,5.838000000000001,236.15,0.0009656534741462,31.70634,0.12,3.919348,0.4270181796682048,0.8998841019541042,False,False,300-140K 1K-min,
922,S8-3-7-1,0.3865699438677832,5.838000000000001,239.15,0.0011909074505658,25.70925,0.12,3.919348,0.4270181796682048,0.8998925589857265,False,False,300-140K 1K-min,
923,S8-3-7-1,0.3865699438677832,5.838000000000001,242.15,0.0014430779435181,21.21669,0.12,3.919348,0.4270181796682048,0.8999139101378006,False,False,300-140K 1K-min,
924,S8-3-7-1,0.3865699438677832,5.838000000000001,244.15,0.0017358243259608,17.6385,0.12,3.919348,0.4270181796682048,0.899923666822476,False,False,300-140K 1K-min,
925,S8-3-7-1,0.3865699438677832,5.838000000000001,247.15,0.002051916072783,14.92134,0.12,3.919348,0.4270181796682048,0.8999295037654325,False,False,300-140K 1K-min,
926,S8-3-7-1,0.3865699438677832,5.838000000000001,250.15,0.0024089645644848,12.70975,0.12,3.919348,0.1908158458427264,0.8999368086220317,False,False,300-140K 1K-min,
927,S8-3-7-1,0.3865699438677832,5.838000000000001,253.15,0.0027850526789552,10.99345,0.12,3.919348,0.1908158458427264,0.8999410444788507,False,False,300-140K 1K-min,
928,S8-3-7-1,0.3865699438677832,5.838000000000001,255.15,0.0032030658132917,9.55876,0.12,3.919348,0.1908158458427264,0.8999461110075313,False,False,300-140K 1K-min,
929,S8-3-7-1,0.3865699438677832,5.838000000000001,258.15,0.0036286354543846,8.4377,0.12,3.919348,0.1908158458427264,0.8999506998582025,False,False,300-140K 1K-min,
930,S8-3-7-1,0.3865699438677832,5.838000000000001,261.15,0.0040947832676859,7.477157,0.12,3.919348,0.1908158458427264,0.8999554505350957,True,True,300-140K 1K-min,
931,S8-3-7-1,0.3865699438677832,5.838000000000001,264.15,0.0045834618705685,6.679959,0.12,3.919348,0.1908158458427264,0.8999634288275232,True,True,300-140K 1K-min,
932,S8-3-7-1,0.3865699438677832,5.838000000000001,267.15,0.0051076481878051,5.99441,0.12,3.919348,0.1908158458427264,0.8999689741206208,True,True,300-140K 1K-min,
933,S8-3-7-1,0.3865699438677832,5.838000000000001,269.15,0.0056290013598403,5.439213,0.12,3.919348,0.1908158458427264,0.899976860162925,False,False,300-140K 1K-min,
934,S8-3-7-1,0.3865699438677832,5.838000000000001,272.15,0.0061237736633753,4.99975,0.12,3.919348,0.1908158458427264,0.899982894999626,False,False,300-140K 1K-min,
935,S8-3-7-1,0.3865699438677832,5.838000000000001,274.15,0.0066741604635306,4.587444,0.12,3.919348,0.1908158458427264,0.8999895466680525,False,False,300-140K 1K-min,
936,S8-3-7-1,0.3865699438677832,5.838000000000001,277.15,0.007162798070008,4.274494,0.12,3.919348,0.1908158458427264,0.8999927865889383,False,False,300-140K 1K-min,
937,S8-3-7-1,0.3865699438677832,5.838000000000001,280.15,0.0076586863919074,3.997727,0.12,3.919348,0.1908158458427264,0.8999950141749308,False,False,300-140K 1K-min,
938,S8-3-7-1,0.3865699438677832,5.838000000000001,282.15,0.0081066789204473,3.776804,0.12,3.919348,0.1908158458427264,0.8999998968905708,False,False,300-140K 1K-min,
939,S8-3-7-1,0.3865699438677832,5.838000000000001,285.15,0.0085764976755243,3.569911464074329,0.12,3.919348,0.1908158458427264,0.95,False,False,300-140K 1K-min,
940,S8-3-7-1,0.3865699438677832,5.838000000000001,288.15,0.0089521318479657,3.420116894325958,0.12,3.919348,0.1908158458427264,0.95,False,False,300-140K 1K-min,
941,S8-3-7-1,0.3865699438677832,5.838000000000001,291.15,0.0094212728727937,3.249809,0.12,3.919348,0.1908158458427264,0.8999572732848041,False,False,300-140K 1K-min,
942,S8-3-7-1,0.3865699438677832,5.838000000000001,294.15,0.0097629107143587,3.136087,0.12,3.919348,0.1908158458427264,0.8999607560383611,False,False,300-140K 1K-min,
943,S8-3-7-1,0.3865699438677832,5.838000000000001,296.15,0.0099553101577904,3.075478,0.12,3.919348,0.1908158458427264,0.8999660904926391,False,False,300-140K 1K-min,
944,S8-3-7-1,0.3865699438677832,5.838000000000001,299.15,0.0102268327642042,2.993824,0.12,3.919348,0.1908158458427264,0.8999727431358344,False,False,300-140K 1K-min,
945,S8-3-7-2,0.3865699438677832,5.838000000000001,199.15,1.3905139523760282e-05,2201.872,0.12,3.919348,0.7476042539785246,0.8994230657916443,False,False,300-140K 3K-min,
946,S8-3-7-2,0.3865699438677832,5.838000000000001,208.15,9.1463156510479e-05,334.7505,0.12,3.919348,0.7476042539785246,0.8997893151587437,False,False,300-140K 3K-min,
947,S8-3-7-2,0.3865699438677832,5.838000000000001,217.15,0.0003034351747179,100.9024,0.12,3.919348,0.3412464624030352,0.8999464557493245,False,False,300-140K 3K-min,
948,S8-3-7-2,0.3865699438677832,5.838000000000001,225.15,0.0006327287108872,48.38936,0.12,3.919348,0.3412464624030352,0.8999493082231582,False,False,300-140K 3K-min,
949,S8-3-7-2,0.3865699438677832,5.838000000000001,233.15,0.0012167645702925,25.16291,0.12,3.919348,0.3412464624030352,0.8999235325570198,False,False,300-140K 3K-min,
950,S8-3-7-2,0.3865699438677832,5.838000000000001,241.15,0.0020981629111945,14.59245,0.12,3.919348,0.3412464624030352,0.8999500261310723,False,False,300-140K 3K-min,
951,S8-3-7-2,0.3865699438677832,5.838000000000001,250.15,0.0032973444993433,9.285453,0.12,3.919348,0.3412464624030352,0.899965771897951,False,False,300-140K 3K-min,
952,S8-3-7-2,0.3865699438677832,5.838000000000001,258.15,0.0047818504674128,6.402822,0.12,3.919348,0.1126659831118644,0.8999797515098059,False,False,300-140K 3K-min,
953,S8-3-7-2,0.3865699438677832,5.838000000000001,267.15,0.0063185827836172,4.845602,0.12,3.919348,0.1126659831118644,0.8999948131407471,False,False,300-140K 3K-min,
954,S8-3-7-2,0.3865699438677832,5.838000000000001,274.15,0.0075799921555568,4.0392307465669095,0.12,3.919348,0.1126659831118644,0.95,False,False,300-140K 3K-min,
955,S8-3-7-2,0.3865699438677832,5.838000000000001,283.15,0.0085685439380037,3.5732252288122144,0.12,3.919348,0.1126659831118644,0.95,False,False,300-140K 3K-min,
956,S8-3-7-2,0.3865699438677832,5.838000000000001,291.15,0.0094142682455625,3.252227,0.12,3.919348,0.1126659831118644,0.8999916825804367,False,False,300-140K 3K-min,
957,S8-3-7-2,0.3865699438677832,5.838000000000001,299.15,0.0095433081233834,3.208252,0.12,3.919348,0.1126659831118644,0.8999921145436881,True,True,300-140K 3K-min,
958,S8-3-8-2,0.3865699438677832,7.005600000000001,191.15,1.5620668101046808e-07,196005.3,0.12,3.919348,1.1793574843209251,0.8059657066832737,True,True,300-150K 1K-min,
959,S8-3-8-2,0.3865699438677832,7.005600000000001,195.15,1.2586032881696253e-06,24326.44,0.12,3.919348,1.1793574843209251,0.8968560124540278,False,False,300-150K 1K-min,
960,S8-3-8-2,0.3865699438677832,7.005600000000001,200.15,5.372661648961153e-06,5698.728,0.12,3.919348,1.1793574843209251,0.8991346572516659,False,False,300-150K 1K-min,
961,S8-3-8-2,0.3865699438677832,7.005600000000001,204.15,1.9236478710466507e-05,1591.629,0.12,3.919348,1.1793574843209251,0.8997889522329392,False,False,300-150K 1K-min,
962,S8-3-8-2,0.3865699438677832,7.005600000000001,207.15,4.6554652150034416e-05,657.6644,0.12,3.919348,1.1793574843209251,0.8998764912547886,False,False,300-150K 1K-min,
963,S8-3-8-2,0.3865699438677832,7.005600000000001,211.15,8.727582635178437e-05,350.8112,0.12,3.919348,0.5246402160901552,0.8999276667708667,False,False,300-150K 1K-min,
964,S8-3-8-2,0.3865699438677832,7.005600000000001,213.15,0.0001534752862921,199.4936,0.12,3.919348,0.5246402160901552,0.8999604041076428,False,False,300-150K 1K-min,
965,S8-3-8-2,0.3865699438677832,7.005600000000001,216.15,0.0002444298937209,125.2602,0.12,3.919348,0.5246402160901552,0.8999762165768548,False,False,300-150K 1K-min,
966,S8-3-8-2,0.3865699438677832,7.005600000000001,219.15,0.0003994122490308,76.65598,0.12,3.919348,0.5246402160901552,0.8999961975635157,False,False,300-150K 1K-min,
967,S8-3-8-2,0.3865699438677832,7.005600000000001,222.15,0.0005543876750973,55.22730527529686,0.12,3.919348,0.5246402160901552,0.95,False,False,300-150K 1K-min,
968,S8-3-8-2,0.3865699438677832,7.005600000000001,224.15,0.0007851135929387,38.99733446068479,0.12,3.919348,0.5246402160901552,0.95,False,False,300-150K 1K-min,
969,S8-3-8-2,0.3865699438677832,7.005600000000001,227.15,0.001090543279276,28.07530701008477,0.12,3.919348,0.5246402160901552,0.95,False,False,300-150K 1K-min,
970,S8-3-8-2,0.3865699438677832,7.005600000000001,230.15,0.001477281759031,20.725455510628933,0.12,3.919348,0.5246402160901552,0.95,False,False,300-150K 1K-min,
971,S8-3-8-2,0.3865699438677832,7.005600000000001,233.15,0.0019497535853492,15.70318300913726,0.12,3.919348,0.5246402160901552,0.95,False,False,300-150K 1K-min,
972,S8-3-8-2,0.3865699438677832,7.005600000000001,235.15,0.0025170942534653,12.163762771818964,0.12,3.919348,0.5246402160901552,0.95,False,False,300-150K 1K-min,
973,S8-3-8-2,0.3865699438677832,7.005600000000001,238.15,0.0031784726092243,9.632720220588178,0.12,3.919348,0.5246402160901552,0.95,False,False,300-150K 1K-min,
974,S8-3-8-2,0.3865699438677832,7.005600000000001,241.15,0.0039330356226549,7.784658037954261,0.12,3.919348,0.5246402160901552,0.95,False,False,300-150K 1K-min,
975,S8-3-8-2,0.3865699438677832,7.005600000000001,244.15,0.0047724873129425,6.415383712059231,0.12,3.919348,0.5246402160901552,0.95,False,False,300-150K 1K-min,
976,S8-3-8-2,0.3865699438677832,7.005600000000001,246.15,0.0057073519835061,5.364543392792856,0.12,3.919348,0.1463115960794947,0.95,False,False,300-150K 1K-min,
977,S8-3-8-2,0.3865699438677832,7.005600000000001,249.15,0.0067060935037839,4.565599533645792,0.12,3.919348,0.1463115960794947,0.95,False,False,300-150K 1K-min,
978,S8-3-8-2,0.3865699438677832,7.005600000000001,252.15,0.0077423939085839,3.954505251859611,0.12,3.919348,0.1463115960794947,0.95,False,False,300-150K 1K-min,
979,S8-3-8-2,0.3865699438677832,7.005600000000001,255.15,0.0088102210352904,3.475206496048123,0.12,3.919348,0.1463115960794947,0.95,False,False,300-150K 1K-min,
980,S8-3-8-2,0.3865699438677832,7.005600000000001,258.15,0.0098838709493952,3.097707115989266,0.12,3.919348,0.1463115960794947,0.95,False,False,300-150K 1K-min,
981,S8-3-8-2,0.3865699438677832,7.005600000000001,260.15,0.0109438057569252,2.797686477036229,0.12,3.919348,0.1463115960794947,0.95,False,False,300-150K 1K-min,
982,S8-3-8-2,0.3865699438677832,7.005600000000001,263.15,0.0119823009757002,2.555213513293667,0.12,3.919348,0.1463115960794947,0.95,False,False,300-150K 1K-min,
983,S8-3-8-2,0.3865699438677832,7.005600000000001,266.15,0.013010058266365,2.353358974003689,0.12,3.919348,0.1463115960794947,0.95,False,False,300-150K 1K-min,
984,S8-3-8-2,0.3865699438677832,7.005600000000001,269.15,0.0139878437629455,2.1888532566089838,0.12,3.919348,0.1463115960794947,0.95,False,False,300-150K 1K-min,
985,S8-3-8-2,0.3865699438677832,7.005600000000001,272.15,0.014894950386872,2.055551484108749,0.12,3.919348,0.1463115960794947,0.95,False,False,300-150K 1K-min,
986,S8-3-8-2,0.3865699438677832,7.005600000000001,274.15,0.0157445946315296,1.9446253199906307,0.12,3.919348,0.1463115960794947,0.95,False,False,300-150K 1K-min,
987,S8-3-8-2,0.3865699438677832,7.005600000000001,277.15,0.0165305705901454,1.8521645823716004,0.12,3.919348,0.1463115960794947,0.95,False,False,300-150K 1K-min,
988,S8-3-8-2,0.3865699438677832,7.005600000000001,280.15,0.0172440305809308,1.7755325374636548,0.12,3.919348,0.1463115960794947,0.95,False,False,300-150K 1K-min,
989,S8-3-8-2,0.3865699438677832,7.005600000000001,282.15,0.01789260704521,1.7111725136587967,0.12,3.919348,0.1463115960794947,0.95,False,False,300-150K 1K-min,
990,S8-3-8-2,0.3865699438677832,7.005600000000001,285.15,0.0184937825679736,1.6555476015210773,0.12,3.919348,0.1463115960794947,0.95,False,False,300-150K 1K-min,
991,S8-3-8-2,0.3865699438677832,7.005600000000001,288.15,0.0190113591288779,1.6104759878505408,0.12,3.919348,0.1463115960794947,0.95,False,False,300-150K 1K-min,
992,S8-3-8-2,0.3865699438677832,7.005600000000001,291.15,0.0194857344506986,1.5712693535327993,0.12,3.919348,0.1463115960794947,0.95,False,False,300-150K 1K-min,
993,S8-3-8-2,0.3865699438677832,7.005600000000001,294.15,0.0198735240329408,1.540609371680239,0.12,3.919348,0.1463115960794947,0.95,False,False,300-150K 1K-min,
994,S8-3-8-2,0.3865699438677832,7.005600000000001,297.15,0.0201262664199029,1.521262649250407,0.12,3.919348,0.1463115960794947,0.95,False,False,300-150K 1K-min,
995,S8-3-8-2,0.3865699438677832,7.005600000000001,299.15,0.0200678442599763,1.5256913984789524,0.12,3.919348,0.1463115960794947,0.95,False,False,300-150K 1K-min,
996,S8-3-9-2,0.2941272648899327,4.2860000000000005,197.15,6.582254567392196e-07,46514.97,0.12,3.919348,0.8628024624896808,0.7215143220143386,True,True,300-150K 1K-min,
997,S8-3-9-2,0.2941272648899327,4.2860000000000005,201.15,3.2136122666817563e-06,9527.39,0.12,3.919348,0.8628024624896808,0.8993163315172714,False,False,300-150K 1K-min,
998,S8-3-9-2,0.2941272648899327,4.2860000000000005,206.15,9.355046763554034e-06,3272.815,0.12,3.919348,0.8628024624896808,0.8995672221622508,False,False,300-150K 1K-min,
999,S8-3-9-2,0.2941272648899327,4.2860000000000005,210.15,2.503271408916664e-05,1223.093,0.12,3.919348,0.8628024624896808,0.8998225153579812,False,False,300-150K 1K-min,
1000,S8-3-9-2,0.2941272648899327,4.2860000000000005,214.15,4.736642862805657e-05,646.3932,0.12,3.919348,0.8628024624896808,0.8999203305802228,False,False,300-150K 1K-min,
1001,S8-3-9-2,0.2941272648899327,4.2860000000000005,217.15,8.17173815961393e-05,374.6735,0.12,3.919348,0.8628024624896808,0.8999669755179301,False,False,300-150K 1K-min,
1002,S8-3-9-2,0.2941272648899327,4.2860000000000005,220.15,0.0001300930079059,235.3496,0.12,3.919348,0.8628024624896808,0.8999614483183577,False,False,300-150K 1K-min,
1003,S8-3-9-2,0.2941272648899327,4.2860000000000005,222.15,0.0001870364146329,163.6972,0.12,3.919348,0.4279204643664117,0.8999776925183697,False,False,300-150K 1K-min,
1004,S8-3-9-2,0.2941272648899327,4.2860000000000005,225.15,0.0002765169327022,110.725,0.12,3.919348,0.4279204643664117,0.8999972849677275,False,False,300-150K 1K-min,
1005,S8-3-9-2,0.2941272648899327,4.2860000000000005,228.15,0.0003587075994134,85.35458246082084,0.12,3.919348,0.4279204643664117,0.95,False,False,300-150K 1K-min,
1006,S8-3-9-2,0.2941272648899327,4.2860000000000005,231.15,0.0004730136488933,64.72823235670198,0.12,3.919348,0.4279204643664117,0.95,False,False,300-150K 1K-min,
1007,S8-3-9-2,0.2941272648899327,4.2860000000000005,233.15,0.0006132137414499,49.92930735874394,0.12,3.919348,0.4279204643664117,0.95,False,False,300-150K 1K-min,
1008,S8-3-9-2,0.2941272648899327,4.2860000000000005,236.15,0.0007819468116361,39.15526851423213,0.12,3.919348,0.4279204643664117,0.95,False,False,300-150K 1K-min,
1009,S8-3-9-2,0.2941272648899327,4.2860000000000005,239.15,0.0009826948861987,31.15650422471925,0.12,3.919348,0.4279204643664117,0.95,False,False,300-150K 1K-min,
1010,S8-3-9-2,0.2941272648899327,4.2860000000000005,242.15,0.0012140907159,25.21832757016196,0.12,3.919348,0.4279204643664117,0.95,False,False,300-150K 1K-min,
1011,S8-3-9-2,0.2941272648899327,4.2860000000000005,245.15,0.0014890543248667,20.56159863489293,0.12,3.919348,0.4279204643664117,0.95,False,False,300-150K 1K-min,
1012,S8-3-9-2,0.2941272648899327,4.2860000000000005,247.15,0.0017871621470991,17.131818410074573,0.12,3.919348,0.4279204643664117,0.95,False,False,300-150K 1K-min,
1013,S8-3-9-2,0.2941272648899327,4.2860000000000005,250.15,0.0021169478422858,14.46296255480766,0.12,3.919348,0.4279204643664117,0.95,False,False,300-150K 1K-min,
1014,S8-3-9-2,0.2941272648899327,4.2860000000000005,253.15,0.0024782438774904,12.354448911002692,0.12,3.919348,0.1985135290390691,0.95,False,False,300-150K 1K-min,
1015,S8-3-9-2,0.2941272648899327,4.2860000000000005,256.15,0.00286820282549,10.674746256213458,0.12,3.919348,0.1985135290390691,0.95,False,False,300-150K 1K-min,
1016,S8-3-9-2,0.2941272648899327,4.2860000000000005,258.15,0.0032837950497087,9.323766224745643,0.12,3.919348,0.1985135290390691,0.95,False,False,300-150K 1K-min,
1017,S8-3-9-2,0.2941272648899327,4.2860000000000005,261.15,0.0037204448526973,8.229482920910202,0.12,3.919348,0.1985135290390691,0.95,False,False,300-150K 1K-min,
1018,S8-3-9-2,0.2941272648899327,4.2860000000000005,264.15,0.0041800221673739,7.324683015424368,0.12,3.919348,0.1985135290390691,0.95,False,False,300-150K 1K-min,
1019,S8-3-9-2,0.2941272648899327,4.2860000000000005,267.15,0.0046562848157251,6.575486377049023,0.12,3.919348,0.1985135290390691,0.95,False,False,300-150K 1K-min,
1020,S8-3-9-2,0.2941272648899327,4.2860000000000005,269.15,0.0051518196026062,5.943014261984638,0.12,3.919348,0.1985135290390691,0.95,False,False,300-150K 1K-min,
1021,S8-3-9-2,0.2941272648899327,4.2860000000000005,272.15,0.0056592619338493,5.410129047099149,0.12,3.919348,0.1985135290390691,0.95,False,False,300-150K 1K-min,
1022,S8-3-9-2,0.2941272648899327,4.2860000000000005,274.15,0.0061741229709266,4.958977577485117,0.12,3.919348,0.1985135290390691,0.95,False,False,300-150K 1K-min,
1023,S8-3-9-2,0.2941272648899327,4.2860000000000005,277.15,0.0066921766650502,4.57509400989955,0.12,3.919348,0.1985135290390691,0.95,False,False,300-150K 1K-min,
1024,S8-3-9-2,0.2941272648899327,4.2860000000000005,280.15,0.0072097975543328,4.246629276720969,0.12,3.919348,0.1985135290390691,0.95,False,False,300-150K 1K-min,
1025,S8-3-9-2,0.2941272648899327,4.2860000000000005,283.15,0.007722784731214,3.9645462665444575,0.12,3.919348,0.1985135290390691,0.95,False,False,300-150K 1K-min,
1026,S8-3-9-2,0.2941272648899327,4.2860000000000005,285.15,0.0082261228273584,3.721964528858473,0.12,3.919348,0.1985135290390691,0.95,False,False,300-150K 1K-min,
1027,S8-3-9-2,0.2941272648899327,4.2860000000000005,288.15,0.0087144086503273,3.513415379288078,0.12,3.919348,0.1985135290390691,0.95,False,False,300-150K 1K-min,
1028,S8-3-9-2,0.2941272648899327,4.2860000000000005,291.15,0.0091895065161156,3.331771659312434,0.12,3.919348,0.1985135290390691,0.95,False,False,300-150K 1K-min,
1029,S8-3-9-2,0.2941272648899327,4.2860000000000005,294.15,0.0096131790265941,3.184933650851665,0.12,3.919348,0.1985135290390691,0.95,False,False,300-150K 1K-min,
1030,S8-3-9-2,0.2941272648899327,4.2860000000000005,297.15,0.0099091360516551,3.089808961533742,0.12,3.919348,0.1985135290390691,0.95,False,False,300-150K 1K-min,
1031,S8-3-9-2,0.2941272648899327,4.2860000000000005,299.15,0.0098771188952075,3.099824726046052,0.12,3.919348,0.1985135290390691,0.95,False,False,300-150K 1K-min,
1032,S8-3-9-3,0.2941272648899327,4.2860000000000005,183.15,6.818523181088978e-07,44903.18,0.12,3.919348,0.8645731461535073,0.705402954575495,True,True,300-150K 1K-min,
1033,S8-3-9-3,0.2941272648899327,4.2860000000000005,188.15,3.68297989010258e-06,8313.197,0.12,3.919348,0.8645731461535073,0.8991656754109447,False,False,300-150K 1K-min,
1034,S8-3-9-3,0.2941272648899327,4.2860000000000005,192.15,1.2860439650839823e-05,2380.738,0.12,3.919348,0.8645731461535073,0.8996401963194719,False,False,300-150K 1K-min,
1035,S8-3-9-3,0.2941272648899327,4.2860000000000005,196.15,3.217702198302215e-05,951.528,0.12,3.919348,0.8645731461535073,0.8998835380508265,False,False,300-150K 1K-min,
1036,S8-3-9-3,0.2941272648899327,4.2860000000000005,199.15,6.608288527484216e-05,463.3172,0.12,3.919348,0.8645731461535073,0.8999458224255642,False,False,300-150K 1K-min,
1037,S8-3-9-3,0.2941272648899327,4.2860000000000005,202.15,0.0001175757074585,260.4053,0.12,3.919348,0.8645731461535073,0.8999615488261338,False,False,300-150K 1K-min,
1038,S8-3-9-3,0.2941272648899327,4.2860000000000005,205.15,0.0001920510627611,159.4229,0.12,3.919348,0.3959131497955037,0.899979223973829,False,False,300-150K 1K-min,
1039,S8-3-9-3,0.2941272648899327,4.2860000000000005,208.15,0.0002919999444419,104.85391506486278,0.12,3.919348,0.3959131497955037,0.95,False,False,300-150K 1K-min,
1040,S8-3-9-3,0.2941272648899327,4.2860000000000005,211.15,0.0004118134500614,74.3475895915857,0.12,3.919348,0.3959131497955037,0.95,False,False,300-150K 1K-min,
1041,S8-3-9-3,0.2941272648899327,4.2860000000000005,213.15,0.0005697258172725,53.74047734055144,0.12,3.919348,0.3959131497955037,0.95,False,False,300-150K 1K-min,
1042,S8-3-9-3,0.2941272648899327,4.2860000000000005,216.15,0.0007725474701618,39.63165832003602,0.12,3.919348,0.3959131497955037,0.95,False,False,300-150K 1K-min,
1043,S8-3-9-3,0.2941272648899327,4.2860000000000005,219.15,0.0010272082354365,29.80635894186407,0.12,3.919348,0.3959131497955037,0.95,False,False,300-150K 1K-min,
1044,S8-3-9-3,0.2941272648899327,4.2860000000000005,222.15,0.0013361846234379,22.914002179342283,0.12,3.919348,0.3959131497955037,0.95,False,False,300-150K 1K-min,
1045,S8-3-9-3,0.2941272648899327,4.2860000000000005,224.15,0.0017038356821301,17.969653819659133,0.12,3.919348,0.3959131497955037,0.95,False,False,300-150K 1K-min,
1046,S8-3-9-3,0.2941272648899327,4.2860000000000005,227.15,0.0021262782133754,14.399497291022795,0.12,3.919348,0.3959131497955037,0.95,False,False,300-150K 1K-min,
1047,S8-3-9-3,0.2941272648899327,4.2860000000000005,230.15,0.0026050837808903,11.75291850421652,0.12,3.919348,0.3959131497955037,0.95,False,False,300-150K 1K-min,
1048,S8-3-9-3,0.2941272648899327,4.2860000000000005,233.15,0.0031380008983894,9.756956216671297,0.12,3.919348,0.3959131497955037,0.95,False,False,300-150K 1K-min,
1049,S8-3-9-3,0.2941272648899327,4.2860000000000005,235.15,0.0037201212248686,8.230198835668828,0.12,3.919348,0.3959131497955037,0.95,False,False,300-150K 1K-min,
1050,S8-3-9-3,0.2941272648899327,4.2860000000000005,238.15,0.0043451983132053,7.046246262319719,0.12,3.919348,0.3959131497955037,0.95,False,False,300-150K 1K-min,
1051,S8-3-9-3,0.2941272648899327,4.2860000000000005,241.15,0.0050100867947943,6.1111391134528015,0.12,3.919348,0.3959131497955037,0.95,False,False,300-150K 1K-min,
1052,S8-3-9-3,0.2941272648899327,4.2860000000000005,244.15,0.0057082089494495,5.363738020909975,0.12,3.919348,0.1273660169189035,0.95,False,False,300-150K 1K-min,
1053,S8-3-9-3,0.2941272648899327,4.2860000000000005,247.15,0.0064264421266214,4.76427497053609,0.12,3.919348,0.1273660169189035,0.95,False,False,300-150K 1K-min,
1054,S8-3-9-3,0.2941272648899327,4.2860000000000005,249.15,0.0071556316308473,4.278774949994933,0.12,3.919348,0.1273660169189035,0.95,False,False,300-150K 1K-min,
1055,S8-3-9-3,0.2941272648899327,4.2860000000000005,252.15,0.0078914163313964,3.879827915256264,0.12,3.919348,0.1273660169189035,0.95,False,False,300-150K 1K-min,
1056,S8-3-9-3,0.2941272648899327,4.2860000000000005,255.15,0.0086174046712572,3.5529650215433457,0.12,3.919348,0.1273660169189035,0.95,False,False,300-150K 1K-min,
1057,S8-3-9-3,0.2941272648899327,4.2860000000000005,258.15,0.0093422636461383,3.277293227120253,0.12,3.919348,0.1273660169189035,0.95,False,False,300-150K 1K-min,
1058,S8-3-9-3,0.2941272648899327,4.2860000000000005,261.15,0.0100455049722763,3.04786443866775,0.12,3.919348,0.1273660169189035,0.95,False,False,300-150K 1K-min,
1059,S8-3-9-3,0.2941272648899327,4.2860000000000005,263.15,0.0107343995367918,2.852263628582199,0.12,3.919348,0.1273660169189035,0.95,False,False,300-150K 1K-min,
1060,S8-3-9-3,0.2941272648899327,4.2860000000000005,266.15,0.0113957148403873,2.686741270933775,0.12,3.919348,0.1273660169189035,0.95,False,False,300-150K 1K-min,
1061,S8-3-9-3,0.2941272648899327,4.2860000000000005,269.15,0.0120325555649107,2.544541532203443,0.12,3.919348,0.1273660169189035,0.95,False,False,300-150K 1K-min,
1062,S8-3-9-3,0.2941272648899327,4.2860000000000005,272.15,0.0126422627016056,2.421824169938547,0.12,3.919348,0.1273660169189035,0.95,False,False,300-150K 1K-min,
1063,S8-3-9-3,0.2941272648899327,4.2860000000000005,274.15,0.0132443609062559,2.311726295452963,0.12,3.919348,0.1273660169189035,0.95,False,False,300-150K 1K-min,
1064,S8-3-9-3,0.2941272648899327,4.2860000000000005,277.15,0.013802336492496,2.2182720577857906,0.12,3.919348,0.1273660169189035,0.95,False,False,300-150K 1K-min,
1065,S8-3-9-3,0.2941272648899327,4.2860000000000005,280.15,0.0143282842959602,2.136846027133432,0.12,3.919348,0.1273660169189035,0.95,False,False,300-150K 1K-min,
1066,S8-3-9-3,0.2941272648899327,4.2860000000000005,282.15,0.0148262211654587,2.0650803081766758,0.12,3.919348,0.1273660169189035,0.95,False,False,300-150K 1K-min,
1067,S8-3-9-3,0.2941272648899327,4.2860000000000005,285.15,0.0152912797200029,2.0022743638264444,0.12,3.919348,0.1273660169189035,0.95,False,False,300-150K 1K-min,
1068,S8-3-9-3,0.2941272648899327,4.2860000000000005,288.15,0.0157420680991935,1.944937423757529,0.12,3.919348,0.1273660169189035,0.95,False,False,300-150K 1K-min,
1069,S8-3-9-3,0.2941272648899327,4.2860000000000005,291.15,0.0161814607917747,1.8921244359486,0.12,3.919348,0.1273660169189035,0.95,False,False,300-150K 1K-min,
1070,S8-3-9-3,0.2941272648899327,4.2860000000000005,294.15,0.0165974259682595,1.8447039578313376,0.12,3.919348,0.1273660169189035,0.95,False,False,300-150K 1K-min,
1071,S8-3-9-3,0.2941272648899327,4.2860000000000005,297.15,0.016968087266095,1.8044071139732647,0.12,3.919348,0.1273660169189035,0.95,False,False,300-150K 1K-min,
1072,S8-3-9-3,0.2941272648899327,4.2860000000000005,299.15,0.0172119954836192,1.7788371721686602,0.12,3.919348,0.1273660169189035,0.95,False,False,300-150K 1K-min,
1073,S8-3-9-4,0.2941272648899327,4.2860000000000005,203.15,3.832155680339519e-05,798.9586,0.12,3.919348,0.6832938369664896,0.8999075298925038,False,False,300-150K 5K-min,
1074,S8-3-9-4,0.2941272648899327,4.2860000000000005,216.15,0.0004008700179275,76.37721955797709,0.12,3.919348,0.6832938369664896,0.95,False,False,300-150K 5K-min,
1075,S8-3-9-4,0.2941272648899327,4.2860000000000005,230.15,0.0013459401713094,22.747918537621896,0.12,3.919348,0.1796398074809405,0.95,False,False,300-150K 5K-min,
1076,S8-3-9-4,0.2941272648899327,4.2860000000000005,244.15,0.0031712259746133,9.654732150456182,0.12,3.919348,0.1796398074809405,0.95,False,False,300-150K 5K-min,
1077,S8-3-9-4,0.2941272648899327,4.2860000000000005,258.15,0.0056730360385966,5.39699327928735,0.12,3.919348,0.1796398074809405,0.95,False,False,300-150K 5K-min,
1078,S8-3-9-4,0.2941272648899327,4.2860000000000005,272.15,0.0082808612900546,3.697361458068685,0.12,3.919348,0.1796398074809405,0.95,False,False,300-150K 5K-min,
1079,S8-3-9-4,0.2941272648899327,4.2860000000000005,285.15,0.010213929997006,2.997605954068188,0.12,3.919348,0.1796398074809405,0.95,False,False,300-150K 5K-min,
1080,S8-3-9-4,0.2941272648899327,4.2860000000000005,299.15,0.0106274935757783,2.8809556228048403,0.12,3.919348,0.1796398074809405,0.95,False,False,300-150K 5K-min,
