sample_id,T_K,R,N,arc_visible,semicircle_visible,rb_ohm,kk_residual,morphology_quality_flag,arc_diameter_ohm,characteristic_frequency,nyquist_peak_ratio,median_zimag_ohm
S8-2-1-1,198.15,1.0408163265306123,4.656000000000001,False,False,21351.234617539285,,no_arc_no_semicircle,68122.756,4.734848,0.068063012600371,1055.863
S8-2-1-1,208.15,1.0408163265306123,4.656000000000001,False,False,789.6124,,no_arc_no_semicircle,3793.4644,4.734848,0.4986521028113509,54.91423
S8-2-1-1,216.15,1.0408163265306123,4.656000000000001,False,False,184.9569,,no_arc_no_semicircle,1605.2073,4.734848,0.8193521173246591,40.63786
S8-2-1-1,224.15,1.0408163265306123,4.656000000000001,False,False,67.74258871295915,,no_arc_no_semicircle,1273.37607,4.734848,0.8768383718723403,32.11392
S8-2-1-1,233.15,1.0408163265306123,4.656000000000001,False,False,30.95531203997056,,no_arc_no_semicircle,1117.88783,4.734848,0.8713387639258934,26.36174
S8-2-1-1,241.15,1.0408163265306123,4.656000000000001,False,False,16.292382323174355,,no_arc_no_semicircle,961.20925,4.734848,0.8797863732584753,22.63975
S8-2-1-1,249.15,1.0408163265306123,4.656000000000001,False,False,9.43725123660344,,no_arc_no_semicircle,799.976533,4.734848,0.9185075682713796,20.3261
S8-2-1-1,258.15,1.0408163265306123,4.656000000000001,False,False,5.980282616455415,,no_arc_no_semicircle,687.407689,4.734848,0.9334230766801898,18.783
S8-2-1-1,266.15,1.0408163265306123,4.656000000000001,False,False,4.170376957557001,,no_arc_no_semicircle,669.080007,4.734848,0.8399472321999888,17.58448
S8-2-1-1,273.15,1.0408163265306123,4.656000000000001,False,False,3.212309921463524,,no_arc_no_semicircle,748.403006,4.734848,0.6816884698616501,16.64223
S8-2-1-1,282.15,1.0408163265306123,4.656000000000001,False,False,2.6914419776559533,,no_arc_no_semicircle,858.784093,4.734848,0.5510896206131748,15.87737
S8-2-1-1,291.15,1.0408163265306123,4.656000000000001,False,False,2.423392124070769,,no_arc_no_semicircle,940.363627,4.734848,0.4784682085539655,15.39484
S8-2-1-1,299.15,1.0408163265306123,4.656000000000001,False,False,2.335054578377714,,no_arc_no_semicircle,962.636517,4.734848,0.4604219683887179,15.15583
S8-2-1-2,199.15,1.0408163265306123,4.656000000000001,False,False,12991.45,,no_arc_no_semicircle,34838.436,4.734848,0.0939343832771367,435.3423
S8-2-1-2,209.15,1.0408163265306123,4.656000000000001,False,False,775.9041,,no_arc_no_semicircle,3118.3354,4.734848,0.5200017932644447,46.68618
S8-2-1-2,217.15,1.0408163265306123,4.656000000000001,False,False,184.1286,,no_arc_no_semicircle,1407.1637999999998,4.734848,0.8522056920452327,35.18516
S8-2-1-2,225.15,1.0408163265306123,4.656000000000001,False,False,70.55657391664471,,no_arc_no_semicircle,1142.36324,4.734848,0.9048094019551954,28.58175
S8-2-1-2,233.15,1.0408163265306123,4.656000000000001,False,False,33.288778518456255,,no_arc_no_semicircle,984.29897,4.734848,0.9158041687273116,24.01194
S8-2-1-2,242.15,1.0408163265306123,4.656000000000001,False,False,17.80568784846542,,no_arc_no_semicircle,849.2908900000001,4.734848,0.9252583646576016,20.95124
S8-2-1-2,250.15,1.0408163265306123,4.656000000000001,False,False,10.476752791065868,,no_arc_no_semicircle,771.8569200000001,4.734848,0.888953227238021,18.91285
S8-2-1-2,258.15,1.0408163265306123,4.656000000000001,False,False,6.739178269192244,,no_arc_no_semicircle,801.114494,4.734848,0.7563481930961035,17.44506
S8-2-1-2,267.15,1.0408163265306123,4.656000000000001,False,False,4.814945568560289,,no_arc_no_semicircle,934.184948,4.734848,0.5804077673921154,16.27926
S8-2-1-2,274.15,1.0408163265306123,4.656000000000001,False,False,3.793322731791068,,no_arc_no_semicircle,1055.6985989999998,4.734848,0.4713779107705338,15.37611
S8-2-1-2,283.15,1.0408163265306123,4.656000000000001,False,False,3.2498270559390847,,no_arc_no_semicircle,1094.487187,4.734848,0.4232468917884185,14.73059
S8-2-1-2,291.15,1.0408163265306123,4.656000000000001,False,False,3.025632502933955,,no_arc_no_semicircle,1074.1785180000002,4.734848,0.4132796295596739,14.54839
S8-2-1-2,299.15,1.0408163265306123,4.656000000000001,False,False,2.8855011740847,,no_arc_no_semicircle,1064.851216,4.734848,0.4122400326018876,14.46684
S8-2-2-1,208.15,1.040816326530612,4.1386666666666665,False,False,2095.6099643710563,,no_arc_no_semicircle,6894.763,4.734848,0.2685926985452582,81.05304
S8-2-2-1,217.15,1.040816326530612,4.1386666666666665,False,False,299.6827,,no_arc_no_semicircle,2002.6587,4.734848,0.7026309575365984,34.23045
S8-2-2-1,225.15,1.040816326530612,4.1386666666666665,False,False,90.81890618078776,,no_arc_no_semicircle,1437.96942,4.734848,0.8060665156565008,29.22206
S8-2-2-1,233.15,1.040816326530612,4.1386666666666665,False,False,39.2351255704826,,no_arc_no_semicircle,1079.18545,4.734848,0.8928307919644387,25.7979
S8-2-2-1,241.15,1.040816326530612,4.1386666666666665,False,False,19.59765648615708,,no_arc_no_semicircle,821.73537,4.734848,0.9916300669885962,23.37762
S8-2-2-1,250.15,1.040816326530612,4.1386666666666665,False,False,12.021816769224897,,no_arc_no_semicircle,667.34685,4.734848,1.059402318299695,21.49335
S8-2-2-1,258.15,1.040816326530612,4.1386666666666665,False,False,12.92787,,no_arc_no_semicircle,595.74765,4.734848,1.0590915465633794,19.90639
S8-2-2-1,266.15,1.040816326530612,4.1386666666666665,False,False,21.78732,,no_arc_no_semicircle,594.00837,4.734848,0.9683673312549436,18.61474
S8-2-2-1,274.15,1.040816326530612,4.1386666666666665,False,False,16.82669,,no_arc_no_semicircle,642.54365,4.734848,0.8294281641410652,17.30651
S8-2-2-1,282.15,1.040816326530612,4.1386666666666665,False,False,15.79237,,no_arc_no_semicircle,735.89769,4.734848,0.6811509355328991,16.29515
S8-2-2-1,291.15,1.040816326530612,4.1386666666666665,False,False,2.836908068905155,,no_arc_no_semicircle,766.6883180000001,4.734848,0.6250957380571427,15.42321
S8-2-2-1,299.15,1.040816326530612,4.1386666666666665,False,False,2.3292512733123667,,no_arc_no_semicircle,792.114753,4.734848,0.5902647289792359,14.98723
S8-2-2-2,216.15,1.040816326530612,4.1386666666666665,False,False,2979.474901718401,,no_arc_no_semicircle,7527.418999999999,4.734848,0.2440825998924731,100.1594
S8-2-2-2,225.15,1.040816326530612,4.1386666666666665,False,False,356.4634,,no_arc_no_semicircle,2001.7437,4.734848,0.7014304578553185,33.05431
S8-2-2-2,234.15,1.040816326530612,4.1386666666666665,False,False,93.22383,,no_arc_no_semicircle,1588.1948,4.734848,0.7422244424928223,28.79137
S8-2-2-2,242.15,1.040816326530612,4.1386666666666665,False,False,46.79368745086984,,no_arc_no_semicircle,1247.63681,4.734848,0.8036938249681806,25.99499
S8-2-2-2,250.15,1.040816326530612,4.1386666666666665,False,False,23.696575959503157,,no_arc_no_semicircle,950.24718,4.734848,0.8895000351382248,23.85619
S8-2-2-2,258.15,1.040816326530612,4.1386666666666665,False,False,13.584282422152,,no_arc_no_semicircle,751.2412,4.734848,0.956500655182382,22.1156
S8-2-2-2,267.15,1.040816326530612,4.1386666666666665,False,False,8.548229056744429,,no_arc_no_semicircle,693.432875,4.734848,0.9070896732434256,20.60116
S8-2-2-2,274.15,1.040816326530612,4.1386666666666665,False,False,5.9310692588270575,,no_arc_no_semicircle,741.325699,4.734848,0.7673531361011123,19.31925
S8-2-2-2,283.15,1.040816326530612,4.1386666666666665,False,False,4.494447460123468,,no_arc_no_semicircle,855.975501,4.734848,0.6158151715606162,18.27991
S8-2-2-2,291.15,1.040816326530612,4.1386666666666665,False,False,3.730650727722825,,no_arc_no_semicircle,950.960481,4.734848,0.5229931316146874,17.48143
S8-2-2-2,299.15,1.040816326530612,4.1386666666666665,False,False,3.380904848070989,,no_arc_no_semicircle,1008.564811,4.734848,0.4745644452193757,17.05201
S8-3-1-1,190.15,0.3865699438677833,3.892,False,False,11955.92,,no_arc_no_semicircle,33935.683999999994,4.734848,0.0796447185210706,375.1046
S8-3-1-1,199.15,0.3865699438677833,3.892,False,False,426.3822,,no_arc_no_semicircle,2156.5899,4.734848,0.8531520063225739,40.23556
S8-3-1-1,207.15,0.3865699438677833,3.892,False,False,106.39,,no_arc_no_semicircle,1317.6745,4.734848,1.1749639231843667,34.27777
S8-3-1-1,216.15,0.3865699438677833,3.892,False,False,52.18000530536705,,no_arc_no_semicircle,1037.67628,4.734848,1.29590511599629,30.56577
S8-3-1-1,224.15,0.3865699438677833,3.892,False,False,27.62323173919375,,no_arc_no_semicircle,917.60915,4.734848,1.2998453644451984,27.78863
S8-3-1-1,232.15,0.3865699438677833,3.892,False,False,16.973626153244382,,no_arc_no_semicircle,889.8531499999999,4.734848,1.2114706791789172,25.57479
S8-3-1-1,241.15,0.3865699438677833,3.892,False,False,12.371354903438348,,no_arc_no_semicircle,892.8689,4.734848,1.104763532473803,23.75585
S8-3-1-1,249.15,0.3865699438677833,3.892,False,False,9.845445696980022,,no_arc_no_semicircle,889.67144,4.734848,1.014286689926788,22.16276
S8-3-1-1,257.15,0.3865699438677833,3.892,False,False,6.755929719941058,,no_arc_no_semicircle,873.457899,4.734848,0.9496219576806404,20.78834
S8-3-1-1,266.15,0.3865699438677833,3.892,False,False,3.2703469730228223,,no_arc_no_semicircle,855.320861,4.734848,0.8961863728002759,19.51197
S8-3-1-1,273.15,0.3865699438677833,3.892,False,False,2.712807849534528,,no_arc_no_semicircle,857.10057,4.734848,0.8288525581076199,18.52561
S8-3-1-2,215.15,0.3865699438677833,3.892,False,False,1132.239954078821,,no_arc_no_semicircle,2158.0812,4.734848,0.7529285737719227,66.89938
S8-3-1-2,220.15,0.3865699438677833,3.892,False,False,457.25685941243273,,no_arc_no_semicircle,1378.1112,4.734848,1.0750721712442357,30.56939
S8-3-1-2,224.15,0.3865699438677833,3.892,False,False,200.0550739551255,,no_arc_no_semicircle,1110.348,4.734848,1.2261047887689256,28.74927
S8-3-1-2,227.15,0.3865699438677833,3.892,False,False,134.70078459647564,,no_arc_no_semicircle,1011.6037,4.734848,1.2567797053332237,27.39783
S8-3-1-2,230.15,0.3865699438677833,3.892,False,False,94.4570271097103,,no_arc_no_semicircle,983.84882,4.734848,1.2269029300660226,26.44534
S8-3-1-2,233.15,0.3865699438677833,3.892,False,False,69.11068733666501,,no_arc_no_semicircle,987.8674,4.734848,1.171906270011541,25.69366
S8-3-1-2,236.15,0.3865699438677833,3.892,False,False,52.5450584371013,,no_arc_no_semicircle,1002.33675,4.734848,1.113274555682009,25.04683
S8-3-1-2,239.15,0.3865699438677833,3.892,False,False,40.787114908997744,,no_arc_no_semicircle,1018.44299,4.734848,1.0598531391531292,24.45494
S8-3-1-2,242.15,0.3865699438677833,3.892,False,False,31.766986687650387,,no_arc_no_semicircle,1032.15438,4.734848,1.0122545815287818,23.88047
S8-3-1-2,245.15,0.3865699438677833,3.892,False,False,25.405904969064387,,no_arc_no_semicircle,1037.61971,4.734848,0.9764232408422534,23.37548
S8-3-1-2,247.15,0.3865699438677833,3.892,False,False,20.67477878018378,,no_arc_no_semicircle,1039.7199999999998,4.734848,0.9451371523102368,22.87504
S8-3-1-2,250.15,0.3865699438677833,3.892,False,False,17.166077067431868,,no_arc_no_semicircle,1038.00968,4.734848,0.9189991368866608,22.41601
S8-3-1-2,253.15,0.3865699438677833,3.892,False,False,14.437221103837038,,no_arc_no_semicircle,1033.89887,4.734848,0.8962668660233657,21.98378
S8-3-1-2,256.15,0.3865699438677833,3.892,False,False,12.29234532826645,,no_arc_no_semicircle,1030.52086,4.734848,0.8719044270486668,21.5713
S8-3-1-2,258.15,0.3865699438677833,3.892,False,False,10.583896224653566,,no_arc_no_semicircle,1029.04396,4.734848,0.8472040397574456,21.18335
S8-3-1-2,261.15,0.3865699438677833,3.892,False,False,9.213458405804191,,no_arc_no_semicircle,1030.23023,4.734848,0.820489610366024,20.81669
S8-3-1-2,264.15,0.3865699438677833,3.892,False,False,8.101375036036519,,no_arc_no_semicircle,1036.975993,4.734848,0.7895411326074925,20.46555
S8-3-1-2,267.15,0.3865699438677833,3.892,False,False,7.189979557852007,,no_arc_no_semicircle,1049.997282,4.734848,0.7563634817104216,20.12855
S8-3-1-2,269.15,0.3865699438677833,3.892,False,False,6.438000893422022,,no_arc_no_semicircle,1069.145622,4.734848,0.7212600268216777,19.80516
S8-3-1-2,272.15,0.3865699438677833,3.892,False,False,5.808058053676604,,no_arc_no_semicircle,1094.362104,4.734848,0.6832639738409649,19.49148
S8-3-1-2,274.15,0.3865699438677833,3.892,False,False,5.27838779722353,,no_arc_no_semicircle,1125.660216,4.734848,0.6442350806151254,19.18602
S8-3-1-2,277.15,0.3865699438677833,3.892,False,False,4.8305820301297375,,no_arc_no_semicircle,1161.262199,4.734848,0.6063101861115514,18.89078
S8-3-1-2,280.15,0.3865699438677833,3.892,False,False,4.4547776715098015,,no_arc_no_semicircle,1201.736814,4.734848,0.5685616784308644,18.60281
S8-3-1-2,283.15,0.3865699438677833,3.892,False,False,4.138749115102731,,no_arc_no_semicircle,1240.378881,4.734848,0.5350753791171647,18.32994
S8-3-1-2,285.15,0.3865699438677833,3.892,False,False,3.8703499060500017,,no_arc_no_semicircle,1274.60992,4.734848,0.5058191450447831,18.0706
S8-3-1-2,288.15,0.3865699438677833,3.892,False,False,3.6452881256665086,,no_arc_no_semicircle,1298.172907,4.734848,0.4825980396153805,17.82457
S8-3-1-2,291.15,0.3865699438677833,3.892,False,False,3.461489906558492,,no_arc_no_semicircle,1312.666311,4.734848,0.462423157289362,17.5788
S8-3-1-2,294.15,0.3865699438677833,3.892,False,False,3.3295695835228374,,no_arc_no_semicircle,1313.39647,4.734848,0.4498490847931086,17.36168
S8-3-1-2,297.15,0.3865699438677833,3.892,False,False,3.268149417849076,,no_arc_no_semicircle,1305.199701,4.734848,0.4437510976720639,17.19516
S8-3-1-2,299.15,0.3865699438677833,3.892,False,False,3.31260014922049,,no_arc_no_semicircle,1293.055329,4.734848,0.4471871288347628,17.17266
S8-3-10-1,193.15,0.458644786705142,4.926666666666667,False,False,10962.12,,no_arc_no_semicircle,12538.678,4.734848,0.1600020353022862,588.7953
S8-3-10-1,197.15,0.458644786705142,4.926666666666667,False,False,2855.535719809078,,no_arc_no_semicircle,3418.698,4.734848,0.5151010706415131,137.2717
S8-3-10-1,201.15,0.458644786705142,4.926666666666667,False,False,1156.017,,no_arc_no_semicircle,1914.501,4.734848,0.8303385581934922,53.55273
S8-3-10-1,204.15,0.458644786705142,4.926666666666667,False,False,515.2657,,no_arc_no_semicircle,1536.8426,4.734848,0.9426534636663504,32.29736
S8-3-10-1,207.15,0.458644786705142,4.926666666666667,False,False,301.1935,,no_arc_no_semicircle,1436.5402,4.734848,0.9415664107415852,30.64725
S8-3-10-1,210.15,0.458644786705142,4.926666666666667,False,False,181.8469,,no_arc_no_semicircle,1356.6034,4.734848,0.9321044013305578,29.14986
S8-3-10-1,213.15,0.458644786705142,4.926666666666667,False,False,118.125,,no_arc_no_semicircle,1276.4255,4.734848,0.9338617882516445,28.00655
S8-3-10-1,216.15,0.458644786705142,4.926666666666667,False,False,83.04113583678141,,no_arc_no_semicircle,1178.15926,4.734848,0.9522430779010296,26.96008
S8-3-10-1,218.15,0.458644786705142,4.926666666666667,False,False,59.880313742416014,,no_arc_no_semicircle,1064.6542,4.734848,0.9912767920325672,25.98087
S8-3-10-1,221.15,0.458644786705142,4.926666666666667,False,False,44.01144467124683,,no_arc_no_semicircle,954.28588,4.734848,1.039834100867131,25.0613
S8-3-10-1,224.15,0.458644786705142,4.926666666666667,False,False,32.99675998181732,,no_arc_no_semicircle,853.55193,4.734848,1.0930957651281967,24.19195
S8-3-10-1,227.15,0.458644786705142,4.926666666666667,False,False,25.34180743065321,,no_arc_no_semicircle,766.61365,4.734848,1.1453920759172485,23.37723
S8-3-10-1,230.15,0.458644786705142,4.926666666666667,False,False,19.73057800161708,,no_arc_no_semicircle,692.7156600000001,4.734848,1.1953501960674582,22.62993
S8-3-10-1,232.15,0.458644786705142,4.926666666666667,False,False,15.7771012785059,,no_arc_no_semicircle,634.81308,4.734848,1.235831026039978,21.93765
S8-3-10-1,235.15,0.458644786705142,4.926666666666667,False,False,12.850328472421,,no_arc_no_semicircle,588.42808,4.734848,1.2702441052779103,21.29818
S8-3-10-1,238.15,0.458644786705142,4.926666666666667,False,False,10.653410929761822,,no_arc_no_semicircle,551.90068,4.734848,1.2960147104729036,20.71665
S8-3-10-1,241.15,0.458644786705142,4.926666666666667,False,False,8.963627353201298,,no_arc_no_semicircle,523.0296079999999,4.734848,1.3153368174139746,20.16898
S8-3-10-1,243.15,0.458644786705142,4.926666666666667,False,False,7.657610986987517,,no_arc_no_semicircle,501.324984,4.734848,1.3232789531191578,19.66096
S8-3-10-1,246.15,0.458644786705142,4.926666666666667,False,False,6.631814814636179,,no_arc_no_semicircle,486.643856,4.734848,1.3201062585695085,19.18274
S8-3-10-1,249.15,0.458644786705142,4.926666666666667,False,False,5.807561898276341,,no_arc_no_semicircle,477.786671,4.734848,1.3047772946349077,18.72496
S8-3-10-1,252.15,0.458644786705142,4.926666666666667,False,False,5.137371593827933,,no_arc_no_semicircle,474.975223,4.734848,1.2767908106229755,18.28912
S8-3-10-1,255.15,0.458644786705142,4.926666666666667,False,False,4.605621620993184,,no_arc_no_semicircle,477.585078,4.734848,1.2378929477356886,17.87163
S8-3-10-1,257.15,0.458644786705142,4.926666666666667,False,False,4.171878118836879,,no_arc_no_semicircle,485.457062,4.734848,1.187557551691356,17.47237
S8-3-10-1,260.15,0.458644786705142,4.926666666666667,False,False,3.816629947357807,,no_arc_no_semicircle,497.775373,4.734848,1.131688168108708,17.08892
S8-3-10-1,263.15,0.458644786705142,4.926666666666667,False,False,3.518929821568608,,no_arc_no_semicircle,514.482652,4.734848,1.070030248561226,16.71549
S8-3-10-1,266.15,0.458644786705142,4.926666666666667,False,False,3.268800239743519,,no_arc_no_semicircle,534.755074,4.734848,1.0067216304711473,16.35544
S8-3-10-1,269.15,0.458644786705142,4.926666666666667,False,False,3.0556589191993115,,no_arc_no_semicircle,558.052179,4.734848,0.9443073960293578,16.00313
S8-3-10-1,271.15,0.458644786705142,4.926666666666667,False,False,2.872473833420801,,no_arc_no_semicircle,583.28826,4.734848,0.884466627187043,15.66173
S8-3-10-1,273.15,0.458644786705142,4.926666666666667,False,False,2.716531595599779,,no_arc_no_semicircle,609.812811,4.734848,0.8288989520753102,15.32845
S8-3-10-1,276.15,0.458644786705142,4.926666666666667,False,False,2.583415033696085,,no_arc_no_semicircle,635.7996840000001,4.734848,0.7783377570851374,15.00226
S8-3-10-1,279.15,0.458644786705142,4.926666666666667,False,False,2.4300973165278767,,no_arc_no_semicircle,662.977365,4.734848,0.7312895214755926,14.67487
S8-3-10-1,282.15,0.458644786705142,4.926666666666667,False,False,2.3099265028154905,,no_arc_no_semicircle,690.164863,4.734848,0.6886671945801438,14.34241
S8-3-10-1,285.15,0.458644786705142,4.926666666666667,False,False,2.2168101232546853,,no_arc_no_semicircle,715.759249,4.734848,0.6504877172743309,14.01563
S8-3-10-1,288.15,0.458644786705142,4.926666666666667,False,False,2.1378804874387414,,no_arc_no_semicircle,739.178476,4.734848,0.6164592379175274,13.69667
S8-3-10-1,291.15,0.458644786705142,4.926666666666667,False,False,2.0666666005111862,,no_arc_no_semicircle,759.064109,4.734848,0.5874881906713881,13.38243
S8-3-10-1,293.15,0.458644786705142,4.926666666666667,False,False,2.0028143158822123,,no_arc_no_semicircle,775.263846,4.734848,0.5617604925691317,13.06643
S8-3-10-1,296.15,0.458644786705142,4.926666666666667,False,False,1.9440104950914376,,no_arc_no_semicircle,785.902523,4.734848,0.5402085978543162,12.72802
S8-3-10-1,299.15,0.458644786705142,4.926666666666667,False,False,1.896295855995804,,no_arc_no_semicircle,787.9642670000001,4.734848,0.5286610287367249,12.37996
S8-3-11-1,208.15,0.3079344114331621,4.492933333333334,True,True,219260.0,,ok,224614.856,5928.309,0.3729144700918625,12286.11
S8-3-11-1,216.15,0.3079344114331621,4.492933333333334,False,False,21357.96,,no_arc_no_semicircle,19546.776,18984.38,0.2684936380301284,1261.481
S8-3-11-1,218.15,0.3079344114331621,4.492933333333334,False,False,15389.49,,no_arc_no_semicircle,12703.142000000002,18984.38,0.2212092095010824,924.8079
S8-3-11-1,219.15,0.3079344114331621,4.492933333333334,False,False,11011.850498319352,,no_arc_no_semicircle,8056.053000000001,4.734848,0.2617284171293311,617.7512
S8-3-11-1,221.15,0.3079344114331621,4.492933333333334,False,False,7899.019,,no_arc_no_semicircle,5303.317,4.734848,0.3808278856421367,384.6419
S8-3-11-1,222.15,0.3079344114331621,4.492933333333334,False,False,5810.389463400335,,no_arc_no_semicircle,3655.001,4.734848,0.5321891840795665,255.676
S8-3-11-1,223.15,0.3079344114331621,4.492933333333334,False,False,4354.245,,no_arc_no_semicircle,2836.443,4.734848,0.6585015105186318,281.4409
S8-3-11-1,225.15,0.3079344114331621,4.492933333333334,False,False,3272.438,,no_arc_no_semicircle,2290.858,4.734848,0.7867109179180897,195.6029
S8-3-11-1,226.15,0.3079344114331621,4.492933333333334,False,False,2511.985,,no_arc_no_semicircle,1890.062,4.734848,0.9155562092672088,139.5974
S8-3-11-1,227.15,0.3079344114331621,4.492933333333334,False,False,1934.947,,no_arc_no_semicircle,1667.34,4.734848,1.0069919752420018,110.1049
S8-3-11-1,229.15,0.3079344114331621,4.492933333333334,False,False,1587.14,,no_arc_no_semicircle,1556.1280000000002,4.734848,1.0497189177239912,87.21356
S8-3-11-1,230.15,0.3079344114331621,4.492933333333334,False,False,1285.575,,no_arc_no_semicircle,1455.8840000000002,4.734848,1.0921405826288348,68.74986
S8-3-11-1,231.15,0.3079344114331621,4.492933333333334,False,False,1055.476,,no_arc_no_semicircle,1385.9719999999998,4.734848,1.1205312950045163,54.45223
S8-3-11-1,232.15,0.3079344114331621,4.492933333333334,False,False,867.4325,,no_arc_no_semicircle,1314.6769,4.734848,1.1509314569990536,43.03312
S8-3-11-1,233.15,0.3079344114331621,4.492933333333334,False,False,727.7968,,no_arc_no_semicircle,1260.3388,4.734848,1.171982485979166,34.22907
S8-3-11-1,234.15,0.3079344114331621,4.492933333333334,False,False,626.0755,,no_arc_no_semicircle,1219.2334,4.734848,1.189864057201844,33.58048
S8-3-11-1,235.15,0.3079344114331621,4.492933333333334,False,False,541.5557,,no_arc_no_semicircle,1180.431,4.734848,1.2053893874356052,32.97722
S8-3-11-1,236.15,0.3079344114331621,4.492933333333334,False,False,460.7503,,no_arc_no_semicircle,1141.3092,4.734848,1.2220036428340355,32.36924
S8-3-11-1,237.15,0.3079344114331621,4.492933333333334,False,False,406.5399,,no_arc_no_semicircle,1109.6806,4.734848,1.23575738820702,31.86604
S8-3-11-1,238.15,0.3079344114331621,4.492933333333334,False,False,358.7446,,no_arc_no_semicircle,1081.4147,4.734848,1.2451522991133734,31.37982
S8-3-11-1,239.15,0.3079344114331621,4.492933333333334,False,False,318.5718,,no_arc_no_semicircle,1053.967,4.734848,1.2552281048647624,31.075
S8-3-11-1,240.15,0.3079344114331621,4.492933333333334,False,False,282.0618,,no_arc_no_semicircle,1033.8698,4.734848,1.2600155261329802,30.65377
S8-3-11-1,241.15,0.3079344114331621,4.492933333333334,False,False,248.9785,,no_arc_no_semicircle,1014.3348,4.734848,1.263055354109904,30.23097
S8-3-11-1,242.15,0.3079344114331621,4.492933333333334,False,False,221.4388,,no_arc_no_semicircle,991.3708,4.734848,1.2689217798224426,29.79347
S8-3-11-1,243.15,0.3079344114331621,4.492933333333334,False,False,200.4152,,no_arc_no_semicircle,978.0406,4.734848,1.268848143931856,29.45919
S8-3-11-1,244.15,0.3079344114331621,4.492933333333334,False,False,181.9736,,no_arc_no_semicircle,966.4618,4.734848,1.266716387548891,29.14384
S8-3-11-1,245.15,0.3079344114331621,4.492933333333334,False,False,150.1281,,no_arc_no_semicircle,948.9603,4.734848,1.2571031685940903,28.53159
S8-3-11-1,245.15,0.3079344114331621,4.492933333333334,False,False,165.1907,,no_arc_no_semicircle,948.9603,4.734848,1.2571031685940903,28.53159
S8-3-11-1,246.15,0.3079344114331621,4.492933333333334,False,False,137.2532,,no_arc_no_semicircle,942.7684,4.734848,1.2501532720019028,28.24677
S8-3-11-1,247.15,0.3079344114331621,4.492933333333334,False,False,125.4879,,no_arc_no_semicircle,937.8516,4.734848,1.2407954520736528,27.96123
S8-3-11-1,248.15,0.3079344114331621,4.492933333333334,False,False,113.6432,,no_arc_no_semicircle,934.4248,4.734848,1.230929444509605,27.695
S8-3-11-1,249.15,0.3079344114331621,4.492933333333334,False,False,105.5379966016964,,no_arc_no_semicircle,932.0844,4.734848,1.2199753584546622,27.43109
S8-3-11-1,250.15,0.3079344114331621,4.492933333333334,False,False,89.81629727797181,,no_arc_no_semicircle,931.45593,4.734848,1.194915362232971,26.92292
S8-3-11-1,250.15,0.3079344114331621,4.492933333333334,False,False,97.273597321492,,no_arc_no_semicircle,931.45593,4.734848,1.194915362232971,26.92292
S8-3-11-1,251.15,0.3079344114331621,4.492933333333334,False,False,82.98546073803006,,no_arc_no_semicircle,932.65772,4.734848,1.181568517976776,26.6789
S8-3-11-1,252.15,0.3079344114331621,4.492933333333334,False,False,76.76864643299965,,no_arc_no_semicircle,934.70634,4.734848,1.167465067156813,26.44116
S8-3-11-1,253.15,0.3079344114331621,4.492933333333334,False,False,71.18950410444448,,no_arc_no_semicircle,937.71576,4.734848,1.152076189910681,26.21039
S8-3-11-1,254.15,0.3079344114331621,4.492933333333334,False,False,66.05158359867227,,no_arc_no_semicircle,940.92863,4.734848,1.1365707938975125,25.98241
S8-3-11-1,255.15,0.3079344114331621,4.492933333333334,False,False,57.07672074544582,,no_arc_no_semicircle,949.77607,4.734848,1.1064744977202878,25.54283
S8-3-11-1,255.15,0.3079344114331621,4.492933333333334,False,False,61.370853984538655,,no_arc_no_semicircle,949.77607,4.734848,1.1064744977202878,25.54283
S8-3-11-1,256.15,0.3079344114331621,4.492933333333334,False,False,53.21021275758502,,no_arc_no_semicircle,955.01885,4.734848,1.0898297976003288,25.33291
S8-3-11-1,257.15,0.3079344114331621,4.492933333333334,False,False,49.67072432440536,,no_arc_no_semicircle,960.50861,4.734848,1.074612959481955,25.12809
S8-3-11-1,258.15,0.3079344114331621,4.492933333333334,False,False,46.410217941124415,,no_arc_no_semicircle,966.43743,4.734848,1.058821780112551,24.92723
S8-3-11-1,259.15,0.3079344114331621,4.492933333333334,False,False,40.68554631031984,,no_arc_no_semicircle,977.19633,4.734848,1.030548282963771,24.53802
S8-3-11-1,259.15,0.3079344114331621,4.492933333333334,False,False,43.426706200118495,,no_arc_no_semicircle,977.19633,4.734848,1.030548282963771,24.53802
S8-3-11-1,260.15,0.3079344114331621,4.492933333333334,False,False,38.15758749566201,,no_arc_no_semicircle,984.09305,4.734848,1.0155523402995266,24.35018
S8-3-11-1,261.15,0.3079344114331621,4.492933333333334,False,False,35.83557867742587,,no_arc_no_semicircle,991.36773,4.734848,0.9995403017606788,24.16562
S8-3-11-1,262.15,0.3079344114331621,4.492933333333334,False,False,33.69493337237882,,no_arc_no_semicircle,998.07632,4.734848,0.9848355083707416,23.98639
S8-3-11-1,263.15,0.3079344114331621,4.492933333333334,False,False,31.71125647871759,,no_arc_no_semicircle,1005.7665,4.734848,0.9701227869490572,23.80869
S8-3-11-1,264.15,0.3079344114331621,4.492933333333334,False,False,28.182172337523905,,no_arc_no_semicircle,1021.55817,4.734848,0.9408382490837492,23.46782
S8-3-11-1,264.15,0.3079344114331621,4.492933333333334,False,False,29.880850832105715,,no_arc_no_semicircle,1021.55817,4.734848,0.9408382490837492,23.46782
S8-3-11-1,265.15,0.3079344114331621,4.492933333333334,False,False,26.6013218699151,,no_arc_no_semicircle,1029.93606,4.734848,0.925911847382059,23.30163
S8-3-11-1,266.15,0.3079344114331621,4.492933333333334,False,False,25.111262914949343,,no_arc_no_semicircle,1037.9451700000002,4.734848,0.9117998978693632,23.16418
S8-3-11-1,267.15,0.3079344114331621,4.492933333333334,False,False,23.71967210756217,,no_arc_no_semicircle,1046.77929,4.734848,0.8970736323986686,23.00172
S8-3-11-1,268.15,0.3079344114331621,4.492933333333334,False,False,22.442386603021586,,no_arc_no_semicircle,1055.09633,4.734848,0.8839798542375741,22.84286
S8-3-11-1,269.15,0.3079344114331621,4.492933333333334,False,False,20.19572697434849,,no_arc_no_semicircle,1071.47957,4.734848,0.8578934454158554,22.54312
S8-3-11-1,269.15,0.3079344114331621,4.492933333333334,False,False,21.27246456253881,,no_arc_no_semicircle,1071.47957,4.734848,0.8578934454158554,22.54312
S8-3-11-1,270.15,0.3079344114331621,4.492933333333334,False,False,19.191606264278715,,no_arc_no_semicircle,1079.32215,4.734848,0.8454695384505907,22.39898
S8-3-11-1,271.15,0.3079344114331621,4.492933333333334,False,False,18.25773209350676,,no_arc_no_semicircle,1088.28585,4.734848,0.8326271999217846,22.25842
S8-3-11-1,272.15,0.3079344114331621,4.492933333333334,False,False,17.382378172789764,,no_arc_no_semicircle,1096.74713,4.734848,0.8200279493779019,22.11885
S8-3-11-1,273.15,0.3079344114331621,4.492933333333334,False,False,16.567372109764264,,no_arc_no_semicircle,1104.84416,4.734848,0.8083763596125624,21.98284
S8-3-11-1,273.15,0.3079344114331621,4.492933333333334,False,False,15.805807314506191,,no_arc_no_semicircle,1104.84416,4.734848,0.8083763596125624,21.98284
S8-3-11-1,274.15,0.3079344114331621,4.492933333333334,False,False,15.092918594322946,,no_arc_no_semicircle,1121.80326,4.734848,0.7849073285809485,21.71777
S8-3-11-1,274.15,0.3079344114331621,4.492933333333334,False,False,14.42382305045359,,no_arc_no_semicircle,1121.80326,4.734848,0.7849073285809485,21.71777
S8-3-11-1,275.15,0.3079344114331621,4.492933333333334,False,False,13.79529777230253,,no_arc_no_semicircle,1138.70065,4.734848,0.7622259634259445,21.46204
S8-3-11-1,276.15,0.3079344114331621,4.492933333333334,False,False,13.204582310711576,,no_arc_no_semicircle,1146.7258,4.734848,0.7517600109808285,21.33313
S8-3-11-1,277.15,0.3079344114331621,4.492933333333334,False,False,12.651906355492793,,no_arc_no_semicircle,1155.30851,4.734848,0.7408272271793439,21.20975
S8-3-11-1,278.15,0.3079344114331621,4.492933333333334,False,False,12.131661720726443,,no_arc_no_semicircle,1163.59525,4.734848,0.7300853110220237,21.0892
S8-3-11-1,279.15,0.3079344114331621,4.492933333333334,False,False,11.643209379352122,,no_arc_no_semicircle,1171.91918,4.734848,0.7197867518475115,20.96994
S8-3-11-1,279.15,0.3079344114331621,4.492933333333334,False,False,11.18338227611563,,no_arc_no_semicircle,1171.91918,4.734848,0.7197867518475115,20.96994
S8-3-11-1,280.15,0.3079344114331621,4.492933333333334,False,False,10.75081361535953,,no_arc_no_semicircle,1189.20988,4.734848,0.6992103025581988,20.73606
S8-3-11-1,281.15,0.3079344114331621,4.492933333333334,False,False,10.34224483236374,,no_arc_no_semicircle,1197.07551,4.734848,0.6901677405462913,20.62211
S8-3-11-1,282.15,0.3079344114331621,4.492933333333334,False,False,9.958453550496506,,no_arc_no_semicircle,1205.3315300000002,4.734848,0.6803954593305953,20.51006
S8-3-11-1,283.15,0.3079344114331621,4.492933333333334,False,False,9.596358152581724,,no_arc_no_semicircle,1213.42656,4.734848,0.6706447071671147,20.39957
S8-3-11-1,284.15,0.3079344114331621,4.492933333333334,False,False,9.254142267608207,,no_arc_no_semicircle,1221.748494,4.734848,0.6614245108289852,20.28944
S8-3-11-1,284.15,0.3079344114331621,4.492933333333334,False,False,8.92991222089694,,no_arc_no_semicircle,1221.748494,4.734848,0.6614245108289852,20.28944
S8-3-11-1,285.15,0.3079344114331621,4.492933333333334,False,False,8.624437671934757,,no_arc_no_semicircle,1237.395847,4.734848,0.6440129906141502,20.0741
S8-3-11-1,286.15,0.3079344114331621,4.492933333333334,False,False,8.334764903722803,,no_arc_no_semicircle,1244.473464,4.734848,0.6356646588970575,19.96778
S8-3-11-1,287.15,0.3079344114331621,4.492933333333334,False,False,8.060041117085158,,no_arc_no_semicircle,1251.451774,4.734848,0.62764280359716,19.86215
S8-3-11-1,288.15,0.3079344114331621,4.492933333333334,False,False,7.80053290837895,,no_arc_no_semicircle,1257.988696,4.734848,0.6198032641145446,19.75661
S8-3-11-1,289.15,0.3079344114331621,4.492933333333334,False,False,7.553044569917103,,no_arc_no_semicircle,1264.3302299999998,4.734848,0.6120590029710826,19.65247
S8-3-11-1,289.15,0.3079344114331621,4.492933333333334,False,False,7.318995541603971,,no_arc_no_semicircle,1264.3302299999998,4.734848,0.6120590029710826,19.65247
S8-3-11-1,290.15,0.3079344114331621,4.492933333333334,False,False,7.095925495876108,,no_arc_no_semicircle,1274.9315150000002,4.734848,0.5981760518328699,19.44489
S8-3-11-1,291.15,0.3079344114331621,4.492933333333334,False,False,6.88268095886865,,no_arc_no_semicircle,1279.076894,4.734848,0.5919707435509342,19.34022
S8-3-11-1,292.15,0.3079344114331621,4.492933333333334,False,False,6.679531752499504,,no_arc_no_semicircle,1282.193349,4.734848,0.5856117570611414,19.23563
S8-3-11-1,293.15,0.3079344114331621,4.492933333333334,False,False,6.486350105078183,,no_arc_no_semicircle,1285.16359,4.734848,0.5800568159575695,19.12996
S8-3-11-1,294.15,0.3079344114331621,4.492933333333334,False,False,6.302244803244357,,no_arc_no_semicircle,1287.066592,4.734848,0.5745186026862544,19.02291
S8-3-11-1,294.15,0.3079344114331621,4.492933333333334,False,False,6.126713361347524,,no_arc_no_semicircle,1287.066592,4.734848,0.5745186026862544,19.02291
S8-3-11-1,295.15,0.3079344114331621,4.492933333333334,False,False,5.9598418950369885,,no_arc_no_semicircle,1285.622384,4.734848,0.5664560675539696,18.80691
S8-3-11-1,296.15,0.3079344114331621,4.492933333333334,False,False,5.802247391182108,,no_arc_no_semicircle,1282.928137,4.734848,0.5630218709592457,18.69687
S8-3-11-1,297.15,0.3079344114331621,4.492933333333334,False,False,5.654710158910293,,no_arc_no_semicircle,1278.1538369999998,4.734848,0.560417595491676,18.58344
S8-3-11-1,298.15,0.3079344114331621,4.492933333333334,False,False,5.523390047669171,,no_arc_no_semicircle,1271.559772,4.734848,0.5592201134843698,18.46627
S8-3-11-1,299.15,0.3079344114331621,4.492933333333334,False,False,5.4268950781646215,,no_arc_no_semicircle,1261.171251,4.734848,0.559272976957512,18.35453
S8-3-11-1,299.15,0.3079344114331621,4.492933333333334,False,False,5.426581384805724,,no_arc_no_semicircle,1261.171251,4.734848,0.559272976957512,18.35453
S8-3-11-2,187.15,0.3079344114331621,4.492933333333334,False,False,11001.17,,no_arc_no_semicircle,11732.835000000005,4.734848,0.1656752183082775,440.1798
S8-3-11-2,192.15,0.3079344114331621,4.492933333333334,False,False,3265.1254367523693,,no_arc_no_semicircle,3594.398,4.734848,0.4826449380396938,148.7089
S8-3-11-2,195.15,0.3079344114331621,4.492933333333334,False,False,1145.288,,no_arc_no_semicircle,1697.813,4.734848,0.9220656220679186,51.09824
S8-3-11-2,199.15,0.3079344114331621,4.492933333333334,False,False,552.7528,,no_arc_no_semicircle,1287.397,4.734848,1.1247222107865709,30.94133
S8-3-11-2,202.15,0.3079344114331621,4.492933333333334,False,False,306.866,,no_arc_no_semicircle,1173.0509,4.734848,1.1550385409533372,29.28326
S8-3-11-2,205.15,0.3079344114331621,4.492933333333334,False,False,187.8064,,no_arc_no_semicircle,1127.6502,4.734848,1.137264020349572,27.95419
S8-3-11-2,208.15,0.3079344114331621,4.492933333333334,False,False,124.705,,no_arc_no_semicircle,1102.2782,4.734848,1.1099466541205287,26.93247
S8-3-11-2,210.15,0.3079344114331621,4.492933333333334,False,False,87.80094037861849,,no_arc_no_semicircle,1069.14861,4.734848,1.0949329111506765,26.03231
S8-3-11-2,213.15,0.3079344114331621,4.492933333333334,False,False,63.77808462976002,,no_arc_no_semicircle,1024.67322,4.734848,1.0930665290540131,25.20169
S8-3-11-2,216.15,0.3079344114331621,4.492933333333334,False,False,47.33852441867212,,no_arc_no_semicircle,970.91873,4.734848,1.1036814584882908,24.43863
S8-3-11-2,219.15,0.3079344114331621,4.492933333333334,False,False,35.75428213069926,,no_arc_no_semicircle,910.37819,4.734848,1.1258991167176344,23.71926
S8-3-11-2,221.15,0.3079344114331621,4.492933333333334,False,False,27.566140598397386,,no_arc_no_semicircle,851.48648,4.734848,1.1496142604636526,23.05083
S8-3-11-2,224.15,0.3079344114331621,4.492933333333334,False,False,21.6194850521754,,no_arc_no_semicircle,795.75818,4.734848,1.176171007126812,22.4394
S8-3-11-2,227.15,0.3079344114331621,4.492933333333334,False,False,17.359032326155333,,no_arc_no_semicircle,746.4290400000001,4.734848,1.2019129105695012,21.85557
S8-3-11-2,230.15,0.3079344114331621,4.492933333333334,False,False,14.176788494588346,,no_arc_no_semicircle,705.12424,4.734848,1.220844712415501,21.30952
S8-3-11-2,232.15,0.3079344114331621,4.492933333333334,False,False,11.767961918023223,,no_arc_no_semicircle,671.29102,4.734848,1.2330952974761955,20.79698
S8-3-11-2,235.15,0.3079344114331621,4.492933333333334,False,False,9.913768305583917,,no_arc_no_semicircle,644.66891,4.734848,1.2362696380068938,20.31948
S8-3-11-2,238.15,0.3079344114331621,4.492933333333334,False,False,8.472168370168404,,no_arc_no_semicircle,623.950183,4.734848,1.2333742676376436,19.87333
S8-3-11-2,241.15,0.3079344114331621,4.492933333333334,False,False,7.332987025386282,,no_arc_no_semicircle,607.75009,4.734848,1.2258772351642084,19.45216
S8-3-11-2,244.15,0.3079344114331621,4.492933333333334,False,False,6.405389722917875,,no_arc_no_semicircle,595.991292,4.734848,1.2119779427918198,19.04825
S8-3-11-2,246.15,0.3079344114331621,4.492933333333334,False,False,5.655896685824721,,no_arc_no_semicircle,586.406445,4.734848,1.193096027449014,18.66593
S8-3-11-2,249.15,0.3079344114331621,4.492933333333334,False,False,5.056870762798314,,no_arc_no_semicircle,581.378826,4.734848,1.1703028551645238,18.30568
S8-3-11-2,252.15,0.3079344114331621,4.492933333333334,False,False,4.563972858144071,,no_arc_no_semicircle,580.497193,4.734848,1.1403293727899193,17.96033
S8-3-11-2,255.15,0.3079344114331621,4.492933333333334,False,False,4.158872386012129,,no_arc_no_semicircle,584.342938,4.734848,1.1045864646010302,17.62909
S8-3-11-2,258.15,0.3079344114331621,4.492933333333334,False,False,3.8214079576496567,,no_arc_no_semicircle,593.694408,4.734848,1.0617256816068898,17.31175
S8-3-11-2,260.15,0.3079344114331621,4.492933333333334,False,False,3.5367296751259816,,no_arc_no_semicircle,608.202985,4.734848,1.0123511643074212,17.0046
S8-3-11-2,263.15,0.3079344114331621,4.492933333333334,False,False,3.2906438918682714,,no_arc_no_semicircle,628.3864020000001,4.734848,0.9586978618292872,16.69905
S8-3-11-2,266.15,0.3079344114331621,4.492933333333334,False,False,3.0843888029962634,,no_arc_no_semicircle,654.3900649999999,4.734848,0.9016444954738106,16.4096
S8-3-11-2,269.15,0.3079344114331621,4.492933333333334,False,False,2.9046738002023504,,no_arc_no_semicircle,686.160204,4.734848,0.8427289962738777,16.12317
S8-3-11-2,272.15,0.3079344114331621,4.492933333333334,False,False,2.751194207815047,,no_arc_no_semicircle,722.8139219999999,4.734848,0.7842300525030552,15.84523
S8-3-11-2,274.15,0.3079344114331621,4.492933333333334,False,False,2.6179896106600062,,no_arc_no_semicircle,762.865857,4.734848,0.7285090752200215,15.5768
S8-3-11-2,276.15,0.3079344114331621,4.492933333333334,False,False,2.500709386278838,,no_arc_no_semicircle,805.170951,4.734848,0.6778264905386525,15.31099
S8-3-11-2,279.15,0.3079344114331621,4.492933333333334,False,False,2.399119131666504,,no_arc_no_semicircle,848.733747,4.734848,0.6311795682609983,15.05444
S8-3-11-2,282.15,0.3079344114331621,4.492933333333334,False,False,2.306630764293495,,no_arc_no_semicircle,891.687378,4.734848,0.5899735860116654,14.79794
S8-3-11-2,285.15,0.3079344114331621,4.492933333333334,False,False,2.2263912267831785,,no_arc_no_semicircle,930.389747,4.734848,0.5553757462032731,14.54714
S8-3-11-2,288.15,0.3079344114331621,4.492933333333334,False,False,2.1564987987854454,,no_arc_no_semicircle,963.676454,4.734848,0.5265930260033099,14.30994
S8-3-11-2,291.15,0.3079344114331621,4.492933333333334,False,False,2.095162982665405,,no_arc_no_semicircle,989.260401,4.734848,0.5031991571650906,14.08644
S8-3-11-2,294.15,0.3079344114331621,4.492933333333334,False,False,2.0445287023751426,,no_arc_no_semicircle,1006.116251,4.734848,0.4856207217748234,13.87767
S8-3-11-2,297.15,0.3079344114331621,4.492933333333334,False,False,2.0078715495889727,,no_arc_no_semicircle,1012.396122,4.734848,0.4754879928313272,13.70621
S8-3-11-2,299.15,0.3079344114331621,4.492933333333334,False,False,1.988834215378612,,no_arc_no_semicircle,1008.574849,4.734848,0.472408766163868,13.58728
S8-3-2-1,212.15,0.2941272648899327,4.2860000000000005,False,False,8736.589624332286,,no_arc_no_semicircle,8967.67,4.734848,0.2514598552355293,400.4007
S8-3-2-1,217.15,0.2941272648899327,4.2860000000000005,False,False,3647.446042019945,,no_arc_no_semicircle,3870.844,4.734848,0.5209750121678889,173.8246
S8-3-2-1,221.15,0.2941272648899327,4.2860000000000005,False,False,1456.79,,no_arc_no_semicircle,2160.848,4.734848,0.8490453747787902,78.08132
S8-3-2-1,224.15,0.2941272648899327,4.2860000000000005,False,False,727.8803,,no_arc_no_semicircle,1692.0926999999997,4.734848,1.0032635918824069,38.46488
S8-3-2-1,227.15,0.2941272648899327,4.2860000000000005,False,False,426.6137,,no_arc_no_semicircle,1491.4632,4.734848,1.0721491485676609,36.17472
S8-3-2-1,231.15,0.2941272648899327,4.2860000000000005,False,False,288.9986,,no_arc_no_semicircle,1359.9023,4.734848,1.1127858229227194,34.62517
S8-3-2-1,233.15,0.2941272648899327,4.2860000000000005,False,False,195.6512,,no_arc_no_semicircle,1248.5694,4.734848,1.1468765773051932,33.15558
S8-3-2-1,236.15,0.2941272648899327,4.2860000000000005,False,False,141.6833,,no_arc_no_semicircle,1179.6046,4.734848,1.1586518058678297,32.0321
S8-3-2-1,239.15,0.2941272648899327,4.2860000000000005,False,False,103.3795,,no_arc_no_semicircle,1126.175,4.734848,1.1616196417075488,31.02565
S8-3-2-1,242.15,0.2941272648899327,4.2860000000000005,False,False,78.86294280551282,,no_arc_no_semicircle,1086.01392,4.734848,1.1564418990135954,30.12518
S8-3-2-1,245.15,0.2941272648899327,4.2860000000000005,False,False,61.61975859891408,,no_arc_no_semicircle,1055.3699800000002,4.734848,1.1468688923670152,29.31056
S8-3-2-1,247.15,0.2941272648899327,4.2860000000000005,False,False,48.80151918760063,,no_arc_no_semicircle,1031.84923,4.734848,1.133227574342425,28.56298
S8-3-2-1,250.15,0.2941272648899327,4.2860000000000005,False,False,39.17715893863773,,no_arc_no_semicircle,1013.4778300000002,4.734848,1.118163581338527,27.87868
S8-3-2-1,253.15,0.2941272648899327,4.2860000000000005,False,False,31.716315143893446,,no_arc_no_semicircle,999.25025,4.734848,1.1005211157064996,27.24825
S8-3-2-1,256.15,0.2941272648899327,4.2860000000000005,False,False,26.146949501604333,,no_arc_no_semicircle,987.84313,4.734848,1.0834625129194335,26.66312
S8-3-2-1,258.15,0.2941272648899327,4.2860000000000005,False,False,21.72381556201032,,no_arc_no_semicircle,976.37893,4.734848,1.067382721992986,26.14514
S8-3-2-1,261.15,0.2941272648899327,4.2860000000000005,False,False,18.32602508395233,,no_arc_no_semicircle,969.85975,4.734848,1.048370138053465,25.64749
S8-3-2-1,264.15,0.2941272648899327,4.2860000000000005,False,False,15.575308188111345,,no_arc_no_semicircle,965.70072,4.734848,1.0284190323478262,25.18147
S8-3-2-1,267.15,0.2941272648899327,4.2860000000000005,False,False,13.408299940943229,,no_arc_no_semicircle,962.81242,4.734848,1.0085962538788178,24.7428
S8-3-2-1,270.15,0.2941272648899327,4.2860000000000005,False,False,11.627731590081996,,no_arc_no_semicircle,963.15842,4.734848,0.9861524130163332,24.33045
S8-3-2-1,272.15,0.2941272648899327,4.2860000000000005,False,False,10.185512089069032,,no_arc_no_semicircle,965.332,4.734848,0.9645096194884236,23.94059
S8-3-2-1,274.15,0.2941272648899327,4.2860000000000005,False,False,8.99057690915229,,no_arc_no_semicircle,969.818633,4.734848,0.9412148508390218,23.57375
S8-3-2-1,277.15,0.2941272648899327,4.2860000000000005,False,False,7.985977620064764,,no_arc_no_semicircle,975.276711,4.734848,0.9172086136280138,23.22341
S8-3-2-1,280.15,0.2941272648899327,4.2860000000000005,False,False,7.16028418642873,,no_arc_no_semicircle,982.793902,4.734848,0.8935345429117234,22.88883
S8-3-2-1,283.15,0.2941272648899327,4.2860000000000005,False,False,6.45812581821531,,no_arc_no_semicircle,992.490032,4.734848,0.8681242856049148,22.56813
S8-3-2-1,285.15,0.2941272648899327,4.2860000000000005,False,False,5.867086243066476,,no_arc_no_semicircle,1004.28101,4.734848,0.8430415307763305,22.26014
S8-3-2-1,288.15,0.2941272648899327,4.2860000000000005,False,False,5.363799737988315,,no_arc_no_semicircle,1016.536257,4.734848,0.8177990644951477,21.95837
S8-3-2-1,291.15,0.2941272648899327,4.2860000000000005,False,False,4.941555660719075,,no_arc_no_semicircle,1028.424787,4.734848,0.7945966592110146,21.6546
S8-3-2-1,294.15,0.2941272648899327,4.2860000000000005,False,False,4.603070848616508,,no_arc_no_semicircle,1043.170237,4.734848,0.7694978935638472,21.35993
S8-3-2-1,297.15,0.2941272648899327,4.2860000000000005,False,False,4.364653860954397,,no_arc_no_semicircle,1057.764184,4.734848,0.7456672403269795,21.09342
S8-3-2-1,299.15,0.2941272648899327,4.2860000000000005,False,False,4.274363756912819,,no_arc_no_semicircle,1073.772698,4.734848,0.7241424571962802,20.90786
S8-3-2-2,235.15,0.2941272648899327,4.2860000000000005,False,False,3311.117,,no_arc_no_semicircle,143211.054,4.734848,0.4927746010444138,6301.26
S8-3-2-2,240.15,0.2941272648899327,4.2860000000000005,False,False,2075.583,,no_arc_no_semicircle,119035.652,4.734848,0.4763687941155646,5209.57
S8-3-2-2,245.15,0.2941272648899327,4.2860000000000005,False,False,1443.703,,no_arc_no_semicircle,101781.103,4.734848,0.4659022019048074,4453.137
S8-3-2-2,249.15,0.2941272648899327,4.2860000000000005,False,False,1073.311,,no_arc_no_semicircle,88266.718,4.734848,0.4566881029835051,3899.287
S8-3-2-2,253.15,0.2941272648899327,4.2860000000000005,False,False,838.0334,,no_arc_no_semicircle,77426.1966,4.734848,0.4489083995635657,3480.844
S8-3-2-2,257.15,0.2941272648899327,4.2860000000000005,False,False,693.0349,,no_arc_no_semicircle,68492.3451,4.734848,0.4423459286693338,3146.769
S8-3-2-2,260.15,0.2941272648899327,4.2860000000000005,False,False,581.009,,no_arc_no_semicircle,61374.323,4.734848,0.4368703179015107,2878.454
S8-3-2-2,264.15,0.2941272648899327,4.2860000000000005,False,False,504.5439,,no_arc_no_semicircle,55316.999,4.734848,0.4315378713874193,2659.347
S8-3-2-2,267.15,0.2941272648899327,4.2860000000000005,False,False,450.6134,,no_arc_no_semicircle,50621.3198,4.734848,0.4271534224202507,2480.856
S8-3-2-2,270.15,0.2941272648899327,4.2860000000000005,False,False,386.686,,no_arc_no_semicircle,46899.0007,4.734848,0.4237815241978067,2334.091
S8-3-2-2,273.15,0.2941272648899327,4.2860000000000005,False,False,359.1921,,no_arc_no_semicircle,43671.1354,4.734848,0.4196206448985524,2205.807
S8-3-2-2,275.15,0.2941272648899327,4.2860000000000005,False,False,349.4118,,no_arc_no_semicircle,40659.3243,4.734848,0.416653013586849,2092.657
S8-3-2-2,278.15,0.2941272648899327,4.2860000000000005,False,False,345.4987,,no_arc_no_semicircle,37986.7112,4.734848,0.4148574462534677,1998.993
S8-3-2-3,197.15,0.2941272648899327,4.2860000000000005,False,False,6041.760331775125,,no_arc_no_semicircle,16019.986,4.734848,0.1363094199957478,165.9099
S8-3-2-3,206.15,0.2941272648899327,4.2860000000000005,False,False,396.4249,,no_arc_no_semicircle,1535.1826,4.734848,1.068157625027797,33.80883
S8-3-2-3,215.15,0.2941272648899327,4.2860000000000005,False,False,116.9421,,no_arc_no_semicircle,1002.7942,4.734848,1.4404092085893585,29.88807
S8-3-2-3,223.15,0.2941272648899327,4.2860000000000005,False,False,54.628455096022,,no_arc_no_semicircle,949.49143,4.734848,1.3679354641463153,27.28638
S8-3-2-3,231.15,0.2941272648899327,4.2860000000000005,False,False,29.873396437838814,,no_arc_no_semicircle,1017.48531,4.734848,1.1516755951985185,25.26982
S8-3-2-3,240.15,0.2941272648899327,4.2860000000000005,False,False,19.105858591502983,,no_arc_no_semicircle,1091.99332,4.734848,0.9668877827933958,23.69189
S8-3-2-3,248.15,0.2941272648899327,4.2860000000000005,False,False,13.24911848581504,,no_arc_no_semicircle,1112.92919,4.734848,0.8448271538281776,22.42583
S8-3-2-3,256.15,0.2941272648899327,4.2860000000000005,False,False,9.127304749845331,,no_arc_no_semicircle,1178.431429,4.734848,0.6995438849586211,21.16551
S8-3-2-3,265.15,0.2941272648899327,4.2860000000000005,False,False,7.739894556345558,,no_arc_no_semicircle,1352.343324,4.734848,0.5288242174218768,20.47326
S8-3-2-3,273.15,0.2941272648899327,4.2860000000000005,False,False,6.313137408021618,,no_arc_no_semicircle,1394.338813,4.734848,0.437106386423168,21.2454
S8-3-2-3,281.15,0.2941272648899327,4.2860000000000005,False,False,5.372152927816294,,no_arc_no_semicircle,1207.369846,4.734848,0.4082560962020246,21.50699
S8-3-2-3,290.15,0.2941272648899327,4.2860000000000005,False,False,4.894062674222648,,no_arc_no_semicircle,968.711219,4.734848,0.4001794264344115,22.47746
S8-3-2-3,299.15,0.2941272648899327,4.2860000000000005,True,True,4.818175831711126,,ok,830.536232,4.734848,0.4149975482345959,23.32531
S8-3-2-4,207.15,0.2941272648899327,4.2860000000000005,False,False,5117.292,,no_arc_no_semicircle,16415.624,4.734848,0.132348426109175,171.1787
S8-3-2-4,217.15,0.2941272648899327,4.2860000000000005,False,False,392.4877,,no_arc_no_semicircle,1786.5097999999998,4.734848,0.815197879127223,33.08225
S8-3-2-4,225.15,0.2941272648899327,4.2860000000000005,False,False,104.7313,,no_arc_no_semicircle,1155.3614,4.734848,1.080915460738085,28.64987
S8-3-2-4,233.15,0.2941272648899327,4.2860000000000005,False,False,52.33259011204832,,no_arc_no_semicircle,1046.63958,4.734848,1.064336779619971,25.78251
S8-3-2-4,242.15,0.2941272648899327,4.2860000000000005,False,False,26.744575515434587,,no_arc_no_semicircle,1017.62982,4.734848,0.9916317114213488,23.62245
S8-3-2-4,250.15,0.2941272648899327,4.2860000000000005,False,False,15.26858946445896,,no_arc_no_semicircle,996.59081,4.734848,0.9205832431868392,22.00943
S8-3-2-4,258.15,0.2941272648899327,4.2860000000000005,False,False,9.818363734783944,,no_arc_no_semicircle,1000.86439,4.734848,0.8378718519498922,20.81222
S8-3-2-4,267.15,0.2941272648899327,4.2860000000000005,False,False,6.870080718335702,,no_arc_no_semicircle,1063.803112,4.734848,0.7212981343487547,19.83368
S8-3-2-4,274.15,0.2941272648899327,4.2860000000000005,False,False,5.140708814086604,,no_arc_no_semicircle,1193.666524,4.734848,0.588084432197748,18.97727
S8-3-2-4,283.15,0.2941272648899327,4.2860000000000005,False,False,4.115169835588612,,no_arc_no_semicircle,1322.519397,4.734848,0.4835163109520726,18.24237
S8-3-2-4,291.15,0.2941272648899327,4.2860000000000005,False,False,3.513559868415526,,no_arc_no_semicircle,1338.494791,4.734848,0.4326405331524369,17.62252
S8-3-2-4,299.15,0.2941272648899327,4.2860000000000005,False,False,3.295304083719917,,no_arc_no_semicircle,1244.41214,4.734848,0.4247566244411596,17.20401
S8-3-2-5,198.15,0.2941272648899327,4.2860000000000005,False,False,24199.12,,no_arc_no_semicircle,68497.466,4.734848,0.0347501614147302,846.122
S8-3-2-5,208.15,0.2941272648899327,4.2860000000000005,False,False,1087.728,,no_arc_no_semicircle,3204.8929,4.734848,0.5264537857099686,35.79497
S8-3-2-5,217.15,0.2941272648899327,4.2860000000000005,False,False,207.9456,,no_arc_no_semicircle,1338.7430000000002,4.734848,1.060602371030137,29.92171
S8-3-2-5,225.15,0.2941272648899327,4.2860000000000005,False,False,76.15664091521381,,no_arc_no_semicircle,1120.44992,4.734848,1.121853799587936,27.08941
S8-3-2-5,233.15,0.2941272648899327,4.2860000000000005,False,False,36.62127929018191,,no_arc_no_semicircle,1084.44704,4.734848,1.0377602210984862,25.02902
S8-3-2-5,242.15,0.2941272648899327,4.2860000000000005,False,False,19.64708691599765,,no_arc_no_semicircle,1055.53957,4.734848,0.9612742419500192,23.43335
S8-3-2-5,250.15,0.2941272648899327,4.2860000000000005,False,False,11.99049718862964,,no_arc_no_semicircle,989.86882,4.734848,0.9274913821409174,22.14283
S8-3-2-5,258.15,0.2941272648899327,4.2860000000000005,False,False,8.053570349724735,,no_arc_no_semicircle,921.677936,4.734848,0.9037035253494438,21.09745
S8-3-2-5,267.15,0.2941272648899327,4.2860000000000005,False,False,5.857581080155362,,no_arc_no_semicircle,904.123291,4.734848,0.8388765199944387,20.20279
S8-3-2-5,274.15,0.2941272648899327,4.2860000000000005,False,False,4.5576382245011535,,no_arc_no_semicircle,958.395819,4.734848,0.7236498597454747,19.41475
S8-3-2-5,283.15,0.2941272648899327,4.2860000000000005,False,False,3.786895615444843,,no_arc_no_semicircle,1053.974194,4.734848,0.6082995235080674,18.75899
S8-3-2-5,291.15,0.2941272648899327,4.2860000000000005,False,False,3.353616353917195,,no_arc_no_semicircle,1127.114827,4.734848,0.5312252005358453,18.23905
S8-3-2-5,299.15,0.2941272648899327,4.2860000000000005,False,False,3.229188706024222,,no_arc_no_semicircle,1151.975055,4.734848,0.4946640098903874,17.94555
S8-3-20-1-1,193.15,0.4079387858179356,4.591600000000001,False,False,9123.604,,no_arc_no_semicircle,10338.646,4.734848,0.2021329485505161,470.8972
S8-3-20-1-1,198.15,0.4079387858179356,4.591600000000001,False,False,2760.515,,no_arc_no_semicircle,3512.922,4.734848,0.532037432086451,155.9478
S8-3-20-1-1,202.15,0.4079387858179356,4.591600000000001,False,False,1018.539,,no_arc_no_semicircle,1719.9085,4.734848,0.9790840617393304,55.05674
S8-3-20-1-1,205.15,0.4079387858179356,4.591600000000001,False,False,507.7787,,no_arc_no_semicircle,1300.317,4.734848,1.198631564456974,33.3944
S8-3-20-1-1,208.15,0.4079387858179356,4.591600000000001,False,False,296.7384,,no_arc_no_semicircle,1132.7154,4.734848,1.2937203820129917,31.70733
S8-3-20-1-1,211.15,0.4079387858179356,4.591600000000001,False,False,181.4657,,no_arc_no_semicircle,1037.5270999999998,4.734848,1.332571457651563,30.26649
S8-3-20-1-1,213.15,0.4079387858179356,4.591600000000001,False,False,117.3081,,no_arc_no_semicircle,996.381,4.734848,1.322028420855073,29.14113
S8-3-20-1-1,216.15,0.4079387858179356,4.591600000000001,False,False,80.62453019055464,,no_arc_no_semicircle,984.28201,4.734848,1.2784019084124056,28.138
S8-3-20-1-1,219.15,0.4079387858179356,4.591600000000001,False,False,57.62097515654435,,no_arc_no_semicircle,988.29253,4.734848,1.2222120104459342,27.20665
S8-3-20-1-1,221.15,0.4079387858179356,4.591600000000001,False,False,41.97459646509826,,no_arc_no_semicircle,994.23942,4.734848,1.1686842994014448,26.32924
S8-3-20-1-1,224.15,0.4079387858179356,4.591600000000001,False,False,31.10663769943246,,no_arc_no_semicircle,989.34392,4.734848,1.1311839870608382,25.49515
S8-3-20-1-1,227.15,0.4079387858179356,4.591600000000001,False,False,23.550304791120038,,no_arc_no_semicircle,967.25151,4.734848,1.115864890197999,24.73698
S8-3-20-1-1,230.15,0.4079387858179356,4.591600000000001,False,False,18.2735323559862,,no_arc_no_semicircle,927.64321,4.734848,1.1232454339853344,23.99676
S8-3-20-1-1,233.15,0.4079387858179356,4.591600000000001,False,False,14.430988568810864,,no_arc_no_semicircle,880.47406,4.734848,1.1403220669556111,23.31652
S8-3-20-1-1,235.15,0.4079387858179356,4.591600000000001,False,False,11.599303467173185,,no_arc_no_semicircle,829.17661,4.734848,1.1677849909442075,22.68255
S8-3-20-1-1,238.15,0.4079387858179356,4.591600000000001,False,False,9.484925840724616,,no_arc_no_semicircle,777.237718,4.734848,1.198637789217531,22.09838
S8-3-20-1-1,241.15,0.4079387858179356,4.591600000000001,False,False,7.880465613895181,,no_arc_no_semicircle,726.943374,4.734848,1.2344982182890063,21.55415
S8-3-20-1-1,244.15,0.4079387858179356,4.591600000000001,False,False,6.646223738501548,,no_arc_no_semicircle,680.165044,4.734848,1.2709069771012795,21.04603
S8-3-20-1-1,246.15,0.4079387858179356,4.591600000000001,False,False,5.672467087623821,,no_arc_no_semicircle,637.872106,4.734848,1.3057910702870563,20.56353
S8-3-20-1-1,249.15,0.4079387858179356,4.591600000000001,False,False,4.906195840142939,,no_arc_no_semicircle,600.554158,4.734848,1.3397258003831831,20.11289
S8-3-20-1-1,252.15,0.4079387858179356,4.591600000000001,False,False,4.295922260730872,,no_arc_no_semicircle,568.958909,4.734848,1.367035980448983,19.69086
S8-3-20-1-1,255.15,0.4079387858179356,4.591600000000001,False,False,3.807092147219575,,no_arc_no_semicircle,543.820212,4.734848,1.385104090246647,19.29624
S8-3-20-1-1,258.15,0.4079387858179356,4.591600000000001,False,False,3.4069181937866424,,no_arc_no_semicircle,523.627316,4.734848,1.3954382777081833,18.92516
S8-3-20-1-1,260.15,0.4079387858179356,4.591600000000001,False,False,3.0788112736052464,,no_arc_no_semicircle,508.594725,4.734848,1.3951790396567691,18.57151
S8-3-20-1-1,263.15,0.4079387858179356,4.591600000000001,False,False,2.8080598877045637,,no_arc_no_semicircle,498.017522,4.734848,1.3869309200731268,18.23934
S8-3-20-1-1,266.15,0.4079387858179356,4.591600000000001,False,False,2.5832171622838493,,no_arc_no_semicircle,491.765446,4.734848,1.367978383743535,17.92151
S8-3-20-1-1,269.15,0.4079387858179356,4.591600000000001,False,False,2.3933506386533123,,no_arc_no_semicircle,490.86225,4.734848,1.3380104092339524,17.61591
S8-3-20-1-1,272.15,0.4079387858179356,4.591600000000001,False,False,2.227212833258391,,no_arc_no_semicircle,494.678297,4.734848,1.2962557765092304,17.3152
S8-3-20-1-1,274.15,0.4079387858179356,4.591600000000001,False,False,2.0888748307985594,,no_arc_no_semicircle,502.932525,4.734848,1.2462341742562757,17.03224
S8-3-20-1-1,277.15,0.4079387858179356,4.591600000000001,False,False,1.9723793847488127,,no_arc_no_semicircle,516.0139869999999,4.734848,1.1883970501753065,16.759
S8-3-20-1-1,280.15,0.4079387858179356,4.591600000000001,False,False,1.8704637036885237,,no_arc_no_semicircle,533.755667,4.734848,1.1257426143636593,16.49456
S8-3-20-1-1,282.15,0.4079387858179356,4.591600000000001,False,False,1.7837884592426083,,no_arc_no_semicircle,555.941642,4.734848,1.0602314262330412,16.23757
S8-3-20-1-1,285.15,0.4079387858179356,4.591600000000001,False,False,1.707525227500661,,no_arc_no_semicircle,582.348614,4.734848,0.9934459979671196,15.98755
S8-3-20-1-1,288.15,0.4079387858179356,4.591600000000001,False,False,1.6411807608032387,,no_arc_no_semicircle,612.190843,4.734848,0.9280341359173172,15.74382
S8-3-20-1-1,291.15,0.4079387858179356,4.591600000000001,False,False,1.581831639104696,,no_arc_no_semicircle,644.855107,4.734848,0.8646940901097634,15.5061
S8-3-20-1-1,294.15,0.4079387858179356,4.591600000000001,False,False,1.5299672693773698,,no_arc_no_semicircle,679.398378,4.734848,0.8061304202878141,15.27218
S8-3-20-1-1,297.15,0.4079387858179356,4.591600000000001,False,False,1.4860464934002813,,no_arc_no_semicircle,713.133674,4.734848,0.7543735762504453,15.04737
S8-3-20-1-1,299.15,0.4079387858179356,4.591600000000001,False,False,1.4594313557240643,,no_arc_no_semicircle,739.927653,4.734848,0.7156636163725041,14.86214
S8-3-21-1-1,200.15,0.5511248511687172,4.690266666666666,False,False,18913.39,,no_arc_no_semicircle,22143.985,18984.38,0.1459209803474848,962.646
S8-3-21-1-1,205.15,0.5511248511687172,4.690266666666666,False,False,5128.324994824779,,no_arc_no_semicircle,5492.767,4.734848,0.3233783628542772,265.9505
S8-3-21-1-1,209.15,0.5511248511687172,4.690266666666666,False,False,1841.495,,no_arc_no_semicircle,2205.69,4.734848,0.7249912725723013,91.02567
S8-3-21-1-1,213.15,0.5511248511687172,4.690266666666666,False,False,771.0246,,no_arc_no_semicircle,1406.2942999999998,4.734848,1.042657998400477,32.85983
S8-3-21-1-1,216.15,0.5511248511687172,4.690266666666666,False,False,404.8648,,no_arc_no_semicircle,1188.9567000000002,4.734848,1.1536761599476235,29.50378
S8-3-21-1-1,219.15,0.5511248511687172,4.690266666666666,False,False,246.5666,,no_arc_no_semicircle,1099.7387,4.734848,1.1763167014127982,28.13732
S8-3-21-1-1,222.15,0.5511248511687172,4.690266666666666,False,False,159.7878,,no_arc_no_semicircle,1039.4859,4.734848,1.1776302112419217,26.89551
S8-3-21-1-1,225.15,0.5511248511687172,4.690266666666666,False,False,104.78,,no_arc_no_semicircle,1015.1181,4.734848,1.1501775015143545,25.9489
S8-3-21-1-1,227.15,0.5511248511687172,4.690266666666666,False,False,78.71325257257514,,no_arc_no_semicircle,998.8343,4.734848,1.1201737865830186,25.11384
S8-3-21-1-1,230.15,0.5511248511687172,4.690266666666666,False,False,58.23284805169568,,no_arc_no_semicircle,981.57659,4.734848,1.0939278818782738,24.35734
S8-3-21-1-1,233.15,0.5511248511687172,4.690266666666666,False,False,43.8494992645204,,no_arc_no_semicircle,955.19325,4.734848,1.080595994580153,23.66308
S8-3-21-1-1,236.15,0.5511248511687172,4.690266666666666,False,False,33.50694585983375,,no_arc_no_semicircle,922.62508,4.734848,1.0753035241573956,23.01801
S8-3-21-1-1,239.15,0.5511248511687172,4.690266666666666,False,False,26.16131829960092,,no_arc_no_semicircle,883.43048,4.734848,1.081391260124961,22.4149
S8-3-21-1-1,241.15,0.5511248511687172,4.690266666666666,False,False,20.703112811039148,,no_arc_no_semicircle,840.96964,4.734848,1.09247594241333,21.86882
S8-3-21-1-1,244.15,0.5511248511687172,4.690266666666666,False,False,16.70351730869685,,no_arc_no_semicircle,800.06153,4.734848,1.106695006320325,21.334
S8-3-21-1-1,247.15,0.5511248511687172,4.690266666666666,False,False,13.680529214196966,,no_arc_no_semicircle,761.2523,4.734848,1.1206519835802122,20.827
S8-3-21-1-1,250.15,0.5511248511687172,4.690266666666666,False,False,11.336753480018483,,no_arc_no_semicircle,726.51946,4.734848,1.1307807226526303,20.34697
S8-3-21-1-1,252.15,0.5511248511687172,4.690266666666666,False,False,9.52361319220288,,no_arc_no_semicircle,696.188445,4.734848,1.1375756171879567,19.88639
S8-3-21-1-1,255.15,0.5511248511687172,4.690266666666666,False,False,8.114843906251279,,no_arc_no_semicircle,671.249562,4.734848,1.139138173471164,19.45535
S8-3-21-1-1,258.15,0.5511248511687172,4.690266666666666,False,False,6.994760432489793,,no_arc_no_semicircle,651.867396,4.734848,1.133998424428024,19.04416
S8-3-21-1-1,261.15,0.5511248511687172,4.690266666666666,False,False,6.0929434974975685,,no_arc_no_semicircle,637.9428270000001,4.734848,1.121551445863343,18.64993
S8-3-21-1-1,263.15,0.5511248511687172,4.690266666666666,False,False,5.357466164901679,,no_arc_no_semicircle,629.307958,4.734848,1.1017465951066183,18.2705
S8-3-21-1-1,266.15,0.5511248511687172,4.690266666666666,False,False,4.755829903675749,,no_arc_no_semicircle,626.5332000000001,4.734848,1.0732098474589995,17.90825
S8-3-21-1-1,269.15,0.5511248511687172,4.690266666666666,False,False,4.26175533292446,,no_arc_no_semicircle,628.9279760000001,4.734848,1.0401761806824108,17.56143
S8-3-21-1-1,272.15,0.5511248511687172,4.690266666666666,False,False,3.850283551778321,,no_arc_no_semicircle,636.8978490000001,4.734848,0.9994819436107076,17.22974
S8-3-21-1-1,274.15,0.5511248511687172,4.690266666666666,False,False,3.505224075399176,,no_arc_no_semicircle,650.29649,4.734848,0.9539188809092282,16.91003
S8-3-21-1-1,277.15,0.5511248511687172,4.690266666666666,False,False,3.2112288235027315,,no_arc_no_semicircle,669.416093,4.734848,0.9045811810203956,16.60251
S8-3-21-1-1,279.15,0.5511248511687172,4.690266666666666,False,False,2.962395960713353,,no_arc_no_semicircle,695.02094,4.734848,0.8527471129143233,16.30196
S8-3-21-1-1,282.15,0.5511248511687172,4.690266666666666,False,False,2.749524997614136,,no_arc_no_semicircle,723.823465,4.734848,0.8009227774896731,16.01017
S8-3-21-1-1,285.15,0.5511248511687172,4.690266666666666,False,False,2.5686174807734297,,no_arc_no_semicircle,756.296793,4.734848,0.7500469461861109,15.72706
S8-3-21-1-1,288.15,0.5511248511687172,4.690266666666666,False,False,2.410691143988678,,no_arc_no_semicircle,792.145396,4.734848,0.7017023677809764,15.44983
S8-3-21-1-1,291.15,0.5511248511687172,4.690266666666666,False,False,2.268517651260321,,no_arc_no_semicircle,830.9050619999999,4.734848,0.6551720827041964,15.17122
S8-3-21-1-1,294.15,0.5511248511687172,4.690266666666666,False,False,2.148506587175254,,no_arc_no_semicircle,868.684776,4.734848,0.6145232594705899,14.89873
S8-3-21-1-1,297.15,0.5511248511687172,4.690266666666666,False,False,2.04877817860981,,no_arc_no_semicircle,902.809748,4.734848,0.5809448792083705,14.63459
S8-3-21-1-1,299.15,0.5511248511687172,4.690266666666666,False,False,1.98541067710967,,no_arc_no_semicircle,924.415461,4.734848,0.5604301548997993,14.41167
S8-3-22-1-1,201.15,0.2040451455952585,4.344933333333333,False,False,17505.5,,no_arc_no_semicircle,20950.084,4.734848,0.1430359897363657,1043.876
S8-3-22-1-1,205.15,0.2040451455952585,4.344933333333333,False,False,6057.86,,no_arc_no_semicircle,7074.142,4.734848,0.3688348353765022,380.1028
S8-3-22-1-1,209.15,0.2040451455952585,4.344933333333333,False,False,2265.339,,no_arc_no_semicircle,3080.736,4.734848,0.7336578012526875,134.0864
S8-3-22-1-1,213.15,0.2040451455952585,4.344933333333333,False,False,979.146,,no_arc_no_semicircle,1877.1396,4.734848,1.059849784214237,54.91819
S8-3-22-1-1,216.15,0.2040451455952585,4.344933333333333,False,False,539.7631,,no_arc_no_semicircle,1396.014,4.734848,1.2921102510433269,40.93796
S8-3-22-1-1,219.15,0.2040451455952585,4.344933333333333,False,False,330.2677,,no_arc_no_semicircle,1175.3663,4.734848,1.427649405976672,38.40522
S8-3-22-1-1,222.15,0.2040451455952585,4.344933333333333,False,False,212.178,,no_arc_no_semicircle,1054.881,4.734848,1.502292675666733,36.52515
S8-3-22-1-1,225.15,0.2040451455952585,4.344933333333333,False,False,147.2694,,no_arc_no_semicircle,990.751,4.734848,1.5307832139457829,34.90211
S8-3-22-1-1,228.15,0.2040451455952585,4.344933333333333,False,False,100.8407,,no_arc_no_semicircle,947.648,4.734848,1.5393088995069883,33.48423
S8-3-22-1-1,231.15,0.2040451455952585,4.344933333333333,False,False,77.7138731034974,,no_arc_no_semicircle,913.7736,4.734848,1.5412668958700475,32.20405
S8-3-22-1-1,233.15,0.2040451455952585,4.344933333333333,False,False,59.029122997593525,,no_arc_no_semicircle,883.3008,4.734848,1.5410084537453137,31.02977
S8-3-22-1-1,236.15,0.2040451455952585,4.344933333333333,False,False,45.566401332773445,,no_arc_no_semicircle,855.61789,4.734848,1.5405486671158763,29.95242
S8-3-22-1-1,239.15,0.2040451455952585,4.344933333333333,False,False,35.755091250166885,,no_arc_no_semicircle,832.56167,4.734848,1.5351931827464484,28.95934
S8-3-22-1-1,242.15,0.2040451455952585,4.344933333333333,False,False,28.44172192278043,,no_arc_no_semicircle,815.2600699999999,4.734848,1.5222173214002723,28.04551
S8-3-22-1-1,244.15,0.2040451455952585,4.344933333333333,False,False,22.989928186182784,,no_arc_no_semicircle,804.86302,4.734848,1.4977380871592267,27.23693
S8-3-22-1-1,247.15,0.2040451455952585,4.344933333333333,False,False,18.855215293498738,,no_arc_no_semicircle,801.1582599999999,4.734848,1.4637594824273528,26.47214
S8-3-22-1-1,250.15,0.2040451455952585,4.344933333333333,False,False,15.698139736680472,,no_arc_no_semicircle,804.60421,4.734848,1.4210378044131768,25.78954
S8-3-22-1-1,253.15,0.2040451455952585,4.344933333333333,False,False,13.234169542917764,,no_arc_no_semicircle,814.1333800000001,4.734848,1.3716032623548715,25.17666
S8-3-22-1-1,255.15,0.2040451455952585,4.344933333333333,False,False,11.269489363746471,,no_arc_no_semicircle,829.67424,4.734848,1.3170783752427926,24.62151
S8-3-22-1-1,258.15,0.2040451455952585,4.344933333333333,False,False,9.727309948419174,,no_arc_no_semicircle,851.89187,4.734848,1.254746098234273,24.11047
S8-3-22-1-1,261.15,0.2040451455952585,4.344933333333333,False,False,8.481668992978904,,no_arc_no_semicircle,880.78949,4.734848,1.1896872202687143,23.65395
S8-3-22-1-1,264.15,0.2040451455952585,4.344933333333333,False,False,7.463775127126035,,no_arc_no_semicircle,916.69363,4.734848,1.121121568173217,23.23139
S8-3-22-1-1,267.15,0.2040451455952585,4.344933333333333,False,False,6.63017163174518,,no_arc_no_semicircle,957.960586,4.734848,1.0529712962533084,22.83966
S8-3-22-1-1,269.15,0.2040451455952585,4.344933333333333,False,False,5.9288524336021045,,no_arc_no_semicircle,1009.254398,4.734848,0.981323442298241,22.46569
S8-3-22-1-1,272.15,0.2040451455952585,4.344933333333333,False,False,5.344829803587111,,no_arc_no_semicircle,1070.816362,4.734848,0.9081501128575388,22.11332
S8-3-22-1-1,274.15,0.2040451455952585,4.344933333333333,False,False,4.854627186261149,,no_arc_no_semicircle,1141.077983,4.734848,0.837570274984439,21.77826
S8-3-22-1-1,277.15,0.2040451455952585,4.344933333333333,False,False,4.439044947945647,,no_arc_no_semicircle,1219.550056,4.734848,0.769481412741618,21.46012
S8-3-22-1-1,280.15,0.2040451455952585,4.344933333333333,False,False,4.08612170785281,,no_arc_no_semicircle,1303.342119,4.734848,0.7076697565084976,21.1605
S8-3-22-1-1,283.15,0.2040451455952585,4.344933333333333,False,False,3.788434760678575,,no_arc_no_semicircle,1392.137736,4.734848,0.6507224655822414,20.88743
S8-3-22-1-1,285.15,0.2040451455952585,4.344933333333333,False,False,3.535092155385747,,no_arc_no_semicircle,1479.352385,4.734848,0.6019509678892359,20.63705
S8-3-22-1-1,288.15,0.2040451455952585,4.344933333333333,False,False,3.3124847373459745,,no_arc_no_semicircle,1560.664847,4.734848,0.5607504402256839,20.38932
S8-3-22-1-1,291.15,0.2040451455952585,4.344933333333333,False,False,3.116651483209959,,no_arc_no_semicircle,1629.823039,4.734848,0.5269816903109807,20.11683
S8-3-22-1-1,294.15,0.2040451455952585,4.344933333333333,False,False,2.947546404871468,,no_arc_no_semicircle,1684.331816,4.734848,0.5011760105587173,19.833
S8-3-22-1-1,297.15,0.2040451455952585,4.344933333333333,False,False,2.809512797272802,,no_arc_no_semicircle,1716.797952,4.734848,0.4839762297200128,19.55388
S8-3-22-1-1,299.15,0.2040451455952585,4.344933333333333,False,False,2.7174148670333302,,no_arc_no_semicircle,1724.605254,4.734848,0.4786263396133661,19.30068
S8-3-23-2-1,215.15,0.1521902146952619,3.881733333333334,False,False,78914.92,,no_arc_no_semicircle,152936.586,4.734848,0.1893459946856666,12831.24
S8-3-23-2-1,220.15,0.1521902146952619,3.881733333333334,False,False,25967.235501743453,,no_arc_no_semicircle,59406.992,4.734848,0.3328853950390217,4543.016
S8-3-23-2-1,224.15,0.1521902146952619,3.881733333333334,False,False,9308.729,,no_arc_no_semicircle,30600.391,4.734848,0.4745704066330395,1624.752
S8-3-23-2-1,229.15,0.1521902146952619,3.881733333333334,False,False,4210.445,,no_arc_no_semicircle,19542.143,4.734848,0.5684755249206803,739.3497
S8-3-23-2-1,234.15,0.1521902146952619,3.881733333333334,False,False,1951.182,,no_arc_no_semicircle,13021.251,4.734848,0.6543697683118157,419.0031
S8-3-23-2-1,238.15,0.1521902146952619,3.881733333333334,False,False,1050.546,,no_arc_no_semicircle,9667.668,4.734848,0.7061774359649088,331.6906
S8-3-23-2-1,241.15,0.1521902146952619,3.881733333333334,False,False,645.8945,,no_arc_no_semicircle,7918.429,4.734848,0.7358099693765012,277.516
S8-3-23-2-1,244.15,0.1521902146952619,3.881733333333334,False,False,437.9102,,no_arc_no_semicircle,6875.8513,4.734848,0.751913875740739,240.2764
S8-3-23-2-1,247.15,0.1521902146952619,3.881733333333334,False,False,326.9638,,no_arc_no_semicircle,6239.4501,4.734848,0.758352566999454,214.6198
S8-3-23-2-1,251.15,0.1521902146952619,3.881733333333334,False,False,235.0074,,no_arc_no_semicircle,5763.049,4.734848,0.7550111061002603,192.2028
S8-3-23-2-1,253.15,0.1521902146952619,3.881733333333334,False,False,179.1059,,no_arc_no_semicircle,5409.9771,4.734848,0.7440966801874261,173.6317
S8-3-23-2-1,256.15,0.1521902146952619,3.881733333333334,False,False,140.2205,,no_arc_no_semicircle,5185.1936,4.734848,0.7277757189239761,159.1437
S8-3-23-2-1,259.15,0.1521902146952619,3.881733333333334,False,False,111.4355,,no_arc_no_semicircle,5002.543,4.734848,0.7115505054129468,146.5647
S8-3-23-2-1,262.15,0.1521902146952619,3.881733333333334,False,False,91.03604649853644,,no_arc_no_semicircle,4839.87072,4.734848,0.6967857604262618,135.8857
S8-3-23-2-1,264.15,0.1521902146952619,3.881733333333334,False,False,75.78904995919409,,no_arc_no_semicircle,4682.32173,4.734848,0.6849589124667005,126.5935
S8-3-23-2-1,267.15,0.1521902146952619,3.881733333333334,False,False,63.48044693716172,,no_arc_no_semicircle,4524.01685,4.734848,0.6753029666545117,118.5191
S8-3-23-2-1,270.15,0.1521902146952619,3.881733333333334,False,False,53.50677191853787,,no_arc_no_semicircle,4363.925630000001,4.734848,0.6680294870194659,111.598
S8-3-23-2-1,273.15,0.1521902146952619,3.881733333333334,False,False,45.676444408425695,,no_arc_no_semicircle,4208.708479999999,4.734848,0.6621394694459807,105.5719
S8-3-23-2-1,275.15,0.1521902146952619,3.881733333333334,False,False,39.25969256416825,,no_arc_no_semicircle,4057.934420000001,4.734848,0.6581520851684929,100.3041
S8-3-23-2-1,277.15,0.1521902146952619,3.881733333333334,False,False,33.90293911323144,,no_arc_no_semicircle,3913.46818,4.734848,0.6539861530188803,95.7511
S8-3-23-2-1,280.15,0.1521902146952619,3.881733333333334,False,False,29.64039141984074,,no_arc_no_semicircle,3779.70088,4.734848,0.6510589271815602,91.82819
S8-3-23-2-1,283.15,0.1521902146952619,3.881733333333334,False,False,26.14823152018851,,no_arc_no_semicircle,3659.91374,4.734848,0.648701627596283,88.5407
S8-3-23-2-1,286.15,0.1521902146952619,3.881733333333334,False,False,23.277009701500248,,no_arc_no_semicircle,3557.71488,4.734848,0.6463216074245948,85.79558
S8-3-23-2-1,288.15,0.1521902146952619,3.881733333333334,False,False,20.886240979015337,,no_arc_no_semicircle,3471.21709,4.734848,0.643582911145439,83.45032
S8-3-23-2-1,291.15,0.1521902146952619,3.881733333333334,False,False,18.773440049085128,,no_arc_no_semicircle,3386.64754,4.734848,0.641733742389974,81.13664
S8-3-23-2-1,294.15,0.1521902146952619,3.881733333333334,False,False,17.048619685023123,,no_arc_no_semicircle,3298.08543,4.734848,0.6431419212812809,79.07306
S8-3-23-2-1,297.15,0.1521902146952619,3.881733333333334,False,False,15.69093994543018,,no_arc_no_semicircle,3218.01358,4.734848,0.6471610352868676,77.4097
S8-3-23-2-1,299.15,0.1521902146952619,3.881733333333334,False,False,15.01886281430986,,no_arc_no_semicircle,3140.76355,4.734848,0.6606874306090311,76.52895
S8-3-25-1-1,209.15,1.0408163265306123,5.173333333333333,False,False,9903.76,,no_arc_no_semicircle,10848.705999999998,4.734848,0.1813615374958082,457.0536
S8-3-25-1-1,214.15,1.0408163265306123,5.173333333333333,False,False,3070.465,,no_arc_no_semicircle,3788.174,4.734848,0.4493270372480249,173.0694
S8-3-25-1-1,218.15,1.0408163265306123,5.173333333333333,False,False,1196.274,,no_arc_no_semicircle,1811.491,4.734848,0.8160432483517718,63.2655
S8-3-25-1-1,222.15,1.0408163265306123,5.173333333333333,False,False,581.4167,,no_arc_no_semicircle,1385.1063,4.734848,0.9722798892763675,33.26646
S8-3-25-1-1,225.15,1.0408163265306123,5.173333333333333,False,False,338.4637,,no_arc_no_semicircle,1245.4036999999998,4.734848,1.008515552025419,30.47639
S8-3-25-1-1,228.15,1.0408163265306123,5.173333333333333,False,False,213.6765,,no_arc_no_semicircle,1197.6378,4.734848,0.9893483655909986,29.01289
S8-3-25-1-1,230.15,1.0408163265306123,5.173333333333333,False,False,141.5667,,no_arc_no_semicircle,1183.1509999999998,4.734848,0.952035708037266,27.69591
S8-3-25-1-1,233.15,1.0408163265306123,5.173333333333333,False,False,95.14495603990753,,no_arc_no_semicircle,1175.8647,4.734848,0.9143560479364669,26.57448
S8-3-25-1-1,236.15,1.0408163265306123,5.173333333333333,False,False,72.03338540123401,,no_arc_no_semicircle,1158.07278,4.734848,0.8871117754792571,25.53732
S8-3-25-1-1,239.15,1.0408163265306123,5.173333333333333,False,False,53.81362435933269,,no_arc_no_semicircle,1128.46387,4.734848,0.8710947918961722,24.57212
S8-3-25-1-1,241.15,1.0408163265306123,5.173333333333333,False,False,40.90182591319055,,no_arc_no_semicircle,1084.2448,4.734848,0.8660822721953559,23.65664
S8-3-25-1-1,244.15,1.0408163265306123,5.173333333333333,False,False,31.561337976185783,,no_arc_no_semicircle,1032.84625,4.734848,0.869262874314545,22.80213
S8-3-25-1-1,247.15,1.0408163265306123,5.173333333333333,False,False,24.816774477848185,,no_arc_no_semicircle,980.31763,4.734848,0.8736330693144824,22.03334
S8-3-25-1-1,250.15,1.0408163265306123,5.173333333333333,False,False,19.68069249338428,,no_arc_no_semicircle,930.38623,4.734848,0.8771986017032939,21.28287
S8-3-25-1-1,253.15,1.0408163265306123,5.173333333333333,False,False,15.965154581918972,,no_arc_no_semicircle,889.62428,4.734848,0.8743251701718383,20.62529
S8-3-25-1-1,255.15,1.0408163265306123,5.173333333333333,False,False,13.137300194657987,,no_arc_no_semicircle,856.23391,4.734848,0.866588196676302,20.02434
S8-3-25-1-1,258.15,1.0408163265306123,5.173333333333333,False,False,10.957423660625862,,no_arc_no_semicircle,830.75665,4.734848,0.8518287515363243,19.48262
S8-3-25-1-1,261.15,1.0408163265306123,5.173333333333333,False,False,9.255183783389729,,no_arc_no_semicircle,811.931185,4.734848,0.833885078573499,18.98509
S8-3-25-1-1,264.15,1.0408163265306123,5.173333333333333,False,False,7.912516805108794,,no_arc_no_semicircle,799.591385,4.734848,0.8105713895354177,18.52589
S8-3-25-1-1,266.15,1.0408163265306123,5.173333333333333,False,False,6.84052249923951,,no_arc_no_semicircle,793.3124859999999,4.734848,0.7848551623577992,18.0974
S8-3-25-1-1,269.15,1.0408163265306123,5.173333333333333,False,False,5.97595741596769,,no_arc_no_semicircle,791.555494,4.734848,0.7567235709187046,17.69599
S8-3-25-1-1,272.15,1.0408163265306123,5.173333333333333,False,False,5.263676219096136,,no_arc_no_semicircle,794.1158350000001,4.734848,0.7267038063785735,17.31158
S8-3-25-1-1,274.15,1.0408163265306123,5.173333333333333,False,False,4.679716595366253,,no_arc_no_semicircle,801.349545,4.734848,0.6960006447623293,16.94773
S8-3-25-1-1,277.15,1.0408163265306123,5.173333333333333,False,False,4.195585259833695,,no_arc_no_semicircle,813.219394,4.734848,0.66468262314954,16.60124
S8-3-25-1-1,279.15,1.0408163265306123,5.173333333333333,False,False,3.7943761335516566,,no_arc_no_semicircle,829.432667,4.734848,0.6313212884343743,16.26824
S8-3-25-1-1,282.15,1.0408163265306123,5.173333333333333,False,False,3.4556861543717416,,no_arc_no_semicircle,848.3861380000001,4.734848,0.5998710695577152,15.94584
S8-3-25-1-1,285.15,1.0408163265306123,5.173333333333333,False,False,3.174026821913043,,no_arc_no_semicircle,870.792246,4.734848,0.5675090726519852,15.64052
S8-3-25-1-1,288.15,1.0408163265306123,5.173333333333333,False,False,2.936614842068509,,no_arc_no_semicircle,895.7923480000001,4.734848,0.5373802322321237,15.34978
S8-3-25-1-1,291.15,1.0408163265306123,5.173333333333333,False,False,2.7329851762776047,,no_arc_no_semicircle,922.232552,4.734848,0.5082745116548429,15.06731
S8-3-25-1-1,294.15,1.0408163265306123,5.173333333333333,False,False,2.559776926515601,,no_arc_no_semicircle,947.059074,4.734848,0.4817984564287058,14.78957
S8-3-25-1-1,297.15,1.0408163265306123,5.173333333333333,False,False,2.416856846135304,,no_arc_no_semicircle,966.080563,4.734848,0.4610713816835165,14.52071
S8-3-25-1-1,299.15,1.0408163265306123,5.173333333333333,False,False,2.307942139850004,,no_arc_no_semicircle,977.786223,4.734848,0.4463107474157974,14.27332
S8-3-27-1-1,272.15,0.0,2.7580000000000005,False,False,297.3716,,no_arc_no_semicircle,2057.903,4.734848,0.98117889910263,69.66673
S8-3-27-1-1,274.15,0.0,2.7580000000000005,False,False,267.2337,,no_arc_no_semicircle,1976.9889,4.734848,0.9832144227011084,66.2568
S8-3-27-1-1,277.15,0.0,2.7580000000000005,False,False,240.4502,,no_arc_no_semicircle,1898.9646,4.734848,0.9852874561221412,62.97307
S8-3-27-1-1,280.15,0.0,2.7580000000000005,False,False,221.8097,,no_arc_no_semicircle,1826.8316,4.734848,0.9882197133003388,60.07761
S8-3-27-1-1,283.15,0.0,2.7580000000000005,False,False,206.2766,,no_arc_no_semicircle,1768.1174,4.734848,0.9887471273117946,57.63807
S8-3-27-1-1,286.15,0.0,2.7580000000000005,False,False,193.8999,,no_arc_no_semicircle,1712.8824,4.734848,0.9902974074577444,55.43322
S8-3-27-1-1,288.15,0.0,2.7580000000000005,False,False,182.9781,,no_arc_no_semicircle,1658.9239,4.734848,0.9916850314833604,53.3728
S8-3-27-1-1,291.15,0.0,2.7580000000000005,False,False,173.7631,,no_arc_no_semicircle,1606.2525,4.734848,0.9939576747740464,51.40076
S8-3-27-1-1,294.15,0.0,2.7580000000000005,False,False,166.0881,,no_arc_no_semicircle,1554.9557,4.734848,0.9952328545437013,49.55137
S8-3-27-1-1,297.15,0.0,2.7580000000000005,False,False,160.5823,,no_arc_no_semicircle,1505.2529,4.734848,0.9955450011091154,47.86755
S8-3-27-1-1,299.15,0.0,2.7580000000000005,False,False,161.1072,,no_arc_no_semicircle,1457.4658000000002,4.734848,0.9957557837720782,46.55968
S8-3-28-1-1,212.15,0.0641214250069669,3.3986666666666667,False,False,16607.01,,no_arc_no_semicircle,18969.651,4.734848,0.120819934958213,938.8882
S8-3-28-1-1,216.15,0.0641214250069669,3.3986666666666667,False,False,4640.609,,no_arc_no_semicircle,6264.445,4.734848,0.3124075636389177,367.8223
S8-3-28-1-1,220.15,0.0641214250069669,3.3986666666666667,False,False,1968.424,,no_arc_no_semicircle,2951.8020000000006,4.734848,0.5643020771718426,156.758
S8-3-28-1-1,224.15,0.0641214250069669,3.3986666666666667,False,False,944.938,,no_arc_no_semicircle,1748.2887,4.734848,0.8339320616783711,71.3265
S8-3-28-1-1,227.15,0.0641214250069669,3.3986666666666667,False,False,511.3999,,no_arc_no_semicircle,1282.1361,4.734848,1.0305668797563683,50.64733
S8-3-28-1-1,230.15,0.0641214250069669,3.3986666666666667,False,False,315.1099,,no_arc_no_semicircle,1059.851,4.734848,1.1585770075227546,46.3468
S8-3-28-1-1,233.15,0.0641214250069669,3.3986666666666667,False,False,199.1994,,no_arc_no_semicircle,916.5551,4.734848,1.2609072820608371,43.3135
S8-3-28-1-1,235.15,0.0641214250069669,3.3986666666666667,False,False,131.9541,,no_arc_no_semicircle,820.4429,4.734848,1.340483292621581,40.66734
S8-3-28-1-1,238.15,0.0641214250069669,3.3986666666666667,False,False,87.68583,,no_arc_no_semicircle,744.31683,4.734848,1.4186082558418014,38.25304
S8-3-28-1-1,241.15,0.0641214250069669,3.3986666666666667,False,False,57.52422164697303,,no_arc_no_semicircle,677.85509,4.734848,1.5047832715986516,35.84329
S8-3-28-1-1,244.15,0.0641214250069669,3.3986666666666667,False,False,40.26356371091144,,no_arc_no_semicircle,619.18175,4.734848,1.601429628699487,33.12419
S8-3-28-1-1,247.15,0.0641214250069669,3.3986666666666667,False,False,26.64402908092568,,no_arc_no_semicircle,573.53151,4.734848,1.6910544287270255,30.02512
S8-3-28-1-1,249.15,0.0641214250069669,3.3986666666666667,False,False,17.219757291702297,,no_arc_no_semicircle,535.0887700000001,4.734848,1.7804671923875324,26.65521
S8-3-28-1-1,252.15,0.0641214250069669,3.3986666666666667,False,False,10.853449982949074,,no_arc_no_semicircle,504.19375,4.734848,1.862527054331788,23.28458
S8-3-28-1-1,255.15,0.0641214250069669,3.3986666666666667,False,False,7.163469755504564,,no_arc_no_semicircle,483.784288,4.734848,1.914398055027364,20.80047
S8-3-28-1-1,258.15,0.0641214250069669,3.3986666666666667,False,False,5.07307741134692,,no_arc_no_semicircle,487.600536,4.734848,1.871515785208239,20.18614
S8-3-28-1-1,260.15,0.0641214250069669,3.3986666666666667,False,False,4.293858546197391,,no_arc_no_semicircle,508.209218,4.734848,1.7945983026226773,20.25967
S8-3-28-1-1,263.15,0.0641214250069669,3.3986666666666667,False,False,3.9955387921693934,,no_arc_no_semicircle,514.5901100000001,4.734848,1.743500666967731,19.96337
S8-3-28-1-1,266.15,0.0641214250069669,3.3986666666666667,False,False,3.7388654110222657,,no_arc_no_semicircle,525.867889,4.734848,1.6780383789511026,19.67873
S8-3-28-1-1,269.15,0.0641214250069669,3.3986666666666667,False,False,3.516906463475229,,no_arc_no_semicircle,543.3160439999999,4.734848,1.600354176178163,19.40644
S8-3-28-1-1,272.15,0.0641214250069669,3.3986666666666667,False,False,3.3212335172308345,,no_arc_no_semicircle,565.421233,4.734848,1.5136449606942837,19.141
S8-3-28-1-1,274.15,0.0641214250069669,3.3986666666666667,False,False,3.151271381094386,,no_arc_no_semicircle,593.937373,4.734848,1.4194336614005238,18.88575
S8-3-28-1-1,276.15,0.0641214250069669,3.3986666666666667,False,False,3.0003297795862243,,no_arc_no_semicircle,628.509911,4.734848,1.3223395295034557,18.63215
S8-3-28-1-1,279.15,0.0641214250069669,3.3986666666666667,False,False,2.869637862926341,,no_arc_no_semicircle,668.4253219999999,4.734848,1.2257102970733935,18.39164
S8-3-28-1-1,282.15,0.0641214250069669,3.3986666666666667,False,False,2.752402884313287,,no_arc_no_semicircle,712.590769,4.734848,1.1336049176354104,18.15898
S8-3-28-1-1,285.15,0.0641214250069669,3.3986666666666667,False,False,2.648958313865359,,no_arc_no_semicircle,761.138689,4.734848,1.045656608318854,17.9311
S8-3-28-1-1,288.15,0.0641214250069669,3.3986666666666667,False,False,2.557141161436568,,no_arc_no_semicircle,811.8835779999999,4.734848,0.9669110464505528,17.71137
S8-3-28-1-1,291.15,0.0641214250069669,3.3986666666666667,False,False,2.4719844869026457,,no_arc_no_semicircle,863.839917,4.734848,0.8962723124543909,17.49392
S8-3-28-1-1,294.15,0.0641214250069669,3.3986666666666667,False,False,2.397195397657921,,no_arc_no_semicircle,915.026981,4.734848,0.8344621698100496,17.27581
S8-3-28-1-1,296.15,0.0641214250069669,3.3986666666666667,False,False,2.3371551331380167,,no_arc_no_semicircle,961.236653,4.734848,0.7844411650832036,17.07291
S8-3-28-1-1,299.15,0.0641214250069669,3.3986666666666667,False,False,2.318885350521348,,no_arc_no_semicircle,993.315274,4.734848,0.7533447029225881,16.94368
S8-3-29-1-1,268.15,0.0,1.182,False,False,752.2759,,no_arc_no_semicircle,16037.122399999998,4.734848,0.2276468252184693,177.1614
S8-3-29-1-1,272.15,0.0,1.182,False,False,661.4447,,no_arc_no_semicircle,2233.0708,4.734848,1.1556776435391116,84.06841
S8-3-29-1-1,274.15,0.0,1.182,False,False,581.3215,,no_arc_no_semicircle,2154.6096,4.734848,1.1628904837331082,80.32543
S8-3-29-1-1,277.15,0.0,1.182,False,False,527.5892,,no_arc_no_semicircle,2092.9858,4.734848,1.1691980901160433,77.19966
S8-3-29-1-1,281.15,0.0,1.182,False,False,475.2143,,no_arc_no_semicircle,2043.1084,4.734848,1.1787230672635869,74.70966
S8-3-29-1-1,284.15,0.0,1.182,False,False,433.9677,,no_arc_no_semicircle,2011.3415,4.734848,1.1907982806500033,72.964
S8-3-29-1-1,287.15,0.0,1.182,False,False,403.7506,,no_arc_no_semicircle,2001.5419,4.734848,1.2198050912648886,72.64724
S8-3-29-1-1,290.15,0.0,1.182,False,False,372.7859,,no_arc_no_semicircle,2014.5457,4.734848,1.272893436966955,72.9953
S8-3-29-1-1,293.15,0.0,1.182,False,False,347.2643,,no_arc_no_semicircle,1976.6187,4.734848,1.2841793918068258,71.07916
S8-3-29-1-1,296.15,0.0,1.182,False,False,327.9396,,no_arc_no_semicircle,1936.6094,4.734848,1.286002226365316,69.33588
S8-3-29-1-1,299.15,0.0,1.182,False,False,318.5247,,no_arc_no_semicircle,1898.8026,4.734848,1.2912269026806678,68.39215
S8-3-3-1,199.15,0.1712623980890066,3.645333333333333,False,False,3923.3265906802953,,no_arc_no_semicircle,10811.303,4.734848,0.2449300514470827,133.6792
S8-3-3-1,208.15,0.1712623980890066,3.645333333333333,False,False,340.4362,,no_arc_no_semicircle,1676.6336,4.734848,1.1921221189889066,42.46728
S8-3-3-1,216.15,0.1712623980890066,3.645333333333333,False,False,107.5444,,no_arc_no_semicircle,1071.975,4.734848,1.6299204738916473,37.63244
S8-3-3-1,225.15,0.1712623980890066,3.645333333333333,False,False,49.3870458676674,,no_arc_no_semicircle,901.67257,4.734848,1.761700480696666,34.20702
S8-3-3-1,233.15,0.1712623980890066,3.645333333333333,False,False,25.586357798871077,,no_arc_no_semicircle,862.44837,4.734848,1.6959728267559928,31.4141
S8-3-3-1,241.15,0.1712623980890066,3.645333333333333,False,False,14.82767342734659,,no_arc_no_semicircle,861.84591,4.734848,1.5641311101656192,29.08889
S8-3-3-1,250.15,0.1712623980890066,3.645333333333333,False,False,9.488479654773164,,no_arc_no_semicircle,865.833126,4.734848,1.4381801326460204,27.22277
S8-3-3-1,258.15,0.1712623980890066,3.645333333333333,False,False,6.577672375978249,,no_arc_no_semicircle,891.273171,4.734848,1.2894217366720204,25.68141
S8-3-3-1,267.15,0.1712623980890066,3.645333333333333,False,False,4.9703793399281215,,no_arc_no_semicircle,952.24479,4.734848,1.1155324882376083,24.48505
S8-3-3-1,274.15,0.1712623980890066,3.645333333333333,False,False,4.074393872153137,,no_arc_no_semicircle,1037.936905,4.734848,0.9543354660850016,23.43933
S8-3-3-1,282.15,0.1712623980890066,3.645333333333333,False,False,3.5721464181974083,,no_arc_no_semicircle,1129.829104,4.734848,0.8238432668309092,22.6472
S8-3-3-1,291.15,0.1712623980890066,3.645333333333333,False,False,3.328991113305036,,no_arc_no_semicircle,1214.337182,4.734848,0.7365407345321651,22.25599
S8-3-3-1,299.15,0.1712623980890066,3.645333333333333,False,False,3.1024189508499447,,no_arc_no_semicircle,1276.417681,4.734848,0.7007945857497091,21.99237
S8-3-31-1-1,190.15,0.3340714749983821,4.9068,False,False,14230.154424183793,,no_arc_no_semicircle,18027.84,4.734848,0.1203237326268704,808.8901
S8-3-31-1-1,194.15,0.3340714749983821,4.9068,False,False,3881.972,,no_arc_no_semicircle,4391.602999999999,4.734848,0.4322291882941149,196.3439
S8-3-31-1-1,198.15,0.3340714749983821,4.9068,False,False,1265.556,,no_arc_no_semicircle,1932.86,4.734848,0.8782881326117769,67.18182
S8-3-31-1-1,202.15,0.3340714749983821,4.9068,False,False,559.0579,,no_arc_no_semicircle,1408.909,4.734848,1.1040223321733331,33.38539
S8-3-31-1-1,205.15,0.3340714749983821,4.9068,False,False,323.0394,,no_arc_no_semicircle,1255.7898,4.734848,1.161472246390279,31.53316
S8-3-31-1-1,207.15,0.3340714749983821,4.9068,False,False,193.5739,,no_arc_no_semicircle,1185.1573,4.734848,1.1579281501282566,30.20741
S8-3-31-1-1,210.15,0.3340714749983821,4.9068,False,False,126.7777,,no_arc_no_semicircle,1157.5434,4.734848,1.1265365946538153,29.06906
S8-3-31-1-1,213.15,0.3340714749983821,4.9068,False,False,85.31625647227234,,no_arc_no_semicircle,1144.657,4.734848,1.0854815023190345,28.05181
S8-3-31-1-1,216.15,0.3340714749983821,4.9068,False,False,61.3521045567221,,no_arc_no_semicircle,1134.45674,4.734848,1.0461394940454043,27.10994
S8-3-31-1-1,219.15,0.3340714749983821,4.9068,False,False,44.84442159501654,,no_arc_no_semicircle,1120.5326100000002,4.734848,1.0139106973423992,26.22599
S8-3-31-1-1,221.15,0.3340714749983821,4.9068,False,False,33.351005247151235,,no_arc_no_semicircle,1100.40821,4.734848,0.9901162042402418,25.38995
S8-3-31-1-1,224.15,0.3340714749983821,4.9068,False,False,25.41074968258114,,no_arc_no_semicircle,1074.34014,4.734848,0.9721455627637622,24.59935
S8-3-31-1-1,227.15,0.3340714749983821,4.9068,False,False,19.62126906923429,,no_arc_no_semicircle,1050.96932,4.734848,0.9510182466601396,23.87378
S8-3-31-1-1,230.15,0.3340714749983821,4.9068,False,False,15.556494261145104,,no_arc_no_semicircle,1033.75396,4.734848,0.9270823010922242,23.19276
S8-3-31-1-1,232.15,0.3340714749983821,4.9068,False,False,12.56130416184931,,no_arc_no_semicircle,1025.10761,4.734848,0.8974580727188233,22.56436
S8-3-31-1-1,235.15,0.3340714749983821,4.9068,False,False,10.30926443653545,,no_arc_no_semicircle,1025.40642,4.734848,0.8604846651925577,21.97797
S8-3-31-1-1,238.15,0.3340714749983821,4.9068,False,False,8.598389004987736,,no_arc_no_semicircle,1034.181907,4.734848,0.8194294391189725,21.43522
S8-3-31-1-1,241.15,0.3340714749983821,4.9068,False,False,7.277821265797867,,no_arc_no_semicircle,1049.356543,4.734848,0.7766670970288118,20.92785
S8-3-31-1-1,244.15,0.3340714749983821,4.9068,False,False,6.242228767267863,,no_arc_no_semicircle,1067.984072,4.734848,0.7344445676339632,20.45131
S8-3-31-1-1,246.15,0.3340714749983821,4.9068,False,False,5.413138616226998,,no_arc_no_semicircle,1089.7568279999998,4.734848,0.6934828767138493,19.99763
S8-3-31-1-1,249.15,0.3340714749983821,4.9068,False,False,4.7560000525344455,,no_arc_no_semicircle,1111.147792,4.734848,0.6565262562300078,19.57367
S8-3-31-1-1,252.15,0.3340714749983821,4.9068,False,False,4.221232791274034,,no_arc_no_semicircle,1130.140843,4.734848,0.6233085056284434,19.17271
S8-3-31-1-1,255.15,0.3340714749983821,4.9068,False,False,3.785213012035007,,no_arc_no_semicircle,1146.463595,4.734848,0.5945940219759002,18.79391
S8-3-31-1-1,258.15,0.3340714749983821,4.9068,False,False,3.4249245810722626,,no_arc_no_semicircle,1158.59895,4.734848,0.5696365424808986,18.43546
S8-3-31-1-1,260.15,0.3340714749983821,4.9068,False,False,3.1269640460534958,,no_arc_no_semicircle,1166.801688,4.734848,0.5479447849410375,18.09361
S8-3-31-1-1,263.15,0.3340714749983821,4.9068,False,False,2.8768829187085374,,no_arc_no_semicircle,1170.51605,4.734848,0.5293353303442525,17.76848
S8-3-31-1-1,266.15,0.3340714749983821,4.9068,False,False,2.667503608487194,,no_arc_no_semicircle,1170.480101,4.734848,0.513497238856519,17.4569
S8-3-31-1-1,269.15,0.3340714749983821,4.9068,False,False,2.4892621372375765,,no_arc_no_semicircle,1166.355404,4.734848,0.4995850304303983,17.15918
S8-3-31-1-1,272.15,0.3340714749983821,4.9068,False,False,2.33263775782435,,no_arc_no_semicircle,1158.4799810000002,4.734848,0.4875719988811783,16.86567
S8-3-31-1-1,274.15,0.3340714749983821,4.9068,False,False,2.198626722030576,,no_arc_no_semicircle,1147.029246,4.734848,0.477312415449954,16.58161
S8-3-31-1-1,277.15,0.3340714749983821,4.9068,False,False,2.082879938409232,,no_arc_no_semicircle,1132.841593,4.734848,0.4686909478614099,16.30893
S8-3-31-1-1,280.15,0.3340714749983821,4.9068,False,False,1.9833493189314129,,no_arc_no_semicircle,1115.839478,4.734848,0.461593992823401,16.04191
S8-3-31-1-1,282.15,0.3340714749983821,4.9068,False,False,1.897025378572213,,no_arc_no_semicircle,1097.472435,4.734848,0.4550964416705368,15.78194
S8-3-31-1-1,285.15,0.3340714749983821,4.9068,False,False,1.8212707794224243,,no_arc_no_semicircle,1076.934463,4.734848,0.4499756639322996,15.5243
S8-3-31-1-1,288.15,0.3340714749983821,4.9068,False,False,1.753951315624349,,no_arc_no_semicircle,1053.253023,4.734848,0.4461397116730607,15.27689
S8-3-31-1-1,291.15,0.3340714749983821,4.9068,False,False,1.6941255057156404,,no_arc_no_semicircle,1025.279403,4.734848,0.4429340906207589,15.03444
S8-3-31-1-1,294.15,0.3340714749983821,4.9068,False,False,1.6409436418214325,,no_arc_no_semicircle,995.045209,4.734848,0.4412824623730232,14.79366
S8-3-31-1-1,297.15,0.3340714749983821,4.9068,False,False,1.597622455530508,,no_arc_no_semicircle,965.97214,4.734848,0.4400801869917279,14.56092
S8-3-31-1-1,299.15,0.3340714749983821,4.9068,False,False,1.5779008659995422,,no_arc_no_semicircle,945.248008,4.734848,0.4402874129093108,14.38688
S8-3-32-1-1,196.15,0.3584084621201487,5.320666666666667,False,False,10348.25,,no_arc_no_semicircle,14381.715,4.734848,0.1924804517402827,712.0942
S8-3-32-1-1,200.15,0.3584084621201487,5.320666666666667,False,False,2509.729,,no_arc_no_semicircle,4217.901,4.734848,0.5090678989383581,183.6315
S8-3-32-1-1,204.15,0.3584084621201487,5.320666666666667,False,False,937.6087,,no_arc_no_semicircle,2051.3244,4.734848,0.8490246593859067,63.19061
S8-3-32-1-1,207.15,0.3584084621201487,5.320666666666667,False,False,460.069,,no_arc_no_semicircle,1538.2986,4.734848,1.0048725260492335,46.83384
S8-3-32-1-1,210.15,0.3584084621201487,5.320666666666667,False,False,254.9042,,no_arc_no_semicircle,1390.808,4.734848,1.0265399681336311,43.42404
S8-3-32-1-1,213.15,0.3584084621201487,5.320666666666667,False,False,154.1808,,no_arc_no_semicircle,1350.579,4.734848,0.9917731580307404,40.15562
S8-3-32-1-1,216.15,0.3584084621201487,5.320666666666667,False,False,98.1106,,no_arc_no_semicircle,1375.4509,4.734848,0.9243885041625252,37.31098
S8-3-32-1-1,219.15,0.3584084621201487,5.320666666666667,False,False,67.08266605682567,,no_arc_no_semicircle,1419.53908,4.734848,0.8527711685119646,34.54793
S8-3-32-1-1,221.15,0.3584084621201487,5.320666666666667,False,False,47.72570118767424,,no_arc_no_semicircle,1458.1000800000002,4.734848,0.7915135701796265,31.97393
S8-3-32-1-1,224.15,0.3584084621201487,5.320666666666667,False,False,34.37232876155835,,no_arc_no_semicircle,1478.74784,4.734848,0.7434404773162674,29.68103
S8-3-32-1-1,227.15,0.3584084621201487,5.320666666666667,False,False,25.51647940248348,,no_arc_no_semicircle,1484.2149399999998,4.734848,0.7045650679139502,27.69356
S8-3-32-1-1,230.15,0.3584084621201487,5.320666666666667,False,False,19.18539704639814,,no_arc_no_semicircle,1494.96136,4.734848,0.6627428818628458,26.01526
S8-3-32-1-1,233.15,0.3584084621201487,5.320666666666667,False,False,14.856999877632482,,no_arc_no_semicircle,1511.95189,4.734848,0.6203606121356147,24.63749
S8-3-32-1-1,235.15,0.3584084621201487,5.320666666666667,False,False,11.745828752472269,,no_arc_no_semicircle,1530.1517600000002,4.734848,0.5794059276839307,23.50009
S8-3-32-1-1,238.15,0.3584084621201487,5.320666666666667,False,False,9.46363571600712,,no_arc_no_semicircle,1539.241555,4.734848,0.5432165583653304,22.55115
S8-3-32-1-1,241.15,0.3584084621201487,5.320666666666667,False,False,7.768559177942628,,no_arc_no_semicircle,1531.556138,4.734848,0.5157016320873506,21.75615
S8-3-32-1-1,244.15,0.3584084621201487,5.320666666666667,False,False,6.491284902849161,,no_arc_no_semicircle,1504.27655,4.734848,0.4949756080422842,21.07479
S8-3-32-1-1,246.15,0.3584084621201487,5.320666666666667,False,False,5.498441860790355,,no_arc_no_semicircle,1458.826304,4.734848,0.4811175244616371,20.47169
S8-3-32-1-1,249.15,0.3584084621201487,5.320666666666667,False,False,4.72932144907911,,no_arc_no_semicircle,1399.863174,4.734848,0.4720717083454039,19.9363
S8-3-32-1-1,252.15,0.3584084621201487,5.320666666666667,False,False,4.1274025004169,,no_arc_no_semicircle,1332.2364750000002,4.734848,0.4665200297867535,19.45113
S8-3-32-1-1,255.15,0.3584084621201487,5.320666666666667,False,False,3.652165994839582,,no_arc_no_semicircle,1260.308212,4.734848,0.4628241682836861,19.00836
S8-3-32-1-1,258.15,0.3584084621201487,5.320666666666667,False,False,3.2669879007491667,,no_arc_no_semicircle,1187.654532,4.734848,0.4612438931020722,18.59744
S8-3-32-1-1,261.15,0.3584084621201487,5.320666666666667,False,False,2.955761146189174,,no_arc_no_semicircle,1115.136662,4.734848,0.4599708874068024,18.2106
S8-3-32-1-1,263.15,0.3584084621201487,5.320666666666667,False,False,2.702179384178751,,no_arc_no_semicircle,1044.49149,4.734848,0.45906463057923,17.84645
S8-3-32-1-1,266.15,0.3584084621201487,5.320666666666667,False,False,2.493404023017558,,no_arc_no_semicircle,976.728706,4.734848,0.4582392196016808,17.50026
S8-3-32-1-1,269.15,0.3584084621201487,5.320666666666667,False,False,2.316495516235799,,no_arc_no_semicircle,909.585435,4.734848,0.4572739228173762,17.16101
S8-3-32-1-1,272.15,0.3584084621201487,5.320666666666667,False,False,2.168854627577946,,no_arc_no_semicircle,845.669936,4.734848,0.4572215276197303,16.83466
S8-3-32-1-1,274.15,0.3584084621201487,5.320666666666667,False,False,2.044628015843576,,no_arc_no_semicircle,785.155382,4.734848,0.4567486999662438,16.52135
S8-3-32-1-1,277.15,0.3584084621201487,5.320666666666667,False,False,1.9401124540778336,,no_arc_no_semicircle,728.1561509999999,4.734848,0.4556329017400549,16.21554
S8-3-32-1-1,280.15,0.3584084621201487,5.320666666666667,True,True,1.8503761241153645,,ok,673.916735,4.734848,0.4542967759956273,15.91198
S8-3-32-1-1,282.15,0.3584084621201487,5.320666666666667,True,True,1.7727688866225086,,ok,623.455855,4.734848,0.4545960996709213,15.61596
S8-3-32-1-1,285.15,0.3584084621201487,5.320666666666667,True,True,1.7074608439218844,,ok,576.453418,4.734848,0.4525243356263688,15.32408
S8-3-32-1-1,288.15,0.3584084621201487,5.320666666666667,True,True,1.6518243989068917,,ok,533.787405,4.734848,0.4493727235845879,15.03728
S8-3-32-1-1,291.15,0.3584084621201487,5.320666666666667,True,True,1.6017473744043829,,ok,495.411939,4.734848,0.4458661219305002,14.74923
S8-3-32-1-1,294.15,0.3584084621201487,5.320666666666667,True,True,1.5604211763196902,,ok,461.173458,4.734848,0.4427338487463421,14.45661
S8-3-32-1-1,297.15,0.3584084621201487,5.320666666666667,True,True,1.5300995514949849,,ok,432.727349,4.734848,0.4391954898140712,14.16586
S8-3-32-1-1,299.15,0.3584084621201487,5.320666666666667,True,True,1.526732834499858,,ok,414.930022,4.734848,0.4409148297300106,13.92626
S8-3-33-1-1,193.15,0.0641214250069669,4.418266666666667,False,False,22152.79,,no_arc_no_semicircle,46764.49800000001,4.734848,0.1516125116963727,3341.345
S8-3-33-1-1,198.15,0.0641214250069669,4.418266666666667,False,False,6548.189,,no_arc_no_semicircle,14448.457,4.734848,0.2671801563308801,834.0538
S8-3-33-1-1,203.15,0.0641214250069669,4.418266666666667,False,False,2322.414,,no_arc_no_semicircle,6470.444000000001,4.734848,0.3964007724972195,343.6253
S8-3-33-1-1,207.15,0.0641214250069669,4.418266666666667,False,False,994.553,,no_arc_no_semicircle,3524.3929000000003,4.734848,0.5365224745515743,205.8477
S8-3-33-1-1,210.15,0.0641214250069669,4.418266666666667,False,False,492.8004,,no_arc_no_semicircle,2437.1334,4.734848,0.6344412661202705,137.8932
S8-3-33-1-1,213.15,0.0641214250069669,4.418266666666667,False,False,297.2719,,no_arc_no_semicircle,1985.5422,4.734848,0.6841526712451638,103.1325
S8-3-33-1-1,216.15,0.0641214250069669,4.418266666666667,False,False,188.144,,no_arc_no_semicircle,1740.5101,4.734848,0.7068761048844241,81.92645
S8-3-33-1-1,219.15,0.0641214250069669,4.418266666666667,False,False,127.7718,,no_arc_no_semicircle,1558.5161,4.734848,0.72718658472633,67.35751
S8-3-33-1-1,221.15,0.0641214250069669,4.418266666666667,False,False,91.83551,,no_arc_no_semicircle,1388.9565,4.734848,0.7579719019278136,56.93311
S8-3-33-1-1,224.15,0.0641214250069669,4.418266666666667,False,False,68.71846596788909,,no_arc_no_semicircle,1218.80813,4.734848,0.8055115287096084,49.22634
S8-3-33-1-1,227.15,0.0641214250069669,4.418266666666667,False,False,52.95377710517248,,no_arc_no_semicircle,1058.15816,4.734848,0.8639630015233255,43.21408
S8-3-33-1-1,230.15,0.0641214250069669,4.418266666666667,False,False,41.5488792286138,,no_arc_no_semicircle,921.6756,4.734848,0.9250104917608744,38.57977
S8-3-33-1-1,233.15,0.0641214250069669,4.418266666666667,False,False,33.24835,,no_arc_no_semicircle,815.35077,4.734848,0.973773533077057,34.9078
S8-3-33-1-1,235.15,0.0641214250069669,4.418266666666667,False,False,26.42982083339751,,no_arc_no_semicircle,743.0125,4.734848,0.9961649366598798,32.43233
S8-3-33-1-1,238.15,0.0641214250069669,4.418266666666667,False,False,18.46466474543373,,no_arc_no_semicircle,697.36654,4.734848,0.9941487872360482,29.1256
S8-3-33-1-1,241.15,0.0641214250069669,4.418266666666667,False,False,12.794020848944584,,no_arc_no_semicircle,662.96755,4.734848,0.9871683764914272,26.38669
S8-3-33-1-1,244.15,0.0641214250069669,4.418266666666667,False,False,10.016096037598397,,no_arc_no_semicircle,644.28285,4.734848,0.9664289527495556,24.31934
S8-3-33-1-1,246.15,0.0641214250069669,4.418266666666667,False,False,7.825178283364209,,no_arc_no_semicircle,652.767518,4.734848,0.913161399063363,22.42355
S8-3-33-1-1,249.15,0.0641214250069669,4.418266666666667,False,False,6.216173050727441,,no_arc_no_semicircle,686.1723400000001,4.734848,0.8350641181485092,20.59395
S8-3-33-1-1,252.15,0.0641214250069669,4.418266666666667,False,False,4.886736211601784,,no_arc_no_semicircle,735.021014,4.734848,0.7471484345888364,18.67999
S8-3-33-1-1,255.15,0.0641214250069669,4.418266666666667,False,False,3.967455739615591,,no_arc_no_semicircle,771.660625,4.734848,0.6829275499187214,17.03039
S8-3-33-1-1,258.15,0.0641214250069669,4.418266666666667,False,False,3.444906462212741,,no_arc_no_semicircle,797.989431,4.734848,0.6378602024366904,16.83569
S8-3-33-1-1,261.15,0.0641214250069669,4.418266666666667,False,False,3.222498348390695,,no_arc_no_semicircle,798.477103,4.734848,0.6389086150163523,16.34115
S8-3-33-1-1,263.15,0.0641214250069669,4.418266666666667,False,False,3.010515390784296,,no_arc_no_semicircle,816.197042,4.734848,0.6145454763850998,15.88486
S8-3-33-1-1,266.15,0.0641214250069669,4.418266666666667,False,False,2.7011684933599334,,no_arc_no_semicircle,834.3516559999999,4.734848,0.5909768338735093,15.5146
S8-3-33-1-1,269.15,0.0641214250069669,4.418266666666667,False,False,2.3430321221211976,,no_arc_no_semicircle,852.4702599999999,4.734848,0.5678965269709226,15.20772
S8-3-33-1-1,272.15,0.0641214250069669,4.418266666666667,False,False,2.156922345501252,,no_arc_no_semicircle,869.385995,4.734848,0.546631763949682,14.93205
S8-3-33-1-1,274.15,0.0641214250069669,4.418266666666667,False,False,2.073767552930578,,no_arc_no_semicircle,885.992165,4.734848,0.5258920094400603,14.66681
S8-3-33-1-1,277.15,0.0641214250069669,4.418266666666667,False,False,2.001295680139485,,no_arc_no_semicircle,901.551945,4.734848,0.5066965941712871,14.41026
S8-3-33-1-1,280.15,0.0641214250069669,4.418266666666667,False,False,1.9371734342949332,,no_arc_no_semicircle,917.69633,4.734848,0.485911390753845,14.15705
S8-3-33-1-1,282.15,0.0641214250069669,4.418266666666667,False,False,1.8830303499483128,,no_arc_no_semicircle,939.785511,4.734848,0.4484469009865375,13.90858
S8-3-33-1-1,285.15,0.0641214250069669,4.418266666666667,False,False,1.831986854034186,,no_arc_no_semicircle,921.064854,4.734848,0.4653488819366019,13.64287
S8-3-33-1-1,288.15,0.0641214250069669,4.418266666666667,False,False,1.795173170330572,,no_arc_no_semicircle,923.358407,4.734848,0.4522803895367571,13.38006
S8-3-33-1-1,291.15,0.0641214250069669,4.418266666666667,False,False,1.7674975615307051,,no_arc_no_semicircle,914.640803,4.734848,0.4460017513563732,13.11848
S8-3-33-1-1,294.15,0.0641214250069669,4.418266666666667,False,False,1.745723378855396,,no_arc_no_semicircle,898.9341039999999,4.734848,0.4406492069189529,12.84282
S8-3-33-1-1,297.15,0.0641214250069669,4.418266666666667,False,False,1.725691328139756,,no_arc_no_semicircle,870.804938,4.734848,0.4430936058839845,12.53799
S8-3-33-1-1,299.15,0.0641214250069669,4.418266666666667,False,False,1.7158823624692114,,no_arc_no_semicircle,818.911065,4.734848,0.4499046547869023,12.21435
S8-3-35-1-1,216.15,0.2996777658431794,4.0,False,False,16708.17,,no_arc_no_semicircle,19240.679,4.734848,0.1721233954373439,984.071
S8-3-35-1-1,221.15,0.2996777658431794,4.0,False,False,6139.487,,no_arc_no_semicircle,7071.481,4.734848,0.3973377005467454,364.1545
S8-3-35-1-1,226.15,0.2996777658431794,4.0,False,False,2517.996372013678,,no_arc_no_semicircle,3553.014,4.734848,0.6692802223689519,132.8582
S8-3-35-1-1,229.15,0.2996777658431794,4.0,False,False,1175.402,,no_arc_no_semicircle,2218.4410000000003,4.734848,0.9341839607183596,62.63357
S8-3-35-1-1,233.15,0.2996777658431794,4.0,False,False,691.4684,,no_arc_no_semicircle,1568.4323999999997,4.734848,1.178870061597809,46.41964
S8-3-35-1-1,236.15,0.2996777658431794,4.0,False,False,415.6624,,no_arc_no_semicircle,1250.7769,4.734848,1.3587826893828938,43.16952
S8-3-35-1-1,239.15,0.2996777658431794,4.0,False,False,285.8897,,no_arc_no_semicircle,1070.0783,4.734848,1.4882079189905997,40.69703
S8-3-35-1-1,242.15,0.2996777658431794,4.0,False,False,199.0123,,no_arc_no_semicircle,952.0481,4.734848,1.5944047364833756,38.43425
S8-3-35-1-1,245.15,0.2996777658431794,4.0,False,False,147.7356,,no_arc_no_semicircle,889.9492,4.734848,1.6490536763221972,36.7246
S8-3-35-1-1,248.15,0.2996777658431794,4.0,False,False,109.11219417014912,,no_arc_no_semicircle,848.2978,4.734848,1.6795953024987194,35.19241
S8-3-35-1-1,250.15,0.2996777658431794,4.0,False,False,87.09614918837747,,no_arc_no_semicircle,819.13644,4.734848,1.6958859747467692,33.81353
S8-3-35-1-1,253.15,0.2996777658431794,4.0,False,False,69.20494890393178,,no_arc_no_semicircle,799.7903,4.734848,1.6980300961389485,32.5481
S8-3-35-1-1,256.15,0.2996777658431794,4.0,False,False,55.33627796284818,,no_arc_no_semicircle,787.82232,4.734848,1.6850588848510897,31.35491
S8-3-35-1-1,259.15,0.2996777658431794,4.0,False,False,45.06350321776046,,no_arc_no_semicircle,780.57716,4.734848,1.6675263724088445,30.27965
S8-3-35-1-1,261.15,0.2996777658431794,4.0,False,False,37.139731225848905,,no_arc_no_semicircle,779.07561,4.734848,1.6381028793854786,29.29289
S8-3-35-1-1,264.15,0.2996777658431794,4.0,False,False,30.91979127577606,,no_arc_no_semicircle,782.41958,4.734848,1.6022528475067026,28.38877
S8-3-35-1-1,267.15,0.2996777658431794,4.0,False,False,26.035051314653423,,no_arc_no_semicircle,790.45326,4.734848,1.5588372676203506,27.55672
S8-3-35-1-1,270.15,0.2996777658431794,4.0,False,False,22.09088060660881,,no_arc_no_semicircle,802.83636,4.734848,1.508076938617975,26.82224
S8-3-35-1-1,273.15,0.2996777658431794,4.0,False,False,18.94640228188088,,no_arc_no_semicircle,818.99459,4.734848,1.4550376944492374,26.13556
S8-3-35-1-1,274.15,0.2996777658431794,4.0,False,False,16.410797229698975,,no_arc_no_semicircle,840.00732,4.734848,1.395809265090688,25.51155
S8-3-35-1-1,277.15,0.2996777658431794,4.0,False,False,14.324629526031831,,no_arc_no_semicircle,864.25075,4.734848,1.3363783600997725,24.95256
S8-3-35-1-1,280.15,0.2996777658431794,4.0,False,False,12.609597740131758,,no_arc_no_semicircle,892.30738,4.734848,1.2744677736499264,24.45015
S8-3-35-1-1,283.15,0.2996777658431794,4.0,False,False,11.171670057066011,,no_arc_no_semicircle,923.73509,4.734848,1.2143427397566968,23.9967
S8-3-35-1-1,286.15,0.2996777658431794,4.0,False,False,9.976990834141215,,no_arc_no_semicircle,958.48933,4.734848,1.1535621372018807,23.57996
S8-3-35-1-1,288.15,0.2996777658431794,4.0,False,False,8.985239082813063,,no_arc_no_semicircle,994.781787,4.734848,1.0961780907635363,23.21546
S8-3-35-1-1,291.15,0.2996777658431794,4.0,False,False,8.139508840222733,,no_arc_no_semicircle,1031.628608,4.734848,1.043209728437464,22.87665
S8-3-35-1-1,294.15,0.2996777658431794,4.0,False,False,7.426969676008829,,no_arc_no_semicircle,1068.191675,4.734848,0.9945583970217696,22.56722
S8-3-35-1-1,297.15,0.2996777658431794,4.0,False,False,6.851591166845354,,no_arc_no_semicircle,1101.817915,4.734848,0.9520602140508844,22.29361
S8-3-35-1-1,299.15,0.2996777658431794,4.0,False,False,6.524505076640359,,no_arc_no_semicircle,1126.694486,4.734848,0.921946466328938,22.10878
S8-3-37-1-1,233.15,0.2996777658431794,4.888888888888889,False,False,521.7924,,no_arc_no_semicircle,165851.8175,4.734848,0.4596332506274765,4525.89
S8-3-37-1-1,236.15,0.2996777658431794,4.888888888888889,False,False,349.1141,,no_arc_no_semicircle,136072.1177,4.734848,0.4581028873044429,4091.456
S8-3-37-1-1,239.15,0.2996777658431794,4.888888888888889,False,False,265.4692,,no_arc_no_semicircle,112458.7214,4.734848,0.4546769638090514,3724.558
S8-3-37-1-1,242.15,0.2996777658431794,4.888888888888889,False,False,206.2711,,no_arc_no_semicircle,95030.34,4.734848,0.4497565724799048,3436.293
S8-3-37-1-1,245.15,0.2996777658431794,4.888888888888889,False,False,165.5287,,no_arc_no_semicircle,82685.7633,4.734848,0.4458704682478271,3212.22
S8-3-37-1-1,248.15,0.2996777658431794,4.888888888888889,False,False,135.4924,,no_arc_no_semicircle,72773.0142,4.734848,0.4430481594645835,3014.51
S8-3-37-1-1,251.15,0.2996777658431794,4.888888888888889,False,False,112.1182,,no_arc_no_semicircle,64677.0784,4.734848,0.4409761650581916,2836.321
S8-3-37-1-1,253.15,0.2996777658431794,4.888888888888889,False,False,94.34451,,no_arc_no_semicircle,58063.3073,4.734848,0.4390082340349221,2671.2
S8-3-37-1-1,256.15,0.2996777658431794,4.888888888888889,False,False,80.3186,,no_arc_no_semicircle,52451.36232,4.734848,0.4371352618091541,2524.462
S8-3-37-1-1,259.15,0.2996777658431794,4.888888888888889,False,False,69.63737,,no_arc_no_semicircle,47906.84748,4.734848,0.4350899943625345,2390.754
S8-3-37-1-1,262.15,0.2996777658431794,4.888888888888889,False,False,60.83196,,no_arc_no_semicircle,44117.989400000006,4.734848,0.4320058610830528,2270.563
S8-3-37-1-1,264.15,0.2996777658431794,4.888888888888889,False,False,54.00681,,no_arc_no_semicircle,41022.53338,4.734848,0.4272266619336711,2164.802
S8-3-37-1-1,267.15,0.2996777658431794,4.888888888888889,False,False,48.31548,,no_arc_no_semicircle,38494.55199,4.734848,0.4218181316727152,2070.737
S8-3-38-1-1,189.15,0.2996777658431793,5.555555555555555,False,False,22414.87,,no_arc_no_semicircle,27707.749000000003,18984.38,0.1568451843561885,1218.709
S8-3-38-1-1,194.15,0.2996777658431793,5.555555555555555,False,False,5577.963,,no_arc_no_semicircle,6429.696999999999,4.734848,0.318201619765286,305.7453
S8-3-38-1-1,199.15,0.2996777658431793,5.555555555555555,False,False,1627.602,,no_arc_no_semicircle,2215.849,4.734848,0.8084377590711277,91.90335
S8-3-38-1-1,202.15,0.2996777658431793,5.555555555555555,False,False,689.6081,,no_arc_no_semicircle,1479.5161999999998,4.734848,1.1051369359794772,42.27353
S8-3-38-1-1,205.15,0.2996777658431793,5.555555555555555,False,False,375.8493,,no_arc_no_semicircle,1355.8357,4.734848,1.1319586879147665,33.27683
S8-3-38-1-1,208.15,0.2996777658431793,5.555555555555555,False,False,223.2725,,no_arc_no_semicircle,1359.9943,4.734848,1.067697121965878,31.68619
S8-3-38-1-1,211.15,0.2996777658431793,5.555555555555555,False,False,144.5018,,no_arc_no_semicircle,1389.1768,4.734848,0.9953052771972576,30.26298
S8-3-38-1-1,213.15,0.2996777658431793,5.555555555555555,False,False,93.1308989867146,,no_arc_no_semicircle,1412.1795,4.734848,0.9330010809532352,29.07362
S8-3-38-1-1,216.15,0.2996777658431793,5.555555555555555,False,False,68.29546802093486,,no_arc_no_semicircle,1409.30903,4.734848,0.8890959848600412,28.00049
S8-3-38-1-1,219.15,0.2996777658431793,5.555555555555555,False,False,49.85375025040805,,no_arc_no_semicircle,1373.6846,4.734848,0.8661951950251164,27.02061
S8-3-38-1-1,222.15,0.2996777658431793,5.555555555555555,False,False,37.10121537690567,,no_arc_no_semicircle,1311.36224,4.734848,0.858718488035769,26.11126
S8-3-38-1-1,224.15,0.2996777658431793,5.555555555555555,False,False,28.205779028064413,,no_arc_no_semicircle,1236.42547,4.734848,0.8594428259391965,25.27683
S8-3-38-1-1,227.15,0.2996777658431793,5.555555555555555,False,False,21.859275538218785,,no_arc_no_semicircle,1173.74676,4.734848,0.8519316381329132,24.51896
S8-3-38-1-1,230.15,0.2996777658431793,5.555555555555555,False,False,17.36007573567046,,no_arc_no_semicircle,1132.53569,4.734848,0.8308099323563034,23.80234
S8-3-38-1-1,233.15,0.2996777658431793,5.555555555555555,False,False,14.050338577259843,,no_arc_no_semicircle,1113.65123,4.734848,0.7948948253754448,23.13997
S8-3-38-1-1,235.15,0.2996777658431793,5.555555555555555,False,False,11.584004987949964,,no_arc_no_semicircle,1111.4438,4.734848,0.7515861800659641,22.52482
S8-3-38-1-1,238.15,0.2996777658431793,5.555555555555555,False,False,9.700844701439822,,no_arc_no_semicircle,1120.2871300000002,4.734848,0.7061231704054293,21.95215
S8-3-38-1-1,241.15,0.2996777658431793,5.555555555555555,False,False,8.265992352119724,,no_arc_no_semicircle,1134.991818,4.734848,0.6616650341350738,21.41941
S8-3-38-1-1,244.15,0.2996777658431793,5.555555555555555,False,False,7.149057546856664,,no_arc_no_semicircle,1150.666245,4.734848,0.621623344830107,20.91963
S8-3-38-1-1,247.15,0.2996777658431793,5.555555555555555,False,False,6.2670047673398095,,no_arc_no_semicircle,1165.5720700000002,4.734848,0.5865712791144689,20.4486
S8-3-38-1-1,249.15,0.2996777658431793,5.555555555555555,False,False,5.556784750410996,,no_arc_no_semicircle,1174.810615,4.734848,0.5568644781099458,19.99806
S8-3-38-1-1,252.15,0.2996777658431793,5.555555555555555,False,False,4.98149701622551,,no_arc_no_semicircle,1178.024675,4.734848,0.5322204307817232,19.56063
S8-3-38-1-1,255.15,0.2996777658431793,5.555555555555555,False,False,4.513997166923255,,no_arc_no_semicircle,1173.277416,4.734848,0.5124131699812753,19.14218
S8-3-38-1-1,258.15,0.2996777658431793,5.555555555555555,False,False,4.128854804321886,,no_arc_no_semicircle,1161.419452,4.734848,0.496790628920859,18.73661
S8-3-38-1-1,261.15,0.2996777658431793,5.555555555555555,False,False,3.806643746381766,,no_arc_no_semicircle,1142.584333,4.734848,0.4846682069812693,18.34421
S8-3-38-1-1,263.15,0.2996777658431793,5.555555555555555,False,False,3.54015915360564,,no_arc_no_semicircle,1116.577862,4.734848,0.4756412589523466,17.95551
S8-3-38-1-1,266.15,0.2996777658431793,5.555555555555555,False,False,3.3115975287058146,,no_arc_no_semicircle,1085.973798,4.734848,0.4682593640256499,17.58356
S8-3-38-1-1,269.15,0.2996777658431793,5.555555555555555,False,False,3.1191148220577825,,no_arc_no_semicircle,1050.393901,4.734848,0.4632818217401279,17.21764
S8-3-38-1-1,272.15,0.2996777658431793,5.555555555555555,False,False,2.9555201163164737,,no_arc_no_semicircle,1011.246457,4.734848,0.4599429711524809,16.85816
S8-3-38-1-1,274.15,0.2996777658431793,5.555555555555555,False,False,2.813905014319722,,no_arc_no_semicircle,969.096302,4.734848,0.4584154320712695,16.50187
S8-3-38-1-1,277.15,0.2996777658431793,5.555555555555555,False,False,2.6912768877425526,,no_arc_no_semicircle,925.529628,4.734848,0.4567752205983399,16.15146
S8-3-38-1-1,279.15,0.2996777658431793,5.555555555555555,False,False,2.58278151397214,,no_arc_no_semicircle,881.172862,4.734848,0.456927825814045,15.80384
S8-3-38-1-1,282.15,0.2996777658431793,5.555555555555555,False,False,2.4878045548193444,,no_arc_no_semicircle,838.178762,4.734848,0.4565792135878522,15.45996
S8-3-38-1-1,285.15,0.2996777658431793,5.555555555555555,False,False,2.3962881721966505,,no_arc_no_semicircle,796.146708,4.734848,0.4564516769941847,15.114
S8-3-38-1-1,288.15,0.2996777658431793,5.555555555555555,False,False,2.32902405259627,,no_arc_no_semicircle,756.558104,4.734848,0.4555894625642653,14.77091
S8-3-38-1-1,291.15,0.2996777658431793,5.555555555555555,False,False,2.260717913684234,,no_arc_no_semicircle,718.981873,4.734848,0.4569191690873123,14.41656
S8-3-38-1-1,294.15,0.2996777658431793,5.555555555555555,False,False,2.199526079228289,,no_arc_no_semicircle,683.4689239999999,4.734848,0.4564197274315277,14.04624
S8-3-38-1-1,297.15,0.2996777658431793,5.555555555555555,False,False,2.1484359338768027,,no_arc_no_semicircle,654.219465,4.734848,0.4569312226134994,13.66277
S8-3-38-1-1,299.15,0.2996777658431793,5.555555555555555,False,False,2.1221890208447616,,no_arc_no_semicircle,637.538758,4.734848,0.4580014882797125,13.27761
S8-3-4-1,199.15,0.0641214250069669,3.3986666666666667,False,False,5192.912,,no_arc_no_semicircle,31490.121,4.734848,0.0936111360131007,390.7924
S8-3-4-1,208.15,0.0641214250069669,3.3986666666666667,False,False,412.2523,,no_arc_no_semicircle,2146.3140000000003,4.734848,0.7351841342878996,55.22239
S8-3-4-1,216.15,0.0641214250069669,3.3986666666666667,False,False,83.48540927043354,,no_arc_no_semicircle,1025.6828300000002,4.734848,1.2766714638286365,41.21861
S8-3-4-1,224.15,0.0641214250069669,3.3986666666666667,False,False,31.329563113747152,,no_arc_no_semicircle,713.0826999999999,4.734848,1.6457880691818754,31.80499
S8-3-4-1,233.15,0.0641214250069669,3.3986666666666667,False,False,13.261116206213838,,no_arc_no_semicircle,604.76853,4.734848,1.7910670715620705,26.06173
S8-3-4-1,241.15,0.0641214250069669,3.3986666666666667,False,False,6.657344395342486,,no_arc_no_semicircle,602.0170469999999,4.734848,1.6955034829769502,23.40827
S8-3-4-1,249.15,0.0641214250069669,3.3986666666666667,False,False,4.059045024904989,,no_arc_no_semicircle,693.290652,4.734848,1.4298519634446167,22.2669
S8-3-5-1,199.15,0.6367153877711904,4.532666666666667,False,False,13286.87,,no_arc_no_semicircle,34938.104,4.734848,0.0826044252429954,446.2164
S8-3-5-1,209.15,0.6367153877711904,4.532666666666667,False,False,700.3718,,no_arc_no_semicircle,2559.1629000000003,4.734848,0.6044378808398634,39.67328
S8-3-5-1,217.15,0.6367153877711904,4.532666666666667,False,False,182.3974,,no_arc_no_semicircle,1243.3777,4.734848,0.9847530641735004,31.93385
S8-3-5-1,225.15,0.6367153877711904,4.532666666666667,False,False,71.05958429588475,,no_arc_no_semicircle,1185.93617,4.734848,0.9154818172043772,27.13088
S8-3-5-1,233.15,0.6367153877711904,4.532666666666667,False,False,33.97844096041048,,no_arc_no_semicircle,1184.6193899999998,4.734848,0.8239811100846487,23.60239
S8-3-5-1,242.15,0.6367153877711904,4.532666666666667,False,False,18.362260567902585,,no_arc_no_semicircle,1001.30988,4.734848,0.8590028094000223,21.06681
S8-3-5-1,250.15,0.6367153877711904,4.532666666666667,False,False,10.870671037803827,,no_arc_no_semicircle,781.5858900000001,4.734848,0.9437411926666164,19.27815
S8-3-5-1,258.15,0.6367153877711904,4.532666666666667,False,False,7.039896240946255,,no_arc_no_semicircle,638.415671,4.734848,0.9888706193742526,17.96667
S8-3-5-1,267.15,0.6367153877711904,4.532666666666667,False,False,5.056267690561968,,no_arc_no_semicircle,597.741898,4.734848,0.9226090756649604,16.96931
S8-3-5-1,274.15,0.6367153877711904,4.532666666666667,False,False,3.995605478328188,,no_arc_no_semicircle,647.032912,4.734848,0.7771753038738766,16.218
S8-3-5-1,283.15,0.6367153877711904,4.532666666666667,False,False,3.425722334712419,,no_arc_no_semicircle,732.263293,4.734848,0.6450858653104702,15.68404
S8-3-5-1,291.15,0.6367153877711904,4.532666666666667,False,False,3.1723087208279037,,no_arc_no_semicircle,802.2507400000001,4.734848,0.57028616763881,15.35748
S8-3-5-1,299.15,0.6367153877711904,4.532666666666667,False,False,3.116819345179949,,no_arc_no_semicircle,826.553344,4.734848,0.5479228936493171,15.19805
S8-3-6-1,198.15,0.3797497505181546,4.566933333333333,False,False,3358.2909906232285,,no_arc_no_semicircle,6384.892,4.734848,0.2952620028655143,120.2857
S8-3-6-1,204.15,0.3797497505181546,4.566933333333333,False,False,576.4185,,no_arc_no_semicircle,1878.379,4.734848,0.815314694212403,34.3387
S8-3-6-1,210.15,0.3797497505181546,4.566933333333333,False,False,222.4131,,no_arc_no_semicircle,1516.161,4.734848,0.8944584381210169,30.89997
S8-3-6-1,216.15,0.3797497505181546,4.566933333333333,False,False,97.0907755897731,,no_arc_no_semicircle,1391.3785,4.734848,0.8767175861923978,28.31862
S8-3-6-1,222.15,0.3797497505181546,4.566933333333333,False,False,57.338555384197086,,no_arc_no_semicircle,1265.9986700000002,4.734848,0.8731478367192906,26.32842
S8-3-6-1,227.15,0.3797497505181546,4.566933333333333,False,False,34.127323018926866,,no_arc_no_semicircle,1079.6810400000002,4.734848,0.9251037695354908,24.68665
S8-3-6-1,233.15,0.3797497505181546,4.566933333333333,False,False,21.86157610698452,,no_arc_no_semicircle,893.09939,4.734848,1.0108346395802588,23.33893
S8-3-6-1,238.15,0.3797497505181546,4.566933333333333,False,False,14.740074478374114,,no_arc_no_semicircle,740.02051,4.734848,1.1007678692581089,22.13099
S8-3-6-1,244.15,0.3797497505181546,4.566933333333333,False,False,10.376870064723262,,no_arc_no_semicircle,632.89542,4.734848,1.1697736728763164,21.06604
S8-3-6-1,249.15,0.3797497505181546,4.566933333333333,False,False,7.629819396516608,,no_arc_no_semicircle,564.015253,4.734848,1.207338979536425,20.15579
S8-3-6-1,255.15,0.3797497505181546,4.566933333333333,False,False,5.817406731793229,,no_arc_no_semicircle,526.179439,4.734848,1.2065971281709449,19.3238
S8-3-6-1,261.15,0.3797497505181546,4.566933333333333,False,False,4.600890688868276,,no_arc_no_semicircle,515.832403,4.734848,1.1622441640216208,18.58239
S8-3-6-1,266.15,0.3797497505181546,4.566933333333333,False,False,3.767201903127423,,no_arc_no_semicircle,532.952651,4.734848,1.0706313195541248,17.90673
S8-3-6-1,272.15,0.3797497505181546,4.566933333333333,False,False,3.1843137691451746,,no_arc_no_semicircle,575.858283,4.734848,0.9485589009058312,17.29358
S8-3-6-1,277.15,0.3797497505181546,4.566933333333333,False,False,2.789583992408105,,no_arc_no_semicircle,635.322227,4.734848,0.8261821760566219,16.75088
S8-3-6-1,282.15,0.3797497505181546,4.566933333333333,False,False,2.517619235736819,,no_arc_no_semicircle,703.919202,4.734848,0.7210557668520587,16.29726
S8-3-6-1,288.15,0.3797497505181546,4.566933333333333,False,False,2.3287693092007355,,no_arc_no_semicircle,768.170297,4.734848,0.6423560009116043,15.93132
S8-3-6-1,294.15,0.3797497505181546,4.566933333333333,False,False,2.213700818800433,,no_arc_no_semicircle,814.294751,4.734848,0.593819252065889,15.67076
S8-3-6-1,299.15,0.3797497505181546,4.566933333333333,False,False,2.165752839727197,,no_arc_no_semicircle,837.8547679999999,4.734848,0.5702820085879124,15.52654
S8-3-6-2,201.15,0.3797497505181546,4.566933333333333,False,False,15332.389727104488,,no_arc_no_semicircle,17039.078999999998,4.734848,0.1088802393603551,655.1927
S8-3-6-2,205.15,0.3797497505181546,4.566933333333333,False,False,4892.311379013492,,no_arc_no_semicircle,5082.515,4.734848,0.3336788971601657,237.072
S8-3-6-2,210.15,0.3797497505181546,4.566933333333333,False,False,1898.762,,no_arc_no_semicircle,2167.712,4.734848,0.7099803848481714,80.90122
S8-3-6-2,213.15,0.3797497505181546,4.566933333333333,False,False,885.9566,,no_arc_no_semicircle,1479.41,4.734848,0.9631691011957464,34.07944
S8-3-6-2,217.15,0.3797497505181546,4.566933333333333,False,False,470.3047,,no_arc_no_semicircle,1264.2757,4.734848,1.0563463333195433,28.0396
S8-3-6-2,220.15,0.3797497505181546,4.566933333333333,False,False,308.1129,,no_arc_no_semicircle,1167.7139,4.734848,1.079492159851826,26.95602
S8-3-6-2,223.15,0.3797497505181546,4.566933333333333,False,False,199.0905,,no_arc_no_semicircle,1108.3521,4.734848,1.0751366826480493,25.97159
S8-3-6-2,225.15,0.3797497505181546,4.566933333333333,False,False,137.8721,,no_arc_no_semicircle,1082.7626,4.734848,1.0490960807105816,25.20219
S8-3-6-2,228.15,0.3797497505181546,4.566933333333333,False,False,101.21660182480838,,no_arc_no_semicircle,1072.212,4.734848,1.013077637631363,24.54225
S8-3-6-2,231.15,0.3797497505181546,4.566933333333333,False,False,76.82681892525127,,no_arc_no_semicircle,1066.8226,4.734848,0.9748649869247232,23.92781
S8-3-6-2,234.15,0.3797497505181546,4.566933333333333,False,False,59.06753040878052,,no_arc_no_semicircle,1057.2451,4.734848,0.9449729301180956,23.3638
S8-3-6-2,236.15,0.3797497505181546,4.566933333333333,False,False,46.19154562463158,,no_arc_no_semicircle,1044.11049,4.734848,0.9192159347043808,22.834
S8-3-6-2,239.15,0.3797497505181546,4.566933333333333,False,False,36.700760124747006,,no_arc_no_semicircle,1022.72132,4.734848,0.903763109191856,22.33128
S8-3-6-2,242.15,0.3797497505181546,4.566933333333333,False,False,29.52808979273132,,no_arc_no_semicircle,991.38625,4.734848,0.897240001059122,21.84751
S8-3-6-2,245.15,0.3797497505181546,4.566933333333333,False,False,24.15628954234176,,no_arc_no_semicircle,952.71202,4.734848,0.8977063184318794,21.41058
S8-3-6-2,247.15,0.3797497505181546,4.566933333333333,False,False,19.980250355360752,,no_arc_no_semicircle,909.23188,4.734848,0.9052898585122192,20.96041
S8-3-6-2,250.15,0.3797497505181546,4.566933333333333,False,False,16.78624479625706,,no_arc_no_semicircle,866.22525,4.734848,0.9140965355142892,20.53411
S8-3-6-2,253.15,0.3797497505181546,4.566933333333333,False,False,14.27611254376631,,no_arc_no_semicircle,827.88689,4.734848,0.9199527244597376,20.12383
S8-3-6-2,256.15,0.3797497505181546,4.566933333333333,False,False,12.277677282133272,,no_arc_no_semicircle,797.4112600000001,4.734848,0.919442747773588,19.73108
S8-3-6-2,259.15,0.3797497505181546,4.566933333333333,False,False,10.664660864873811,,no_arc_no_semicircle,776.7995900000001,4.734848,0.9083861643129846,19.35729
S8-3-6-2,261.15,0.3797497505181546,4.566933333333333,False,False,9.363665246527724,,no_arc_no_semicircle,767.749656,4.734848,0.8859502504290268,18.99397
S8-3-6-2,264.15,0.3797497505181546,4.566933333333333,False,False,8.298793277328125,,no_arc_no_semicircle,770.0034300000001,4.734848,0.8514508824980157,18.64611
S8-3-6-2,267.15,0.3797497505181546,4.566933333333333,False,False,7.417941097355717,,no_arc_no_semicircle,783.797535,4.734848,0.8075986102712087,18.31245
S8-3-6-2,270.15,0.3797497505181546,4.566933333333333,False,False,6.68431674103228,,no_arc_no_semicircle,808.286501,4.734848,0.7570882344848157,17.98992
S8-3-6-2,272.15,0.3797497505181546,4.566933333333333,False,False,6.061924602636935,,no_arc_no_semicircle,842.271144,4.734848,0.7038596825062301,17.6777
S8-3-6-2,274.15,0.3797497505181546,4.566933333333333,False,False,5.537891255492887,,no_arc_no_semicircle,883.656147,4.734848,0.6499282576710229,17.37563
S8-3-6-2,277.15,0.3797497505181546,4.566933333333333,False,False,5.08978379056672,,no_arc_no_semicircle,930.744068,4.734848,0.5993809890174873,17.08051
S8-3-6-2,280.15,0.3797497505181546,4.566933333333333,False,False,4.707373287525729,,no_arc_no_semicircle,979.714175,4.734848,0.5533278111445101,16.79041
S8-3-6-2,283.15,0.3797497505181546,4.566933333333333,False,False,4.382908267060597,,no_arc_no_semicircle,1029.745192,4.734848,0.5120501693976344,16.5095
S8-3-6-2,285.15,0.3797497505181546,4.566933333333333,False,False,4.107607799938786,,no_arc_no_semicircle,1074.03029,4.734848,0.4787852864000694,16.24097
S8-3-6-2,288.15,0.3797497505181546,4.566933333333333,False,False,3.8691315289770456,,no_arc_no_semicircle,1107.615712,4.734848,0.4533493833283575,15.98409
S8-3-6-2,291.15,0.3797497505181546,4.566933333333333,False,False,3.6700114576130094,,no_arc_no_semicircle,1127.622952,4.734848,0.4362640004156279,15.73721
S8-3-6-2,294.15,0.3797497505181546,4.566933333333333,False,False,3.510358148690965,,no_arc_no_semicircle,1137.078169,4.734848,0.4258445137732651,15.50696
S8-3-6-2,297.15,0.3797497505181546,4.566933333333333,False,False,3.3968593808773364,,no_arc_no_semicircle,1135.420315,4.734848,0.4215146529239258,15.30381
S8-3-6-2,299.15,0.3797497505181546,4.566933333333333,False,False,3.35285326990325,,no_arc_no_semicircle,1133.700345,4.734848,0.4239198674672711,15.1579
S8-3-6-3,190.15,0.3797497505181546,4.566933333333333,False,False,8550.202,,no_arc_no_semicircle,27687.053,4.734848,0.0822365962892475,287.6237
S8-3-6-3,199.15,0.3797497505181546,4.566933333333333,False,False,429.2013,,no_arc_no_semicircle,1995.1812,4.734848,0.8043720540269722,34.4957
S8-3-6-3,208.15,0.3797497505181546,4.566933333333333,False,False,105.48149767896189,,no_arc_no_semicircle,1304.4402,4.734848,1.0386501427968864,29.8088
S8-3-6-3,216.15,0.3797497505181546,4.566933333333333,False,False,49.08141968704963,,no_arc_no_semicircle,1198.18782,4.734848,0.9834526610360628,26.73437
S8-3-6-3,224.15,0.3797497505181546,4.566933333333333,False,False,23.548885462213786,,no_arc_no_semicircle,1090.46356,4.734848,0.947813423494866,24.37392
S8-3-6-3,233.15,0.3797497505181546,4.566933333333333,False,False,12.98830680157667,,no_arc_no_semicircle,910.15833,4.734848,0.9925848835553688,22.51248
S8-3-6-3,241.15,0.3797497505181546,4.566933333333333,False,False,7.9061257430391425,,no_arc_no_semicircle,721.0633349999999,4.734848,1.0967092093234765,20.93414
S8-3-6-3,249.15,0.3797497505181546,4.566933333333333,False,False,5.207511399557307,,no_arc_no_semicircle,582.663666,4.734848,1.1935084347613991,19.54589
S8-3-6-3,258.15,0.3797497505181546,4.566933333333333,False,False,3.747614459922206,,no_arc_no_semicircle,511.91906399999993,4.734848,1.2204220235876952,18.35653
S8-3-6-3,266.15,0.3797497505181546,4.566933333333333,False,False,2.917674859242485,,no_arc_no_semicircle,500.840187,4.734848,1.151021453476134,17.35304
S8-3-6-3,274.15,0.3797497505181546,4.566933333333333,False,False,2.450257333286863,,no_arc_no_semicircle,532.920989,4.734848,1.0161804679830295,16.52669
S8-3-6-3,283.15,0.3797497505181546,4.566933333333333,False,False,2.1666285781707857,,no_arc_no_semicircle,593.822853,4.734848,0.8694534024610856,15.87914
S8-3-6-3,291.15,0.3797497505181546,4.566933333333333,False,False,2.0211992928194884,,no_arc_no_semicircle,652.237406,4.734848,0.772219433241152,15.45341
S8-3-6-3,299.15,0.3797497505181546,4.566933333333333,False,False,1.9619353331142992,,no_arc_no_semicircle,689.197443,4.734848,0.7297899972040367,15.29577
S8-3-7-1,195.15,0.3865699438677832,5.838000000000001,False,False,19227.7,,no_arc_no_semicircle,23707.206,18984.38,0.1209454205611576,972.656
S8-3-7-1,200.15,0.3865699438677832,5.838000000000001,False,False,5781.582,,no_arc_no_semicircle,6790.7570000000005,4.734848,0.2980673583224962,257.4111
S8-3-7-1,204.15,0.3865699438677832,5.838000000000001,False,False,2061.655,,no_arc_no_semicircle,2786.3459999999995,4.734848,0.6171573810287738,104.5039
S8-3-7-1,207.15,0.3865699438677832,5.838000000000001,False,False,926.3895,,no_arc_no_semicircle,1742.2421,4.734848,0.8618342996073848,42.24993
S8-3-7-1,211.15,0.3865699438677832,5.838000000000001,False,False,489.9912,,no_arc_no_semicircle,1471.2755000000002,4.734848,0.9290741264977218,37.10886
S8-3-7-1,214.15,0.3865699438677832,5.838000000000001,False,False,325.6048,,no_arc_no_semicircle,1419.0079,4.734848,0.8990950649393842,35.96082
S8-3-7-1,217.15,0.3865699438677832,5.838000000000001,False,False,209.8344,,no_arc_no_semicircle,1424.7442999999998,4.734848,0.8443620374547204,35.62434
S8-3-7-1,219.15,0.3865699438677832,5.838000000000001,False,False,146.3466,,no_arc_no_semicircle,1425.6672,4.734848,0.7994656817523749,35.37041
S8-3-7-1,222.15,0.3865699438677832,5.838000000000001,False,False,108.1696,,no_arc_no_semicircle,1408.5007,4.734848,0.7703979131852752,35.78986
S8-3-7-1,225.15,0.3865699438677832,5.838000000000001,False,False,82.2196,,no_arc_no_semicircle,1357.00909,4.734848,0.7591725122489779,38.15865
S8-3-7-1,228.15,0.3865699438677832,5.838000000000001,False,False,63.86122,,no_arc_no_semicircle,1294.06885,4.734848,0.7548531903847304,44.34923
S8-3-7-1,230.15,0.3865699438677832,5.838000000000001,False,False,49.9454,,no_arc_no_semicircle,1227.61897,4.734848,0.7533805053533829,57.68726
S8-3-7-1,233.15,0.3865699438677832,5.838000000000001,False,False,39.67291,,no_arc_no_semicircle,1175.98133,4.734848,0.7425216521082008,85.46609
S8-3-7-1,236.15,0.3865699438677832,5.838000000000001,False,False,31.70634,,no_arc_no_semicircle,1176.13627,4.734848,0.7012990084898916,130.6316
S8-3-7-1,239.15,0.3865699438677832,5.838000000000001,False,False,25.70925,,no_arc_no_semicircle,1319.86763,4.734848,0.5992725194722743,219.2024
S8-3-7-1,242.15,0.3865699438677832,5.838000000000001,False,False,21.21669,,no_arc_no_semicircle,1454.79052,4.734848,0.526551547778851,252.9556
S8-3-7-1,244.15,0.3865699438677832,5.838000000000001,False,False,17.6385,,no_arc_no_semicircle,1618.57262,4.734848,0.4574014726629934,265.1423
S8-3-7-1,247.15,0.3865699438677832,5.838000000000001,False,False,14.92134,,no_arc_no_semicircle,1658.14056,4.734848,0.4296906530047124,260.8752
S8-3-7-1,250.15,0.3865699438677832,5.838000000000001,False,False,12.70975,,no_arc_no_semicircle,1739.75498,4.734848,0.3979861577979214,264.7026
S8-3-7-1,253.15,0.3865699438677832,5.838000000000001,False,False,10.99345,,no_arc_no_semicircle,1869.76125,4.734848,0.3673768509214744,265.425
S8-3-7-1,255.15,0.3865699438677832,5.838000000000001,False,False,9.55876,,no_arc_no_semicircle,1996.03203,4.734848,0.3493178413574855,259.0381
S8-3-7-1,258.15,0.3865699438677832,5.838000000000001,False,False,8.4377,,no_arc_no_semicircle,2165.5427,4.734848,0.3338690112182963,255.5497
S8-3-7-1,261.15,0.3865699438677832,5.838000000000001,True,True,7.477157,,ok,2310.6575070000004,15.02404,0.3387926153609746,246.4922
S8-3-7-1,264.15,0.3865699438677832,5.838000000000001,True,True,6.679959,,ok,2283.628778,15.02404,0.3429540333109254,237.7357
S8-3-7-1,267.15,0.3865699438677832,5.838000000000001,True,True,5.99441,,ok,2309.144607,15.02404,0.3357413813105555,228.7239
S8-3-7-1,269.15,0.3865699438677832,5.838000000000001,False,False,5.439213,,no_arc_no_semicircle,1372.506273,4.734848,0.3173570194676988,148.0788
S8-3-7-1,272.15,0.3865699438677832,5.838000000000001,False,False,4.99975,,no_arc_no_semicircle,1153.603235,4.734848,0.3658432875320427,140.8333
S8-3-7-1,274.15,0.3865699438677832,5.838000000000001,False,False,4.587444,,no_arc_no_semicircle,1147.885035,4.734848,0.3631616296835855,73.97071
S8-3-7-1,277.15,0.3865699438677832,5.838000000000001,False,False,4.274494,,no_arc_no_semicircle,1095.0519479999998,4.734848,0.3742906450681002,66.08414
S8-3-7-1,280.15,0.3865699438677832,5.838000000000001,False,False,3.997727,,no_arc_no_semicircle,1086.432938,4.734848,0.361811379470529,89.64951
S8-3-7-1,282.15,0.3865699438677832,5.838000000000001,False,False,3.776804,,no_arc_no_semicircle,1362.9895150000002,4.734848,0.2816033401401475,159.1914
S8-3-7-1,285.15,0.3865699438677832,5.838000000000001,False,False,3.569911464074329,,no_arc_no_semicircle,1349.038067,4.734848,0.2716219126528175,154.7525
S8-3-7-1,288.15,0.3865699438677832,5.838000000000001,False,False,3.420116894325958,,no_arc_no_semicircle,1368.5540179999998,4.734848,0.2733798557303273,154.4871
S8-3-7-1,291.15,0.3865699438677832,5.838000000000001,False,False,3.249809,,no_arc_no_semicircle,1365.0029949999998,4.734848,0.2717980116959376,151.3302
S8-3-7-1,294.15,0.3865699438677832,5.838000000000001,False,False,3.136087,,no_arc_no_semicircle,1379.177987,4.734848,0.273307508931405,151.9872
S8-3-7-1,296.15,0.3865699438677832,5.838000000000001,False,False,3.075478,,no_arc_no_semicircle,1372.24175,4.734848,0.2734824239242099,152.3141
S8-3-7-1,299.15,0.3865699438677832,5.838000000000001,False,False,2.993824,,no_arc_no_semicircle,1398.824508,4.734848,0.272872256538988,156.378
S8-3-7-2,199.15,0.3865699438677832,5.838000000000001,False,False,2201.872,,no_arc_no_semicircle,8719.829,4.734848,0.2328686720806107,109.4758
S8-3-7-2,208.15,0.3865699438677832,5.838000000000001,False,False,334.7505,,no_arc_no_semicircle,2477.0779,4.734848,0.5929845807433021,42.91917
S8-3-7-2,217.15,0.3865699438677832,5.838000000000001,False,False,100.9024,,no_arc_no_semicircle,1331.5309,4.734848,0.9367510735199606,38.71592
S8-3-7-2,225.15,0.3865699438677832,5.838000000000001,False,False,48.38936,,no_arc_no_semicircle,1418.85599,4.734848,0.7765629547787998,56.82388
S8-3-7-2,233.15,0.3865699438677832,5.838000000000001,False,False,25.16291,,no_arc_no_semicircle,1346.22771,4.734848,0.7173355538789193,69.84844
S8-3-7-2,241.15,0.3865699438677832,5.838000000000001,False,False,14.59245,,no_arc_no_semicircle,1249.92467,4.734848,0.6579229290673969,102.4169
S8-3-7-2,250.15,0.3865699438677832,5.838000000000001,False,False,9.285453,,no_arc_no_semicircle,1191.58237,4.734848,0.577365289484771,134.4678
S8-3-7-2,258.15,0.3865699438677832,5.838000000000001,False,False,6.402822,,no_arc_no_semicircle,1392.163672,4.734848,0.4162047262500322,154.2659
S8-3-7-2,267.15,0.3865699438677832,5.838000000000001,False,False,4.845602,,no_arc_no_semicircle,2346.509409,4.734848,0.3227181604708407,165.3032
S8-3-7-2,274.15,0.3865699438677832,5.838000000000001,False,False,4.0392307465669095,,no_arc_no_semicircle,1671.072715,4.734848,0.2982943204838335,132.716
S8-3-7-2,283.15,0.3865699438677832,5.838000000000001,False,False,3.5732252288122144,,no_arc_no_semicircle,1243.850312,4.734848,0.2948012284616444,101.9358
S8-3-7-2,291.15,0.3865699438677832,5.838000000000001,False,False,3.252227,,no_arc_no_semicircle,916.92852,4.734848,0.3136403696986103,86.46002
S8-3-7-2,299.15,0.3865699438677832,5.838000000000001,True,True,3.208252,,ok,816.892515,4.734848,0.3223406937447574,82.16158
S8-3-8-2,191.15,0.3865699438677832,7.005600000000001,True,True,196005.3,,ok,217567.096,2390.625,0.4581634899424313,9192.188
S8-3-8-2,195.15,0.3865699438677832,7.005600000000001,False,False,24326.44,,no_arc_no_semicircle,33043.914,18984.38,0.1542941311371286,1822.269
S8-3-8-2,200.15,0.3865699438677832,7.005600000000001,False,False,5698.728,,no_arc_no_semicircle,7546.998,4.734848,0.2875991221940167,357.4671
S8-3-8-2,204.15,0.3865699438677832,7.005600000000001,False,False,1591.629,,no_arc_no_semicircle,2457.338,4.734848,0.7477498008007035,109.9515
S8-3-8-2,207.15,0.3865699438677832,7.005600000000001,False,False,657.6644,,no_arc_no_semicircle,1557.642,4.734848,1.059904008751689,41.30136
S8-3-8-2,211.15,0.3865699438677832,7.005600000000001,False,False,350.8112,,no_arc_no_semicircle,1363.8444,4.734848,1.1340435903098618,36.06905
S8-3-8-2,213.15,0.3865699438677832,7.005600000000001,False,False,199.4936,,no_arc_no_semicircle,1311.0498,4.734848,1.1181833062329127,34.16285
S8-3-8-2,216.15,0.3865699438677832,7.005600000000001,False,False,125.2602,,no_arc_no_semicircle,1315.023,4.734848,1.0622818003943648,32.55622
S8-3-8-2,219.15,0.3865699438677832,7.005600000000001,False,False,76.65598,,no_arc_no_semicircle,1342.34858,4.734848,0.9935869265790852,31.10689
S8-3-8-2,222.15,0.3865699438677832,7.005600000000001,False,False,55.22730527529686,,no_arc_no_semicircle,1374.64986,4.734848,0.926425729967338,29.74418
S8-3-8-2,224.15,0.3865699438677832,7.005600000000001,False,False,38.99733446068479,,no_arc_no_semicircle,1393.08481,4.734848,0.8731349242118284,28.46795
S8-3-8-2,227.15,0.3865699438677832,7.005600000000001,False,False,28.07530701008477,,no_arc_no_semicircle,1384.47261,4.734848,0.8390956900187423,27.29917
S8-3-8-2,230.15,0.3865699438677832,7.005600000000001,False,False,20.725455510628933,,no_arc_no_semicircle,1340.84505,4.734848,0.8251945293753362,26.28195
S8-3-8-2,233.15,0.3865699438677832,7.005600000000001,False,False,15.70318300913726,,no_arc_no_semicircle,1274.02647,4.734848,0.8256304125298113,25.3835
S8-3-8-2,235.15,0.3865699438677832,7.005600000000001,False,False,12.163762771818964,,no_arc_no_semicircle,1191.87731,4.734848,0.837636551701785,24.61021
S8-3-8-2,238.15,0.3865699438677832,7.005600000000001,False,False,9.632720220588178,,no_arc_no_semicircle,1103.222813,4.734848,0.8568109622656971,23.93463
S8-3-8-2,241.15,0.3865699438677832,7.005600000000001,False,False,7.784658037954261,,no_arc_no_semicircle,1017.198397,4.734848,0.8786504212314434,23.335
S8-3-8-2,244.15,0.3865699438677832,7.005600000000001,False,False,6.415383712059231,,no_arc_no_semicircle,941.230306,4.734848,0.8977386242384753,22.79296
S8-3-8-2,246.15,0.3865699438677832,7.005600000000001,False,False,5.364543392792856,,no_arc_no_semicircle,879.192273,4.734848,0.9083995896310604,22.2845
S8-3-8-2,249.15,0.3865699438677832,7.005600000000001,False,False,4.565599533645792,,no_arc_no_semicircle,834.893054,4.734848,0.905731334542878,21.80468
S8-3-8-2,252.15,0.3865699438677832,7.005600000000001,False,False,3.954505251859611,,no_arc_no_semicircle,808.7782910000001,4.734848,0.8862528927597032,21.35126
S8-3-8-2,255.15,0.3865699438677832,7.005600000000001,False,False,3.475206496048123,,no_arc_no_semicircle,800.7524530000001,4.734848,0.8524469671527801,20.92166
S8-3-8-2,258.15,0.3865699438677832,7.005600000000001,False,False,3.097707115989266,,no_arc_no_semicircle,808.842827,4.734848,0.8067394284996227,20.50856
S8-3-8-2,260.15,0.3865699438677832,7.005600000000001,False,False,2.797686477036229,,no_arc_no_semicircle,830.729769,4.734848,0.7530124997843904,20.11159
S8-3-8-2,263.15,0.3865699438677832,7.005600000000001,False,False,2.555213513293667,,no_arc_no_semicircle,864.129313,4.734848,0.6967609950757442,19.72871
S8-3-8-2,266.15,0.3865699438677832,7.005600000000001,False,False,2.353358974003689,,no_arc_no_semicircle,907.073467,4.734848,0.6399941362191772,19.35217
S8-3-8-2,269.15,0.3865699438677832,7.005600000000001,False,False,2.1888532566089838,,no_arc_no_semicircle,955.492926,4.734848,0.5872693399720674,18.98131
S8-3-8-2,272.15,0.3865699438677832,7.005600000000001,False,False,2.055551484108749,,no_arc_no_semicircle,1003.888678,4.734848,0.5422235671433675,18.62795
S8-3-8-2,274.15,0.3865699438677832,7.005600000000001,False,False,1.9446253199906307,,no_arc_no_semicircle,1049.195286,4.734848,0.5037033687168125,18.28557
S8-3-8-2,277.15,0.3865699438677832,7.005600000000001,False,False,1.8521645823716004,,no_arc_no_semicircle,1087.300092,4.734848,0.4718226401106564,17.94767
S8-3-8-2,280.15,0.3865699438677832,7.005600000000001,False,False,1.7755325374636548,,no_arc_no_semicircle,1113.123444,4.734848,0.4478837479232892,17.61508
S8-3-8-2,282.15,0.3865699438677832,7.005600000000001,False,False,1.7111725136587967,,no_arc_no_semicircle,1125.266478,4.734848,0.430521667064181,17.28844
S8-3-8-2,285.15,0.3865699438677832,7.005600000000001,False,False,1.6555476015210773,,no_arc_no_semicircle,1122.4381,4.734848,0.4185127892575987,16.97306
S8-3-8-2,288.15,0.3865699438677832,7.005600000000001,False,False,1.6104759878505408,,no_arc_no_semicircle,1105.034036,4.734848,0.4112659747975397,16.66749
S8-3-8-2,291.15,0.3865699438677832,7.005600000000001,False,False,1.5712693535327993,,no_arc_no_semicircle,1073.914711,4.734848,0.4087027540495249,16.36561
S8-3-8-2,294.15,0.3865699438677832,7.005600000000001,False,False,1.540609371680239,,no_arc_no_semicircle,1032.4843509999998,4.734848,0.409884662745847,16.06848
S8-3-8-2,297.15,0.3865699438677832,7.005600000000001,False,False,1.521262649250407,,no_arc_no_semicircle,991.057816,4.734848,0.412959459471131,15.787
S8-3-8-2,299.15,0.3865699438677832,7.005600000000001,False,False,1.5256913984789524,,no_arc_no_semicircle,963.81915,4.734848,0.4171441291657252,15.56405
S8-3-9-2,201.15,0.2941272648899327,4.2860000000000005,False,False,9527.39,,no_arc_no_semicircle,9570.806,4.734848,0.1852018523831743,395.0204
S8-3-9-2,206.15,0.2941272648899327,4.2860000000000005,False,False,3272.815,,no_arc_no_semicircle,3447.851000000001,4.734848,0.466791923432886,161.3769
S8-3-9-2,210.15,0.2941272648899327,4.2860000000000005,False,False,1223.093,,no_arc_no_semicircle,1673.331,4.734848,0.8685346772395893,57.95688
S8-3-9-2,214.15,0.2941272648899327,4.2860000000000005,False,False,646.3932,,no_arc_no_semicircle,1233.5289,4.734848,1.090354672679334,28.65294
S8-3-9-2,217.15,0.2941272648899327,4.2860000000000005,False,False,374.6735,,no_arc_no_semicircle,1103.9668,4.734848,1.1408477138986417,27.00704
S8-3-9-2,220.15,0.2941272648899327,4.2860000000000005,False,False,235.3496,,no_arc_no_semicircle,1085.8528,4.734848,1.101015717784214,26.02614
S8-3-9-2,222.15,0.2941272648899327,4.2860000000000005,False,False,163.6972,,no_arc_no_semicircle,1090.6018,4.734848,1.0457529044973144,25.04628
S8-3-9-2,225.15,0.2941272648899327,4.2860000000000005,False,False,110.725,,no_arc_no_semicircle,1111.1981,4.734848,0.9857450260219118,24.27146
S8-3-9-2,228.15,0.2941272648899327,4.2860000000000005,False,False,85.35458246082084,,no_arc_no_semicircle,1123.36019,4.734848,0.938418513833928,23.56934
S8-3-9-2,231.15,0.2941272648899327,4.2860000000000005,False,False,64.72823235670198,,no_arc_no_semicircle,1114.16525,4.734848,0.9093965190531648,22.9221
S8-3-9-2,233.15,0.2941272648899327,4.2860000000000005,False,False,49.92930735874394,,no_arc_no_semicircle,1085.23671,4.734848,0.898292502471649,22.31951
S8-3-9-2,236.15,0.2941272648899327,4.2860000000000005,False,False,39.15526851423213,,no_arc_no_semicircle,1036.43158,4.734848,0.9021889317575592,21.75105
S8-3-9-2,239.15,0.2941272648899327,4.2860000000000005,False,False,31.15650422471925,,no_arc_no_semicircle,974.31892,4.734848,0.920258327735234,21.21061
S8-3-9-2,242.15,0.2941272648899327,4.2860000000000005,False,False,25.21832757016196,,no_arc_no_semicircle,906.95103,4.734848,0.9443379759985489,20.71952
S8-3-9-2,245.15,0.2941272648899327,4.2860000000000005,False,False,20.56159863489293,,no_arc_no_semicircle,838.5222,4.734848,0.9748015019757366,20.20963
S8-3-9-2,247.15,0.2941272648899327,4.2860000000000005,False,False,17.131818410074573,,no_arc_no_semicircle,779.88337,4.734848,1.0004908810916162,19.7467
S8-3-9-2,250.15,0.2941272648899327,4.2860000000000005,False,False,14.46296255480766,,no_arc_no_semicircle,730.62276,4.734848,1.0185753041692802,19.30608
S8-3-9-2,253.15,0.2941272648899327,4.2860000000000005,False,False,12.354448911002692,,no_arc_no_semicircle,692.78142,4.734848,1.027315801858541,18.89395
S8-3-9-2,256.15,0.2941272648899327,4.2860000000000005,False,False,10.674746256213458,,no_arc_no_semicircle,666.88742,4.734848,1.0212699768725566,18.50684
S8-3-9-2,258.15,0.2941272648899327,4.2860000000000005,False,False,9.323766224745643,,no_arc_no_semicircle,652.569914,4.734848,1.002087877437756,18.14531
S8-3-9-2,261.15,0.2941272648899327,4.2860000000000005,False,False,8.229482920910202,,no_arc_no_semicircle,649.551556,4.734848,0.9682329203749902,17.80569
S8-3-9-2,264.15,0.2941272648899327,4.2860000000000005,False,False,7.324683015424368,,no_arc_no_semicircle,656.645803,4.734848,0.9240981930101502,17.4842
S8-3-9-2,267.15,0.2941272648899327,4.2860000000000005,False,False,6.575486377049023,,no_arc_no_semicircle,673.747621,4.734848,0.8711169905563186,17.18211
S8-3-9-2,269.15,0.2941272648899327,4.2860000000000005,False,False,5.943014261984638,,no_arc_no_semicircle,700.19645,4.734848,0.8130112627677549,16.89036
S8-3-9-2,272.15,0.2941272648899327,4.2860000000000005,False,False,5.410129047099149,,no_arc_no_semicircle,734.83465,4.734848,0.7527336932192831,16.61345
S8-3-9-2,274.15,0.2941272648899327,4.2860000000000005,False,False,4.958977577485117,,no_arc_no_semicircle,776.295453,4.734848,0.6938345418854325,16.34631
S8-3-9-2,277.15,0.2941272648899327,4.2860000000000005,False,False,4.57509400989955,,no_arc_no_semicircle,822.8345400000001,4.734848,0.638961631338421,16.08916
S8-3-9-2,280.15,0.2941272648899327,4.2860000000000005,False,False,4.246629276720969,,no_arc_no_semicircle,872.0802719999999,4.734848,0.5885864139809361,15.83781
S8-3-9-2,283.15,0.2941272648899327,4.2860000000000005,False,False,3.9645462665444575,,no_arc_no_semicircle,920.731485,4.734848,0.5456205290948636,15.59276
S8-3-9-2,285.15,0.2941272648899327,4.2860000000000005,False,False,3.721964528858473,,no_arc_no_semicircle,966.559498,4.734848,0.5082306893848344,15.35301
S8-3-9-2,288.15,0.2941272648899327,4.2860000000000005,False,False,3.513415379288078,,no_arc_no_semicircle,1005.032852,4.734848,0.4782105371417247,15.1195
S8-3-9-2,291.15,0.2941272648899327,4.2860000000000005,False,False,3.331771659312434,,no_arc_no_semicircle,1033.767078,4.734848,0.4554383768061915,14.88882
S8-3-9-2,294.15,0.2941272648899327,4.2860000000000005,False,False,3.184933650851665,,no_arc_no_semicircle,1050.8973139999998,4.734848,0.4388400216236537,14.66011
S8-3-9-2,297.15,0.2941272648899327,4.2860000000000005,False,False,3.089808961533742,,no_arc_no_semicircle,1054.754205,4.734848,0.4294375863616487,14.45148
S8-3-9-2,299.15,0.2941272648899327,4.2860000000000005,False,False,3.099824726046052,,no_arc_no_semicircle,1047.7247559999998,4.734848,0.4287768303911296,14.32163
S8-3-9-3,188.15,0.2941272648899327,4.2860000000000005,False,False,8313.197,,no_arc_no_semicircle,8957.377,4.734848,0.222141146900482,356.1937
S8-3-9-3,192.15,0.2941272648899327,4.2860000000000005,False,False,2380.738,,no_arc_no_semicircle,2981.6860000000006,4.734848,0.5902576595925926,121.4934
S8-3-9-3,196.15,0.2941272648899327,4.2860000000000005,False,False,951.528,,no_arc_no_semicircle,1641.9187000000002,4.734848,0.9652177053589795,42.39429
S8-3-9-3,199.15,0.2941272648899327,4.2860000000000005,False,False,463.3172,,no_arc_no_semicircle,1288.9857,4.734848,1.1329629180525425,31.75524
S8-3-9-3,202.15,0.2941272648899327,4.2860000000000005,False,False,260.4053,,no_arc_no_semicircle,1183.1519,4.734848,1.1508640606501996,30.10594
S8-3-9-3,205.15,0.2941272648899327,4.2860000000000005,False,False,159.4229,,no_arc_no_semicircle,1132.7841,4.734848,1.131294127451117,28.66922
S8-3-9-3,208.15,0.2941272648899327,4.2860000000000005,False,False,104.85391506486278,,no_arc_no_semicircle,1124.2843,4.734848,1.085094757616022,27.57104
S8-3-9-3,211.15,0.2941272648899327,4.2860000000000005,False,False,74.3475895915857,,no_arc_no_semicircle,1117.18994,4.734848,1.0418103120405822,26.56682
S8-3-9-3,213.15,0.2941272648899327,4.2860000000000005,False,False,53.74047734055144,,no_arc_no_semicircle,1097.92991,4.734848,1.0124416776294936,25.64736
S8-3-9-3,216.15,0.2941272648899327,4.2860000000000005,False,False,39.63165832003602,,no_arc_no_semicircle,1062.79157,4.734848,0.9991206460171668,24.7827
S8-3-9-3,219.15,0.2941272648899327,4.2860000000000005,False,False,29.80635894186407,,no_arc_no_semicircle,1010.01742,4.734848,1.0053004828372158,23.96939
S8-3-9-3,222.15,0.2941272648899327,4.2860000000000005,False,False,22.914002179342283,,no_arc_no_semicircle,949.02982,4.734848,1.0203367476903928,23.22661
S8-3-9-3,224.15,0.2941272648899327,4.2860000000000005,False,False,17.969653819659133,,no_arc_no_semicircle,881.28773,4.734848,1.047961033112306,22.50573
S8-3-9-3,227.15,0.2941272648899327,4.2860000000000005,False,False,14.399497291022795,,no_arc_no_semicircle,814.00004,4.734848,1.082200683921341,21.84197
S8-3-9-3,230.15,0.2941272648899327,4.2860000000000005,False,False,11.75291850421652,,no_arc_no_semicircle,749.8041900000001,4.734848,1.121248602251741,21.22535
S8-3-9-3,233.15,0.2941272648899327,4.2860000000000005,False,False,9.756956216671297,,no_arc_no_semicircle,691.6262499999999,4.734848,1.1621321486857952,20.65765
S8-3-9-3,235.15,0.2941272648899327,4.2860000000000005,False,False,8.230198835668828,,no_arc_no_semicircle,642.319317,4.734848,1.197590169937235,20.13599
S8-3-9-3,238.15,0.2941272648899327,4.2860000000000005,False,False,7.046246262319719,,no_arc_no_semicircle,600.5277259999999,4.734848,1.2295818628031154,19.65242
S8-3-9-3,241.15,0.2941272648899327,4.2860000000000005,False,False,6.1111391134528015,,no_arc_no_semicircle,566.615701,4.734848,1.25177417206799,19.20086
S8-3-9-3,244.15,0.2941272648899327,4.2860000000000005,False,False,5.363738020909975,,no_arc_no_semicircle,540.196673,4.734848,1.2658180514192072,18.77818
S8-3-9-3,247.15,0.2941272648899327,4.2860000000000005,False,False,4.76427497053609,,no_arc_no_semicircle,518.485859,4.734848,1.2737062902230447,18.38248
S8-3-9-3,249.15,0.2941272648899327,4.2860000000000005,False,False,4.278774949994933,,no_arc_no_semicircle,504.900321,4.734848,1.2656599202280934,18.01006
S8-3-9-3,252.15,0.2941272648899327,4.2860000000000005,False,False,3.879827915256264,,no_arc_no_semicircle,493.171181,4.734848,1.2580493830599535,17.66057
S8-3-9-3,255.15,0.2941272648899327,4.2860000000000005,False,False,3.5529650215433457,,no_arc_no_semicircle,486.024638,4.734848,1.2421238612187369,17.33042
S8-3-9-3,258.15,0.2941272648899327,4.2860000000000005,False,False,3.277293227120253,,no_arc_no_semicircle,478.787305,4.734848,1.2285062570737937,17.0151
S8-3-9-3,261.15,0.2941272648899327,4.2860000000000005,False,False,3.04786443866775,,no_arc_no_semicircle,481.583319,4.734848,1.1927497845912698,16.70934
S8-3-9-3,263.15,0.2941272648899327,4.2860000000000005,False,False,2.852263628582199,,no_arc_no_semicircle,490.099926,4.734848,1.14651843469162,16.4169
S8-3-9-3,266.15,0.2941272648899327,4.2860000000000005,False,False,2.686741270933775,,no_arc_no_semicircle,499.978208,4.734848,1.1006315699263414,16.13499
S8-3-9-3,269.15,0.2941272648899327,4.2860000000000005,False,False,2.544541532203443,,no_arc_no_semicircle,516.4318370000001,4.734848,1.044034587666211,15.86269
S8-3-9-3,272.15,0.2941272648899327,4.2860000000000005,False,False,2.421824169938547,,no_arc_no_semicircle,537.767391,4.734848,0.9838564198103248,15.59443
S8-3-9-3,274.15,0.2941272648899327,4.2860000000000005,False,False,2.311726295452963,,no_arc_no_semicircle,568.3065710000001,4.734848,0.9142389451625732,15.32368
S8-3-9-3,277.15,0.2941272648899327,4.2860000000000005,False,False,2.2182720577857906,,no_arc_no_semicircle,596.62859,4.734848,0.8557132671097761,15.05401
S8-3-9-3,280.15,0.2941272648899327,4.2860000000000005,False,False,2.136846027133432,,no_arc_no_semicircle,632.289487,4.734848,0.7948224829491736,14.80077
S8-3-9-3,282.15,0.2941272648899327,4.2860000000000005,False,False,2.0650803081766758,,no_arc_no_semicircle,658.3731,4.734848,0.7504653516372392,14.55928
S8-3-9-3,285.15,0.2941272648899327,4.2860000000000005,False,False,2.0022743638264444,,no_arc_no_semicircle,707.984016,4.734848,0.6873114208838287,14.32499
S8-3-9-3,288.15,0.2941272648899327,4.2860000000000005,False,False,1.944937423757529,,no_arc_no_semicircle,731.648902,4.734848,0.6548176300003514,14.08778
S8-3-9-3,291.15,0.2941272648899327,4.2860000000000005,False,False,1.8921244359486,,no_arc_no_semicircle,761.969795,4.734848,0.6182377609863123,13.8407
S8-3-9-3,294.15,0.2941272648899327,4.2860000000000005,False,False,1.8447039578313376,,no_arc_no_semicircle,785.6675290000001,4.734848,0.589160787374222,13.59244
S8-3-9-3,297.15,0.2941272648899327,4.2860000000000005,False,False,1.8044071139732647,,no_arc_no_semicircle,804.1549560000001,4.734848,0.5666391739554228,13.35289
S8-3-9-3,299.15,0.2941272648899327,4.2860000000000005,False,False,1.7788371721686602,,no_arc_no_semicircle,808.334204,4.734848,0.5566927612035076,13.16236
S8-3-9-4,203.15,0.2941272648899327,4.2860000000000005,False,False,798.9586,,no_arc_no_semicircle,5293.2226,4.734848,0.3017556828235411,32.27712
S8-3-9-4,216.15,0.2941272648899327,4.2860000000000005,False,False,76.37721955797709,,no_arc_no_semicircle,1236.5903899999998,4.734848,0.9642910131300626,25.17658
S8-3-9-4,230.15,0.2941272648899327,4.2860000000000005,False,False,22.747918537621896,,no_arc_no_semicircle,1096.38495,4.734848,0.8905567337457517,22.0291
S8-3-9-4,244.15,0.2941272648899327,4.2860000000000005,False,False,9.654732150456182,,no_arc_no_semicircle,858.1300650000001,4.734848,0.9268659058111418,19.75744
S8-3-9-4,258.15,0.2941272648899327,4.2860000000000005,False,False,5.39699327928735,,no_arc_no_semicircle,726.713207,4.734848,0.9098074641156192,18.06624
S8-3-9-4,272.15,0.2941272648899327,4.2860000000000005,False,False,3.697361458068685,,no_arc_no_semicircle,823.905756,4.734848,0.700406564461481,16.79517
S8-3-9-4,285.15,0.2941272648899327,4.2860000000000005,False,False,2.997605954068188,,no_arc_no_semicircle,1032.906556,4.734848,0.5079966788399392,15.90954
S8-3-9-4,299.15,0.2941272648899327,4.2860000000000005,False,False,2.8809556228048403,,no_arc_no_semicircle,1118.335302,4.734848,0.4418747213972859,15.53052
