[Header]
; Copyright 1997-2010, Quantum Design, Inc. All rights reserved.
FILEOPENTIME,3807518862.420,8/25/2020,12:07 PM
BYAPP, LogDynaCoolData, 1.0, 2.2
INFO, APPNAME, DynaCool MultiVu Application, Release 1.2.5.1
FIELDGROUP, Standard,2,3,4,5,6,7,8,9,11,10
FIELDGROUP, Diagnostic,2,12,13,14,15,16,17,18,19,20,21,22,23,24,25,26,27,28,29,30,31,32,33
FIELDGROUP, User,2,50,51,52,53,54,55,56,57,58,59,60,61,62,63,64,65
STARTUPGROUP, All
STARTUPAXIS, X, 2, LINEAR, AUTO
STARTUPAXIS, Y1, 3, LINEAR, AUTO
TIMEMODE, MINUTES, RELATIVE
PLOT_APPEARANCE, ALL, HORZ_GRID_ON, VERT_GRID_ON, MARKERS_AND_LINES, ALL_LINES
RECORDS, ALL_RECORDS
DATATYPE, TIME, 2
DATATYPE, COMMENT, 1
[Data]
Comment,Time Stamp (sec),Temperature (K),Magnetic Field (Oe),System Pres (Torr),Chamber Status (code),Temperature Status (code),Field Status (code),Cryostat Status (code),Control Therm (ID),Sample Therm (ID),Block Temp (K),Neck Temp (K),High Neck Temp (K),Control Temp (K),1st Stage Temp (K),2nd Stage Temp (K),Magnet Temp (K),Impedance Temp (K),Pot Liquid level (%),Block Power (W),Neck Heater Power (W),High Neck Heater Power (W),1st Stage Heater Power (W),2nd Stage Heater Power (W),Magnet Voltage (V),Impedance Heater Power (W),Pot Power (W),CFE Flow (SCCM),Pump Flow (uncal SCCM),Tank Pressure (Torr),Annulus Pressure (Torr),Compressor State (code),Channel 1,Channel 2,Channel 3,Channel 4,Channel 5,Channel 6,Channel 7,Channel 8,Channel 9,Channel 10,Channel 11,Channel 12,Channel 13,Channel 14,Channel 15,Channel 16
,3807518862.42,299.6904,,,,,,,,
,3807518862.43,299.6904,,,,,,,,
,3807518878.46,299.4519,,,,,,,,
,3807518898.46,299.2098,,,,,,,,
,3807518918.48,298.9084,,,,,,,,
,3807518938.52,298.5929,,,,,,,,
,3807518958.52,298.2536,,,,,,,,
,3807518978.54,297.9243,,,,,,,,
,3807518998.62,297.5755,,,,,,,,
,3807519018.67,297.2284,,,,,,,,
,3807519038.71,296.8865,,,,,,,,
,3807519058.75,296.5375,,,,,,,,
,3807519078.85,296.2004,,,,,,,,
,3807519098.88,295.8505,,,,,,,,
,3807519118.93,295.5166,,,,,,,,
,3807519138.96,295.1697,,,,,,,,
,3807519159.01,294.8393,,,,,,,,
,3807519179.05,294.4989,,,,,,,,
,3807519199.07,294.1714,,,,,,,,
,3807519219.12,293.8327,,,,,,,,
,3807519239.16,293.4974,,,,,,,,
,3807519259.18,293.169,,,,,,,,
,3807519279.20,292.8351,,,,,,,,
,3807519299.22,292.5079,,,,,,,,
,3807519319.26,292.1695,,,,,,,,
,3807519339.26,291.8426,,,,,,,,
,3807519359.27,291.5082,,,,,,,,
,3807519379.29,291.1794,,,,,,,,
,3807519399.33,290.8401,,,,,,,,
,3807519419.38,290.511,,,,,,,,
,3807519439.43,290.1726,,,,,,,,
,3807519459.45,289.8465,,,,,,,,
,3807519479.46,289.508,,,,,,,,
,3807519499.47,289.1813,,,,,,,,
,3807519519.47,288.842,,,,,,,,
,3807519539.52,288.5162,,,,,,,,
,3807519559.52,288.1756,,,,,,,,
,3807519579.54,287.8495,,,,,,,,
,3807519599.57,287.51,,,,,,,,
,3807519619.65,287.1725,,,,,,,,
,3807519639.67,286.8466,,,,,,,,
,3807519659.70,286.5076,,,,,,,,
,3807519679.71,286.1803,,,,,,,,
,3807519699.72,285.8432,,,,,,,,
,3807519719.74,285.515,,,,,,,,
,3807519739.76,285.1777,,,,,,,,
,3807519759.80,284.8493,,,,,,,,
,3807519779.83,284.5123,,,,,,,,
,3807519799.90,284.1843,,,,,,,,
,3807519819.91,283.8482,,,,,,,,
,3807519839.93,283.5186,,,,,,,,
,3807519859.95,283.1794,,,,,,,,
,3807519879.98,282.8549,,,,,,,,
,3807519900.00,282.5137,,,,,,,,
,3807519920.02,282.1886,,,,,,,,
,3807519940.04,281.8484,,,,,,,,
,3807519960.06,281.5227,,,,,,,,
,3807519980.14,281.1831,,,,,,,,
,3807520000.23,280.8465,,,,,,,,
,3807520020.25,280.5181,,,,,,,,
,3807520040.29,280.181,,,,,,,,
,3807520060.32,279.8535,,,,,,,,
,3807520080.36,279.515,,,,,,,,
,3807520100.37,279.1881,,,,,,,,
,3807520120.41,278.8504,,,,,,,,
,3807520140.43,278.5216,,,,,,,,
,3807520160.45,278.1829,,,,,,,,
,3807520180.51,277.8574,,,,,,,,
,3807520200.58,277.5173,,,,,,,,
,3807520220.65,277.1799,,,,,,,,
,3807520240.73,276.8517,,,,,,,,
,3807520260.75,276.5147,,,,,,,,
,3807520280.83,276.1855,,,,,,,,
,3807520300.85,275.8503,,,,,,,,
,3807520320.90,275.5217,,,,,,,,
,3807520340.92,275.1839,,,,,,,,
,3807520360.95,274.8552,,,,,,,,
,3807520381.00,274.5157,,,,,,,,
,3807520401.05,274.1889,,,,,,,,
,3807520421.08,273.8491,,,,,,,,
,3807520441.12,273.5243,,,,,,,,
,3807520461.14,273.183,,,,,,,,
,3807520481.15,272.8572,,,,,,,,
,3807520501.16,272.518,,,,,,,,
,3807520521.20,272.1909,,,,,,,,
,3807520541.21,271.8524,,,,,,,,
,3807520561.24,271.527,,,,,,,,
,3807520581.29,271.1867,,,,,,,,
,3807520601.29,270.8614,,,,,,,,
,3807520621.32,270.5216,,,,,,,,
,3807520641.33,270.1958,,,,,,,,
,3807520661.35,269.8563,,,,,,,,
,3807520681.41,269.5295,,,,,,,,
,3807520701.41,269.1917,,,,,,,,
,3807520721.43,268.8634,,,,,,,,
,3807520741.47,268.5237,,,,,,,,
,3807520761.53,268.1872,,,,,,,,
,3807520781.55,267.8597,,,,,,,,
,3807520801.61,267.5232,,,,,,,,
,3807520821.61,267.1936,,,,,,,,
,3807520841.61,266.8568,,,,,,,,
,3807520861.65,266.5276,,,,,,,,
,3807520881.69,266.1917,,,,,,,,
,3807520901.72,265.8625,,,,,,,,
,3807520921.76,265.5247,,,,,,,,
,3807520941.82,265.1981,,,,,,,,
,3807520961.84,264.8594,,,,,,,,
,3807520981.87,264.5319,,,,,,,,
,3807521001.90,264.1927,,,,,,,,
,3807521021.93,263.8651,,,,,,,,
,3807521041.97,263.5252,,,,,,,,
,3807521062.01,263.2002,,,,,,,,
,3807521082.04,262.861,,,,,,,,
,3807521102.08,262.5336,,,,,,,,
,3807521122.13,262.1953,,,,,,,,
,3807521142.17,261.8593,,,,,,,,
,3807521162.21,261.5304,,,,,,,,
,3807521182.23,261.194,,,,,,,,
,3807521202.27,260.8641,,,,,,,,
,3807521222.30,260.5274,,,,,,,,
,3807521242.34,260.1979,,,,,,,,
,3807521262.35,259.8611,,,,,,,,
,3807521282.38,259.5338,,,,,,,,
,3807521302.41,259.1951,,,,,,,,
,3807521322.44,258.8675,,,,,,,,
,3807521342.47,258.5308,,,,,,,,
,3807521362.49,258.2008,,,,,,,,
,3807521382.50,257.8644,,,,,,,,
,3807521402.53,257.5411,,,,,,,,
,3807521422.58,257.2048,,,,,,,,
,3807521442.58,256.8717,,,,,,,,
,3807521462.61,256.5339,,,,,,,,
,3807521482.62,256.2022,,,,,,,,
,3807521502.67,255.8662,,,,,,,,
,3807521522.68,255.5364,,,,,,,,
,3807521542.72,255.1993,,,,,,,,
,3807521562.73,254.8711,,,,,,,,
,3807521582.77,254.5311,,,,,,,,
,3807521602.79,254.2044,,,,,,,,
,3807521622.81,253.8684,,,,,,,,
,3807521642.83,253.5394,,,,,,,,
,3807521662.84,253.1992,,,,,,,,
,3807521682.85,252.875,,,,,,,,
,3807521702.88,252.5342,,,,,,,,
,3807521722.89,252.2077,,,,,,,,
,3807521742.94,251.8687,,,,,,,,
,3807521762.97,251.542,,,,,,,,
,3807521782.97,251.2023,,,,,,,,
,3807521802.99,250.8759,,,,,,,,
,3807521823.00,250.5364,,,,,,,,
,3807521843.01,250.2095,,,,,,,,
,3807521863.04,249.8688,,,,,,,,
,3807521883.06,249.5445,,,,,,,,
,3807521903.07,249.2038,,,,,,,,
,3807521923.09,248.8777,,,,,,,,
,3807521943.10,248.5374,,,,,,,,
,3807521963.11,248.2114,,,,,,,,
,3807521983.13,247.8719,,,,,,,,
,3807522003.15,247.5436,,,,,,,,
,3807522023.20,247.205,,,,,,,,
,3807522043.28,246.8692,,,,,,,,
,3807522063.31,246.5404,,,,,,,,
,3807522083.33,246.2036,,,,,,,,
,3807522103.36,245.8747,,,,,,,,
,3807522123.39,245.5386,,,,,,,,
,3807522143.42,245.2077,,,,,,,,
,3807522163.44,244.8718,,,,,,,,
,3807522183.48,244.5428,,,,,,,,
,3807522203.50,244.2059,,,,,,,,
,3807522223.51,243.8753,,,,,,,,
,3807522243.54,243.5382,,,,,,,,
,3807522263.56,243.2092,,,,,,,,
,3807522283.59,242.8723,,,,,,,,
,3807522303.63,242.5426,,,,,,,,
,3807522323.66,242.2038,,,,,,,,
,3807522343.71,241.8764,,,,,,,,
,3807522363.74,241.5368,,,,,,,,
,3807522383.76,241.2107,,,,,,,,
,3807522403.77,240.8707,,,,,,,,
,3807522423.80,240.545,,,,,,,,
,3807522443.82,240.2046,,,,,,,,
,3807522463.85,239.8786,,,,,,,,
,3807522483.88,239.5387,,,,,,,,
,3807522503.90,239.2124,,,,,,,,
,3807522523.95,238.8712,,,,,,,,
,3807522543.98,238.5346,,,,,,,,
,3807522564.05,238.206,,,,,,,,
,3807522584.10,237.8685,,,,,,,,
,3807522604.11,237.5375,,,,,,,,
,3807522624.20,237.202,,,,,,,,
,3807522644.27,236.8725,,,,,,,,
,3807522664.30,236.5354,,,,,,,,
,3807522684.32,236.2068,,,,,,,,
,3807522704.37,235.868,,,,,,,,
,3807522724.41,235.5426,,,,,,,,
,3807522744.44,235.2013,,,,,,,,
,3807522764.48,234.8755,,,,,,,,
,3807522784.53,234.5357,,,,,,,,
,3807522804.56,234.1989,,,,,,,,
,3807522824.57,233.8705,,,,,,,,
,3807522844.58,233.5332,,,,,,,,
,3807522864.60,233.204,,,,,,,,
,3807522884.60,232.8667,,,,,,,,
,3807522904.67,232.5382,,,,,,,,
,3807522924.70,232.2016,,,,,,,,
,3807522944.70,231.8723,,,,,,,,
,3807522964.74,231.5344,,,,,,,,
,3807522984.81,231.2055,,,,,,,,
,3807523004.84,230.8678,,,,,,,,
,3807523024.85,230.5397,,,,,,,,
,3807523044.88,230.2003,,,,,,,,
,3807523064.95,229.8734,,,,,,,,
,3807523084.98,229.5338,,,,,,,,
,3807523105.01,229.2074,,,,,,,,
,3807523125.03,228.8682,,,,,,,,
,3807523145.07,228.531,,,,,,,,
,3807523165.09,228.2027,,,,,,,,
,3807523185.12,227.8667,,,,,,,,
,3807523205.21,227.537,,,,,,,,
,3807523225.24,227.2001,,,,,,,,
,3807523245.26,226.8703,,,,,,,,
,3807523265.34,226.5338,,,,,,,,
,3807523285.35,226.2046,,,,,,,,
,3807523305.37,225.8679,,,,,,,,
,3807523325.40,225.5395,,,,,,,,
,3807523345.48,225.1987,,,,,,,,
,3807523365.51,224.8732,,,,,,,,
,3807523385.53,224.5323,,,,,,,,
,3807523405.53,224.2069,,,,,,,,
,3807523425.56,223.8666,,,,,,,,
,3807523445.58,223.5411,,,,,,,,
,3807523465.63,223.2009,,,,,,,,
,3807523485.66,222.865,,,,,,,,
,3807523505.71,222.5363,,,,,,,,
,3807523525.74,222.1986,,,,,,,,
,3807523545.77,221.87,,,,,,,,
,3807523565.83,221.5331,,,,,,,,
,3807523585.85,221.2034,,,,,,,,
,3807523605.87,220.8661,,,,,,,,
,3807523625.90,220.5323,,,,,,,,
,3807523645.94,220.1991,,,,,,,,
,3807523665.97,219.8718,,,,,,,,
,3807523685.97,219.5359,,,,,,,,
,3807523705.99,219.2038,,,,,,,,
,3807523726.01,218.8653,,,,,,,,
,3807523746.05,218.5356,,,,,,,,
,3807523766.06,218.201,,,,,,,,
,3807523786.14,217.864,,,,,,,,
,3807523806.18,217.5332,,,,,,,,
,3807523826.21,217.2002,,,,,,,,
,3807523846.26,216.8687,,,,,,,,
,3807523866.28,216.5294,,,,,,,,
,3807523886.31,216.198,,,,,,,,
,3807523906.36,215.8591,,,,,,,,
,3807523926.39,215.533,,,,,,,,
,3807523946.42,215.1969,,,,,,,,
,3807523966.45,214.8687,,,,,,,,
,3807523986.47,214.5317,,,,,,,,
,3807524006.53,214.2008,,,,,,,,
,3807524026.58,213.8605,,,,,,,,
,3807524046.60,213.5302,,,,,,,,
,3807524066.64,213.1915,,,,,,,,
,3807524086.73,212.8601,,,,,,,,
,3807524106.81,212.5335,,,,,,,,
,3807524126.86,212.1978,,,,,,,,
,3807524146.91,211.8588,,,,,,,,
,3807524166.92,211.5272,,,,,,,,
,3807524186.93,211.1877,,,,,,,,
,3807524206.95,210.8564,,,,,,,,
,3807524226.97,210.5258,,,,,,,,
,3807524247.02,210.1943,,,,,,,,
,3807524267.07,209.8649,,,,,,,,
,3807524287.15,209.5249,,,,,,,,
,3807524307.17,209.1938,,,,,,,,
,3807524327.20,208.8593,,,,,,,,
,3807524347.22,208.5278,,,,,,,,
,3807524367.25,208.194,,,,,,,,
,3807524387.29,207.8577,,,,,,,,
,3807524407.37,207.5205,,,,,,,,
,3807524427.40,207.1893,,,,,,,,
,3807524447.45,206.8591,,,,,,,,
,3807524467.50,206.5273,,,,,,,,
,3807524487.54,206.1882,,,,,,,,
,3807524507.56,205.8587,,,,,,,,
,3807524527.59,205.5249,,,,,,,,
,3807524547.59,205.1896,,,,,,,,
,3807524567.63,204.8579,,,,,,,,
,3807524587.64,204.5305,,,,,,,,
,3807524607.68,204.1879,,,,,,,,
,3807524627.71,203.8552,,,,,,,,
,3807524647.76,203.5227,,,,,,,,
,3807524667.81,203.1867,,,,,,,,
,3807524687.83,202.8567,,,,,,,,
,3807524707.86,202.5298,,,,,,,,
,3807524727.88,202.1969,,,,,,,,
,3807524747.90,201.8539,,,,,,,,
,3807524767.95,201.5226,,,,,,,,
,3807524787.98,201.1881,,,,,,,,
,3807524808.01,200.854,,,,,,,,
,3807524828.01,200.5229,,,,,,,,
,3807524848.08,200.1921,,,,,,,,
,3807524868.12,199.8535,,,,,,,,
,3807524888.14,199.5212,,,,,,,,
,3807524908.16,199.1902,,,,,,,,
,3807524928.19,198.856,,,,,,,,
,3807524948.22,198.5275,,,,,,,,
,3807524968.26,198.1872,,,,,,,,
,3807524988.32,197.8616,,,,,,,,
,3807525008.39,197.5213,,,,,,,,
,3807525028.44,197.1853,,,,,,,,
,3807525048.47,196.8563,,,,,,,,
,3807525068.52,196.5195,,,,,,,,
,3807525088.54,196.1906,,,,,,,,
,3807525108.58,195.8509,,,,,,,,
,3807525128.61,195.5244,,,,,,,,
,3807525148.63,195.1853,,,,,,,,
,3807525168.66,194.8595,,,,,,,,
,3807525188.68,194.5192,,,,,,,,
,3807525208.68,194.1935,,,,,,,,
,3807525228.72,193.8529,,,,,,,,
,3807525248.74,193.5273,,,,,,,,
,3807525268.77,193.1878,,,,,,,,
,3807525288.79,192.8613,,,,,,,,
,3807525308.82,192.5215,,,,,,,,
,3807525328.85,192.1847,,,,,,,,
,3807525348.89,191.8559,,,,,,,,
,3807525368.91,191.5184,,,,,,,,
,3807525388.91,191.1898,,,,,,,,
,3807525409.01,190.8528,,,,,,,,
,3807525429.09,190.5239,,,,,,,,
,3807525449.15,190.1837,,,,,,,,
,3807525469.20,189.858,,,,,,,,
,3807525489.25,189.5184,,,,,,,,
,3807525509.28,189.1922,,,,,,,,
,3807525529.30,188.8524,,,,,,,,
,3807525549.32,188.5148,,,,,,,,
,3807525569.39,188.1859,,,,,,,,
,3807525589.42,187.8494,,,,,,,,
,3807525609.43,187.5215,,,,,,,,
,3807525629.51,187.1833,,,,,,,,
,3807525649.52,186.8543,,,,,,,,
,3807525669.56,186.5159,,,,,,,,
,3807525689.59,186.1897,,,,,,,,
,3807525709.60,185.8499,,,,,,,,
,3807525729.64,185.5234,,,,,,,,
,3807525749.65,185.1846,,,,,,,,
,3807525769.67,184.858,,,,,,,,
,3807525789.72,184.5185,,,,,,,,
,3807525809.76,184.1817,,,,,,,,
,3807525829.78,183.8531,,,,,,,,
,3807525849.80,183.5159,,,,,,,,
,3807525869.88,183.1861,,,,,,,,
,3807525889.92,182.8506,,,,,,,,
,3807525910.00,182.5222,,,,,,,,
,3807525930.00,182.1824,,,,,,,,
,3807525950.06,181.8561,,,,,,,,
,3807525970.10,181.5158,,,,,,,,
,3807525990.14,181.1798,,,,,,,,
,3807526010.18,180.8504,,,,,,,,
,3807526030.22,180.5132,,,,,,,,
,3807526050.24,180.1858,,,,,,,,
,3807526070.25,179.8482,,,,,,,,
,3807526090.29,179.5198,,,,,,,,
,3807526110.32,179.1803,,,,,,,,
,3807526130.37,178.8539,,,,,,,,
,3807526150.39,178.5145,,,,,,,,
,3807526170.44,178.188,,,,,,,,
,3807526190.44,177.8482,,,,,,,,
,3807526210.46,177.5229,,,,,,,,
,3807526230.49,177.1821,,,,,,,,
,3807526250.54,176.8463,,,,,,,,
,3807526270.56,176.5176,,,,,,,,
,3807526290.58,176.1803,,,,,,,,
,3807526310.61,175.852,,,,,,,,
,3807526330.65,175.514,,,,,,,,
,3807526350.68,175.1857,,,,,,,,
,3807526370.70,174.8488,,,,,,,,
,3807526390.74,174.5201,,,,,,,,
,3807526410.78,174.1801,,,,,,,,
,3807526430.82,173.8537,,,,,,,,
,3807526450.88,173.5143,,,,,,,,
,3807526470.90,173.1877,,,,,,,,
,3807526490.92,172.8484,,,,,,,,
,3807526510.96,172.5114,,,,,,,,
,3807526530.96,172.1829,,,,,,,,
,3807526550.98,171.8463,,,,,,,,
,3807526571.01,171.5165,,,,,,,,
,3807526591.05,171.1803,,,,,,,,
,3807526611.08,170.8513,,,,,,,,
,3807526631.10,170.5141,,,,,,,,
,3807526651.12,170.1856,,,,,,,,
,3807526671.17,169.8462,,,,,,,,
,3807526691.18,169.5201,,,,,,,,
,3807526711.22,169.1797,,,,,,,,
,3807526731.22,168.8543,,,,,,,,
,3807526751.27,168.5146,,,,,,,,
,3807526771.29,168.188,,,,,,,,
,3807526791.32,167.8464,,,,,,,,
,3807526811.39,167.5175,,,,,,,,
,3807526831.43,167.1781,,,,,,,,
,3807526851.50,166.8457,,,,,,,,
,3807526871.60,166.509,,,,,,,,
,3807526891.63,166.1754,,,,,,,,
,3807526911.65,165.8428,,,,,,,,
,3807526931.65,165.5092,,,,,,,,
,3807526951.69,165.1776,,,,,,,,
,3807526971.69,164.8452,,,,,,,,
,3807526991.69,164.5127,,,,,,,,
,3807527011.73,164.1816,,,,,,,,
,3807527031.75,163.8495,,,,,,,,
,3807527051.81,163.5179,,,,,,,,
,3807527071.83,163.1744,,,,,,,,
,3807527091.88,162.842,,,,,,,,
,3807527111.91,162.5098,,,,,,,,
,3807527131.93,162.1767,,,,,,,,
,3807527151.95,161.8432,,,,,,,,
,3807527171.95,161.5119,,,,,,,,
,3807527192.00,161.1786,,,,,,,,
,3807527212.00,160.847,,,,,,,,
,3807527232.05,160.5148,,,,,,,,
,3807527252.13,160.1818,,,,,,,,
,3807527272.18,159.8384,,,,,,,,
,3807527292.22,159.5067,,,,,,,,
,3807527312.24,159.1736,,,,,,,,
,3807527332.27,158.8411,,,,,,,,
,3807527352.29,158.5076,,,,,,,,
,3807527372.31,158.1748,,,,,,,,
,3807527392.34,157.8434,,,,,,,,
,3807527412.36,157.5109,,,,,,,,
,3807527432.41,157.1781,,,,,,,,
,3807527452.41,156.847,,,,,,,,
,3807527472.43,156.5138,,,,,,,,
,3807527492.44,156.181,,,,,,,,
,3807527512.44,155.8492,,,,,,,,
,3807527532.48,155.505,,,,,,,,
,3807527552.52,155.173,,,,,,,,
,3807527572.55,154.8409,,,,,,,,
,3807527592.59,154.5064,,,,,,,,
,3807527612.64,154.1734,,,,,,,,
,3807527632.70,153.841,,,,,,,,
,3807527652.78,153.5089,,,,,,,,
,3807527672.86,153.1771,,,,,,,,
,3807527692.88,152.8343,,,,,,,,
,3807527712.90,152.5022,,,,,,,,
,3807527732.93,152.1695,,,,,,,,
,3807527752.97,151.8369,,,,,,,,
,3807527773.00,151.5014,,,,,,,,
,3807527793.04,151.1696,,,,,,,,
,3807527813.07,150.8377,,,,,,,,
,3807527833.15,150.5053,,,,,,,,
,3807527853.20,150.1726,,,,,,,,
,3807527873.25,149.8401,,,,,,,,
,3807527893.28,149.508,,,,,,,,
,3807527913.38,149.1639,,,,,,,,
,3807527933.42,148.832,,,,,,,,
,3807527953.45,148.4975,,,,,,,,
,3807527973.48,148.1651,,,,,,,,
,3807527993.53,147.833,,,,,,,,
,3807528013.63,147.5008,,,,,,,,
,3807528033.64,147.1688,,,,,,,,
,3807528053.65,146.8374,,,,,,,,
,3807528073.68,146.5045,,,,,,,,
,3807528093.70,146.1616,,,,,,,,
,3807528113.72,145.8293,,,,,,,,
,3807528133.74,145.4974,,,,,,,,
,3807528153.76,145.1631,,,,,,,,
,3807528173.81,144.8303,,,,,,,,
,3807528193.84,144.4976,,,,,,,,
,3807528213.90,144.1651,,,,,,,,
,3807528233.91,143.8342,,,,,,,,
,3807528253.94,143.5025,,,,,,,,
,3807528273.94,143.1705,,,,,,,,
,3807528294.01,142.827,,,,,,,,
,3807528314.04,142.4951,,,,,,,,
,3807528334.09,142.1621,,,,,,,,
,3807528354.14,141.8266,,,,,,,,
,3807528374.18,141.4945,,,,,,,,
,3807528394.25,141.162,,,,,,,,
,3807528414.28,140.8303,,,,,,,,
,3807528434.30,140.4976,,,,,,,,
,3807528454.35,140.1484,,,,,,,,
,3807528474.40,140.1236,,,,,,,,
,3807528494.44,140.09,,,,,,,,
,3807528514.49,140.3882,,,,,,,,
,3807528534.53,142.2083,,,,,,,,
,3807528554.55,144.5755,,,,,,,,
,3807528574.58,147.1711,,,,,,,,
,3807528594.63,149.9088,,,,,,,,
,3807528614.66,152.7265,,,,,,,,
,3807528634.67,155.6187,,,,,,,,
,3807528654.69,158.5737,,,,,,,,
,3807528674.70,161.5934,,,,,,,,
,3807528694.71,164.6587,,,,,,,,
,3807528714.74,167.851,,,,,,,,
,3807528734.75,170.9855,,,,,,,,
,3807528754.84,174.1554,,,,,,,,
,3807528774.87,177.3879,,,,,,,,
,3807528794.92,180.5996,,,,,,,,
,3807528814.94,183.8262,,,,,,,,
,3807528834.96,187.066,,,,,,,,
,3807528854.98,190.3237,,,,,,,,
,3807528874.99,193.5906,,,,,,,,
,3807528895.02,196.8522,,,,,,,,
,3807528915.06,200.1254,,,,,,,,
,3807528935.11,203.4967,,,,,,,,
,3807528955.18,206.7706,,,,,,,,
,3807528975.26,210.0829,,,,,,,,
,3807528995.29,213.3628,,,,,,,,
,3807529015.33,216.6442,,,,,,,,
,3807529035.35,219.932,,,,,,,,
,3807529055.35,223.216,,,,,,,,
,3807529075.37,226.4833,,,,,,,,
,3807529095.41,229.7191,,,,,,,,
,3807529115.46,232.9294,,,,,,,,
,3807529135.50,236.1306,,,,,,,,
,3807529155.52,239.3191,,,,,,,,
,3807529175.54,242.5919,,,,,,,,
,3807529195.56,245.7506,,,,,,,,
,3807529215.57,248.8874,,,,,,,,
,3807529235.62,252.0056,,,,,,,,
,3807529255.62,255.11,,,,,,,,
,3807529275.63,258.2057,,,,,,,,
,3807529295.66,261.2883,,,,,,,,
,3807529315.68,264.3699,,,,,,,,
,3807529335.71,267.4753,,,,,,,,
,3807529355.75,270.5327,,,,,,,,
,3807529375.83,273.5798,,,,,,,,
,3807529395.83,276.6126,,,,,,,,
,3807529415.83,279.6372,,,,,,,,
,3807529435.87,282.6503,,,,,,,,
,3807529455.89,285.6579,,,,,,,,
,3807529475.92,288.6487,,,,,,,,
,3807529495.93,291.6227,,,,,,,,
,3807529515.99,294.5795,,,,,,,,
,3807529536.01,297.5047,,,,,,,,
,3807529556.04,299.875,,,,,,,,
,3807529576.07,300.1585,,,,,,,,
,3807529596.08,300.2606,,,,,,,,
,3807529616.10,300.2785,,,,,,,,
,3807529636.16,300.264,,,,,,,,
,3807529656.23,300.2384,,,,,,,,
,3807529676.23,300.2074,,,,,,,,
,3807529696.27,300.1775,,,,,,,,
,3807529716.27,300.1513,,,,,,,,
,3807529736.30,300.1292,,,,,,,,
,3807529756.38,300.108,,,,,,,,
,3807529776.43,300.0907,,,,,,,,
,3807529796.44,300.0788,,,,,,,,
,3807529816.47,300.0661,,,,,,,,
,3807529836.53,300.0521,,,,,,,,
,3807529856.59,300.0463,,,,,,,,
,3807529876.67,300.0413,,,,,,,,
,3807529896.67,300.0368,,,,,,,,
,3807529916.72,300.0334,,,,,,,,
,3807529936.72,300.0279,,,,,,,,
,3807529956.74,300.0251,,,,,,,,
,3807529976.76,300.0211,,,,,,,,
,3807529996.81,300.0217,,,,,,,,
,3807530016.82,300.0182,,,,,,,,
,3807530036.85,300.0172,,,,,,,,
,3807530056.86,300.0114,,,,,,,,
,3807530076.88,300.0133,,,,,,,,
,3807530096.93,300.0104,,,,,,,,
,3807530116.96,300.0093,,,,,,,,
,3807530136.98,300.0126,,,,,,,,
,3807530157.05,300.0104,,,,,,,,
,3807530177.10,300.0108,,,,,,,,
,3807530197.14,300.0104,,,,,,,,
,3807530217.17,300.0098,,,,,,,,
,3807530237.20,300.0083,,,,,,,,
,3807530257.21,300.0084,,,,,,,,
,3807530277.29,300.0053,,,,,,,,
,3807530297.32,300.0061,,,,,,,,
,3807530317.36,300.0049,,,,,,,,
,3807530337.39,300.0057,,,,,,,,
,3807530357.39,300.0057,,,,,,,,
,3807530377.44,300.0041,,,,,,,,
,3807530397.48,300.0027,,,,,,,,
,3807530417.50,300.009,,,,,,,,
,3807530437.54,300.0049,,,,,,,,
,3807530457.63,300.0006,,,,,,,,
,3807530477.68,300.0007,,,,,,,,
,3807530497.73,300.0049,,,,,,,,
,3807530517.75,300.0013,,,,,,,,
,3807530537.78,300.0013,,,,,,,,
,3807530557.80,300.0041,,,,,,,,
,3807530577.83,299.9997,,,,,,,,
,3807530597.85,300.0005,,,,,,,,
,3807530617.85,300.0012,,,,,,,,
,3807530637.87,300.0015,,,,,,,,
,3807530657.93,300.0006,,,,,,,,
,3807530678.00,300.0013,,,,,,,,
,3807530698.02,299.9983,,,,,,,,
,3807530718.05,300.0049,,,,,,,,
,3807530738.12,300.0001,,,,,,,,
,3807530758.17,300.0073,,,,,,,,
,3807530778.20,300.0007,,,,,,,,
,3807530798.24,300.0005,,,,,,,,
,3807530818.25,300.0061,,,,,,,,
,3807530838.32,300.0067,,,,,,,,
,3807530858.42,300.0025,,,,,,,,
,3807530878.48,299.9995,,,,,,,,
,3807530898.50,299.9982,,,,,,,,
,3807530918.55,299.9991,,,,,,,,
,3807530938.57,299.9991,,,,,,,,
,3807530958.60,300.0025,,,,,,,,
,3807530978.63,299.999,,,,,,,,
,3807530998.65,299.9977,,,,,,,,
,3807531018.70,300.0005,,,,,,,,
,3807531038.73,299.9987,,,,,,,,
,3807531058.79,299.9987,,,,,,,,
,3807531078.88,300.0007,,,,,,,,
,3807531098.94,300.0045,,,,,,,,
,3807531118.97,299.9987,,,,,,,,
,3807531138.99,300.0007,,,,,,,,
,3807531159.01,299.9988,,,,,,,,
,3807531179.04,299.9991,,,,,,,,
,3807531199.06,300.0007,,,,,,,,
,3807531219.09,300.0023,,,,,,,,
,3807531239.13,300.0015,,,,,,,,
,3807531259.16,300.0041,,,,,,,,
,3807531279.17,300.0043,,,,,,,,
,3807531299.23,300.003,,,,,,,,
,3807531319.23,300.0026,,,,,,,,
,3807531339.25,300.0017,,,,,,,,
,3807531359.30,299.9998,,,,,,,,
,3807531379.33,300.0034,,,,,,,,
,3807531399.38,299.9994,,,,,,,,
,3807531419.38,300.0045,,,,,,,,
,3807531439.40,299.9987,,,,,,,,
,3807531459.48,300.0016,,,,,,,,
,3807531479.53,299.9989,,,,,,,,
,3807531499.58,300.0027,,,,,,,,
,3807531519.58,300.0031,,,,,,,,
,3807531539.62,300.0013,,,,,,,,
,3807531559.64,300.0034,,,,,,,,
,3807531579.67,300.0027,,,,,,,,
,3807531599.78,300.0043,,,,,,,,
,3807531619.78,299.9981,,,,,,,,
,3807531639.79,300.0038,,,,,,,,
,3807531659.82,299.9997,,,,,,,,
,3807531679.87,300.0018,,,,,,,,
,3807531699.89,299.9998,,,,,,,,
,3807531719.93,300.0034,,,,,,,,
,3807531739.94,299.9988,,,,,,,,
,3807531759.99,300.0023,,,,,,,,
,3807531780.06,300.0027,,,,,,,,
,3807531800.09,300.0023,,,,,,,,
,3807531820.14,300.0026,,,,,,,,
,3807531840.16,300.0018,,,,,,,,
,3807531860.22,300.0039,,,,,,,,
,3807531880.29,300.0002,,,,,,,,
,3807531900.35,300.0034,,,,,,,,
,3807531920.36,299.9992,,,,,,,,
,3807531940.38,300.003,,,,,,,,
,3807531960.40,300.0004,,,,,,,,
,3807531980.43,300.0034,,,,,,,,
,3807532000.47,299.9988,,,,,,,,
,3807532020.57,300.0018,,,,,,,,
,3807532040.61,300.0031,,,,,,,,
,3807532060.61,300.0034,,,,,,,,
,3807532080.66,300.003,,,,,,,,
,3807532100.69,300.0031,,,,,,,,
,3807532120.73,300.0031,,,,,,,,
,3807532140.76,300.0004,,,,,,,,
,3807532160.81,300.0034,,,,,,,,
,3807532180.84,299.9988,,,,,,,,
,3807532200.89,300.0007,,,,,,,,
,3807532220.90,299.9998,,,,,,,,
,3807532240.92,300.0016,,,,,,,,
,3807532260.94,300.0004,,,,,,,,
,3807532281.00,300.0027,,,,,,,,
,3807532301.08,300.0018,,,,,,,,
,3807532321.11,300.003,,,,,,,,
,3807532341.15,300.0018,,,,,,,,
,3807532361.18,300.003,,,,,,,,
,3807532381.22,300.0026,,,,,,,,
,3807532401.24,299.9992,,,,,,,,
,3807532421.24,300.0023,,,,,,,,
,3807532441.26,299.9982,,,,,,,,
,3807532461.34,300.0023,,,,,,,,
,3807532481.40,299.9988,,,,,,,,
,3807532501.47,300.0026,,,,,,,,
,3807532521.50,300.003,,,,,,,,
,3807532541.53,300.0026,,,,,,,,
,3807532561.55,300.0026,,,,,,,,
,3807532581.56,300.0032,,,,,,,,
,3807532601.57,300.0014,,,,,,,,
,3807532621.60,300.003,,,,,,,,
,3807532641.60,300.0018,,,,,,,,
,3807532661.67,300.0014,,,,,,,,
,3807532681.76,300.0035,,,,,,,,
,3807532701.79,299.999,,,,,,,,
,3807532721.79,300.0018,,,,,,,,
,3807532741.80,300.0027,,,,,,,,
,3807532761.83,300.0012,,,,,,,,
,3807532781.85,300.0033,,,,,,,,
,3807532801.85,300.0027,,,,,,,,
,3807532821.87,300.0034,,,,,,,,
,3807532841.89,300.0049,,,,,,,,
,3807532861.94,299.9977,,,,,,,,
,3807532881.99,300.0034,,,,,,,,
,3807532902.03,299.9977,,,,,,,,
,3807532922.11,300.0033,,,,,,,,
,3807532942.13,299.9969,,,,,,,,
,3807532962.15,300.0018,,,,,,,,
,3807532982.17,299.9991,,,,,,,,
,3807533002.22,300.0017,,,,,,,,
,3807533022.24,300.0031,,,,,,,,
,3807533042.25,300.0029,,,,,,,,
,3807533062.34,300.0037,,,,,,,,
,3807533082.41,300.0045,,,,,,,,
,3807533102.51,300.003,,,,,,,,
,3807533122.52,299.9977,,,,,,,,
,3807533142.54,300.0035,,,,,,,,
,3807533162.57,299.9981,,,,,,,,
,3807533182.57,300.0023,,,,,,,,
,3807533202.59,299.9987,,,,,,,,
,3807533222.62,300.0038,,,,,,,,
,3807533242.66,299.9997,,,,,,,,
,3807533262.74,300.0017,,,,,,,,
,3807533282.82,300.0035,,,,,,,,
,3807533302.94,300.0045,,,,,,,,
,3807533322.95,300.0017,,,,,,,,
,3807533343.02,299.9993,,,,,,,,
,3807533363.04,300.0025,,,,,,,,
,3807533383.06,300.0017,,,,,,,,
,3807533403.09,300.0029,,,,,,,,
,3807533423.13,300.0042,,,,,,,,
,3807533443.14,299.9981,,,,,,,,
,3807533463.22,300.0018,,,,,,,,
,3807533483.31,300.0017,,,,,,,,
,3807533503.37,300.0017,,,,,,,,
,3807533523.37,300.0015,,,,,,,,
,3807533543.42,300.0031,,,,,,,,
,3807533563.49,299.9975,,,,,,,,
,3807533583.49,299.9987,,,,,,,,
,3807533603.56,300.0032,,,,,,,,
,3807533623.60,300.0017,,,,,,,,
,3807533643.61,300.0023,,,,,,,,
,3807533663.67,299.9985,,,,,,,,
,3807533683.75,300.0013,,,,,,,,
,3807533703.81,300.004,,,,,,,,
,3807533723.82,299.9997,,,,,,,,
,3807533743.86,300.0029,,,,,,,,
,3807533763.91,300.0039,,,,,,,,
,3807533783.92,300.0007,,,,,,,,
,3807533803.94,299.9987,,,,,,,,
,3807533823.98,300.0017,,,,,,,,
,3807533844.00,300.0041,,,,,,,,
,3807533864.02,300.0008,,,,,,,,
,3807533884.07,299.9982,,,,,,,,
,3807533904.07,299.9987,,,,,,,,
,3807533924.08,300.0008,,,,,,,,
,3807533944.10,299.9991,,,,,,,,
,3807533964.14,300.0013,,,,,,,,
,3807533984.15,299.9981,,,,,,,,
,3807534004.19,299.9991,,,,,,,,
,3807534024.24,299.9981,,,,,,,,
,3807534044.26,299.9987,,,,,,,,
,3807534064.29,299.9981,,,,,,,,
,3807534084.29,299.9966,,,,,,,,
,3807534104.33,299.9997,,,,,,,,
,3807534124.36,300.0016,,,,,,,,
,3807534144.38,299.9975,,,,,,,,
,3807534164.43,299.9988,,,,,,,,
,3807534184.43,299.9973,,,,,,,,
,3807534204.45,299.9991,,,,,,,,
,3807534224.48,300.0013,,,,,,,,
,3807534244.50,299.9983,,,,,,,,
,3807534264.50,299.9987,,,,,,,,
,3807534284.52,299.9987,,,,,,,,
,3807534304.56,300.0043,,,,,,,,
,3807534324.59,300.0008,,,,,,,,
,3807534344.60,299.9975,,,,,,,,
,3807534364.60,299.9987,,,,,,,,
,3807534384.60,300.0008,,,,,,,,
,3807534404.66,300.0047,,,,,,,,
,3807534424.70,300.0018,,,,,,,,
,3807534444.72,300.0055,,,,,,,,
,3807534464.74,299.9992,,,,,,,,
,3807534484.80,299.9995,,,,,,,,
,3807534504.82,299.9975,,,,,,,,
,3807534524.84,299.9973,,,,,,,,
,3807534544.86,299.9977,,,,,,,,
,3807534564.87,299.9987,,,,,,,,
,3807534584.88,300.0004,,,,,,,,
,3807534604.91,299.9987,,,,,,,,
,3807534624.95,300.0023,,,,,,,,
,3807534644.96,299.9979,,,,,,,,
,3807534664.98,300.0029,,,,,,,,
,3807534685.05,300.0004,,,,,,,,
,3807534705.09,299.9987,,,,,,,,
,3807534725.09,300.0033,,,,,,,,
,3807534745.12,300.0031,,,,,,,,
,3807534765.13,299.9977,,,,,,,,
,3807534785.16,299.9966,,,,,,,,
,3807534805.17,299.9995,,,,,,,,
,3807534825.22,299.9981,,,,,,,,
,3807534845.26,300.0017,,,,,,,,
,3807534865.32,299.9975,,,,,,,,
,3807534885.37,300.0039,,,,,,,,
,3807534905.38,300.0007,,,,,,,,
,3807534925.40,299.9987,,,,,,,,
,3807534945.43,300.0007,,,,,,,,
,3807534965.45,299.9972,,,,,,,,
,3807534985.52,299.9979,,,,,,,,
,3807535005.56,300.0007,,,,,,,,
,3807535025.60,299.9988,,,,,,,,
,3807535045.61,299.9981,,,,,,,,
,3807535065.69,300.0003,,,,,,,,
,3807535085.73,299.9973,,,,,,,,
,3807535105.74,300.0029,,,,,,,,
,3807535125.75,299.998,,,,,,,,
,3807535145.77,299.9966,,,,,,,,
,3807535165.79,300.0009,,,,,,,,
,3807535185.83,299.9977,,,,,,,,
,3807535205.85,299.9973,,,,,,,,
,3807535225.90,299.9977,,,,,,,,
,3807535245.92,299.9971,,,,,,,,
,3807535265.94,299.9951,,,,,,,,
,3807535285.96,300.0037,,,,,,,,
,3807535305.96,300.0019,,,,,,,,
,3807535325.99,299.9981,,,,,,,,
,3807535346.03,300.0033,,,,,,,,
,3807535366.08,299.9983,,,,,,,,
,3807535386.08,299.9817,,,,,,,,
,3807535406.10,299.9989,,,,,,,,
,3807535426.10,299.9833,,,,,,,,
,3807535446.10,299.9951,,,,,,,,
,3807535466.11,300.0065,,,,,,,,
,3807535486.14,300.0073,,,,,,,,
,3807535506.17,300.593,,,,,,,,
,3807535526.18,302.6219,,,,,,,,
,3807535546.18,305.0237,,,,,,,,
,3807535566.20,307.7231,,,,,,,,
,3807535586.21,310.5509,,,,,,,,
,3807535606.23,313.4198,,,,,,,,
,3807535626.25,316.4759,,,,,,,,
,3807535646.27,319.5895,,,,,,,,
,3807535666.29,322.6006,,,,,,,,
,3807535686.39,325.7817,,,,,,,,
,3807535706.43,328.9764,,,,,,,,
,3807535726.47,330.0676,,,,,,,,
,3807535746.47,330.2193,,,,,,,,
,3807535766.51,330.2544,,,,,,,,
,3807535786.55,330.2501,,,,,,,,
,3807535806.59,330.2182,,,,,,,,
,3807535826.61,330.1867,,,,,,,,
,3807535846.61,330.1555,,,,,,,,
,3807535866.61,330.1239,,,,,,,,
,3807535886.65,330.1099,,,,,,,,
,3807535906.67,329.5075,,,,,,,,
,3807535926.70,328.0981,,,,,,,,
,3807535946.70,326.8449,,,,,,,,
,3807535966.72,325.4089,,,,,,,,
,3807535986.75,323.4998,,,,,,,,
,3807536006.77,321.1179,,,,,,,,
,3807536026.77,318.2408,,,,,,,,
,3807536046.80,314.9607,,,,,,,,
,3807536066.80,311.3873,,,,,,,,
,3807536086.83,307.6863,,,,,,,,
,3807536106.85,304.6669,,,,,,,,
,3807536126.88,303.2845,,,,,,,,
,3807536146.90,301.9337,,,,,,,,
,3807536166.92,300.7467,,,,,,,,
,3807536187.02,300.2594,,,,,,,,
,3807536207.07,300.1332,,,,,,,,
,3807536227.09,300.0731,,,,,,,,
,3807536247.11,299.4496,,,,,,,,
,3807536267.15,297.9369,,,,,,,,
,3807536287.15,296.2141,,,,,,,,
,3807536307.19,294.0512,,,,,,,,
,3807536327.19,291.3198,,,,,,,,
,3807536347.21,288.1626,,,,,,,,
,3807536367.23,284.7187,,,,,,,,
,3807536387.23,281.1514,,,,,,,,
,3807536407.26,277.7558,,,,,,,,
,3807536427.30,274.4859,,,,,,,,
,3807536447.31,271.2749,,,,,,,,
,3807536467.31,267.9236,,,,,,,,
,3807536487.32,264.5786,,,,,,,,
,3807536507.32,261.2748,,,,,,,,
,3807536527.40,257.9099,,,,,,,,
,3807536547.45,254.5985,,,,,,,,
,3807536567.46,251.33,,,,,,,,
,3807536587.47,247.9599,,,,,,,,
,3807536607.48,244.627,,,,,,,,
,3807536627.49,241.3555,,,,,,,,
,3807536647.50,238.0105,,,,,,,,
,3807536667.51,234.7481,,,,,,,,
,3807536687.52,231.4121,,,,,,,,
,3807536707.53,228.129,,,,,,,,
,3807536727.54,224.8268,,,,,,,,
,3807536747.56,221.5806,,,,,,,,
,3807536767.60,218.189,,,,,,,,
,3807536787.60,215.0479,,,,,,,,
,3807536807.60,211.904,,,,,,,,
,3807536827.64,208.81,,,,,,,,
,3807536847.64,205.524,,,,,,,,
,3807536867.69,202.4029,,,,,,,,
,3807536887.71,199.2543,,,,,,,,
,3807536907.72,196.2232,,,,,,,,
,3807536927.74,193.2991,,,,,,,,
,3807536947.78,190.34,,,,,,,,
,3807536967.80,187.4761,,,,,,,,
,3807536987.80,184.6925,,,,,,,,
,3807537007.85,181.8395,,,,,,,,
,3807537027.87,179.0846,,,,,,,,
,3807537047.87,176.2527,,,,,,,,
,3807537067.89,173.5351,,,,,,,,
,3807537087.89,170.8599,,,,,,,,
,3807537107.91,168.2933,,,,,,,,
,3807537127.94,165.6642,,,,,,,,
,3807537147.94,163.0982,,,,,,,,
,3807537167.98,160.5979,,,,,,,,
,3807537188.01,158.0511,,,,,,,,
,3807537208.03,155.5689,,,,,,,,
,3807537228.05,153.1515,,,,,,,,
,3807537248.06,150.6741,,,,,,,,
,3807537268.09,148.2326,,,,,,,,
,3807537288.14,145.8543,,,,,,,,
,3807537308.15,143.4947,,,,,,,,
,3807537328.17,141.115,,,,,,,,
,3807537348.17,138.7731,,,,,,,,
,3807537368.20,136.5129,,,,,,,,
,3807537388.25,134.1895,,,,,,,,
,3807537408.30,131.8962,,,,,,,,
,3807537428.30,129.7152,,,,,,,,
,3807537448.35,127.4631,,,,,,,,
,3807537468.36,125.2775,,,,,,,,
,3807537488.42,123.0837,,,,,,,,
,3807537508.50,120.9651,,,,,,,,
,3807537528.55,118.7945,,,,,,,,
,3807537548.59,116.6725,,,,,,,,
,3807537568.62,114.5943,,,,,,,,
,3807537588.64,112.4685,,,,,,,,
,3807537608.66,110.3651,,,,,,,,
,3807537628.68,108.315,,,,,,,,
,3807537648.70,106.2082,,,,,,,,
,3807537668.72,104.1393,,,,,,,,
,3807537688.75,102.1042,,,,,,,,
,3807537708.77,100.0198,,,,,,,,
,3807537728.80,97.97476,,,,,,,,
,3807537748.82,95.96538,,,,,,,,
,3807537768.87,93.91832,,,,,,,,
,3807537788.91,91.9008,,,,,,,,
,3807537808.92,89.9331,,,,,,,,
,3807537828.97,87.89621,,,,,,,,
,3807537849.00,85.879,,,,,,,,
,3807537869.03,83.89037,,,,,,,,
,3807537889.06,81.82767,,,,,,,,
,3807537909.11,79.78494,,,,,,,,
,3807537929.16,77.78033,,,,,,,,
,3807537949.19,75.78571,,,,,,,,
,3807537969.22,73.72475,,,,,,,,
,3807537989.28,71.64992,,,,,,,,
,3807538009.28,69.57827,,,,,,,,
,3807538029.32,67.51216,,,,,,,,
,3807538049.36,65.3782,,,,,,,,
,3807538069.39,63.202,,,,,,,,
,3807538089.43,61.03241,,,,,,,,
,3807538109.49,58.84158,,,,,,,,
,3807538129.51,56.53465,,,,,,,,
,3807538149.54,54.17446,,,,,,,,
,3807538169.58,51.80069,,,,,,,,
,3807538189.63,49.30502,,,,,,,,
,3807538209.65,46.76804,,,,,,,,
,3807538229.68,44.19619,,,,,,,,
,3807538249.72,41.4785,,,,,,,,
,3807538269.76,38.47757,,,,,,,,
,3807538289.79,35.332,,,,,,,,
,3807538309.83,31.85287,,,,,,,,
,3807538329.87,28.28317,,,,,,,,
,3807538349.91,24.60205,,,,,,,,
,3807538369.95,21.21465,,,,,,,,
,3807538389.99,17.93362,,,,,,,,
,3807538410.02,14.80381,,,,,,,,
,3807538430.05,12.02797,,,,,,,,
,3807538450.10,9.144419,,,,,,,,
,3807538470.13,7.110158,,,,,,,,
,3807538490.16,6.652836,,,,,,,,
,3807538510.20,6.494314,,,,,,,,
,3807538530.25,6.258951,,,,,,,,
,3807538550.28,5.610079,,,,,,,,
,3807538570.30,5.377234,,,,,,,,
,3807538590.33,5.150063,,,,,,,,
,3807538610.38,4.928754,,,,,,,,
,3807538630.41,4.706198,,,,,,,,
,3807538650.45,4.50424,,,,,,,,
,3807538670.50,4.288348,,,,,,,,
,3807538690.52,4.097781,,,,,,,,
,3807538710.57,3.895195,,,,,,,,
,3807538730.59,3.737761,,,,,,,,
,3807538750.68,3.577143,,,,,,,,
,3807538770.71,3.402024,,,,,,,,
,3807538790.71,3.35594,,,,,,,,
,3807538810.74,3.378082,,,,,,,,
,3807538830.77,3.367494,,,,,,,,
,3807538850.81,3.348886,,,,,,,,
,3807538870.85,3.310528,,,,,,,,
,3807538890.88,3.348119,,,,,,,,
,3807538910.95,3.318439,,,,,,,,
,3807538930.99,3.335936,,,,,,,,
,3807538951.01,3.314134,,,,,,,,
,3807538971.03,3.351645,,,,,,,,
,3807538991.06,3.296535,,,,,,,,
,3807539011.10,3.324488,,,,,,,,
,3807539031.13,3.316587,,,,,,,,
,3807539051.18,3.283639,,,,,,,,
,3807539071.21,3.332486,,,,,,,,
,3807539091.26,2.992669,,,,,,,,
,3807539111.29,2.712802,,,,,,,,
,3807539131.32,2.470361,,,,,,,,
,3807539151.37,2.20782,,,,,,,,
,3807539171.39,2.033487,,,,,,,,
,3807539191.44,1.800204,,,,,,,,
,3807539211.46,1.800402,,,,,,,,
,3807539231.50,1.799874,,,,,,,,
,3807539251.55,1.799886,,,,,,,,
,3807539271.57,1.857586,,,,,,,,
,3807539291.61,2.174289,,,,,,,,
,3807539311.66,2.535942,,,,,,,,
,3807539331.69,2.929029,,,,,,,,
,3807539351.72,3.365655,,,,,,,,
,3807539371.76,3.828586,,,,,,,,
,3807539391.78,4.342135,,,,,,,,
,3807539411.81,4.880335,,,,,,,,
,3807539431.83,5.487387,,,,,,,,
,3807539451.83,6.110695,,,,,,,,
,3807539471.86,6.775803,,,,,,,,
,3807539491.89,7.440796,,,,,,,,
,3807539511.91,8.12797,,,,,,,,
,3807539531.93,8.82686,,,,,,,,
,3807539551.93,9.590357,,,,,,,,
,3807539571.95,10.35723,,,,,,,,
,3807539591.97,11.18439,,,,,,,,
,3807539612.00,12.01729,,,,,,,,
,3807539632.00,12.84435,,,,,,,,
,3807539652.05,13.69229,,,,,,,,
,3807539672.06,14.52815,,,,,,,,
,3807539692.11,15.30587,,,,,,,,
,3807539712.14,15.96165,,,,,,,,
,3807539732.15,16.72082,,,,,,,,
,3807539752.17,17.46697,,,,,,,,
,3807539772.21,18.63173,,,,,,,,
,3807539792.24,19.56276,,,,,,,,
,3807539812.25,20.36088,,,,,,,,
,3807539832.29,21.20787,,,,,,,,
,3807539852.31,22.01883,,,,,,,,
,3807539872.31,22.82673,,,,,,,,
,3807539892.33,23.87138,,,,,,,,
,3807539912.33,25.18155,,,,,,,,
,3807539932.37,26.24921,,,,,,,,
,3807539952.40,27.21544,,,,,,,,
,3807539972.42,28.36127,,,,,,,,
,3807539992.42,29.37572,,,,,,,,
,3807540012.44,30.2732,,,,,,,,
,3807540032.45,31.16523,,,,,,,,
,3807540052.49,32.03316,,,,,,,,
,3807540072.49,32.92978,,,,,,,,
,3807540092.51,33.82586,,,,,,,,
,3807540112.55,34.70195,,,,,,,,
,3807540132.56,35.62846,,,,,,,,
,3807540152.60,36.54916,,,,,,,,
,3807540172.65,37.4625,,,,,,,,
,3807540192.69,38.36076,,,,,,,,
,3807540212.70,39.284,,,,,,,,
,3807540232.70,40.21022,,,,,,,,
,3807540252.71,41.12795,,,,,,,,
,3807540272.72,42.05528,,,,,,,,
,3807540292.75,42.96403,,,,,,,,
,3807540312.79,43.89566,,,,,,,,
,3807540332.83,44.82896,,,,,,,,
,3807540352.88,45.75828,,,,,,,,
,3807540372.89,46.67119,,,,,,,,
,3807540392.89,47.61516,,,,,,,,
,3807540412.91,48.54662,,,,,,,,
,3807540432.91,49.45621,,,,,,,,
,3807540452.95,50.39889,,,,,,,,
,3807540472.95,51.34629,,,,,,,,
,3807540492.96,52.28601,,,,,,,,
,3807540512.97,53.20752,,,,,,,,
,3807540533.01,54.16235,,,,,,,,
,3807540553.03,55.10967,,,,,,,,
,3807540573.04,56.04307,,,,,,,,
,3807540593.06,57.00539,,,,,,,,
,3807540613.09,57.92727,,,,,,,,
,3807540633.12,58.88995,,,,,,,,
,3807540653.12,59.84101,,,,,,,,
,3807540673.14,60.80555,,,,,,,,
,3807540693.18,61.7431,,,,,,,,
,3807540713.19,62.70922,,,,,,,,
,3807540733.21,63.639,,,,,,,,
,3807540753.26,64.60384,,,,,,,,
,3807540773.26,65.57419,,,,,,,,
,3807540793.28,66.53333,,,,,,,,
,3807540813.31,67.47466,,,,,,,,
,3807540833.36,68.4483,,,,,,,,
,3807540853.39,69.41198,,,,,,,,
,3807540873.42,70.35813,,,,,,,,
,3807540893.46,71.33551,,,,,,,,
,3807540913.51,72.3023,,,,,,,,
,3807540933.53,73.25194,,,,,,,,
,3807540953.56,74.22866,,,,,,,,
,3807540973.61,75.19917,,,,,,,,
,3807540993.64,76.15149,,,,,,,,
,3807541013.69,77.13239,,,,,,,,
,3807541033.71,78.10175,,,,,,,,
,3807541053.76,79.05417,,,,,,,,
,3807541073.80,80.0371,,,,,,,,
,3807541093.86,81.00999,,,,,,,,
,3807541113.89,81.96664,,,,,,,,
,3807541133.90,82.94665,,,,,,,,
,3807541153.94,83.92274,,,,,,,,
,3807541173.98,84.87802,,,,,,,,
,3807541193.99,85.86382,,,,,,,,
,3807541214.00,86.83818,,,,,,,,
,3807541234.01,87.7942,,,,,,,,
,3807541254.02,88.78266,,,,,,,,
,3807541274.02,89.73328,,,,,,,,
,3807541294.06,90.71736,,,,,,,,
,3807541314.06,91.69592,,,,,,,,
,3807541334.08,92.65419,,,,,,,,
,3807541354.10,93.64406,,,,,,,,
,3807541374.15,94.62312,,,,,,,,
,3807541394.17,95.58447,,,,,,,,
,3807541414.20,96.57343,,,,,,,,
,3807541434.23,97.56682,,,,,,,,
,3807541454.26,98.52003,,,,,,,,
,3807541474.26,99.50821,,,,,,,,
,3807541494.28,100.4855,,,,,,,,
,3807541514.28,101.4483,,,,,,,,
,3807541534.30,102.4426,,,,,,,,
,3807541554.34,103.4243,,,,,,,,
,3807541574.36,104.3869,,,,,,,,
,3807541594.40,105.3808,,,,,,,,
,3807541614.40,106.3756,,,,,,,,
,3807541634.42,107.3316,,,,,,,,
,3807541654.44,108.3297,,,,,,,,
,3807541674.44,109.3144,,,,,,,,
,3807541694.45,110.2845,,,,,,,,
,3807541714.45,111.2729,,,,,,,,
,3807541734.45,112.2424,,,,,,,,
,3807541754.47,113.2398,,,,,,,,
,3807541774.48,114.228,,,,,,,,
,3807541794.51,115.1974,,,,,,,,
,3807541814.51,116.1849,,,,,,,,
,3807541834.52,117.1563,,,,,,,,
,3807541854.52,118.1553,,,,,,,,
,3807541874.56,119.1439,,,,,,,,
,3807541894.56,120.1129,,,,,,,,
,3807541914.58,121.1093,,,,,,,,
,3807541934.59,122.0988,,,,,,,,
,3807541954.63,123.0697,,,,,,,,
,3807541974.64,124.0581,,,,,,,,
,3807541994.66,125.0291,,,,,,,,
,3807542014.66,126.033,,,,,,,,
,3807542034.68,127.0225,,,,,,,,
,3807542054.70,127.9948,,,,,,,,
,3807542074.71,128.9771,,,,,,,,
,3807542094.72,129.9845,,,,,,,,
,3807542114.74,130.9492,,,,,,,,
,3807542134.78,131.9613,,,,,,,,
,3807542154.80,132.9477,,,,,,,,
,3807542174.81,133.9305,,,,,,,,
,3807542194.82,134.9172,,,,,,,,
,3807542214.86,135.903,,,,,,,,
,3807542234.89,136.897,,,,,,,,
,3807542254.89,137.8813,,,,,,,,
,3807542274.91,138.8669,,,,,,,,
,3807542294.94,139.8535,,,,,,,,
,3807542314.97,140.8339,,,,,,,,
,3807542335.00,141.8208,,,,,,,,
,3807542355.04,142.8355,,,,,,,,
,3807542375.07,143.8224,,,,,,,,
,3807542395.11,144.8085,,,,,,,,
,3807542415.15,145.8035,,,,,,,,
,3807542435.20,146.7882,,,,,,,,
,3807542455.22,147.7749,,,,,,,,
,3807542475.26,148.7603,,,,,,,,
,3807542495.29,149.7455,,,,,,,,
,3807542515.32,150.7448,,,,,,,,
,3807542535.36,151.7327,,,,,,,,
,3807542555.39,152.7217,,,,,,,,
,3807542575.43,153.7101,,,,,,,,
,3807542595.46,154.7056,,,,,,,,
,3807542615.50,155.6972,,,,,,,,
,3807542635.54,156.6855,,,,,,,,
,3807542655.57,157.6773,,,,,,,,
,3807542675.62,158.6645,,,,,,,,
,3807542695.64,159.6572,,,,,,,,
,3807542715.68,160.6424,,,,,,,,
,3807542735.71,161.631,,,,,,,,
,3807542755.76,162.6515,,,,,,,,
,3807542775.79,163.6398,,,,,,,,
,3807542795.84,164.6268,,,,,,,,
,3807542815.86,165.6261,,,,,,,,
,3807542835.90,166.6158,,,,,,,,
,3807542855.92,167.6035,,,,,,,,
,3807542875.96,168.5903,,,,,,,,
,3807542896.00,169.5881,,,,,,,,
,3807542916.02,170.582,,,,,,,,
,3807542936.04,171.5709,,,,,,,,
,3807542956.09,172.566,,,,,,,,
,3807542976.15,173.5582,,,,,,,,
,3807542996.17,174.5492,,,,,,,,
,3807543016.17,175.5393,,,,,,,,
,3807543036.19,176.5323,,,,,,,,
,3807543056.19,177.5245,,,,,,,,
,3807543076.21,178.5119,,,,,,,,
,3807543096.24,179.5124,,,,,,,,
,3807543116.29,180.5005,,,,,,,,
,3807543136.33,181.5232,,,,,,,,
,3807543156.34,182.5148,,,,,,,,
,3807543176.36,183.5066,,,,,,,,
,3807543196.38,184.5002,,,,,,,,
,3807543216.41,185.4917,,,,,,,,
,3807543236.45,186.4854,,,,,,,,
,3807543256.45,187.4874,,,,,,,,
,3807543276.47,188.4807,,,,,,,,
,3807543296.49,189.4732,,,,,,,,
,3807543316.52,190.4641,,,,,,,,
,3807543336.52,191.4591,,,,,,,,
,3807543356.56,192.452,,,,,,,,
,3807543376.56,193.4448,,,,,,,,
,3807543396.60,194.4373,,,,,,,,
,3807543416.60,195.4311,,,,,,,,
,3807543436.60,196.4235,,,,,,,,
,3807543456.63,197.4147,,,,,,,,
,3807543476.65,198.4122,,,,,,,,
,3807543496.67,199.4074,,,,,,,,
,3807543516.67,200.4019,,,,,,,,
,3807543536.68,201.3954,,,,,,,,
,3807543556.68,202.3885,,,,,,,,
,3807543576.71,203.3786,,,,,,,,
,3807543596.72,204.3763,,,,,,,,
,3807543616.72,205.365,,,,,,,,
,3807543636.72,206.3496,,,,,,,,
,3807543656.74,207.3634,,,,,,,,
,3807543676.76,208.3392,,,,,,,,
,3807543696.79,209.3545,,,,,,,,
,3807543716.83,210.3281,,,,,,,,
,3807543736.86,211.3439,,,,,,,,
,3807543756.91,212.3474,,,,,,,,
,3807543776.93,213.3323,,,,,,,,
,3807543796.93,214.3375,,,,,,,,
,3807543816.94,215.3226,,,,,,,,
,3807543836.95,216.3007,,,,,,,,
,3807543856.96,217.3203,,,,,,,,
,3807543877.02,218.3233,,,,,,,,
,3807543897.02,219.3046,,,,,,,,
,3807543917.04,220.2841,,,,,,,,
,3807543937.06,221.3011,,,,,,,,
,3807543957.09,222.303,,,,,,,,
,3807543977.13,223.2896,,,,,,,,
,3807543997.15,224.2949,,,,,,,,
,3807544017.17,225.2841,,,,,,,,
,3807544037.18,226.2843,,,,,,,,
,3807544057.25,227.2739,,,,,,,,
,3807544077.28,228.2761,,,,,,,,
,3807544097.28,229.2601,,,,,,,,
,3807544117.30,230.2699,,,,,,,,
,3807544137.32,231.2618,,,,,,,,
,3807544157.32,232.2641,,,,,,,,
,3807544177.33,233.2538,,,,,,,,
,3807544197.35,234.2293,,,,,,,,
,3807544217.35,235.2463,,,,,,,,
,3807544237.43,236.2509,,,,,,,,
,3807544257.45,237.2387,,,,,,,,
,3807544277.48,238.2445,,,,,,,,
,3807544297.50,239.2332,,,,,,,,
,3807544317.52,240.2374,,,,,,,,
,3807544337.52,241.2269,,,,,,,,
,3807544357.52,242.2272,,,,,,,,
,3807544377.56,243.2196,,,,,,,,
,3807544397.59,244.2204,,,,,,,,
,3807544417.63,245.2113,,,,,,,,
,3807544437.67,246.2137,,,,,,,,
,3807544457.69,247.2039,,,,,,,,
,3807544477.74,248.2038,,,,,,,,
,3807544497.76,249.1918,,,,,,,,
,3807544517.80,250.2083,,,,,,,,
,3807544537.85,251.186,,,,,,,,
,3807544557.87,252.2034,,,,,,,,
,3807544577.90,253.1717,,,,,,,,
,3807544597.95,254.1927,,,,,,,,
,3807544617.98,255.1956,,,,,,,,
,3807544638.00,256.1861,,,,,,,,
,3807544658.03,257.1902,,,,,,,,
,3807544678.08,258.1726,,,,,,,,
,3807544698.12,259.1849,,,,,,,,
,3807544718.16,260.175,,,,,,,,
,3807544738.18,261.1553,,,,,,,,
,3807544758.21,262.1784,,,,,,,,
,3807544778.23,263.1569,,,,,,,,
,3807544798.27,264.1628,,,,,,,,
,3807544818.27,265.1537,,,,,,,,
,3807544838.28,266.1552,,,,,,,,
,3807544858.28,267.1563,,,,,,,,
,3807544878.31,268.1586,,,,,,,,
,3807544898.32,269.1549,,,,,,,,
,3807544918.32,270.1311,,,,,,,,
,3807544938.34,271.1414,,,,,,,,
,3807544958.39,272.135,,,,,,,,
,3807544978.40,273.1404,,,,,,,,
,3807544998.42,274.1314,,,,,,,,
,3807545018.47,275.1306,,,,,,,,
,3807545038.48,276.1298,,,,,,,,
,3807545058.51,277.1086,,,,,,,,
,3807545078.51,278.1169,,,,,,,,
,3807545098.52,279.1108,,,,,,,,
,3807545118.56,280.1195,,,,,,,,
,3807545138.58,281.1105,,,,,,,,
,3807545158.60,282.0869,,,,,,,,
,3807545178.64,283.1033,,,,,,,,
,3807545198.65,284.0896,,,,,,,,
,3807545218.69,285.1078,,,,,,,,
,3807545238.69,286.0883,,,,,,,,
,3807545258.71,287.0916,,,,,,,,
,3807545278.73,288.0876,,,,,,,,
,3807545298.73,289.0903,,,,,,,,
,3807545318.75,290.0849,,,,,,,,
,3807545338.75,291.0638,,,,,,,,
,3807545358.75,292.0749,,,,,,,,
,3807545378.79,293.072,,,,,,,,
,3807545398.79,294.0516,,,,,,,,
,3807545418.79,295.0667,,,,,,,,
,3807545438.81,296.051,,,,,,,,
,3807545458.81,297.071,,,,,,,,
,3807545478.82,298.0539,,,,,,,,
,3807545498.82,299.0606,,,,,,,,
,3807545518.86,299.7971,,,,,,,,
,3807545538.87,299.9002,,,,,,,,
,3807545558.94,299.9811,,,,,,,,
,3807545578.94,300.0223,,,,,,,,
,3807545598.94,300.043,,,,,,,,
,3807545618.95,300.0502,,,,,,,,
,3807545638.99,300.0501,,,,,,,,
,3807545659.02,300.0458,,,,,,,,
,3807545679.05,300.0416,,,,,,,,
,3807545699.10,300.0352,,,,,,,,
,3807545719.10,300.0315,,,,,,,,
,3807545739.12,300.0253,,,,,,,,
,3807545759.14,300.0227,,,,,,,,
,3807545779.17,300.021,,,,,,,,
,3807545799.19,300.0156,,,,,,,,
,3807545819.22,300.0166,,,,,,,,
,3807545839.23,300.0126,,,,,,,,
,3807545859.26,300.0106,,,,,,,,
,3807545879.26,300.0096,,,,,,,,
,3807545899.28,300.0073,,,,,,,,
,3807545919.30,300.0087,,,,,,,,
,3807545939.30,300.006,,,,,,,,
,3807545959.31,300.006,,,,,,,,
,3807545979.32,300.0056,,,,,,,,
,3807545999.34,300.0043,,,,,,,,
,3807546019.34,300.0055,,,,,,,,
,3807546039.35,300.0052,,,,,,,,
,3807546059.38,300.0051,,,,,,,,
,3807546079.40,300.0027,,,,,,,,
,3807546099.40,300.0023,,,,,,,,
,3807546119.40,300.0019,,,,,,,,
,3807546139.42,300.0049,,,,,,,,
,3807546159.44,300.0027,,,,,,,,
,3807546179.46,300.0043,,,,,,,,
,3807546199.48,300.0017,,,,,,,,
,3807546219.48,300.0039,,,,,,,,
,3807546239.53,300.0023,,,,,,,,
,3807546259.58,300.0049,,,,,,,,
,3807546279.60,300.0015,,,,,,,,
,3807546299.62,300.0024,,,,,,,,
,3807546319.64,300.0007,,,,,,,,
,3807546339.66,300.0029,,,,,,,,
,3807546359.67,300.0018,,,,,,,,
,3807546379.71,300.0029,,,,,,,,
,3807546399.73,300.0027,,,,,,,,
,3807546419.79,300.0009,,,,,,,,
,3807546439.79,300.0043,,,,,,,,
,3807546459.81,300.0012,,,,,,,,
,3807546479.81,300.0023,,,,,,,,
,3807546499.86,300.0005,,,,,,,,
,3807546519.89,300.0023,,,,,,,,
,3807546539.92,300.0013,,,,,,,,
,3807546559.94,300.0017,,,,,,,,
,3807546579.98,300.0033,,,,,,,,
,3807546600.02,299.9993,,,,,,,,
,3807546620.04,300.0008,,,,,,,,
,3807546640.04,300.0027,,,,,,,,
,3807546660.08,299.9967,,,,,,,,
,3807546680.09,299.9991,,,,,,,,
,3807546700.10,299.998,,,,,,,,
,3807546720.15,300.0017,,,,,,,,
,3807546740.16,300.0034,,,,,,,,
,3807546760.16,299.9975,,,,,,,,
,3807546780.20,300.0027,,,,,,,,
,3807546800.22,300.0023,,,,,,,,
,3807546820.24,299.9991,,,,,,,,
,3807546840.27,299.9965,,,,,,,,
,3807546860.31,300.0023,,,,,,,,
,3807546880.34,300.0007,,,,,,,,
,3807546900.36,300.0006,,,,,,,,
,3807546920.39,299.9967,,,,,,,,
,3807546940.44,299.9988,,,,,,,,
,3807546960.44,300.0041,,,,,,,,
,3807546980.45,300.0034,,,,,,,,
,3807547000.48,299.9955,,,,,,,,
,3807547020.53,299.9949,,,,,,,,
,3807547040.53,300.0023,,,,,,,,
,3807547060.57,299.9987,,,,,,,,
,3807547080.57,299.9973,,,,,,,,
,3807547100.59,299.9981,,,,,,,,
,3807547120.60,300.0013,,,,,,,,
,3807547140.62,300.0049,,,,,,,,
,3807547160.63,299.9968,,,,,,,,
,3807547180.64,299.9955,,,,,,,,
,3807547200.65,300.0025,,,,,,,,
,3807547220.65,299.9961,,,,,,,,
,3807547240.65,299.9977,,,,,,,,
,3807547260.69,300.0003,,,,,,,,
,3807547280.71,299.9961,,,,,,,,
,3807547300.74,299.9976,,,,,,,,
,3807547320.74,300.0013,,,,,,,,
,3807547340.76,299.9974,,,,,,,,
,3807547360.78,300.001,,,,,,,,
,3807547380.80,300.0007,,,,,,,,
,3807547400.81,299.9987,,,,,,,,
,3807547420.83,299.9966,,,,,,,,
,3807547440.86,299.9981,,,,,,,,
,3807547460.89,300.0017,,,,,,,,
,3807547480.93,299.9966,,,,,,,,
,3807547500.97,299.9993,,,,,,,,
,3807547520.99,300.0003,,,,,,,,
,3807547541.01,299.9997,,,,,,,,
,3807547561.02,299.9981,,,,,,,,
,3807547581.06,300.0011,,,,,,,,
,3807547601.08,299.9993,,,,,,,,
,3807547621.10,299.9997,,,,,,,,
,3807547641.10,299.9999,,,,,,,,
,3807547661.16,300.0014,,,,,,,,
,3807547681.18,300.0026,,,,,,,,
,3807547701.23,299.9995,,,,,,,,
,3807547721.25,300.0019,,,,,,,,
,3807547741.25,300.0006,,,,,,,,
,3807547761.26,299.9997,,,,,,,,
,3807547781.27,299.9966,,,,,,,,
,3807547801.29,299.9966,,,,,,,,
,3807547821.31,300.0015,,,,,,,,
,3807547841.33,300.0017,,,,,,,,
,3807547861.33,299.9979,,,,,,,,
,3807547881.33,299.9977,,,,,,,,
,3807547901.37,299.9961,,,,,,,,
,3807547921.39,300.0023,,,,,,,,
,3807547941.40,300.0025,,,,,,,,
,3807547961.42,299.9955,,,,,,,,
,3807547981.46,300.0042,,,,,,,,
,3807548001.48,299.9966,,,,,,,,
,3807548021.49,299.9977,,,,,,,,
,3807548041.51,299.9971,,,,,,,,
,3807548061.55,299.9967,,,,,,,,
,3807548081.56,299.9965,,,,,,,,
,3807548101.60,299.9971,,,,,,,,
,3807548121.62,300.0025,,,,,,,,
,3807548141.62,300.0025,,,,,,,,
,3807548161.66,299.9997,,,,,,,,
,3807548181.70,299.9981,,,,,,,,
,3807548201.75,299.9977,,,,,,,,
,3807548221.76,299.9955,,,,,,,,
,3807548241.79,299.9973,,,,,,,,
,3807548261.81,300.0025,,,,,,,,
,3807548281.81,300.0017,,,,,,,,
,3807548301.83,300.0032,,,,,,,,
,3807548321.84,299.9962,,,,,,,,
,3807548341.84,300.0023,,,,,,,,
,3807548361.88,299.9946,,,,,,,,
,3807548381.92,299.9997,,,,,,,,
,3807548401.95,300.0009,,,,,,,,
,3807548422.00,299.9961,,,,,,,,
,3807548442.02,300.0023,,,,,,,,
,3807548462.04,300.0023,,,,,,,,
,3807548482.09,299.996,,,,,,,,
,3807548502.12,299.9981,,,,,,,,
,3807548522.16,299.9961,,,,,,,,
,3807548542.16,300.0013,,,,,,,,
,3807548562.19,299.9972,,,,,,,,
,3807548582.26,299.9967,,,,,,,,
,3807548602.29,299.9971,,,,,,,,
,3807548622.31,300.0007,,,,,,,,
,3807548642.33,299.9997,,,,,,,,
,3807548662.35,299.9987,,,,,,,,
,3807548682.38,300.0007,,,,,,,,
,3807548702.38,299.9987,,,,,,,,
,3807548722.39,300.0033,,,,,,,,
,3807548742.45,300.0025,,,,,,,,
,3807548762.49,300.0017,,,,,,,,
,3807548782.51,300.0019,,,,,,,,
,3807548802.54,300.0017,,,,,,,,
,3807548822.57,300.0017,,,,,,,,
,3807548842.59,300.0025,,,,,,,,
,3807548862.63,300.0027,,,,,,,,
,3807548882.66,299.9997,,,,,,,,
,3807548902.66,300.0023,,,,,,,,
,3807548922.66,300.0031,,,,,,,,
,3807548942.70,300.0023,,,,,,,,
,3807548962.72,299.9991,,,,,,,,
,3807548982.72,300.0017,,,,,,,,
,3807549002.74,299.9978,,,,,,,,
,3807549022.77,300.0033,,,,,,,,
,3807549042.79,299.9988,,,,,,,,
,3807549062.82,300.0034,,,,,,,,
,3807549082.87,300.0011,,,,,,,,
,3807549102.91,300.0007,,,,,,,,
,3807549122.96,300.0018,,,,,,,,
,3807549142.97,300.004,,,,,,,,
,3807549163.01,300.003,,,,,,,,
,3807549183.01,300.0022,,,,,,,,
,3807549203.03,300.0018,,,,,,,,
,3807549223.06,300.0018,,,,,,,,
,3807549243.07,300.0027,,,,,,,,
,3807549263.09,300.0023,,,,,,,,
,3807549283.14,300.0014,,,,,,,,
,3807549303.18,300.0002,,,,,,,,
,3807549323.20,300.0035,,,,,,,,
,3807549343.20,300.0018,,,,,,,,
,3807549363.27,300.0018,,,,,,,,
,3807549383.29,300.0014,,,,,,,,
,3807549403.32,300.0026,,,,,,,,
,3807549423.33,300.0016,,,,,,,,
,3807549443.36,300.0031,,,,,,,,
,3807549463.39,299.9996,,,,,,,,
,3807549483.40,300.0018,,,,,,,,
,3807549503.43,300.0016,,,,,,,,
,3807549523.46,300.001,,,,,,,,
,3807549543.50,299.9992,,,,,,,,
,3807549563.53,300.0004,,,,,,,,
,3807549583.57,300.002,,,,,,,,
,3807549603.60,300.0006,,,,,,,,
,3807549623.63,300.0008,,,,,,,,
,3807549643.67,300.0027,,,,,,,,
,3807549663.70,300.002,,,,,,,,
,3807549683.74,300.0024,,,,,,,,
,3807549703.77,299.9977,,,,,,,,
,3807549723.80,299.9988,,,,,,,,
,3807549743.84,300.0004,,,,,,,,
,3807549763.87,300.0004,,,,,,,,
,3807549783.91,300.0016,,,,,,,,
,3807549803.94,300.0014,,,,,,,,
,3807549823.97,299.9992,,,,,,,,
,3807549844.02,300.0027,,,,,,,,
,3807549864.04,300.0014,,,,,,,,
,3807549884.08,300.0009,,,,,,,,
,3807549904.11,300.0007,,,,,,,,
,3807549924.14,300.0007,,,,,,,,
,3807549944.18,299.9997,,,,,,,,
,3807549964.21,299.9975,,,,,,,,
,3807549984.25,300.0017,,,,,,,,
,3807550004.28,300.0009,,,,,,,,
,3807550024.31,300.0027,,,,,,,,
,3807550044.35,300.0013,,,,,,,,
,3807550064.43,300.0015,,,,,,,,
,3807550084.45,300.0017,,,,,,,,
,3807550104.48,299.9979,,,,,,,,
,3807550124.49,300.0003,,,,,,,,
,3807550144.52,300.0013,,,,,,,,
,3807550164.55,300.001,,,,,,,,
,3807550184.59,300.0008,,,,,,,,
,3807550204.64,300.0023,,,,,,,,
,3807550224.67,300.0023,,,,,,,,
,3807550244.70,299.9993,,,,,,,,
,3807550264.74,299.9985,,,,,,,,
,3807550284.77,300.0007,,,,,,,,
,3807550304.80,300.0017,,,,,,,,
,3807550324.84,300.0005,,,,,,,,
,3807550344.87,300.0006,,,,,,,,
,3807550364.91,300.0009,,,,,,,,
,3807550384.94,300.0025,,,,,,,,
,3807550404.99,300.0007,,,,,,,,
,3807550425.01,300.0007,,,,,,,,
,3807550445.05,300.0004,,,,,,,,
,3807550465.08,300.0005,,,,,,,,
,3807550485.11,300.0013,,,,,,,,
,3807550505.15,300.0013,,,,,,,,
,3807550525.18,300.0025,,,,,,,,
,3807550545.21,300.0017,,,,,,,,
,3807550565.25,300.0015,,,,,,,,
,3807550585.28,299.9995,,,,,,,,
,3807550605.31,299.9997,,,,,,,,
,3807550625.35,299.999,,,,,,,,
,3807550645.40,300.0007,,,,,,,,
,3807550665.42,300.0001,,,,,,,,
,3807550685.45,300.0007,,,,,,,,
,3807550705.48,300.0023,,,,,,,,
,3807550725.52,300.0023,,,,,,,,
,3807550745.55,300.0011,,,,,,,,
,3807550765.59,300.0013,,,,,,,,
,3807550785.62,299.9989,,,,,,,,
,3807550805.65,300.0007,,,,,,,,
,3807550825.69,299.9987,,,,,,,,
,3807550845.72,300.0017,,,,,,,,
,3807550865.76,300.0009,,,,,,,,
,3807550885.79,300.0002,,,,,,,,
,3807550905.84,300.0025,,,,,,,,
,3807550925.86,300.0009,,,,,,,,
,3807550945.89,300.0001,,,,,,,,
,3807550965.93,300.0009,,,,,,,,
,3807550985.98,299.9997,,,,,,,,
,3807551006.00,299.9995,,,,,,,,
,3807551026.05,300.0023,,,,,,,,
,3807551046.07,300.0013,,,,,,,,
,3807551066.10,300.0018,,,,,,,,
,3807551086.12,300.0017,,,,,,,,
,3807551106.15,300.0023,,,,,,,,
,3807551126.17,300.0017,,,,,,,,
,3807551146.17,299.9998,,,,,,,,
,3807551166.19,299.9987,,,,,,,,
,3807551186.19,300.0001,,,,,,,,
,3807551206.21,300.0014,,,,,,,,
,3807551226.24,299.9991,,,,,,,,
,3807551246.25,300.0018,,,,,,,,
,3807551266.25,300.0007,,,,,,,,
,3807551286.25,300.0015,,,,,,,,
,3807551306.25,300.0013,,,,,,,,
,3807551326.27,300.0023,,,,,,,,
,3807551346.28,300.0001,,,,,,,,
,3807551366.28,300.0023,,,,,,,,
,3807551386.28,300.0017,,,,,,,,
,3807551406.28,300.0016,,,,,,,,
,3807551426.29,300.0003,,,,,,,,
,3807551446.29,299.9995,,,,,,,,
,3807551466.31,300.0013,,,,,,,,
,3807551486.33,300.0017,,,,,,,,
,3807551506.33,300.0023,,,,,,,,
,3807551526.33,300.0025,,,,,,,,
,3807551546.33,300.0013,,,,,,,,
,3807551566.34,300.0006,,,,,,,,
,3807551586.34,300.0017,,,,,,,,
,3807551606.36,300.0023,,,,,,,,
,3807551626.36,300.0013,,,,,,,,
,3807551646.40,299.9993,,,,,,,,
,3807551666.41,299.9991,,,,,,,,
,3807551686.42,299.9991,,,,,,,,
,3807551706.42,300.0005,,,,,,,,
,3807551726.44,300.0008,,,,,,,,
,3807551746.46,300.0023,,,,,,,,
,3807551766.47,300.0017,,,,,,,,
,3807551786.48,300.0003,,,,,,,,
,3807551806.51,300.0025,,,,,,,,
,3807551826.56,300.0005,,,,,,,,
,3807551846.58,299.9983,,,,,,,,
,3807551866.60,300.0017,,,,,,,,
,3807551886.60,299.9991,,,,,,,,
,3807551906.63,299.9991,,,,,,,,
,3807551926.64,300.0009,,,,,,,,
,3807551946.65,300.0006,,,,,,,,
,3807551966.69,300.0019,,,,,,,,
,3807551986.70,300.0013,,,,,,,,
,3807552006.73,300.0013,,,,,,,,
,3807552026.76,300.0004,,,,,,,,
,3807552046.79,300.0023,,,,,,,,
,3807552066.80,300.0027,,,,,,,,
,3807552086.81,300.0016,,,,,,,,
,3807552106.83,300.002,,,,,,,,
,3807552126.85,300.0018,,,,,,,,
,3807552146.85,300.0014,,,,,,,,
,3807552166.86,299.9998,,,,,,,,
,3807552186.89,299.9992,,,,,,,,
,3807552206.92,300.0018,,,,,,,,
,3807552226.92,300.0018,,,,,,,,
,3807552246.93,300.0018,,,,,,,,
,3807552266.93,300.0014,,,,,,,,
,3807552286.93,300.0014,,,,,,,,
,3807552306.95,300.001,,,,,,,,
,3807552326.95,300.0008,,,,,,,,
,3807552346.97,300.0014,,,,,,,,
,3807552366.98,300.0023,,,,,,,,
,3807552387.00,300.0017,,,,,,,,
,3807552407.01,300.001,,,,,,,,
,3807552427.03,300.0004,,,,,,,,
,3807552447.05,299.9998,,,,,,,,
,3807552467.05,299.9988,,,,,,,,
,3807552487.06,299.9996,,,,,,,,
,3807552507.06,300.0018,,,,,,,,
,3807552527.08,300.0007,,,,,,,,
,3807552547.08,300.0017,,,,,,,,
,3807552567.08,300.0016,,,,,,,,
,3807552587.10,300.0023,,,,,,,,
,3807552607.12,300.0029,,,,,,,,
,3807552627.15,300.0003,,,,,,,,
,3807552647.15,299.9991,,,,,,,,
,3807552667.16,300.0002,,,,,,,,
,3807552687.18,299.9992,,,,,,,,
,3807552707.23,300.0008,,,,,,,,
,3807552727.23,300.0018,,,,,,,,
,3807552747.23,300.0007,,,,,,,,
,3807552767.28,300.0017,,,,,,,,
,3807552787.30,300.0016,,,,,,,,
,3807552807.31,300.0018,,,,,,,,
,3807552827.31,300.0023,,,,,,,,
,3807552847.33,300.0023,,,,,,,,
,3807552867.36,300.0013,,,,,,,,
,3807552887.39,300.0013,,,,,,,,
,3807552907.45,299.9995,,,,,,,,
,3807552927.48,300.0037,,,,,,,,
,3807552947.51,300.0006,,,,,,,,
,3807552967.55,300.0008,,,,,,,,
,3807552987.59,299.9991,,,,,,,,
,3807553007.60,300.0001,,,,,,,,
,3807553027.65,300.0018,,,,,,,,
,3807553047.70,300.0027,,,,,,,,
,3807553067.73,299.9981,,,,,,,,
,3807553087.75,299.9997,,,,,,,,
,3807553107.77,299.9985,,,,,,,,
,3807553127.82,300.0014,,,,,,,,
,3807553147.87,300.0016,,,,,,,,
,3807553167.89,300.0034,,,,,,,,
,3807553187.90,300.0018,,,,,,,,
,3807553207.94,300.0018,,,,,,,,
,3807553227.97,300.003,,,,,,,,
,3807553247.98,300.0002,,,,,,,,
,3807553267.99,299.9992,,,,,,,,
,3807553288.02,299.9981,,,,,,,,
,3807553308.06,300.0001,,,,,,,,
,3807553328.06,299.9988,,,,,,,,
,3807553348.10,300.0031,,,,,,,,
,3807553368.13,300.0008,,,,,,,,
,3807553388.13,300.0016,,,,,,,,
,3807553408.14,300.0014,,,,,,,,
,3807553428.18,300.0023,,,,,,,,
,3807553448.24,300.0023,,,,,,,,
,3807553468.25,300.0005,,,,,,,,
,3807553488.26,300.0014,,,,,,,,
,3807553508.29,299.9995,,,,,,,,
,3807553528.39,300.0013,,,,,,,,
,3807553548.42,300.0003,,,,,,,,
,3807553568.42,300.0007,,,,,,,,
,3807553588.44,300.0001,,,,,,,,
,3807553608.48,299.9998,,,,,,,,
,3807553628.48,300.0023,,,,,,,,
,3807553648.51,300.0023,,,,,,,,
,3807553668.55,300.0027,,,,,,,,
,3807553688.60,300.003,,,,,,,,
,3807553708.63,300.0002,,,,,,,,
,3807553728.67,299.9992,,,,,,,,
,3807553748.72,299.9992,,,,,,,,
,3807553768.75,300.002,,,,,,,,
,3807553788.77,300.0008,,,,,,,,
,3807553808.79,300.001,,,,,,,,
,3807553828.80,300.0006,,,,,,,,
,3807553848.81,300.0008,,,,,,,,
,3807553868.85,300.0031,,,,,,,,
,3807553888.90,300.0008,,,,,,,,
,3807553908.90,300.0006,,,,,,,,
,3807553928.94,300.0018,,,,,,,,
,3807553948.94,300.0027,,,,,,,,
,3807553968.94,300.0022,,,,,,,,
,3807553988.96,300.0008,,,,,,,,
,3807554008.96,300.0008,,,,,,,,
,3807554028.99,300.0018,,,,,,,,
,3807554049.00,300.0018,,,,,,,,
,3807554069.02,300.0008,,,,,,,,
,3807554089.03,300.0018,,,,,,,,
,3807554109.08,300.0012,,,,,,,,
,3807554129.12,299.9992,,,,,,,,
,3807554149.17,299.9986,,,,,,,,
,3807554169.19,300.001,,,,,,,,
,3807554189.22,300.003,,,,,,,,
,3807554209.22,300.0014,,,,,,,,
,3807554229.31,300.0014,,,,,,,,
,3807554249.35,300.0023,,,,,,,,
,3807554269.35,300.0021,,,,,,,,
,3807554289.39,300.0016,,,,,,,,
,3807554309.41,300.0018,,,,,,,,
,3807554329.44,300.0022,,,,,,,,
,3807554349.44,300.0028,,,,,,,,
,3807554369.49,299.9992,,,,,,,,
,3807554389.53,299.9986,,,,,,,,
,3807554409.58,300,,,,,,,,
,3807554429.60,300.0018,,,,,,,,
,3807554449.61,300.0012,,,,,,,,
,3807554469.70,300.0023,,,,,,,,
,3807554489.71,300.0024,,,,,,,,
,3807554509.75,300.0008,,,,,,,,
,3807554529.75,300.0014,,,,,,,,
,3807554549.75,300.0016,,,,,,,,
,3807554569.80,300.0022,,,,,,,,
,3807554589.82,300.0007,,,,,,,,
,3807554609.84,299.9992,,,,,,,,
,3807554629.86,299.9992,,,,,,,,
,3807554649.88,299.9982,,,,,,,,
,3807554669.91,299.9988,,,,,,,,
,3807554689.92,300.0014,,,,,,,,
,3807554709.95,299.9998,,,,,,,,
,3807554729.95,300.0008,,,,,,,,
,3807554749.98,300.0024,,,,,,,,
,3807554770.00,300.0014,,,,,,,,
,3807554790.08,300.0002,,,,,,,,
,3807554810.10,300.0014,,,,,,,,
,3807554830.14,300.0034,,,,,,,,
,3807554850.18,300.0018,,,,,,,,
,3807554870.22,299.9998,,,,,,,,
,3807554890.24,299.9998,,,,,,,,
,3807554910.26,299.9988,,,,,,,,
,3807554930.27,299.9984,,,,,,,,
,3807554950.28,299.9988,,,,,,,,
,3807554970.30,300.0004,,,,,,,,
,3807554990.34,300.0004,,,,,,,,
,3807555010.35,300.0008,,,,,,,,
,3807555030.36,300.0022,,,,,,,,
,3807555050.40,300.0017,,,,,,,,
,3807555070.43,300.0014,,,,,,,,
,3807555090.47,300.0015,,,,,,,,
,3807555110.52,300.0005,,,,,,,,
,3807555130.54,300.0035,,,,,,,,
,3807555150.57,300.002,,,,,,,,
,3807555170.57,300.0003,,,,,,,,
,3807555190.64,299.9988,,,,,,,,
,3807555210.67,299.9988,,,,,,,,
,3807555230.67,300.001,,,,,,,,
,3807555250.71,300.0013,,,,,,,,
,3807555270.74,300.0007,,,,,,,,
,3807555290.74,300.0018,,,,,,,,
,3807555310.76,300.0008,,,,,,,,
,3807555330.80,299.9992,,,,,,,,
,3807555350.83,300.0008,,,,,,,,
,3807555370.87,300.0018,,,,,,,,
,3807555390.87,300.0002,,,,,,,,
,3807555410.89,300,,,,,,,,
,3807555430.97,300.0016,,,,,,,,
,3807555451.02,300.0004,,,,,,,,
,3807555471.07,300.0018,,,,,,,,
,3807555491.08,300.002,,,,,,,,
,3807555511.15,300.001,,,,,,,,
,3807555531.19,300.0006,,,,,,,,
,3807555551.19,300.0019,,,,,,,,
,3807555571.23,300.0027,,,,,,,,
,3807555591.25,300.0017,,,,,,,,
,3807555611.31,300.0007,,,,,,,,
,3807555631.31,300.0003,,,,,,,,
,3807555651.34,299.9995,,,,,,,,
,3807555671.35,299.9996,,,,,,,,
,3807555691.35,300.0014,,,,,,,,
,3807555711.38,300.0014,,,,,,,,
,3807555731.38,300.0018,,,,,,,,
,3807555751.43,300.0018,,,,,,,,
,3807555771.53,300.0008,,,,,,,,
,3807555791.59,300.001,,,,,,,,
,3807555811.63,300.0004,,,,,,,,
,3807555831.65,300.0002,,,,,,,,
,3807555851.65,300.0008,,,,,,,,
,3807555871.68,299.999,,,,,,,,
,3807555891.70,300.0004,,,,,,,,
,3807555911.72,300.0002,,,,,,,,
,3807555931.77,300.0012,,,,,,,,
,3807555951.79,300.0008,,,,,,,,
,3807555971.82,300.0008,,,,,,,,
,3807555991.84,300.0013,,,,,,,,
,3807556011.86,299.9998,,,,,,,,
,3807556031.88,300.0016,,,,,,,,
,3807556051.88,299.9994,,,,,,,,
,3807556071.90,299.9988,,,,,,,,
,3807556091.92,299.9982,,,,,,,,
,3807556111.97,300.0006,,,,,,,,
,3807556131.98,300.0014,,,,,,,,
,3807556152.03,300.0006,,,,,,,,
,3807556172.04,300.0008,,,,,,,,
,3807556192.07,300.0036,,,,,,,,
,3807556212.09,299.9952,,,,,,,,
,3807556232.09,299.9958,,,,,,,,
,3807556252.13,299.9976,,,,,,,,
,3807556272.13,299.9966,,,,,,,,
,3807556292.15,299.9972,,,,,,,,
,3807556312.19,299.9968,,,,,,,,
,3807556332.23,299.9982,,,,,,,,
,3807556352.25,299.9976,,,,,,,,
,3807556372.31,300.004,,,,,,,,
,3807556392.33,299.9967,,,,,,,,
,3807556412.36,300.0002,,,,,,,,
,3807556432.41,300.0005,,,,,,,,
,3807556452.43,299.9997,,,,,,,,
,3807556472.49,300.0015,,,,,,,,
,3807556492.51,299.9967,,,,,,,,
,3807556512.54,299.9965,,,,,,,,
,3807556532.57,299.9971,,,,,,,,
,3807556552.58,299.9966,,,,,,,,
,3807556572.59,299.9962,,,,,,,,
,3807556592.61,299.9946,,,,,,,,
,3807556612.63,299.9971,,,,,,,,
,3807556632.65,300.0017,,,,,,,,
,3807556652.70,300.0005,,,,,,,,
,3807556672.70,300.0009,,,,,,,,
,3807556692.74,299.9962,,,,,,,,
,3807556712.77,299.9966,,,,,,,,
,3807556732.80,299.9977,,,,,,,,
,3807556752.82,299.9958,,,,,,,,
,3807556772.85,299.9965,,,,,,,,
,3807556792.87,300.0041,,,,,,,,
,3807556812.88,299.9979,,,,,,,,
,3807556832.89,300.0017,,,,,,,,
,3807556852.90,300.0017,,,,,,,,
,3807556872.91,300.0018,,,,,,,,
,3807556892.95,300.0023,,,,,,,,
,3807556913.01,299.9971,,,,,,,,
,3807556933.02,299.9967,,,,,,,,
,3807556953.07,299.996,,,,,,,,
,3807556973.15,299.9929,,,,,,,,
,3807556993.18,300.003,,,,,,,,
,3807557013.21,300.0018,,,,,,,,
,3807557033.25,300.0017,,,,,,,,
,3807557053.28,300.0025,,,,,,,,
,3807557073.30,299.9951,,,,,,,,
,3807557093.32,299.9979,,,,,,,,
,3807557113.32,299.9987,,,,,,,,
,3807557133.36,299.9971,,,,,,,,
,3807557153.40,300.0007,,,,,,,,
,3807557173.47,300.0015,,,,,,,,
,3807557193.49,300.0009,,,,,,,,
,3807557213.55,299.9961,,,,,,,,
,3807557233.64,299.9965,,,,,,,,
,3807557253.65,299.9987,,,,,,,,
,3807557273.78,300.0007,,,,,,,,
,3807557293.79,300.0017,,,,,,,,
,3807557313.79,300.0011,,,,,,,,
,3807557333.80,300.0029,,,,,,,,
,3807557353.80,299.9962,,,,,,,,
,3807557373.87,299.9983,,,,,,,,
,3807557393.93,299.9946,,,,,,,,
,3807557413.96,299.9967,,,,,,,,
,3807557433.96,300.0005,,,,,,,,
,3807557453.99,300.0017,,,,,,,,
,3807557474.00,299.9995,,,,,,,,
,3807557494.03,299.9975,,,,,,,,
,3807557514.08,299.9977,,,,,,,,
,3807557534.10,299.9971,,,,,,,,
,3807557554.15,299.9945,,,,,,,,
,3807557574.18,299.9961,,,,,,,,
,3807557594.20,300.0013,,,,,,,,
,3807557614.27,300.0024,,,,,,,,
,3807557634.28,299.9959,,,,,,,,
,3807557654.30,299.9985,,,,,,,,
,3807557674.32,299.9973,,,,,,,,
,3807557694.34,299.9946,,,,,,,,
,3807557714.36,300.0031,,,,,,,,
,3807557734.39,299.9955,,,,,,,,
,3807557754.41,299.9998,,,,,,,,
,3807557774.43,300.0017,,,,,,,,
,3807557794.46,300.0043,,,,,,,,
,3807557814.46,299.9944,,,,,,,,
,3807557834.50,299.9955,,,,,,,,
,3807557854.52,300.003,,,,,,,,
,3807557874.54,299.9965,,,,,,,,
,3807557894.57,299.9982,,,,,,,,
,3807557914.59,299.9982,,,,,,,,
,3807557934.59,299.9979,,,,,,,,
,3807557954.59,300.0003,,,,,,,,
,3807557974.63,300.0013,,,,,,,,
,3807557994.66,300.0009,,,,,,,,
,3807558014.66,299.9973,,,,,,,,
,3807558034.70,299.9971,,,,,,,,
,3807558054.72,299.9977,,,,,,,,
,3807558074.75,299.9977,,,,,,,,
,3807558094.82,299.9973,,,,,,,,
,3807558114.83,300.0002,,,,,,,,
,3807558134.87,300.0023,,,,,,,,
,3807558154.89,300.0017,,,,,,,,
,3807558174.94,299.9991,,,,,,,,
,3807558195.02,299.9958,,,,,,,,
,3807558215.05,299.9977,,,,,,,,
,3807558235.06,299.9971,,,,,,,,
,3807558255.08,299.9977,,,,,,,,
,3807558275.12,299.9972,,,,,,,,
,3807558295.14,300.0005,,,,,,,,
,3807558315.16,300.0009,,,,,,,,
,3807558335.18,300.0001,,,,,,,,
,3807558355.18,299.9955,,,,,,,,
,3807558375.23,299.9966,,,,,,,,
,3807558395.26,299.9965,,,,,,,,
,3807558415.26,300.0037,,,,,,,,
,3807558435.32,299.9981,,,,,,,,
,3807558455.35,300.0031,,,,,,,,
,3807558475.35,299.9971,,,,,,,,
,3807558495.37,300.003,,,,,,,,
,3807558515.42,299.9998,,,,,,,,
,3807558535.45,300.0017,,,,,,,,
,3807558555.46,300.0022,,,,,,,,
,3807558575.49,299.9966,,,,,,,,
,3807558595.52,299.9981,,,,,,,,
,3807558615.54,299.9966,,,,,,,,
,3807558635.55,300.0035,,,,,,,,
,3807558655.58,299.9979,,,,,,,,
,3807558675.60,299.9991,,,,,,,,
,3807558695.65,299.9987,,,,,,,,
,3807558715.66,299.9971,,,,,,,,
,3807558735.70,299.9981,,,,,,,,
,3807558755.72,299.9971,,,,,,,,
,3807558775.74,299.9983,,,,,,,,
,3807558795.77,299.997,,,,,,,,
,3807558815.79,299.9962,,,,,,,,
,3807558835.82,299.9966,,,,,,,,
,3807558855.83,300.0017,,,,,,,,
,3807558875.87,300.0017,,,,,,,,
,3807558895.89,299.9965,,,,,,,,
,3807558915.94,299.9961,,,,,,,,
,3807558935.95,299.9961,,,,,,,,
,3807558955.98,299.9987,,,,,,,,
,3807558975.98,299.9981,,,,,,,,
,3807558996.02,299.9979,,,,,,,,
,3807559016.02,300.0031,,,,,,,,
,3807559036.04,299.9975,,,,,,,,
,3807559056.09,299.9991,,,,,,,,
,3807559076.10,300.0029,,,,,,,,
,3807559096.12,300.0009,,,,,,,,
,3807559116.20,299.9969,,,,,,,,
,3807559136.21,299.9955,,,,,,,,
,3807559156.26,299.9951,,,,,,,,
,3807559176.32,299.9965,,,,,,,,
,3807559196.33,299.9979,,,,,,,,
,3807559216.38,299.9962,,,,,,,,
,3807559236.39,300.0023,,,,,,,,
,3807559256.41,299.9991,,,,,,,,
,3807559276.45,299.9977,,,,,,,,
,3807559296.54,299.9981,,,,,,,,
,3807559316.57,299.9965,,,,,,,,
,3807559336.61,300.0017,,,,,,,,
,3807559356.64,299.9975,,,,,,,,
,3807559376.68,300.0003,,,,,,,,
,3807559396.68,300.0007,,,,,,,,
,3807559416.71,300.0011,,,,,,,,
,3807559436.73,299.9973,,,,,,,,
,3807559456.75,299.9977,,,,,,,,
,3807559476.77,299.9977,,,,,,,,
,3807559496.79,299.9961,,,,,,,,
,3807559516.81,299.9961,,,,,,,,
,3807559536.82,300.0023,,,,,,,,
,3807559556.86,299.9965,,,,,,,,
,3807559576.86,300.0021,,,,,,,,
,3807559596.90,300.0017,,,,,,,,
,3807559616.93,299.9969,,,,,,,,
,3807559637.01,300.0035,,,,,,,,
,3807559657.06,299.9973,,,,,,,,
,3807559677.11,299.9966,,,,,,,,
,3807559697.13,299.9977,,,,,,,,
,3807559717.18,300.0023,,,,,,,,
,3807559737.18,300.0017,,,,,,,,
,3807559757.22,300.0013,,,,,,,,
,3807559777.23,299.9967,,,,,,,,
,3807559797.27,299.9955,,,,,,,,
,3807559817.29,299.9973,,,,,,,,
,3807559837.32,299.9967,,,,,,,,
,3807559857.34,299.9959,,,,,,,,
,3807559877.36,299.9975,,,,,,,,
,3807559897.39,300.0004,,,,,,,,
,3807559917.42,300.0001,,,,,,,,
,3807559937.43,300.0041,,,,,,,,
,3807559957.45,299.9967,,,,,,,,
,3807559977.45,299.9989,,,,,,,,
,3807559997.45,299.9977,,,,,,,,
,3807560017.46,300.0035,,,,,,,,
,3807560037.46,299.9975,,,,,,,,
,3807560057.50,299.9977,,,,,,,,
,3807560077.56,300.0029,,,,,,,,
,3807560097.58,300.0001,,,,,,,,
,3807560117.61,299.9981,,,,,,,,
,3807560137.63,299.9975,,,,,,,,
,3807560157.64,300.0041,,,,,,,,
,3807560177.69,300.0031,,,,,,,,
,3807560197.71,299.9956,,,,,,,,
,3807560217.73,299.9971,,,,,,,,
,3807560237.77,300.0017,,,,,,,,
,3807560257.78,300.0027,,,,,,,,
,3807560277.82,300.0003,,,,,,,,
,3807560297.82,299.9981,,,,,,,,
,3807560317.82,299.9975,,,,,,,,
,3807560337.84,299.9961,,,,,,,,
,3807560357.85,300.0017,,,,,,,,
,3807560377.88,299.9966,,,,,,,,
,3807560397.90,299.9955,,,,,,,,
,3807560417.93,300.0031,,,,,,,,
,3807560437.93,300.0007,,,,,,,,
,3807560457.97,299.9997,,,,,,,,
,3807560478.03,299.9971,,,,,,,,
,3807560498.10,299.9951,,,,,,,,
,3807560518.11,299.9971,,,,,,,,
,3807560538.12,300.0031,,,,,,,,
,3807560558.18,299.9993,,,,,,,,
,3807560578.23,300.0007,,,,,,,,
,3807560598.25,300.0013,,,,,,,,
,3807560618.27,300.0013,,,,,,,,
,3807560638.27,299.9983,,,,,,,,
,3807560658.31,300.0013,,,,,,,,
,3807560678.37,299.9951,,,,,,,,
,3807560698.39,300.0029,,,,,,,,
,3807560718.42,299.9947,,,,,,,,
,3807560738.44,299.9965,,,,,,,,
,3807560758.47,299.9975,,,,,,,,
,3807560778.51,300.0008,,,,,,,,
,3807560798.53,299.9998,,,,,,,,
,3807560818.53,300.0023,,,,,,,,
,3807560838.56,300.0039,,,,,,,,
,3807560858.60,299.9981,,,,,,,,
,3807560878.62,299.9972,,,,,,,,
,3807560898.65,299.9962,,,,,,,,
,3807560918.68,299.9971,,,,,,,,
,3807560938.70,299.9951,,,,,,,,
,3807560958.73,300.0005,,,,,,,,
,3807560978.75,299.9979,,,,,,,,
,3807560998.75,299.9977,,,,,,,,
,3807561018.76,299.9981,,,,,,,,
,3807561038.79,299.9962,,,,,,,,
,3807561058.80,299.9975,,,,,,,,
,3807561078.83,299.9967,,,,,,,,
,3807561098.85,299.9988,,,,,,,,
,3807561118.90,299.9962,,,,,,,,
,3807561138.90,299.9975,,,,,,,,
,3807561158.95,299.9995,,,,,,,,
,3807561178.98,300.0017,,,,,,,,
,3807561198.99,300.0013,,,,,,,,
,3807561218.99,299.9962,,,,,,,,
,3807561239.04,299.9957,,,,,,,,
,3807561259.08,299.9965,,,,,,,,
,3807561279.09,300.0047,,,,,,,,
,3807561299.16,299.9966,,,,,,,,
,3807561319.18,300.0019,,,,,,,,
,3807561339.19,299.9997,,,,,,,,
,3807561359.20,300.0027,,,,,,,,
,3807561379.22,299.9966,,,,,,,,
,3807561399.24,300.0017,,,,,,,,
,3807561419.25,299.9967,,,,,,,,
,3807561439.27,299.9971,,,,,,,,
,3807561459.32,299.9967,,,,,,,,
,3807561479.35,299.9961,,,,,,,,
,3807561499.36,299.9965,,,,,,,,
,3807561519.38,300.0015,,,,,,,,
,3807561539.41,299.9991,,,,,,,,
,3807561559.46,299.9965,,,,,,,,
,3807561579.49,299.9987,,,,,,,,
,3807561599.50,299.9962,,,,,,,,
,3807561619.53,299.9969,,,,,,,,
,3807561639.60,299.9971,,,,,,,,
,3807561659.63,300.0013,,,,,,,,
,3807561679.65,300.0002,,,,,,,,
,3807561699.67,299.9959,,,,,,,,
,3807561719.69,299.9975,,,,,,,,
,3807561739.69,299.9957,,,,,,,,
,3807561759.69,299.9981,,,,,,,,
,3807561779.72,299.9962,,,,,,,,
,3807561799.74,299.997,,,,,,,,
,3807561819.76,299.9973,,,,,,,,
,3807561839.77,300.0011,,,,,,,,
,3807561859.79,299.9962,,,,,,,,
,3807561879.91,300.0016,,,,,,,,
,3807561899.92,300.0009,,,,,,,,
,3807561919.95,299.9991,,,,,,,,
,3807561939.95,299.9962,,,,,,,,
,3807561959.97,299.9951,,,,,,,,
,3807561980.00,299.9961,,,,,,,,
,3807562000.02,299.9962,,,,,,,,
,3807562020.05,299.9967,,,,,,,,
,3807562040.06,299.9967,,,,,,,,
,3807562060.12,299.9977,,,,,,,,
,3807562080.15,300.0018,,,,,,,,
,3807562100.20,300.0029,,,,,,,,
,3807562120.22,300.0021,,,,,,,,
,3807562140.24,299.9981,,,,,,,,
,3807562160.25,299.9959,,,,,,,,
,3807562180.25,299.9967,,,,,,,,
,3807562200.27,299.996,,,,,,,,
,3807562220.27,300.0038,,,,,,,,
,3807562240.29,300.0049,,,,,,,,
,3807562260.35,300.0007,,,,,,,,
,3807562280.39,300.0017,,,,,,,,
,3807562300.42,300.0024,,,,,,,,
,3807562320.45,300.0021,,,,,,,,
,3807562340.46,299.9966,,,,,,,,
,3807562360.46,299.9965,,,,,,,,
,3807562380.52,299.9962,,,,,,,,
,3807562400.53,299.9962,,,,,,,,
,3807562420.56,299.9971,,,,,,,,
,3807562440.58,300.0007,,,,,,,,
,3807562460.60,300.0016,,,,,,,,
,3807562480.62,300.0006,,,,,,,,
,3807562500.65,299.9971,,,,,,,,
,3807562520.67,299.9971,,,,,,,,
,3807562540.67,299.9978,,,,,,,,
,3807562560.67,300.0031,,,,,,,,
,3807562580.71,299.9977,,,,,,,,
,3807562600.73,299.9977,,,,,,,,
,3807562620.76,300.0017,,,,,,,,
,3807562640.78,300.0013,,,,,,,,
,3807562660.80,299.9983,,,,,,,,
,3807562680.85,299.9962,,,,,,,,
,3807562700.89,299.9955,,,,,,,,
,3807562720.92,299.9977,,,,,,,,
,3807562740.94,300.0027,,,,,,,,
,3807562760.95,299.9962,,,,,,,,
,3807562780.99,299.9999,,,,,,,,
,3807562801.01,300.0022,,,,,,,,
,3807562821.09,299.9959,,,,,,,,
,3807562841.17,299.9946,,,,,,,,
,3807562861.19,299.9961,,,,,,,,
,3807562881.20,299.9981,,,,,,,,
,3807562901.24,299.995,,,,,,,,
,3807562921.26,299.9971,,,,,,,,
,3807562941.29,300.0013,,,,,,,,
,3807562961.31,300.0007,,,,,,,,
,3807562981.39,300.0031,,,,,,,,
,3807563001.42,299.9973,,,,,,,,
,3807563021.46,299.9973,,,,,,,,
,3807563041.48,299.9962,,,,,,,,
,3807563061.53,299.9959,,,,,,,,
,3807563081.57,299.9977,,,,,,,,
,3807563101.59,299.9967,,,,,,,,
,3807563121.61,300.0007,,,,,,,,
,3807563141.64,300.0015,,,,,,,,
,3807563161.65,299.9959,,,,,,,,
,3807563181.68,299.9968,,,,,,,,
,3807563201.72,299.9977,,,,,,,,
,3807563221.75,299.9975,,,,,,,,
,3807563241.78,299.9977,,,,,,,,
,3807563261.78,299.9971,,,,,,,,
,3807563281.80,299.9987,,,,,,,,
,3807563301.80,299.9966,,,,,,,,
,3807563321.82,299.9995,,,,,,,,
,3807563341.82,299.9978,,,,,,,,
,3807563361.85,299.996,,,,,,,,
,3807563381.85,299.9983,,,,,,,,
,3807563401.90,299.9971,,,,,,,,
,3807563421.92,299.9961,,,,,,,,
,3807563441.94,299.9974,,,,,,,,
,3807563461.96,300.0005,,,,,,,,
,3807563481.98,300.0015,,,,,,,,
,3807563501.99,300.0007,,,,,,,,
,3807563522.00,300.0018,,,,,,,,
,3807563542.03,300.0003,,,,,,,,
,3807563562.05,300.0006,,,,,,,,
,3807563582.07,300.0005,,,,,,,,
,3807563602.14,300.0015,,,,,,,,
,3807563622.14,300.0013,,,,,,,,
,3807563642.18,300.0016,,,,,,,,
,3807563662.18,300.0009,,,,,,,,
,3807563682.25,299.9966,,,,,,,,
,3807563702.31,299.9971,,,,,,,,
,3807563722.38,299.9973,,,,,,,,
,3807563742.43,299.998,,,,,,,,
,3807563762.49,299.9981,,,,,,,,
,3807563782.53,299.9977,,,,,,,,
,3807563802.55,299.9977,,,,,,,,
,3807563822.57,299.9962,,,,,,,,
,3807563842.59,299.9959,,,,,,,,
,3807563862.61,299.9978,,,,,,,,
,3807563882.63,299.9983,,,,,,,,
,3807563902.65,299.9975,,,,,,,,
,3807563922.67,299.9962,,,,,,,,
,3807563942.69,299.9962,,,,,,,,
,3807563962.71,299.9985,,,,,,,,
,3807563982.75,299.9971,,,,,,,,
,3807564002.78,299.9982,,,,,,,,
,3807564022.80,299.9982,,,,,,,,
,3807564042.83,300.0008,,,,,,,,
,3807564062.85,300.0006,,,,,,,,
,3807564082.87,300.0006,,,,,,,,
,3807564102.92,300.003,,,,,,,,
,3807564122.94,299.9998,,,,,,,,
,3807564142.99,300.0023,,,,,,,,
,3807564163.03,300.0012,,,,,,,,
,3807564183.06,299.9962,,,,,,,,
,3807564203.08,299.9976,,,,,,,,
,3807564223.09,299.9982,,,,,,,,
,3807564243.09,299.998,,,,,,,,
,3807564263.11,299.9982,,,,,,,,
,3807564283.17,299.9978,,,,,,,,
,3807564303.22,299.9962,,,,,,,,
,3807564323.22,299.997,,,,,,,,
,3807564343.23,299.9982,,,,,,,,
,3807564363.25,299.997,,,,,,,,
,3807564383.26,299.9974,,,,,,,,
,3807564403.30,299.9982,,,,,,,,
,3807564423.33,299.998,,,,,,,,
,3807564443.35,299.997,,,,,,,,
,3807564463.37,299.997,,,,,,,,
,3807564483.38,299.9958,,,,,,,,
,3807564503.40,299.9974,,,,,,,,
,3807564523.45,299.9962,,,,,,,,
,3807564543.46,299.9974,,,,,,,,
,3807564563.49,299.9972,,,,,,,,
,3807564583.49,299.9966,,,,,,,,
,3807564603.57,300.0023,,,,,,,,
,3807564623.58,300.0031,,,,,,,,
,3807564643.58,300.0007,,,,,,,,
,3807564663.60,300.001,,,,,,,,
,3807564683.62,299.9996,,,,,,,,
,3807564703.65,300.0002,,,,,,,,
,3807564723.69,300,,,,,,,,
,3807564743.69,300.0023,,,,,,,,
,3807564763.74,299.9998,,,,,,,,
,3807564783.77,299.9962,,,,,,,,
,3807564803.83,299.9962,,,,,,,,
,3807564823.87,299.9986,,,,,,,,
,3807564843.90,299.9972,,,,,,,,
,3807564863.93,299.9962,,,,,,,,
,3807564883.95,299.9978,,,,,,,,
,3807564903.98,299.9984,,,,,,,,
,3807564924.00,300.004,,,,,,,,
,3807564944.03,299.9978,,,,,,,,
,3807564964.08,299.998,,,,,,,,
,3807564984.08,300.0012,,,,,,,,
,3807565004.12,299.9994,,,,,,,,
,3807565024.15,300.0004,,,,,,,,
,3807565044.20,299.9986,,,,,,,,
,3807565064.24,299.9982,,,,,,,,
,3807565084.26,299.9984,,,,,,,,
,3807565104.29,299.9982,,,,,,,,
,3807565124.31,299.999,,,,,,,,
,3807565144.34,299.9988,,,,,,,,
,3807565164.34,299.9978,,,,,,,,
,3807565184.38,299.9998,,,,,,,,
,3807565204.40,300.0008,,,,,,,,
,3807565224.40,300.0018,,,,,,,,
,3807565244.42,300.0023,,,,,,,,
,3807565264.47,300.002,,,,,,,,
,3807565284.47,299.996,,,,,,,,
,3807565304.49,299.9982,,,,,,,,
,3807565324.52,299.9974,,,,,,,,
,3807565344.53,300.0014,,,,,,,,
,3807565364.56,299.997,,,,,,,,
,3807565384.57,299.9988,,,,,,,,
,3807565404.57,300.0014,,,,,,,,
,3807565424.61,299.9986,,,,,,,,
,3807565444.63,299.9968,,,,,,,,
,3807565464.63,300.0006,,,,,,,,
,3807565484.69,299.9978,,,,,,,,
,3807565504.69,299.9975,,,,,,,,
,3807565524.71,300.0008,,,,,,,,
,3807565544.76,299.9962,,,,,,,,
,3807565564.76,299.9982,,,,,,,,
,3807565584.78,300.0006,,,,,,,,
,3807565604.81,299.9974,,,,,,,,
,3807565624.85,299.9966,,,,,,,,
,3807565644.88,299.9998,,,,,,,,
,3807565664.93,299.9978,,,,,,,,
,3807565684.94,299.9998,,,,,,,,
,3807565705.03,300.0018,,,,,,,,
,3807565725.03,299.9986,,,,,,,,
,3807565745.08,299.9984,,,,,,,,
,3807565765.11,300.0017,,,,,,,,
,3807565785.15,299.9978,,,,,,,,
,3807565805.19,299.9972,,,,,,,,
,3807565825.20,300.0006,,,,,,,,
,3807565845.24,300.0014,,,,,,,,
,3807565865.26,299.9982,,,,,,,,
,3807565885.29,299.9962,,,,,,,,
,3807565905.34,300.0014,,,,,,,,
,3807565925.36,299.9975,,,,,,,,
,3807565945.37,299.9978,,,,,,,,
,3807565965.39,300.0006,,,,,,,,
,3807565985.43,299.9986,,,,,,,,
,3807566005.48,299.9974,,,,,,,,
,3807566025.48,299.9986,,,,,,,,
,3807566045.53,299.9971,,,,,,,,
,3807566065.53,299.9978,,,,,,,,
,3807566085.54,300.0011,,,,,,,,
,3807566105.57,299.9974,,,,,,,,
,3807566125.59,300.001,,,,,,,,
,3807566145.61,299.9986,,,,,,,,
,3807566165.62,299.9972,,,,,,,,
,3807566185.64,300.0018,,,,,,,,
,3807566205.66,299.9988,,,,,,,,
,3807566225.70,299.9986,,,,,,,,
,3807566245.71,300.001,,,,,,,,
,3807566265.75,299.9982,,,,,,,,
,3807566285.78,299.9978,,,,,,,,
,3807566305.78,300.0008,,,,,,,,
,3807566325.79,299.9972,,,,,,,,
,3807566345.81,299.9996,,,,,,,,
,3807566365.83,299.9974,,,,,,,,
,3807566385.87,299.9988,,,,,,,,
,3807566405.89,299.9998,,,,,,,,
,3807566425.92,299.9982,,,,,,,,
,3807566445.94,299.998,,,,,,,,
,3807566465.98,300.0012,,,,,,,,
,3807566486.01,299.9972,,,,,,,,
,3807566506.02,299.9972,,,,,,,,
,3807566526.08,300.0012,,,,,,,,
,3807566546.08,299.999,,,,,,,,
,3807566566.09,299.9972,,,,,,,,
,3807566586.10,299.999,,,,,,,,
,3807566606.16,299.9995,,,,,,,,
,3807566626.17,300.0018,,,,,,,,
,3807566646.19,299.9982,,,,,,,,
,3807566666.23,299.9986,,,,,,,,
,3807566686.25,300.0006,,,,,,,,
,3807566706.27,299.9966,,,,,,,,
,3807566726.28,299.9976,,,,,,,,
,3807566746.34,299.9962,,,,,,,,
,3807566766.39,299.9973,,,,,,,,
,3807566786.41,299.9985,,,,,,,,
,3807566806.41,299.9992,,,,,,,,
,3807566826.46,299.9975,,,,,,,,
,3807566846.50,299.9973,,,,,,,,
,3807566866.50,300.0011,,,,,,,,
,3807566886.54,299.9995,,,,,,,,
,3807566906.55,299.9966,,,,,,,,
,3807566926.56,300.0007,,,,,,,,
,3807566946.59,300.0004,,,,,,,,
,3807566966.61,299.9988,,,,,,,,
,3807566986.64,299.9988,,,,,,,,
,3807567006.65,300.0002,,,,,,,,
,3807567026.68,300.0014,,,,,,,,
,3807567046.72,299.9991,,,,,,,,
,3807567066.73,299.9992,,,,,,,,
,3807567086.73,300.0002,,,,,,,,
,3807567106.75,300.0009,,,,,,,,
,3807567126.77,299.9985,,,,,,,,
,3807567146.80,299.998,,,,,,,,
,3807567166.84,299.9958,,,,,,,,
,3807567186.87,299.9982,,,,,,,,
,3807567206.89,299.9982,,,,,,,,
,3807567226.91,299.9975,,,,,,,,
,3807567246.97,299.9992,,,,,,,,
,3807567266.98,299.9972,,,,,,,,
,3807567287.01,300.0006,,,,,,,,
,3807567307.02,300.0008,,,,,,,,
,3807567327.03,300.0008,,,,,,,,
,3807567347.07,299.9981,,,,,,,,
,3807567367.09,300.0049,,,,,,,,
,3807567387.12,299.9987,,,,,,,,
,3807567407.14,300.0033,,,,,,,,
,3807567427.19,299.9975,,,,,,,,
,3807567447.22,299.9978,,,,,,,,
,3807567467.24,299.9978,,,,,,,,
,3807567487.27,300.0007,,,,,,,,
,3807567507.30,300.0009,,,,,,,,
,3807567527.37,299.9972,,,,,,,,
,3807567547.40,299.9982,,,,,,,,
,3807567567.45,299.9962,,,,,,,,
,3807567587.47,300.0003,,,,,,,,
,3807567607.49,300.0014,,,,,,,,
,3807567627.53,300.0003,,,,,,,,
,3807567647.53,300.0016,,,,,,,,
,3807567667.56,300.0029,,,,,,,,
,3807567687.58,300.0003,,,,,,,,
,3807567707.62,300.0016,,,,,,,,
,3807567727.65,300.0033,,,,,,,,
,3807567747.65,300.0027,,,,,,,,
,3807567767.70,300.0004,,,,,,,,
,3807567787.72,299.9998,,,,,,,,
,3807567807.72,300.0026,,,,,,,,
,3807567827.77,300,,,,,,,,
,3807567847.79,300.0039,,,,,,,,
,3807567867.81,299.9988,,,,,,,,
,3807567887.83,300.0035,,,,,,,,
,3807567907.83,299.9975,,,,,,,,
,3807567927.85,300.0025,,,,,,,,
,3807567947.89,299.9992,,,,,,,,
,3807567967.92,300.001,,,,,,,,
,3807567987.95,299.9997,,,,,,,,
,3807568008.00,300.0017,,,,,,,,
,3807568028.02,300.0029,,,,,,,,
,3807568048.04,300.003,,,,,,,,
,3807568068.07,300.0023,,,,,,,,
,3807568088.07,300.0022,,,,,,,,
,3807568108.12,300.0035,,,,,,,,
,3807568128.16,300.0027,,,,,,,,
,3807568148.19,300.0017,,,,,,,,
,3807568168.24,299.998,,,,,,,,
,3807568188.26,300.0029,,,,,,,,
,3807568208.31,299.9991,,,,,,,,
,3807568228.34,300.0035,,,,,,,,
,3807568248.39,299.9991,,,,,,,,
,3807568268.40,300.0034,,,,,,,,
,3807568288.41,299.9982,,,,,,,,
,3807568308.44,300.0041,,,,,,,,
,3807568328.46,299.9977,,,,,,,,
,3807568348.51,300.001,,,,,,,,
,3807568368.56,300.0034,,,,,,,,
,3807568388.60,300.0031,,,,,,,,
,3807568408.60,300.002,,,,,,,,
,3807568428.65,300.0039,,,,,,,,
,3807568448.70,300.0024,,,,,,,,
,3807568468.73,299.9998,,,,,,,,
,3807568488.75,300.0036,,,,,,,,
,3807568508.78,299.9988,,,,,,,,
,3807568528.81,300.0034,,,,,,,,
,3807568548.86,299.9992,,,,,,,,
,3807568568.89,300.0026,,,,,,,,
,3807568588.91,299.9992,,,,,,,,
,3807568608.93,300.0034,,,,,,,,
,3807568628.94,300.0028,,,,,,,,
,3807568648.95,300.0032,,,,,,,,
,3807568668.98,300.0024,,,,,,,,
,3807568688.99,300.0023,,,,,,,,
,3807568709.01,300.0023,,,,,,,,
,3807568729.08,300.0012,,,,,,,,
,3807568749.13,300.0018,,,,,,,,
,3807568769.13,299.9982,,,,,,,,
,3807568789.16,300.0035,,,,,,,,
,3807568809.21,299.9992,,,,,,,,
,3807568829.24,300.0026,,,,,,,,
,3807568849.29,299.9998,,,,,,,,
,3807568869.29,300.0026,,,,,,,,
,3807568889.32,300.0029,,,,,,,,
,3807568909.39,300.0023,,,,,,,,
,3807568929.41,300.0031,,,,,,,,
,3807568949.43,300.0023,,,,,,,,
,3807568969.44,300.002,,,,,,,,
,3807568989.44,300.0017,,,,,,,,
,3807569009.46,300.0023,,,,,,,,
,3807569029.48,300.0031,,,,,,,,
,3807569049.51,300.0028,,,,,,,,
,3807569069.53,300.0031,,,,,,,,
,3807569089.54,300.0023,,,,,,,,
,3807569109.57,300.0026,,,,,,,,
,3807569129.57,300.0022,,,,,,,,
,3807569149.58,300.0031,,,,,,,,
,3807569169.61,300.0026,,,,,,,,
,3807569189.61,300.0023,,,,,,,,
,3807569209.62,300.0008,,,,,,,,
,3807569229.62,300.0018,,,,,,,,
,3807569249.66,300.0014,,,,,,,,
,3807569269.68,299.9998,,,,,,,,
,3807569289.73,300.0023,,,,,,,,
,3807569309.75,299.9988,,,,,,,,
,3807569329.75,300.0039,,,,,,,,
,3807569349.77,299.9992,,,,,,,,
,3807569369.80,300.0028,,,,,,,,
,3807569389.82,299.998,,,,,,,,
,3807569409.87,300.0016,,,,,,,,
,3807569429.90,299.9998,,,,,,,,
,3807569449.92,300.0023,,,,,,,,
,3807569469.94,300.0032,,,,,,,,
,3807569489.97,300.0018,,,,,,,,
,3807569509.98,300.0018,,,,,,,,
,3807569530.02,300.0031,,,,,,,,
,3807569550.05,300.0028,,,,,,,,
,3807569570.11,300.0032,,,,,,,,
,3807569590.16,300.0031,,,,,,,,
,3807569610.20,299.9988,,,,,,,,
,3807569630.23,300.0026,,,,,,,,
,3807569650.28,299.9982,,,,,,,,
,3807569670.35,300.0026,,,,,,,,
,3807569690.39,299.9992,,,,,,,,
,3807569710.41,300.0034,,,,,,,,
,3807569730.44,300.0018,,,,,,,,
,3807569750.47,300.0039,,,,,,,,
,3807569770.47,300.0013,,,,,,,,
,3807569790.49,300.0006,,,,,,,,
,3807569810.50,300.0031,,,,,,,,
,3807569830.51,300.0027,,,,,,,,
,3807569850.52,300.0026,,,,,,,,
,3807569870.57,300.0034,,,,,,,,
,3807569890.60,300.0013,,,,,,,,
,3807569910.62,300.0016,,,,,,,,
,3807569930.69,300.004,,,,,,,,
,3807569950.69,300.0014,,,,,,,,
,3807569970.73,300.0014,,,,,,,,
,3807569990.74,299.9994,,,,,,,,
,3807570010.77,300.0044,,,,,,,,
,3807570030.79,299.9992,,,,,,,,
,3807570050.83,300.0008,,,,,,,,
,3807570070.84,299.9992,,,,,,,,
,3807570090.86,300.0032,,,,,,,,
,3807570110.87,300.0018,,,,,,,,
,3807570130.90,300.001,,,,,,,,
,3807570150.92,299.9991,,,,,,,,
,3807570170.93,300.003,,,,,,,,
,3807570190.93,299.9988,,,,,,,,
,3807570210.98,300.0024,,,,,,,,
,3807570231.04,300.002,,,,,,,,
,3807570251.05,300.001,,,,,,,,
,3807570271.06,300.0042,,,,,,,,
,3807570291.10,300.003,,,,,,,,
,3807570311.14,300.0017,,,,,,,,
,3807570331.18,300.0034,,,,,,,,
,3807570351.20,300.0023,,,,,,,,
,3807570371.21,300.003,,,,,,,,
,3807570391.30,300.0039,,,,,,,,
,3807570411.34,299.9994,,,,,,,,
,3807570431.38,300.0023,,,,,,,,
,3807570451.42,299.9988,,,,,,,,
,3807570471.47,300.0016,,,,,,,,
,3807570491.47,299.9982,,,,,,,,
,3807570511.50,300.0026,,,,,,,,
,3807570531.55,299.998,,,,,,,,
,3807570551.55,300.0016,,,,,,,,
,3807570571.63,300.0026,,,,,,,,
,3807570591.66,300.0024,,,,,,,,
,3807570611.69,300.0016,,,,,,,,
,3807570631.72,300.003,,,,,,,,
,3807570651.77,300.0008,,,,,,,,
,3807570671.77,300.0038,,,,,,,,
,3807570691.80,300.0018,,,,,,,,
,3807570711.83,300.0008,,,,,,,,
,3807570731.89,300.0012,,,,,,,,
,3807570751.91,299.9988,,,,,,,,
,3807570771.92,300.0034,,,,,,,,
,3807570792.00,299.9986,,,,,,,,
,3807570812.00,300.0023,,,,,,,,
,3807570832.01,300,,,,,,,,
,3807570852.04,300.0031,,,,,,,,
,3807570872.06,300.003,,,,,,,,
,3807570892.10,300.004,,,,,,,,
,3807570912.15,300.0014,,,,,,,,
,3807570932.15,300.0026,,,,,,,,
,3807570952.18,300.0027,,,,,,,,
,3807570972.19,300.0031,,,,,,,,
,3807570992.20,300.0016,,,,,,,,
,3807571012.25,299.9988,,,,,,,,
,3807571032.27,300.0018,,,,,,,,
,3807571052.34,299.9992,,,,,,,,
,3807571072.39,300.0008,,,,,,,,
,3807571092.41,299.9994,,,,,,,,
,3807571112.43,300.0016,,,,,,,,
,3807571132.47,299.9976,,,,,,,,
,3807571152.47,300.0022,,,,,,,,
,3807571172.50,299.9982,,,,,,,,
,3807571192.54,300,,,,,,,,
,3807571212.58,300.0024,,,,,,,,
,3807571232.62,300.0034,,,,,,,,
,3807571252.70,300.0034,,,,,,,,
,3807571272.73,300.0026,,,,,,,,
,3807571292.75,300.0018,,,,,,,,
,3807571312.81,299.9982,,,,,,,,
,3807571332.83,300.0018,,,,,,,,
,3807571352.83,299.9978,,,,,,,,
,3807571372.86,300.003,,,,,,,,
,3807571392.90,299.9988,,,,,,,,
,3807571412.94,300.0016,,,,,,,,
,3807571432.96,299.9982,,,,,,,,
,3807571453.00,300.003,,,,,,,,
,3807571473.03,300,,,,,,,,
,3807571493.07,300.0018,,,,,,,,
,3807571513.12,300.0034,,,,,,,,
,3807571533.17,300.0034,,,,,,,,
,3807571553.20,300.0036,,,,,,,,
,3807571573.20,299.9998,,,,,,,,
,3807571593.20,300.0024,,,,,,,,
,3807571613.24,300.003,,,,,,,,
,3807571633.26,300.0018,,,,,,,,
,3807571653.27,300.0026,,,,,,,,
,3807571673.28,300.0018,,,,,,,,
,3807571693.31,300.0024,,,,,,,,
,3807571713.31,300.0024,,,,,,,,
,3807571733.36,299.9994,,,,,,,,
,3807571753.38,300.0032,,,,,,,,
,3807571773.39,299.9992,,,,,,,,
,3807571793.42,300.0023,,,,,,,,
,3807571813.42,299.9996,,,,,,,,
,3807571833.42,300.0018,,,,,,,,
,3807571853.44,299.9994,,,,,,,,
,3807571873.45,300.0049,,,,,,,,
,3807571893.49,300,,,,,,,,
,3807571913.51,300.0027,,,,,,,,
,3807571933.52,299.9988,,,,,,,,
,3807571953.53,300.0014,,,,,,,,
,3807571973.60,300.003,,,,,,,,
,3807571993.65,300.002,,,,,,,,
,3807572013.66,300.0022,,,,,,,,
,3807572033.68,300.0032,,,,,,,,
,3807572053.75,300.0002,,,,,,,,
,3807572073.80,300.0012,,,,,,,,
,3807572093.80,300.0024,,,,,,,,
,3807572113.83,300.003,,,,,,,,
,3807572133.84,300.0028,,,,,,,,
,3807572153.87,299.998,,,,,,,,
,3807572173.89,300.0038,,,,,,,,
,3807572193.92,299.9996,,,,,,,,
,3807572213.95,300.0012,,,,,,,,
,3807572233.95,299.9992,,,,,,,,
,3807572253.98,300.0018,,,,,,,,
,3807572274.00,300.0002,,,,,,,,
,3807572294.04,300.002,,,,,,,,
,3807572314.09,300.0018,,,,,,,,
,3807572334.11,300.0018,,,,,,,,
,3807572354.13,300.004,,,,,,,,
,3807572374.17,300.001,,,,,,,,
,3807572394.25,300.0028,,,,,,,,
,3807572414.27,299.9976,,,,,,,,
,3807572434.29,300.0032,,,,,,,,
,3807572454.33,299.9996,,,,,,,,
,3807572474.36,300.0034,,,,,,,,
,3807572494.36,299.9982,,,,,,,,
,3807572514.42,300.0028,,,,,,,,
,3807572534.42,300.0002,,,,,,,,
,3807572554.47,300.0032,,,,,,,,
,3807572574.52,299.9992,,,,,,,,
,3807572594.53,300.0024,,,,,,,,
,3807572614.55,300.0024,,,,,,,,
,3807572634.57,300.003,,,,,,,,
,3807572654.61,300.0026,,,,,,,,
,3807572674.64,300.0036,,,,,,,,
,3807572694.70,300.0018,,,,,,,,
,3807572714.72,300.0024,,,,,,,,
,3807572734.72,300.003,,,,,,,,
,3807572754.76,299.9994,,,,,,,,
,3807572774.81,300.0034,,,,,,,,
,3807572794.84,299.9986,,,,,,,,
,3807572814.88,300.0024,,,,,,,,
,3807572834.88,299.9998,,,,,,,,
,3807572854.93,300.0018,,,,,,,,
,3807572874.96,299.9978,,,,,,,,
,3807572894.96,300.0012,,,,,,,,
,3807572915.01,300.0006,,,,,,,,
,3807572935.02,300.0018,,,,,,,,
,3807572955.05,300.0016,,,,,,,,
,3807572975.08,300.0014,,,,,,,,
,3807572995.08,300.0014,,,,,,,,
,3807573015.11,300.0014,,,,,,,,
,3807573035.14,300.002,,,,,,,,
,3807573055.17,300.0034,,,,,,,,
,3807573075.18,300.0032,,,,,,,,
,3807573095.22,300.0018,,,,,,,,
,3807573115.25,299.9972,,,,,,,,
,3807573135.27,299.9998,,,,,,,,
,3807573155.30,299.9992,,,,,,,,
,3807573175.34,300.005,,,,,,,,
,3807573195.36,300.0026,,,,,,,,
,3807573215.37,300.003,,,,,,,,
,3807573235.38,300.0032,,,,,,,,
,3807573255.38,300.0024,,,,,,,,
,3807573275.43,300.0012,,,,,,,,
,3807573295.46,300.0028,,,,,,,,
,3807573315.49,299.9994,,,,,,,,
,3807573335.49,299.9998,,,,,,,,
,3807573355.50,300.0024,,,,,,,,
,3807573375.53,300.0023,,,,,,,,
,3807573395.55,300.0008,,,,,,,,
,3807573415.55,300.0012,,,,,,,,
,3807573435.59,300.0002,,,,,,,,
,3807573455.59,300.0008,,,,,,,,
,3807573475.62,300.0018,,,,,,,,
,3807573495.62,300.001,,,,,,,,
,3807573515.65,300.0018,,,,,,,,
,3807573535.66,299.9998,,,,,,,,
,3807573555.66,300.0018,,,,,,,,
,3807573575.69,299.9998,,,,,,,,
,3807573595.73,300.0024,,,,,,,,
,3807573615.75,299.9984,,,,,,,,
,3807573635.76,300.0034,,,,,,,,
,3807573655.79,299.9988,,,,,,,,
,3807573675.82,300.001,,,,,,,,
,3807573695.89,299.9998,,,,,,,,
,3807573715.91,300.0008,,,,,,,,
,3807573735.97,300.0008,,,,,,,,
,3807573756.01,300.0018,,,,,,,,
,3807573776.03,300.0024,,,,,,,,
,3807573796.08,300.0002,,,,,,,,
,3807573816.10,300.0014,,,,,,,,
,3807573836.13,299.9982,,,,,,,,
,3807573856.15,299.9992,,,,,,,,
,3807573876.19,299.9986,,,,,,,,
,3807573896.19,300.0008,,,,,,,,
,3807573916.22,300.0042,,,,,,,,
,3807573936.25,299.9962,,,,,,,,
,3807573956.28,300.0014,,,,,,,,
,3807573976.37,299.9988,,,,,,,,
,3807573996.41,299.9983,,,,,,,,
,3807574016.43,300,,,,,,,,
,3807574036.54,299.9966,,,,,,,,
,3807574056.58,299.9998,,,,,,,,
,3807574076.60,300.0008,,,,,,,,
,3807574096.63,300.001,,,,,,,,
,3807574116.66,299.9996,,,,,,,,
,3807574136.70,299.9992,,,,,,,,
,3807574156.70,299.9982,,,,,,,,
,3807574176.72,299.9979,,,,,,,,
,3807574196.75,300.0006,,,,,,,,
,3807574216.79,300.0018,,,,,,,,
,3807574236.81,300.0014,,,,,,,,
,3807574256.81,300.0032,,,,,,,,
,3807574276.87,300.0014,,,,,,,,
,3807574296.91,299.9998,,,,,,,,
,3807574316.91,299.9998,,,,,,,,
,3807574336.93,299.9992,,,,,,,,
,3807574356.95,299.9988,,,,,,,,
,3807574376.97,300.0028,,,,,,,,
,3807574397.01,300.0024,,,,,,,,
,3807574417.05,300.0024,,,,,,,,
,3807574437.12,300.0018,,,,,,,,
,3807574457.15,300.0016,,,,,,,,
,3807574477.15,300.0024,,,,,,,,
,3807574497.15,300.0034,,,,,,,,
,3807574517.19,299.9986,,,,,,,,
,3807574537.24,299.9992,,,,,,,,
,3807574557.27,300.0006,,,,,,,,
,3807574577.32,299.9998,,,,,,,,
,3807574597.34,300.0024,,,,,,,,
,3807574617.34,300.0028,,,,,,,,
,3807574637.36,300.0014,,,,,,,,
,3807574657.40,300.004,,,,,,,,
,3807574677.41,300.0024,,,,,,,,
,3807574697.45,300.001,,,,,,,,
,3807574717.45,300.002,,,,,,,,
,3807574737.48,299.9976,,,,,,,,
,3807574757.53,300.0004,,,,,,,,
,3807574777.56,299.9974,,,,,,,,
,3807574797.56,299.9996,,,,,,,,
,3807574817.60,300.003,,,,,,,,
,3807574837.61,300.0024,,,,,,,,
,3807574857.65,300.0012,,,,,,,,
,3807574877.68,300.0018,,,,,,,,
,3807574897.74,299.9994,,,,,,,,
,3807574917.77,299.9998,,,,,,,,
,3807574937.79,299.9992,,,,,,,,
,3807574957.81,299.9998,,,,,,,,
,3807574977.83,300.0018,,,,,,,,
,3807574997.88,300.0022,,,,,,,,
,3807575017.90,300.004,,,,,,,,
,3807575037.93,300.0028,,,,,,,,
,3807575057.96,300.0026,,,,,,,,
,3807575078.02,300.003,,,,,,,,
,3807575098.06,300.0002,,,,,,,,
,3807575118.07,300.0004,,,,,,,,
,3807575138.12,300.0014,,,,,,,,
,3807575158.13,300,,,,,,,,
,3807575178.20,300.0016,,,,,,,,
,3807575198.22,300.001,,,,,,,,
,3807575218.25,300.003,,,,,,,,
,3807575238.30,300.0014,,,,,,,,
,3807575258.32,300.0022,,,,,,,,
,3807575278.37,299.9988,,,,,,,,
,3807575298.42,300.0002,,,,,,,,
,3807575318.47,300.0018,,,,,,,,
,3807575338.49,300.0016,,,,,,,,
,3807575358.50,300.0018,,,,,,,,
,3807575378.56,300.0008,,,,,,,,
,3807575398.59,300.001,,,,,,,,
,3807575418.61,300.0014,,,,,,,,
,3807575438.63,300.0018,,,,,,,,
,3807575458.68,300.0018,,,,,,,,
,3807575478.68,300.0016,,,,,,,,
,3807575498.73,300.0004,,,,,,,,
,3807575518.78,299.9986,,,,,,,,
,3807575538.81,300.0008,,,,,,,,
,3807575558.86,300.0008,,,,,,,,
,3807575578.86,300.0012,,,,,,,,
,3807575598.91,300.0012,,,,,,,,
,3807575618.93,300.0028,,,,,,,,
,3807575638.98,300.0002,,,,,,,,
,3807575659.01,299.9992,,,,,,,,
,3807575679.06,299.9996,,,,,,,,
,3807575699.12,300.0018,,,,,,,,
,3807575719.16,300.0012,,,,,,,,
,3807575739.20,300.0002,,,,,,,,
,3807575759.21,300.0046,,,,,,,,
,3807575779.26,300.0028,,,,,,,,
,3807575799.32,300.0036,,,,,,,,
,3807575819.37,299.9962,,,,,,,,
,3807575839.38,299.9978,,,,,,,,
,3807575859.42,299.9988,,,,,,,,
,3807575879.47,300.0026,,,,,,,,
,3807575899.53,300.0026,,,,,,,,
,3807575919.55,300.0018,,,,,,,,
,3807575939.59,300.0022,,,,,,,,
,3807575959.59,300.0014,,,,,,,,
,3807575979.64,299.9984,,,,,,,,
,3807575999.67,299.9992,,,,,,,,
,3807576019.69,299.9986,,,,,,,,
,3807576039.73,300.0018,,,,,,,,
,3807576059.77,300.0026,,,,,,,,
,3807576079.79,300.003,,,,,,,,
,3807576099.83,300.0018,,,,,,,,
,3807576119.86,300.0018,,,,,,,,
,3807576139.88,299.9976,,,,,,,,
,3807576159.93,299.9992,,,,,,,,
,3807576179.98,300.0014,,,,,,,,
,3807576199.98,300.0024,,,,,,,,
,3807576220.05,300.0014,,,,,,,,
,3807576240.10,300.002,,,,,,,,
,3807576260.13,300.0036,,,,,,,,
,3807576280.13,300.0014,,,,,,,,
,3807576300.18,300.0014,,,,,,,,
,3807576320.21,299.9979,,,,,,,,
,3807576340.25,299.9996,,,,,,,,
,3807576360.27,299.998,,,,,,,,
,3807576380.30,300.0024,,,,,,,,
,3807576400.34,300.0032,,,,,,,,
,3807576420.39,300.0014,,,,,,,,
,3807576440.40,300.0008,,,,,,,,
,3807576460.45,300.0014,,,,,,,,
,3807576480.47,300.0014,,,,,,,,
,3807576500.52,300.0034,,,,,,,,
,3807576520.56,300.0024,,,,,,,,
,3807576540.62,299.9994,,,,,,,,
,3807576560.63,299.9988,,,,,,,,
,3807576580.70,300.0018,,,,,,,,
,3807576600.71,300.0032,,,,,,,,
,3807576620.74,300.0014,,,,,,,,
,3807576640.81,300.0024,,,,,,,,
,3807576660.82,300.003,,,,,,,,
,3807576680.88,300.002,,,,,,,,
,3807576700.92,300.0004,,,,,,,,
,3807576720.97,299.9992,,,,,,,,
,3807576740.99,300.003,,,,,,,,
,3807576761.04,300.0024,,,,,,,,
,3807576781.04,300.0018,,,,,,,,
,3807576801.04,300.0014,,,,,,,,
,3807576821.08,300.0024,,,,,,,,
,3807576841.13,300.0032,,,,,,,,
,3807576861.17,300.0026,,,,,,,,
,3807576881.18,299.9994,,,,,,,,
,3807576901.22,299.9998,,,,,,,,
,3807576921.22,300.0008,,,,,,,,
,3807576941.27,300.0028,,,,,,,,
,3807576961.29,300.0016,,,,,,,,
,3807576981.31,300.001,,,,,,,,
,3807577001.34,300.0018,,,,,,,,
,3807577021.36,300.0028,,,,,,,,
,3807577041.39,300.0014,,,,,,,,
,3807577061.40,300.0018,,,,,,,,
,3807577081.43,299.9984,,,,,,,,
,3807577101.45,299.9988,,,,,,,,
,3807577121.46,299.9996,,,,,,,,
,3807577141.47,300.0018,,,,,,,,
,3807577161.47,300.0018,,,,,,,,
,3807577181.49,300.0028,,,,,,,,
,3807577201.52,300.0016,,,,,,,,
,3807577221.53,300.0008,,,,,,,,
,3807577241.58,300.0036,,,,,,,,
,3807577261.61,300.0016,,,,,,,,
,3807577281.63,300.0008,,,,,,,,
,3807577301.66,300.0004,,,,,,,,
,3807577321.70,300.0034,,,,,,,,
,3807577341.70,300.0018,,,,,,,,
,3807577361.75,300.0028,,,,,,,,
,3807577381.77,300.002,,,,,,,,
,3807577401.77,300.0018,,,,,,,,
,3807577421.79,300.0026,,,,,,,,
,3807577441.81,300.0018,,,,,,,,
,3807577461.83,299.9998,,,,,,,,
,3807577481.83,299.9982,,,,,,,,
,3807577501.84,299.9992,,,,,,,,
,3807577521.88,299.9998,,,,,,,,
,3807577541.91,300.003,,,,,,,,
,3807577561.93,300.0028,,,,,,,,
,3807577581.99,300.0018,,,,,,,,
,3807577602.03,299.9982,,,,,,,,
,3807577622.05,299.9988,,,,,,,,
,3807577642.08,299.9986,,,,,,,,
,3807577662.10,300.0008,,,,,,,,
,3807577682.14,300,,,,,,,,
,3807577702.19,299.9974,,,,,,,,
,3807577722.23,299.9984,,,,,,,,
,3807577742.24,299.9982,,,,,,,,
,3807577762.25,299.9978,,,,,,,,
,3807577782.27,299.9984,,,,,,,,
,3807577802.29,299.9978,,,,,,,,
,3807577822.29,299.9979,,,,,,,,
,3807577842.31,299.9982,,,,,,,,
,3807577862.33,299.9992,,,,,,,,
,3807577882.35,299.9962,,,,,,,,
,3807577902.40,299.9996,,,,,,,,
,3807577922.43,300.0008,,,,,,,,
,3807577942.47,300.0018,,,,,,,,
,3807577962.47,300.0016,,,,,,,,
,3807577982.47,299.9978,,,,,,,,
,3807578002.48,299.9996,,,,,,,,
,3807578022.53,299.9966,,,,,,,,
,3807578042.56,300.004,,,,,,,,
,3807578062.58,299.9972,,,,,,,,
,3807578082.58,299.9976,,,,,,,,
,3807578102.65,299.9977,,,,,,,,
,3807578122.68,299.9988,,,,,,,,
,3807578142.68,299.9998,,,,,,,,
,3807578162.75,300.0008,,,,,,,,
,3807578182.77,299.9966,,,,,,,,
,3807578202.80,299.9994,,,,,,,,
,3807578222.84,299.9975,,,,,,,,
,3807578242.87,299.9988,,,,,,,,
,3807578262.89,299.9983,,,,,,,,
,3807578282.92,299.9978,,,,,,,,
,3807578302.94,299.9982,,,,,,,,
,3807578322.96,299.9956,,,,,,,,
,3807578342.99,299.9996,,,,,,,,
,3807578363.05,299.9992,,,,,,,,
,3807578383.08,300.0054,,,,,,,,
,3807578403.15,300.0008,,,,,,,,
,3807578423.17,299.9984,,,,,,,,
,3807578443.22,299.9968,,,,,,,,
,3807578463.23,299.9976,,,,,,,,
,3807578483.24,299.9982,,,,,,,,
,3807578503.26,300.0063,,,,,,,,
,3807578523.28,299.998,,,,,,,,
,3807578543.33,300.001,,,,,,,,
,3807578563.35,300.0008,,,,,,,,
,3807578583.38,300.004,,,,,,,,
,3807578603.40,299.9978,,,,,,,,
,3807578623.45,299.9976,,,,,,,,
,3807578643.50,299.9976,,,,,,,,
,3807578663.50,299.9992,,,,,,,,
,3807578683.54,299.9978,,,,,,,,
,3807578703.57,300.0018,,,,,,,,
,3807578723.59,300.0004,,,,,,,,
,3807578743.61,299.9974,,,,,,,,
,3807578763.63,299.9992,,,,,,,,
,3807578783.65,299.9978,,,,,,,,
,3807578803.65,299.9974,,,,,,,,
,3807578823.68,299.999,,,,,,,,
,3807578843.70,299.9974,,,,,,,,
,3807578863.72,299.9966,,,,,,,,
,3807578883.72,300.0044,,,,,,,,
,3807578903.79,300.0006,,,,,,,,
,3807578923.82,299.9988,,,,,,,,
,3807578943.84,299.996,,,,,,,,
,3807578963.86,300.0006,,,,,,,,
,3807578983.88,299.9976,,,,,,,,
,3807579003.88,299.9974,,,,,,,,
,3807579023.93,299.997,,,,,,,,
,3807579043.95,299.9998,,,,,,,,
,3807579064.00,299.9962,,,,,,,,
,3807579084.00,299.9984,,,,,,,,
,3807579104.05,300.0008,,,,,,,,
,3807579124.10,299.9972,,,,,,,,
,3807579144.15,299.9982,,,,,,,,
,3807579164.15,300.0006,,,,,,,,
,3807579184.15,299.9968,,,,,,,,
,3807579204.17,299.9974,,,,,,,,
,3807579224.19,299.9992,,,,,,,,
,3807579244.24,299.9968,,,,,,,,
,3807579264.27,299.9972,,,,,,,,
,3807579284.35,299.9968,,,,,,,,
,3807579304.38,299.9992,,,,,,,,
,3807579324.41,299.9976,,,,,,,,
,3807579344.47,299.9976,,,,,,,,
,3807579364.48,300.0006,,,,,,,,
,3807579384.51,299.9972,,,,,,,,
,3807579404.54,299.9968,,,,,,,,
,3807579424.56,300.0018,,,,,,,,
,3807579444.58,299.9972,,,,,,,,
,3807579464.60,299.9966,,,,,,,,
,3807579484.62,300.0014,,,,,,,,
,3807579504.63,299.9968,,,,,,,,
,3807579524.67,299.997,,,,,,,,
,3807579544.69,300.001,,,,,,,,
,3807579564.69,299.9966,,,,,,,,
,3807579584.71,299.9978,,,,,,,,
,3807579604.73,300.001,,,,,,,,
,3807579624.75,300.0004,,,,,,,,
,3807579644.75,300.004,,,,,,,,
,3807579664.78,299.9978,,,,,,,,
,3807579684.80,300.0008,,,,,,,,
,3807579704.82,299.9974,,,,,,,,
,3807579724.85,300.0038,,,,,,,,
,3807579744.87,299.9996,,,,,,,,
,3807579764.89,299.9968,,,,,,,,
,3807579784.91,299.9992,,,,,,,,
,3807579804.92,299.9966,,,,,,,,
,3807579824.96,299.9996,,,,,,,,
,3807579844.99,299.996,,,,,,,,
,3807579865.00,299.9982,,,,,,,,
,3807579885.03,300.0018,,,,,,,,
,3807579905.08,299.9982,,,,,,,,
,3807579925.13,299.9976,,,,,,,,
,3807579945.13,300.0027,,,,,,,,
,3807579965.13,299.9986,,,,,,,,
,3807579985.14,299.9978,,,,,,,,
,3807580005.17,300.0014,,,,,,,,
,3807580025.17,299.996,,,,,,,,
,3807580045.19,299.9972,,,,,,,,
,3807580065.21,300.0008,,,,,,,,
,3807580085.25,299.9966,,,,,,,,
,3807580105.25,299.9966,,,,,,,,
,3807580125.26,299.9998,,,,,,,,
,3807580145.28,300.0034,,,,,,,,
,3807580165.33,300.0026,,,,,,,,
,3807580185.35,300.0024,,,,,,,,
,3807580205.38,299.998,,,,,,,,
,3807580225.39,299.9976,,,,,,,,
,3807580245.41,300.0014,,,,,,,,
,3807580265.44,299.9976,,,,,,,,
,3807580285.46,299.998,,,,,,,,
,3807580305.48,300.0018,,,,,,,,
,3807580325.49,299.9978,,,,,,,,
,3807580345.51,299.9972,,,,,,,,
,3807580365.53,299.9992,,,,,,,,
,3807580385.54,300.0006,,,,,,,,
,3807580405.55,300.0018,,,,,,,,
,3807580425.59,300.0016,,,,,,,,
,3807580445.61,300.0018,,,,,,,,
,3807580465.62,300.0016,,,,,,,,
,3807580485.66,300.0008,,,,,,,,
,3807580505.69,299.997,,,,,,,,
,3807580525.71,300.0034,,,,,,,,
,3807580545.73,299.9984,,,,,,,,
,3807580565.76,299.996,,,,,,,,
,3807580585.77,299.9962,,,,,,,,
,3807580605.79,300.0042,,,,,,,,
,3807580625.84,299.9974,,,,,,,,
,3807580645.84,300.0008,,,,,,,,
,3807580665.87,300.0018,,,,,,,,
,3807580685.89,300.0014,,,,,,,,
,3807580705.92,299.9962,,,,,,,,
,3807580725.96,299.9962,,,,,,,,
,3807580745.99,299.9972,,,,,,,,
,3807580766.04,299.9968,,,,,,,,
,3807580786.07,299.9966,,,,,,,,
,3807580806.09,299.9982,,,,,,,,
,3807580826.13,299.9972,,,,,,,,
,3807580846.16,299.997,,,,,,,,
,3807580866.18,299.9986,,,,,,,,
,3807580886.26,300.0008,,,,,,,,
,3807580906.26,299.9988,,,,,,,,
,3807580926.30,300.0006,,,,,,,,
,3807580946.33,299.9966,,,,,,,,
,3807580966.37,299.9978,,,,,,,,
,3807580986.40,299.9962,,,,,,,,
,3807581006.43,299.9952,,,,,,,,
,3807581026.48,299.9976,,,,,,,,
,3807581046.49,299.9978,,,,,,,,
,3807581066.52,299.9962,,,,,,,,
,3807581086.53,299.9994,,,,,,,,
,3807581106.53,300.001,,,,,,,,
,3807581126.55,300.001,,,,,,,,
,3807581146.58,299.9956,,,,,,,,
,3807581166.60,299.9978,,,,,,,,
,3807581186.63,299.9992,,,,,,,,
,3807581206.69,299.9956,,,,,,,,
,3807581226.69,299.9952,,,,,,,,
,3807581246.71,299.9982,,,,,,,,
,3807581266.75,299.9968,,,,,,,,
,3807581286.77,300.002,,,,,,,,
,3807581306.79,300.0014,,,,,,,,
,3807581326.85,300.0014,,,,,,,,
,3807581346.90,299.9974,,,,,,,,
,3807581366.92,299.996,,,,,,,,
,3807581386.97,299.998,,,,,,,,
,3807581406.99,299.9966,,,,,,,,
,3807581427.01,299.9972,,,,,,,,
,3807581447.03,299.9952,,,,,,,,
,3807581467.09,299.9968,,,,,,,,
,3807581487.09,299.996,,,,,,,,
,3807581507.16,299.9998,,,,,,,,
,3807581527.19,300.0006,,,,,,,,
,3807581547.23,299.9974,,,,,,,,
,3807581567.28,299.9988,,,,,,,,
,3807581587.34,300.0008,,,,,,,,
,3807581607.36,300.0008,,,,,,,,
,3807581627.36,300.0024,,,,,,,,
,3807581647.40,300.0012,,,,,,,,
,3807581667.41,300.0028,,,,,,,,
,3807581687.46,300.001,,,,,,,,
,3807581707.50,300.0024,,,,,,,,
,3807581727.51,299.9994,,,,,,,,
,3807581747.55,299.9978,,,,,,,,
,3807581767.57,299.9988,,,,,,,,
,3807581787.59,299.998,,,,,,,,
,3807581807.61,300.0014,,,,,,,,
,3807581827.66,300.003,,,,,,,,
,3807581847.69,300.0012,,,,,,,,
,3807581867.69,300.0012,,,,,,,,
,3807581887.76,300.0016,,,,,,,,
,3807581907.76,300.0008,,,,,,,,
,3807581927.81,300.0018,,,,,,,,
,3807581947.83,300.0002,,,,,,,,
,3807581967.85,299.9978,,,,,,,,
,3807581987.87,299.9998,,,,,,,,
,3807582007.88,300,,,,,,,,
,3807582027.90,299.9998,,,,,,,,
,3807582047.92,300.0014,,,,,,,,
,3807582067.95,300.0006,,,,,,,,
,3807582087.97,300.0024,,,,,,,,
,3807582107.99,300.002,,,,,,,,
,3807582128.01,300.0026,,,,,,,,
,3807582148.05,300.0018,,,,,,,,
,3807582168.07,300.0016,,,,,,,,
,3807582188.10,300.0008,,,,,,,,
,3807582208.11,299.9998,,,,,,,,
,3807582228.14,299.9996,,,,,,,,
,3807582248.14,299.9982,,,,,,,,
,3807582268.21,300.0008,,,,,,,,
,3807582288.30,300.0018,,,,,,,,
,3807582308.33,300.0004,,,,,,,,
,3807582328.35,300.0014,,,,,,,,
,3807582348.38,300.0008,,,,,,,,
,3807582368.38,300.0018,,,,,,,,
,3807582388.41,300.0024,,,,,,,,
,3807582408.43,299.9978,,,,,,,,
,3807582428.45,299.9968,,,,,,,,
,3807582448.46,299.9998,,,,,,,,
,3807582468.48,299.9984,,,,,,,,
,3807582488.49,300.0016,,,,,,,,
,3807582508.51,300.0024,,,,,,,,
,3807582528.52,300.0018,,,,,,,,
,3807582548.53,300.0016,,,,,,,,
,3807582568.54,300.0018,,,,,,,,
,3807582588.55,300.0036,,,,,,,,
,3807582608.57,299.9992,,,,,,,,
,3807582628.62,300.001,,,,,,,,
,3807582648.64,300.0014,,,,,,,,
,3807582668.65,300.001,,,,,,,,
,3807582688.69,299.9994,,,,,,,,
,3807582708.71,299.9996,,,,,,,,
,3807582728.76,300.0018,,,,,,,,
,3807582748.81,300.0034,,,,,,,,
,3807582768.85,300.0008,,,,,,,,
,3807582788.87,299.9986,,,,,,,,
,3807582808.89,300.0008,,,,,,,,
,3807582828.93,300.001,,,,,,,,
,3807582848.97,300.0028,,,,,,,,
,3807582868.98,300.0032,,,,,,,,
,3807582889.01,299.9982,,,,,,,,
,3807582909.05,299.9996,,,,,,,,
,3807582929.07,299.9996,,,,,,,,
,3807582949.09,300.0018,,,,,,,,
,3807582969.10,300.0016,,,,,,,,
,3807582989.12,300.0024,,,,,,,,
,3807583009.12,300.0018,,,,,,,,
,3807583029.14,300.0018,,,,,,,,
,3807583049.16,300.0024,,,,,,,,
,3807583069.22,300.002,,,,,,,,
,3807583089.24,300.0004,,,,,,,,
,3807583109.26,299.9994,,,,,,,,
,3807583129.28,299.9996,,,,,,,,
,3807583149.31,299.9984,,,,,,,,
,3807583169.33,300.0008,,,,,,,,
,3807583189.37,300.0028,,,,,,,,
,3807583209.38,300.0014,,,,,,,,
,3807583229.39,300.002,,,,,,,,
,3807583249.44,300.001,,,,,,,,
,3807583269.45,300.0002,,,,,,,,
,3807583289.49,300.002,,,,,,,,
,3807583309.52,300.0012,,,,,,,,
,3807583329.57,300.0014,,,,,,,,
,3807583349.59,300.0004,,,,,,,,
,3807583369.66,299.9994,,,,,,,,
,3807583389.66,299.9992,,,,,,,,
,3807583409.69,300.001,,,,,,,,
,3807583429.74,300.0018,,,,,,,,
,3807583449.77,300.0024,,,,,,,,
,3807583469.79,300.0014,,,,,,,,
,3807583489.83,300.0018,,,,,,,,
,3807583509.86,300.0024,,,,,,,,
,3807583529.93,300.0014,,,,,,,,
,3807583549.95,300.0039,,,,,,,,
,3807583569.96,300.0008,,,,,,,,
,3807583590.00,299.9996,,,,,,,,
,3807583610.03,300.0002,,,,,,,,
,3807583630.11,300.0006,,,,,,,,
,3807583650.15,300.0018,,,,,,,,
,3807583670.22,300.0022,,,,,,,,
,3807583690.29,300.0008,,,,,,,,
,3807583710.32,300.001,,,,,,,,
,3807583730.33,300.0022,,,,,,,,
,3807583750.37,300.0014,,,,,,,,
,3807583770.41,300.0014,,,,,,,,
,3807583790.41,300.0028,,,,,,,,
,3807583810.45,299.9998,,,,,,,,
,3807583830.50,299.9996,,,,,,,,
,3807583850.51,300.0034,,,,,,,,
,3807583870.53,300.0018,,,,,,,,
,3807583890.53,300.003,,,,,,,,
,3807583910.56,300.0002,,,,,,,,
,3807583930.56,300.001,,,,,,,,
,3807583950.63,300.0014,,,,,,,,
,3807583970.66,300.0032,,,,,,,,
,3807583990.66,300.0016,,,,,,,,
,3807584010.68,300.0018,,,,,,,,
,3807584030.70,299.9983,,,,,,,,
,3807584050.71,300.0008,,,,,,,,
,3807584070.72,300.002,,,,,,,,
,3807584090.74,300.0014,,,,,,,,
,3807584110.77,300.0008,,,,,,,,
,3807584130.81,300.0014,,,,,,,,
,3807584150.86,300.0018,,,,,,,,
,3807584170.91,299.9998,,,,,,,,
,3807584190.95,300.0018,,,,,,,,
,3807584211.01,300.0002,,,,,,,,
,3807584231.02,299.999,,,,,,,,
,3807584251.06,299.9992,,,,,,,,
,3807584271.12,300.001,,,,,,,,
,3807584291.15,300.0024,,,,,,,,
,3807584311.17,300.0018,,,,,,,,
,3807584331.21,300.0016,,,,,,,,
,3807584351.24,300.0018,,,,,,,,
,3807584371.26,299.9996,,,,,,,,
,3807584391.30,300.0026,,,,,,,,
,3807584411.33,300.0012,,,,,,,,
,3807584431.38,300.0024,,,,,,,,
,3807584451.38,300.0008,,,,,,,,
,3807584471.42,299.9984,,,,,,,,
,3807584491.42,300.0024,,,,,,,,
,3807584511.42,299.9998,,,,,,,,
,3807584531.42,300.0024,,,,,,,,
,3807584551.44,300.0008,,,,,,,,
,3807584571.49,300.004,,,,,,,,
,3807584591.49,299.9994,,,,,,,,
,3807584611.50,300.0002,,,,,,,,
,3807584631.53,299.9982,,,,,,,,
,3807584651.55,300.0036,,,,,,,,
,3807584671.58,299.9983,,,,,,,,
,3807584691.64,300.0008,,,,,,,,
,3807584711.66,299.9996,,,,,,,,
,3807584731.67,300.0014,,,,,,,,
,3807584751.71,300.0008,,,,,,,,
,3807584771.73,300.001,,,,,,,,
,3807584791.75,299.9984,,,,,,,,
,3807584811.80,300.0018,,,,,,,,
,3807584831.81,300.0026,,,,,,,,
,3807584851.84,300.0006,,,,,,,,
,3807584871.91,300.0024,,,,,,,,
,3807584891.91,300.0022,,,,,,,,
,3807584911.93,300.0022,,,,,,,,
,3807584931.95,300.003,,,,,,,,
,3807584951.96,300.0008,,,,,,,,
,3807584971.98,300.002,,,,,,,,
,3807584992.02,300.0034,,,,,,,,
,3807585012.04,300.0018,,,,,,,,
,3807585032.04,300.0008,,,,,,,,
,3807585052.06,300.0006,,,,,,,,
,3807585072.11,300.0036,,,,,,,,
,3807585092.12,299.9988,,,,,,,,
,3807585112.13,300.0014,,,,,,,,
,3807585132.18,299.9992,,,,,,,,
,3807585152.19,300.0002,,,,,,,,
,3807585172.22,299.9992,,,,,,,,
,3807585192.24,300.0038,,,,,,,,
,3807585212.26,299.9982,,,,,,,,
,3807585232.27,300.0012,,,,,,,,
,3807585252.33,299.9992,,,,,,,,
,3807585272.33,300.001,,,,,,,,
,3807585292.35,299.9992,,,,,,,,
,3807585312.39,300.0024,,,,,,,,
,3807585332.41,300.0012,,,,,,,,
,3807585352.44,300.0016,,,,,,,,
,3807585372.55,300.0024,,,,,,,,
,3807585392.57,300.0018,,,,,,,,
,3807585412.59,300.0008,,,,,,,,
,3807585432.63,299.9998,,,,,,,,
,3807585452.67,300.0008,,,,,,,,
,3807585472.72,299.9996,,,,,,,,
,3807585492.76,300.0018,,,,,,,,
,3807585512.82,299.999,,,,,,,,
,3807585532.83,300.0018,,,,,,,,
,3807585552.86,300.0024,,,,,,,,
,3807585572.89,300.0026,,,,,,,,
,3807585592.90,300.0024,,,,,,,,
,3807585612.92,300.003,,,,,,,,
,3807585632.94,300.0008,,,,,,,,
,3807585652.95,300.0014,,,,,,,,
,3807585672.96,300.0028,,,,,,,,
,3807585692.97,300.0024,,,,,,,,
,3807585712.99,300.0024,,,,,,,,
,3807585733.01,300.001,,,,,,,,
,3807585753.04,300.0026,,,,,,,,
,3807585773.05,300.0008,,,,,,,,
,3807585793.08,300.0036,,,,,,,,
,3807585813.13,300.0004,,,,,,,,
,3807585833.15,300.0018,,,,,,,,
,3807585853.16,300.0008,,,,,,,,
,3807585873.20,300.0016,,,,,,,,
,3807585893.24,299.9992,,,,,,,,
,3807585913.24,300.0014,,,,,,,,
,3807585933.25,299.9998,,,,,,,,
,3807585953.27,300.0016,,,,,,,,
,3807585973.29,299.998,,,,,,,,
,3807585993.32,300.0008,,,,,,,,
,3807586013.37,300.0024,,,,,,,,
,3807586033.41,300.0014,,,,,,,,
,3807586053.46,300.003,,,,,,,,
,3807586073.46,300.0024,,,,,,,,
,3807586093.50,300,,,,,,,,
,3807586113.56,299.9998,,,,,,,,
,3807586133.59,300.0022,,,,,,,,
,3807586153.61,300.0032,,,,,,,,
,3807586173.63,300.0008,,,,,,,,
,3807586193.67,300.0004,,,,,,,,
,3807586213.68,300.0012,,,,,,,,
,3807586233.70,300.0018,,,,,,,,
,3807586253.72,299.9998,,,,,,,,
,3807586273.76,300.0024,,,,,,,,
,3807586293.79,299.9998,,,,,,,,
,3807586313.82,300.0008,,,,,,,,
,3807586333.86,300.0018,,,,,,,,
,3807586353.89,300.0024,,,,,,,,
,3807586373.93,300.0012,,,,,,,,
,3807586393.96,300.0026,,,,,,,,
,3807586414.01,299.9992,,,,,,,,
,3807586434.04,300.002,,,,,,,,
,3807586454.09,299.9988,,,,,,,,
,3807586474.14,300.0018,,,,,,,,
,3807586494.14,300.0016,,,,,,,,
,3807586514.18,300.003,,,,,,,,
,3807586534.20,300.0014,,,,,,,,
,3807586554.22,300.001,,,,,,,,
,3807586574.25,300,,,,,,,,
,3807586594.27,299.9998,,,,,,,,
,3807586614.30,299.9992,,,,,,,,
,3807586634.33,300.0004,,,,,,,,
,3807586654.37,300.001,,,,,,,,
,3807586674.39,300.0028,,,,,,,,
,3807586694.40,300.0006,,,,,,,,
,3807586714.41,300.0028,,,,,,,,
,3807586734.43,299.9998,,,,,,,,
,3807586754.46,299.9998,,,,,,,,
,3807586774.48,300.0004,,,,,,,,
,3807586794.50,300.0016,,,,,,,,
,3807586814.53,300.0006,,,,,,,,
,3807586834.58,300.0008,,,,,,,,
,3807586854.63,300.0008,,,,,,,,
,3807586874.65,300.0018,,,,,,,,
,3807586894.65,300.0008,,,,,,,,
,3807586914.67,299.9998,,,,,,,,
,3807586934.72,299.9996,,,,,,,,
,3807586954.76,300.0026,,,,,,,,
,3807586974.80,300.0014,,,,,,,,
,3807586994.82,300.0026,,,,,,,,
,3807587014.84,300.0014,,,,,,,,
,3807587034.86,300.0024,,,,,,,,
,3807587054.89,300.0012,,,,,,,,
,3807587074.93,299.9995,,,,,,,,
,3807587094.95,300.0006,,,,,,,,
,3807587114.96,299.9994,,,,,,,,
,3807587134.98,299.9996,,,,,,,,
,3807587155.00,300.0018,,,,,,,,
,3807587175.03,300.0024,,,,,,,,
,3807587195.04,300.0008,,,,,,,,
,3807587215.05,300.0008,,,,,,,,
,3807587235.09,300.0018,,,,,,,,
,3807587255.12,300.0018,,,,,,,,
,3807587275.14,300.0008,,,,,,,,
,3807587295.14,299.9998,,,,,,,,
,3807587315.17,299.9988,,,,,,,,
,3807587335.18,299.9992,,,,,,,,
,3807587355.19,300.003,,,,,,,,
,3807587375.27,299.9996,,,,,,,,
,3807587395.27,300.0042,,,,,,,,
,3807587415.30,300.0008,,,,,,,,
,3807587435.31,300.003,,,,,,,,
,3807587455.34,300.0022,,,,,,,,
,3807587475.35,300.0018,,,,,,,,
,3807587495.39,299.9992,,,,,,,,
,3807587515.42,300.0006,,,,,,,,
,3807587535.44,300.003,,,,,,,,
,3807587555.46,300.0022,,,,,,,,
,3807587575.48,300.0004,,,,,,,,
,3807587595.50,300.0018,,,,,,,,
,3807587615.50,300.0014,,,,,,,,
,3807587635.52,300.0016,,,,,,,,
,3807587655.55,300.0018,,,,,,,,
,3807587675.59,299.9988,,,,,,,,
,3807587695.64,299.9995,,,,,,,,
,3807587715.67,300.0016,,,,,,,,
,3807587735.67,300.0008,,,,,,,,
,3807587755.69,300.0034,,,,,,,,
,3807587775.71,300.0026,,,,,,,,
,3807587795.80,300.0024,,,,,,,,
,3807587815.82,299.9996,,,,,,,,
,3807587835.83,299.9973,,,,,,,,
,3807587855.84,299.9988,,,,,,,,
,3807587875.88,300.004,,,,,,,,
,3807587895.88,300.0012,,,,,,,,
,3807587915.92,300.0032,,,,,,,,
,3807587935.94,300.0024,,,,,,,,
,3807587955.98,300.0006,,,,,,,,
,3807587976.00,300.0014,,,,,,,,
,3807587996.04,300.0014,,,,,,,,
,3807588016.05,299.9992,,,,,,,,
,3807588036.06,300.0008,,,,,,,,
,3807588056.08,299.999,,,,,,,,
,3807588076.08,300.0018,,,,,,,,
,3807588096.10,300.0018,,,,,,,,
,3807588116.15,300.0014,,,,,,,,
,3807588136.17,300.002,,,,,,,,
,3807588156.20,300.001,,,,,,,,
,3807588176.22,300.0016,,,,,,,,
,3807588196.23,300.0008,,,,,,,,
,3807588216.27,299.9975,,,,,,,,
,3807588236.29,299.9995,,,,,,,,
,3807588256.32,300.0006,,,,,,,,
,3807588276.35,299.9998,,,,,,,,
,3807588296.37,300.0008,,,,,,,,
,3807588316.41,299.9996,,,,,,,,
,3807588336.43,300.0014,,,,,,,,
,3807588356.49,299.9998,,,,,,,,
,3807588376.52,299.9996,,,,,,,,
,3807588396.55,299.9984,,,,,,,,
,3807588416.56,300.0016,,,,,,,,
,3807588436.58,300.0016,,,,,,,,
,3807588456.61,300.0018,,,,,,,,
,3807588476.65,300.003,,,,,,,,
,3807588496.68,300.0014,,,,,,,,
,3807588516.68,300.0008,,,,,,,,
,3807588536.69,299.9998,,,,,,,,
,3807588556.72,299.9998,,,,,,,,
,3807588576.73,300.001,,,,,,,,
,3807588596.74,300.001,,,,,,,,
,3807588616.76,299.9988,,,,,,,,
,3807588636.76,299.9992,,,,,,,,
,3807588656.80,299.9998,,,,,,,,
,3807588676.80,300.0008,,,,,,,,
,3807588696.83,300.0004,,,,,,,,
,3807588716.84,299.9998,,,,,,,,
,3807588736.87,300.0014,,,,,,,,
,3807588756.88,300.0024,,,,,,,,
,3807588776.89,300.0008,,,,,,,,
,3807588796.90,299.9992,,,,,,,,
,3807588816.90,300.001,,,,,,,,
,3807588836.95,300.0004,,,,,,,,
,3807588856.97,300.0014,,,,,,,,
,3807588876.98,300.0008,,,,,,,,
,3807588896.99,299.9998,,,,,,,,
,3807588916.99,299.9983,,,,,,,,
,3807588937.02,299.9988,,,,,,,,
,3807588957.06,299.9992,,,,,,,,
,3807588977.09,300,,,,,,,,
,3807588997.11,300.0016,,,,,,,,
,3807589017.12,300.0006,,,,,,,,
,3807589037.18,300.0018,,,,,,,,
,3807589057.23,300.0006,,,,,,,,
,3807589077.26,300.0004,,,,,,,,
,3807589097.27,300.0012,,,,,,,,
,3807589117.32,300.0016,,,,,,,,
,3807589137.35,299.9992,,,,,,,,
,3807589157.38,299.9994,,,,,,,,
,3807589177.41,299.9992,,,,,,,,
,3807589197.43,299.9998,,,,,,,,
,3807589217.49,300.002,,,,,,,,
,3807589237.50,300.0014,,,,,,,,
,3807589257.52,300.0006,,,,,,,,
,3807589277.55,300.0018,,,,,,,,
,3807589297.60,300.0028,,,,,,,,
,3807589317.64,300.0022,,,,,,,,
,3807589337.65,300.0002,,,,,,,,
,3807589357.67,300.0014,,,,,,,,
,3807589377.71,299.9992,,,,,,,,
,3807589397.74,300.0006,,,,,,,,
,3807589417.76,299.999,,,,,,,,
,3807589437.78,300.0018,,,,,,,,
,3807589457.81,300.0016,,,,,,,,
,3807589477.82,300.0024,,,,,,,,
,3807589497.83,300.0024,,,,,,,,
,3807589517.87,300.0022,,,,,,,,
,3807589537.89,300.003,,,,,,,,
,3807589557.94,300.0014,,,,,,,,
,3807589577.97,300.0016,,,,,,,,
,3807589598.00,299.9998,,,,,,,,
,3807589618.04,299.9983,,,,,,,,
,3807589638.04,299.9983,,,,,,,,
,3807589658.09,299.9995,,,,,,,,
,3807589678.14,300.0008,,,,,,,,
,3807589698.16,300.0018,,,,,,,,
,3807589718.18,300.0008,,,,,,,,
,3807589738.22,300.0036,,,,,,,,
,3807589758.26,300.0026,,,,,,,,
,3807589778.28,300.0012,,,,,,,,
,3807589798.30,300.0008,,,,,,,,
,3807589818.33,300.0018,,,,,,,,
,3807589838.34,300.0028,,,,,,,,
,3807589858.35,300.0016,,,,,,,,
,3807589878.37,300.0004,,,,,,,,
,3807589898.40,300.0002,,,,,,,,
,3807589918.44,300.0016,,,,,,,,
,3807589938.49,300.0024,,,,,,,,
,3807589958.52,300.0012,,,,,,,,
,3807589978.53,300.0004,,,,,,,,
,3807589998.53,300.0008,,,,,,,,
,3807590018.55,300.0018,,,,,,,,
,3807590038.55,300.0018,,,,,,,,
,3807590058.57,300.0018,,,,,,,,
,3807590078.57,300.0014,,,,,,,,
,3807590098.59,300.0018,,,,,,,,
,3807590118.65,299.9982,,,,,,,,
,3807590138.67,300.0008,,,,,,,,
,3807590158.70,300.0012,,,,,,,,
,3807590178.73,299.9988,,,,,,,,
,3807590198.76,300.0014,,,,,,,,
,3807590218.82,300.0018,,,,,,,,
,3807590238.84,300.0026,,,,,,,,
,3807590258.89,300.0014,,,,,,,,
,3807590278.97,300,,,,,,,,
,3807590299.01,299.999,,,,,,,,
,3807590319.03,300.0006,,,,,,,,
,3807590339.03,299.9977,,,,,,,,
,3807590359.04,299.9986,,,,,,,,
,3807590379.05,300.0004,,,,,,,,
,3807590399.08,300.0018,,,,,,,,
,3807590419.08,300.0016,,,,,,,,
,3807590439.09,300.0014,,,,,,,,
,3807590459.11,300.0014,,,,,,,,
,3807590479.12,300.0022,,,,,,,,
,3807590499.14,300.0006,,,,,,,,
,3807590519.18,300.0018,,,,,,,,
,3807590539.23,300.0024,,,,,,,,
,3807590559.23,300.0018,,,,,,,,
,3807590579.25,299.9982,,,,,,,,
,3807590599.28,299.9966,,,,,,,,
,3807590619.28,299.9983,,,,,,,,
,3807590639.32,299.999,,,,,,,,
,3807590659.32,299.9998,,,,,,,,
,3807590679.36,300.0008,,,,,,,,
,3807590699.39,300.0004,,,,,,,,
,3807590719.39,300.0018,,,,,,,,
,3807590739.41,300.0004,,,,,,,,
,3807590759.41,300.0018,,,,,,,,
,3807590779.43,300.0014,,,,,,,,
,3807590799.45,300.0008,,,,,,,,
,3807590819.47,300.0024,,,,,,,,
,3807590839.48,300.001,,,,,,,,
,3807590859.50,300.0012,,,,,,,,
,3807590879.55,300.004,,,,,,,,
,3807590899.58,300.0024,,,,,,,,
,3807590919.62,299.999,,,,,,,,
,3807590939.67,299.9991,,,,,,,,
,3807590959.72,299.9988,,,,,,,,
,3807590979.72,300.0018,,,,,,,,
,3807590999.72,300.0026,,,,,,,,
,3807591019.74,299.9998,,,,,,,,
,3807591039.77,300.0023,,,,,,,,
,3807591059.79,299.9998,,,,,,,,
,3807591079.82,300.0027,,,,,,,,
,3807591099.82,300.0024,,,,,,,,
,3807591119.87,300.0016,,,,,,,,
,3807591139.90,300.0026,,,,,,,,
,3807591159.91,300.0024,,,,,,,,
,3807591179.94,299.9998,,,,,,,,
,3807591200.01,299.9998,,,,,,,,
,3807591220.05,299.9996,,,,,,,,
,3807591240.10,300.0004,,,,,,,,
,3807591260.12,300.0024,,,,,,,,
,3807591280.19,299.9998,,,,,,,,
,3807591300.21,300.0018,,,,,,,,
,3807591320.23,300.0004,,,,,,,,
,3807591340.24,300.0016,,,,,,,,
,3807591360.29,300.0014,,,,,,,,
,3807591380.34,300.0032,,,,,,,,
,3807591400.36,300.0008,,,,,,,,
,3807591420.38,299.9992,,,,,,,,
,3807591440.41,299.9988,,,,,,,,
,3807591460.43,300.0006,,,,,,,,
,3807591480.46,300.0012,,,,,,,,
,3807591500.47,300.0024,,,,,,,,
,3807591520.47,300.0018,,,,,,,,
,3807591540.49,300.0014,,,,,,,,
,3807591560.56,300.0032,,,,,,,,
,3807591580.57,300.001,,,,,,,,
,3807591600.59,300.0024,,,,,,,,
,3807591620.59,300.0018,,,,,,,,
,3807591640.63,299.999,,,,,,,,
,3807591660.66,299.9988,,,,,,,,
,3807591680.71,300,,,,,,,,
,3807591700.71,300.0026,,,,,,,,
,3807591720.73,300.0016,,,,,,,,
,3807591740.77,300.0018,,,,,,,,
,3807591760.80,300.001,,,,,,,,
,3807591780.80,299.9998,,,,,,,,
,3807591800.84,300.0014,,,,,,,,
,3807591820.85,300.0026,,,,,,,,
,3807591840.87,300.0008,,,,,,,,
,3807591860.90,300.0014,,,,,,,,
,3807591880.90,300.0018,,,,,,,,
,3807591900.94,299.9998,,,,,,,,
,3807591920.96,299.9992,,,,,,,,
,3807591940.97,299.9988,,,,,,,,
,3807591961.00,300.001,,,,,,,,
,3807591981.03,300.0006,,,,,,,,
,3807592001.05,300.0034,,,,,,,,
,3807592021.09,300.0008,,,,,,,,
,3807592041.15,300.0024,,,,,,,,
,3807592061.20,300.0008,,,,,,,,
,3807592081.20,300.0016,,,,,,,,
,3807592101.24,300.0026,,,,,,,,
,3807592121.26,300.0014,,,,,,,,
,3807592141.28,300.0018,,,,,,,,
,3807592161.29,300.001,,,,,,,,
,3807592181.31,300.0006,,,,,,,,
,3807592201.35,299.9994,,,,,,,,
,3807592221.35,299.9998,,,,,,,,
,3807592241.38,300.0018,,,,,,,,
,3807592261.40,300.0024,,,,,,,,
,3807592281.43,300.0014,,,,,,,,
,3807592301.44,299.9994,,,,,,,,
,3807592321.45,300.0012,,,,,,,,
,3807592341.47,300.0006,,,,,,,,
,3807592361.47,300.0008,,,,,,,,
,3807592381.48,300.0014,,,,,,,,
,3807592401.48,300.0018,,,,,,,,
,3807592421.48,300.0008,,,,,,,,
,3807592441.52,299.9998,,,,,,,,
,3807592461.54,300.0018,,,,,,,,
,3807592481.55,300.0016,,,,,,,,
,3807592501.58,300.0004,,,,,,,,
,3807592521.58,300.003,,,,,,,,
,3807592541.61,300.0004,,,,,,,,
,3807592561.61,299.9992,,,,,,,,
,3807592581.62,299.9992,,,,,,,,
,3807592601.65,299.9996,,,,,,,,
,3807592621.68,300.0004,,,,,,,,
,3807592641.69,300.0012,,,,,,,,
,3807592661.72,300.0002,,,,,,,,
,3807592681.76,300.0024,,,,,,,,
,3807592701.77,300.0016,,,,,,,,
,3807592721.81,300.0018,,,,,,,,
,3807592741.81,300.0024,,,,,,,,
,3807592761.83,300.0004,,,,,,,,
,3807592781.85,300.0006,,,,,,,,
,3807592801.88,300.0014,,,,,,,,
,3807592821.90,300.002,,,,,,,,
,3807592841.91,300.0026,,,,,,,,
,3807592861.93,300.0006,,,,,,,,
,3807592881.95,300.0008,,,,,,,,
,3807592902.00,300.0036,,,,,,,,
,3807592922.05,300.0022,,,,,,,,
,3807592942.10,300.0032,,,,,,,,
,3807592962.10,299.9992,,,,,,,,
,3807592982.11,300.0006,,,,,,,,
,3807593002.13,299.9988,,,,,,,,
,3807593022.16,300.0014,,,,,,,,
,3807593042.16,300.0028,,,,,,,,
,3807593062.18,300.0022,,,,,,,,
,3807593082.18,300.0023,,,,,,,,
,3807593102.23,300.0014,,,,,,,,
,3807593122.25,300.0014,,,,,,,,
,3807593142.30,300.0024,,,,,,,,
,3807593162.32,300.0016,,,,,,,,
,3807593182.39,300.001,,,,,,,,
,3807593202.40,300.0008,,,,,,,,
,3807593222.42,300.0006,,,,,,,,
,3807593242.46,300.0006,,,,,,,,
,3807593262.46,300.0008,,,,,,,,
,3807593282.48,300.0002,,,,,,,,
,3807593302.48,300.0008,,,,,,,,
,3807593322.51,299.9996,,,,,,,,
,3807593342.52,300,,,,,,,,
,3807593362.54,299.9984,,,,,,,,
,3807593382.57,300.0024,,,,,,,,
,3807593402.57,300.0014,,,,,,,,
,3807593422.61,300.0028,,,,,,,,
,3807593442.61,299.9994,,,,,,,,
,3807593462.63,300.001,,,,,,,,
,3807593482.64,300.0024,,,,,,,,
,3807593502.66,300.0018,,,,,,,,
,3807593522.68,300.0026,,,,,,,,
,3807593542.70,300.0016,,,,,,,,
,3807593562.72,300.0022,,,,,,,,
,3807593582.74,300.0016,,,,,,,,
,3807593602.79,300.0026,,,,,,,,
,3807593622.83,300.0018,,,,,,,,
,3807593642.84,300.0024,,,,,,,,
,3807593662.91,299.9992,,,,,,,,
,3807593682.91,299.9998,,,,,,,,
,3807593702.94,299.9998,,,,,,,,
,3807593722.96,299.9984,,,,,,,,
,3807593742.98,300.0004,,,,,,,,
,3807593763.00,300.0022,,,,,,,,
,3807593783.05,300.001,,,,,,,,
,3807593803.07,300.0018,,,,,,,,
,3807593823.09,300.0014,,,,,,,,
,3807593843.19,300.0028,,,,,,,,
,3807593863.19,300,,,,,,,,
,3807593883.22,300.0002,,,,,,,,
,3807593903.24,300.0008,,,,,,,,
,3807593923.26,300.0006,,,,,,,,
,3807593943.27,300.0024,,,,,,,,
,3807593963.31,300.0006,,,,,,,,
,3807593983.31,299.9998,,,,,,,,
,3807594003.31,299.9998,,,,,,,,
,3807594023.33,299.9998,,,,,,,,
,3807594043.33,299.9988,,,,,,,,
,3807594063.33,300.0002,,,,,,,,
,3807594083.35,300.0006,,,,,,,,
,3807594103.42,300.0018,,,,,,,,
,3807594123.44,300.0018,,,,,,,,
,3807594143.46,300.0014,,,,,,,,
,3807594163.49,300.0012,,,,,,,,
,3807594183.55,300.0012,,,,,,,,
,3807594203.55,300.0012,,,,,,,,
,3807594223.59,300.001,,,,,,,,
,3807594243.61,300.0008,,,,,,,,
,3807594263.64,300.001,,,,,,,,
,3807594283.69,299.9992,,,,,,,,
,3807594303.71,299.999,,,,,,,,
,3807594323.74,300.0006,,,,,,,,
,3807594343.77,300.0018,,,,,,,,
,3807594363.82,300.0024,,,,,,,,
,3807594383.86,300.001,,,,,,,,
,3807594403.86,300.0014,,,,,,,,
,3807594423.89,300.0024,,,,,,,,
,3807594443.92,300.0018,,,,,,,,
,3807594463.94,300.0014,,,,,,,,
,3807594483.97,300.0014,,,,,,,,
,3807594503.97,300.0018,,,,,,,,
,3807594524.05,300.0008,,,,,,,,
,3807594544.07,299.9994,,,,,,,,
,3807594564.08,299.9995,,,,,,,,
,3807594584.15,299.9988,,,,,,,,
,3807594604.17,300.0004,,,,,,,,
,3807594624.21,299.998,,,,,,,,
,3807594644.23,300.0014,,,,,,,,
,3807594664.25,300.0018,,,,,,,,
,3807594684.26,300.001,,,,,,,,
,3807594704.26,300.0018,,,,,,,,
,3807594724.30,300.001,,,,,,,,
,3807594744.30,300.0002,,,,,,,,
,3807594764.31,300.0024,,,,,,,,
,3807594784.34,299.9998,,,,,,,,
,3807594804.35,300.0018,,,,,,,,
,3807594824.36,300.0016,,,,,,,,
,3807594844.37,300.0008,,,,,,,,
,3807594864.37,300.0008,,,,,,,,
,3807594884.39,300.0006,,,,,,,,
,3807594904.41,300.002,,,,,,,,
,3807594924.43,299.9992,,,,,,,,
,3807594944.46,299.9992,,,,,,,,
,3807594964.49,299.9977,,,,,,,,
,3807594984.52,299.9994,,,,,,,,
,3807595004.54,299.9986,,,,,,,,
,3807595024.58,300.0022,,,,,,,,
,3807595044.59,300.0014,,,,,,,,
,3807595064.66,300,,,,,,,,
,3807595084.69,300.0002,,,,,,,,
,3807595104.72,300.0004,,,,,,,,
,3807595124.75,300.0004,,,,,,,,
,3807595144.76,300.001,,,,,,,,
,3807595164.78,300.0006,,,,,,,,
,3807595184.82,300.0006,,,,,,,,
,3807595204.90,299.9992,,,,,,,,
,3807595224.92,300.0016,,,,,,,,
,3807595244.94,299.9994,,,,,,,,
,3807595264.96,300.0024,,,,,,,,
,3807595284.98,300.001,,,,,,,,
,3807595305.01,299.9998,,,,,,,,
,3807595325.07,300.001,,,,,,,,
,3807595345.10,299.9992,,,,,,,,
,3807595365.12,300.0014,,,,,,,,
,3807595385.18,300.0008,,,,,,,,
,3807595405.20,299.9994,,,,,,,,
,3807595425.21,300.0024,,,,,,,,
,3807595445.26,299.9992,,,,,,,,
,3807595465.27,299.9998,,,,,,,,
,3807595485.29,300.0004,,,,,,,,
,3807595505.34,299.9998,,,,,,,,
,3807595525.35,300.0006,,,,,,,,
,3807595545.37,300.0004,,,,,,,,
,3807595565.38,300.0008,,,,,,,,
,3807595585.43,299.9983,,,,,,,,
,3807595605.45,300.0008,,,,,,,,
,3807595625.45,299.9992,,,,,,,,
,3807595645.49,299.9998,,,,,,,,
,3807595665.49,299.9998,,,,,,,,
,3807595685.53,300.0014,,,,,,,,
,3807595705.57,299.9996,,,,,,,,
,3807595725.64,299.9996,,,,,,,,
,3807595745.65,300.0032,,,,,,,,
,3807595765.70,300.0008,,,,,,,,
,3807595785.73,300.0016,,,,,,,,
,3807595805.74,299.9988,,,,,,,,
,3807595825.77,300.001,,,,,,,,
,3807595845.79,300.0004,,,,,,,,
,3807595865.84,300.0008,,,,,,,,
,3807595885.85,300.0008,,,,,,,,
,3807595905.89,300.0022,,,,,,,,
,3807595925.94,299.9983,,,,,,,,
,3807595945.99,300.0012,,,,,,,,
,3807595966.01,299.9992,,,,,,,,
,3807595986.07,300.0008,,,,,,,,
,3807596006.10,300.001,,,,,,,,
,3807596026.15,300.002,,,,,,,,
,3807596046.18,300,,,,,,,,
,3807596066.21,300.0004,,,,,,,,
,3807596086.23,300.0006,,,,,,,,
,3807596106.27,299.999,,,,,,,,
,3807596126.29,300.0016,,,,,,,,
,3807596146.32,299.9978,,,,,,,,
,3807596166.36,300.0008,,,,,,,,
,3807596186.39,299.9996,,,,,,,,
,3807596206.43,300.0018,,,,,,,,
,3807596226.47,299.9998,,,,,,,,
,3807596246.49,300.0004,,,,,,,,
,3807596266.54,299.9992,,,,,,,,
,3807596286.54,300.0008,,,,,,,,
,3807596306.59,299.9988,,,,,,,,
,3807596326.64,300.0018,,,,,,,,
,3807596346.68,299.9996,,,,,,,,
,3807596366.70,300.0012,,,,,,,,
,3807596386.80,300.0004,,,,,,,,
,3807596406.85,299.999,,,,,,,,
,3807596426.88,299.9996,,,,,,,,
,3807596446.91,299.9976,,,,,,,,
,3807596466.94,299.9988,,,,,,,,
,3807596486.96,300.0008,,,,,,,,
,3807596507.00,300.0008,,,,,,,,
,3807596527.00,299.9998,,,,,,,,
,3807596547.05,300.0008,,,,,,,,
,3807596567.07,299.9984,,,,,,,,
,3807596587.10,300.0006,,,,,,,,
,3807596607.13,300.0014,,,,,,,,
,3807596627.17,300.0008,,,,,,,,
,3807596647.19,300.0022,,,,,,,,
,3807596667.19,300.001,,,,,,,,
,3807596687.26,300.0008,,,,,,,,
,3807596707.27,299.9978,,,,,,,,
,3807596727.28,300.0014,,,,,,,,
,3807596747.33,300.0006,,,,,,,,
,3807596767.35,300.0014,,,,,,,,
,3807596787.36,299.9986,,,,,,,,
,3807596807.38,300.0002,,,,,,,,
,3807596827.43,299.9994,,,,,,,,
,3807596847.49,300.0018,,,,,,,,
,3807596867.55,299.9998,,,,,,,,
,3807596887.55,300.0006,,,,,,,,
,3807596907.57,299.9998,,,,,,,,
,3807596927.60,300.001,,,,,,,,
,3807596947.60,299.9994,,,,,,,,
,3807596967.63,300.001,,,,,,,,
,3807596987.66,299.9992,,,,,,,,
,3807597007.68,300.0016,,,,,,,,
,3807597027.69,299.9988,,,,,,,,
,3807597047.74,300.001,,,,,,,,
,3807597067.76,299.9998,,,,,,,,
,3807597087.79,300.0018,,,,,,,,
,3807597107.80,299.999,,,,,,,,
,3807597127.83,300.0016,,,,,,,,
,3807597147.85,300.0008,,,,,,,,
,3807597167.88,300.0006,,,,,,,,
,3807597187.89,300.0004,,,,,,,,
,3807597207.90,299.9998,,,,,,,,
,3807597227.91,300.0018,,,,,,,,
,3807597247.94,300.0018,,,,,,,,
,3807597267.95,300.0008,,,,,,,,
,3807597287.97,300.0006,,,,,,,,
,3807597307.99,300.0004,,,,,,,,
,3807597328.03,300.0008,,,,,,,,
,3807597348.06,299.9982,,,,,,,,
,3807597368.08,300.0014,,,,,,,,
,3807597388.11,299.9992,,,,,,,,
,3807597408.14,299.9984,,,,,,,,
,3807597428.14,299.9978,,,,,,,,
,3807597448.17,299.9962,,,,,,,,
,3807597468.17,299.9966,,,,,,,,
,3807597488.21,300.0018,,,,,,,,
,3807597508.23,299.9998,,,,,,,,
,3807597528.26,299.9968,,,,,,,,
,3807597548.26,299.9982,,,,,,,,
,3807597568.33,299.9972,,,,,,,,
,3807597588.36,299.9972,,,,,,,,
,3807597608.40,299.9972,,,,,,,,
,3807597628.43,299.9968,,,,,,,,
,3807597648.45,300.0002,,,,,,,,
,3807597668.47,300.0016,,,,,,,,
,3807597688.47,300.0024,,,,,,,,
,3807597708.49,300.0004,,,,,,,,
,3807597728.51,299.9952,,,,,,,,
,3807597748.53,299.9974,,,,,,,,
,3807597768.55,299.9974,,,,,,,,
,3807597788.57,299.997,,,,,,,,
,3807597808.58,299.9966,,,,,,,,
,3807597828.61,299.9966,,,,,,,,
,3807597848.65,300.0034,,,,,,,,
,3807597868.65,300.0014,,,,,,,,
,3807597888.69,300.0022,,,,,,,,
,3807597908.72,299.9994,,,,,,,,
,3807597928.75,299.997,,,,,,,,
,3807597948.76,299.9966,,,,,,,,
,3807597968.76,300.003,,,,,,,,
,3807597988.77,299.9972,,,,,,,,
,3807598008.79,299.9974,,,,,,,,
,3807598028.81,299.9966,,,,,,,,
,3807598048.82,299.9962,,,,,,,,
,3807598068.84,299.9982,,,,,,,,
,3807598088.87,300.0008,,,,,,,,
,3807598108.87,299.9996,,,,,,,,
,3807598128.94,299.9972,,,,,,,,
,3807598148.94,299.9966,,,,,,,,
,3807598168.96,300.003,,,,,,,,
,3807598189.00,299.9972,,,,,,,,
,3807598209.00,299.9966,,,,,,,,
,3807598229.04,300.0038,,,,,,,,
,3807598249.08,299.9966,,,,,,,,
,3807598269.10,299.9972,,,,,,,,
,3807598289.13,300.0006,,,,,,,,
,3807598309.19,299.9976,,,,,,,,
,3807598329.20,299.9982,,,,,,,,
,3807598349.26,299.9976,,,,,,,,
,3807598369.30,299.9956,,,,,,,,
,3807598389.30,299.9966,,,,,,,,
,3807598409.34,299.9972,,,,,,,,
,3807598429.38,300.0014,,,,,,,,
,3807598449.46,300.0014,,,,,,,,
,3807598469.48,300.001,,,,,,,,
,3807598489.50,300.0008,,,,,,,,
,3807598509.54,299.9974,,,,,,,,
,3807598529.55,300.0024,,,,,,,,
,3807598549.60,299.9968,,,,,,,,
,3807598569.61,300.0008,,,,,,,,
,3807598589.66,299.9966,,,,,,,,
,3807598609.69,299.9988,,,,,,,,
,3807598629.71,300.0006,,,,,,,,
,3807598649.74,300.0026,,,,,,,,
,3807598669.79,300.0008,,,,,,,,
,3807598689.81,299.9982,,,,,,,,
,3807598709.85,299.996,,,,,,,,
,3807598729.89,299.9958,,,,,,,,
,3807598749.95,299.9966,,,,,,,,
,3807598769.96,300.0002,,,,,,,,
,3807598789.99,300.0018,,,,,,,,
,3807598810.04,300.0014,,,,,,,,
,3807598830.07,299.9966,,,,,,,,
,3807598850.11,299.9988,,,,,,,,
,3807598870.17,299.9956,,,,,,,,
,3807598890.17,299.997,,,,,,,,
,3807598910.20,299.9968,,,,,,,,
,3807598930.22,299.9966,,,,,,,,
,3807598950.22,299.9982,,,,,,,,
,3807598970.27,300.001,,,,,,,,
,3807598990.27,300.0016,,,,,,,,
,3807599010.29,300.0012,,,,,,,,
,3807599030.31,300.0028,,,,,,,,
,3807599050.31,299.9982,,,,,,,,
,3807599070.37,299.996,,,,,,,,
,3807599090.39,299.9968,,,,,,,,
,3807599110.41,299.9976,,,,,,,,
,3807599130.44,300.0022,,,,,,,,
,3807599150.49,300.0008,,,,,,,,
,3807599170.51,300.0002,,,,,,,,
,3807599190.55,300.0014,,,,,,,,
,3807599210.58,299.9974,,,,,,,,
,3807599230.60,299.9966,,,,,,,,
,3807599250.60,299.997,,,,,,,,
,3807599270.64,299.9966,,,,,,,,
,3807599290.68,299.9966,,,,,,,,
,3807599310.70,299.9972,,,,,,,,
,3807599330.73,300.0026,,,,,,,,
,3807599350.75,300.0014,,,,,,,,
,3807599370.76,300.0008,,,,,,,,
,3807599390.77,300.0006,,,,,,,,
,3807599410.80,299.9968,,,,,,,,
,3807599430.82,300.0028,,,,,,,,
,3807599450.83,300.0046,,,,,,,,
,3807599470.85,299.9962,,,,,,,,
,3807599490.87,299.9988,,,,,,,,
,3807599510.89,300.0022,,,,,,,,
,3807599530.89,300.003,,,,,,,,
,3807599550.90,300.0008,,,,,,,,
,3807599570.91,300.0018,,,,,,,,
,3807599590.93,299.9982,,,,,,,,
,3807599610.95,299.9966,,,,,,,,
,3807599631.00,299.9966,,,,,,,,
,3807599651.03,299.9966,,,,,,,,
,3807599671.08,299.9952,,,,,,,,
,3807599691.10,299.9976,,,,,,,,
,3807599711.12,299.9972,,,,,,,,
,3807599731.17,300.0004,,,,,,,,
,3807599751.19,299.9988,,,,,,,,
,3807599771.21,299.9968,,,,,,,,
,3807599791.26,299.996,,,,,,,,
,3807599811.29,299.9966,,,,,,,,
,3807599831.31,299.996,,,,,,,,
,3807599851.33,299.9972,,,,,,,,
,3807599871.35,300.0002,,,,,,,,
,3807599891.37,299.9992,,,,,,,,
,3807599911.40,300.0022,,,,,,,,
,3807599931.42,299.9952,,,,,,,,
,3807599951.47,299.9978,,,,,,,,
,3807599971.49,299.9956,,,,,,,,
,3807599991.51,299.9972,,,,,,,,
,3807600011.53,299.9958,,,,,,,,
,3807600031.54,299.996,,,,,,,,
,3807600051.59,299.9996,,,,,,,,
,3807600071.61,300.0016,,,,,,,,
,3807600091.64,299.9982,,,,,,,,
,3807600111.64,299.9962,,,,,,,,
,3807600131.69,299.9966,,,,,,,,
,3807600151.74,299.9972,,,,,,,,
,3807600171.76,299.9974,,,,,,,,
,3807600191.79,299.9968,,,,,,,,
,3807600211.79,299.9948,,,,,,,,
,3807600231.85,299.9996,,,,,,,,
,3807600251.86,300.0002,,,,,,,,
,3807600271.90,299.9972,,,,,,,,
,3807600291.92,300.0027,,,,,,,,
,3807600311.94,299.9958,,,,,,,,
,3807600331.94,300.0042,,,,,,,,
,3807600351.96,299.9982,,,,,,,,
,3807600372.00,299.9978,,,,,,,,
,3807600392.06,299.9968,,,,,,,,
,3807600412.13,300.0004,,,,,,,,
,3807600432.17,300.002,,,,,,,,
,3807600452.21,300.0034,,,,,,,,
,3807600472.21,299.9962,,,,,,,,
,3807600492.25,299.9978,,,,,,,,
,3807600512.30,299.9942,,,,,,,,
,3807600532.30,300.0039,,,,,,,,
,3807600552.31,300.0023,,,,,,,,
,3807600572.34,300.0004,,,,,,,,
,3807600592.36,300.0008,,,,,,,,
,3807600612.37,300.0016,,,,,,,,
,3807600632.41,299.9958,,,,,,,,
,3807600652.43,299.9966,,,,,,,,
,3807600672.44,299.9947,,,,,,,,
,3807600692.47,299.9962,,,,,,,,
,3807600712.51,299.9962,,,,,,,,
,3807600732.56,299.9968,,,,,,,,
,3807600752.57,299.998,,,,,,,,
,3807600772.60,300.0006,,,,,,,,
,3807600792.62,299.9956,,,,,,,,
,3807600812.66,299.9982,,,,,,,,
,3807600832.69,300.0038,,,,,,,,
,3807600852.70,299.998,,,,,,,,
,3807600872.75,299.9962,,,,,,,,
,3807600892.78,299.9956,,,,,,,,
,3807600912.82,300.0026,,,,,,,,
,3807600932.84,300.0014,,,,,,,,
,3807600952.86,300.001,,,,,,,,
,3807600972.88,300.0023,,,,,,,,
,3807600992.91,300.0016,,,,,,,,
,3807601012.91,299.9972,,,,,,,,
,3807601032.96,300.0039,,,,,,,,
,3807601052.96,299.9956,,,,,,,,
,3807601073.00,299.9962,,,,,,,,
,3807601093.02,299.9956,,,,,,,,
,3807601113.04,299.9998,,,,,,,,
,3807601133.06,300.0018,,,,,,,,
,3807601153.09,299.9978,,,,,,,,
,3807601173.13,299.9986,,,,,,,,
,3807601193.16,300.0039,,,,,,,,
,3807601213.19,299.9972,,,,,,,,
,3807601233.22,300.0023,,,,,,,,
,3807601253.25,299.9952,,,,,,,,
,3807601273.26,299.9962,,,,,,,,
,3807601293.31,300.0023,,,,,,,,
,3807601313.33,300.0007,,,,,,,,
,3807601333.36,299.9988,,,,,,,,
,3807601353.39,300.0016,,,,,,,,
,3807601373.41,299.9986,,,,,,,,
,3807601393.41,299.9952,,,,,,,,
,3807601413.45,299.9958,,,,,,,,
,3807601433.45,299.9956,,,,,,,,
,3807601453.47,299.9978,,,,,,,,
,3807601473.51,299.9962,,,,,,,,
,3807601493.57,300.0008,,,,,,,,
,3807601513.61,300.0004,,,,,,,,
,3807601533.63,300.0016,,,,,,,,
,3807601553.66,299.9982,,,,,,,,
,3807601573.69,299.9976,,,,,,,,
,3807601593.71,299.9982,,,,,,,,
,3807601613.73,299.9971,,,,,,,,
,3807601633.76,299.9952,,,,,,,,
,3807601653.82,299.9978,,,,,,,,
,3807601673.86,300.0008,,,,,,,,
,3807601693.91,300.0022,,,,,,,,
,3807601713.94,299.997,,,,,,,,
,3807601733.96,299.9958,,,,,,,,
,3807601753.97,300.0022,,,,,,,,
,3807601774.01,300.0031,,,,,,,,
,3807601794.03,299.9956,,,,,,,,
,3807601814.03,300.0043,,,,,,,,
,3807601834.09,300.0006,,,,,,,,
,3807601854.13,300.0008,,,,,,,,
,3807601874.15,299.997,,,,,,,,
,3807601894.20,299.9956,,,,,,,,
,3807601914.22,299.9966,,,,,,,,
,3807601934.23,299.995,,,,,,,,
,3807601954.26,299.9952,,,,,,,,
,3807601974.27,299.9974,,,,,,,,
,3807601994.32,300.001,,,,,,,,
,3807602014.34,300.0008,,,,,,,,
,3807602034.35,300.0053,,,,,,,,
,3807602054.38,299.9968,,,,,,,,
,3807602074.40,299.9956,,,,,,,,
,3807602094.45,299.997,,,,,,,,
,3807602114.47,299.9976,,,,,,,,
,3807602134.50,299.9998,,,,,,,,
,3807602154.55,300.001,,,,,,,,
,3807602174.56,300.0018,,,,,,,,
,3807602194.58,299.9998,,,,,,,,
,3807602214.61,300.0008,,,,,,,,
,3807602234.65,299.9962,,,,,,,,
,3807602254.67,299.998,,,,,,,,
,3807602274.70,299.9972,,,,,,,,
,3807602294.73,299.9972,,,,,,,,
,3807602314.75,299.9974,,,,,,,,
,3807602334.76,299.9998,,,,,,,,
,3807602354.80,300.0004,,,,,,,,
,3807602374.83,300.0006,,,,,,,,
,3807602394.84,299.9968,,,,,,,,
,3807602414.85,300.0034,,,,,,,,
,3807602434.88,299.9958,,,,,,,,
,3807602454.88,299.9966,,,,,,,,
,3807602474.89,299.9962,,,,,,,,
,3807602494.92,300.0012,,,,,,,,
,3807602514.94,300.0004,,,,,,,,
,3807602534.98,300.0026,,,,,,,,
,3807602555.03,299.9962,,,,,,,,
,3807602575.06,299.9975,,,,,,,,
,3807602595.11,299.9968,,,,,,,,
,3807602615.14,299.9978,,,,,,,,
,3807602635.19,299.9966,,,,,,,,
,3807602655.23,299.9975,,,,,,,,
,3807602675.29,299.9984,,,,,,,,
,3807602695.31,299.9982,,,,,,,,
,3807602715.33,299.998,,,,,,,,
,3807602735.37,299.9978,,,,,,,,
,3807602755.39,299.9966,,,,,,,,
,3807602775.41,299.9974,,,,,,,,
,3807602795.43,299.9982,,,,,,,,
,3807602815.45,299.9968,,,,,,,,
,3807602835.46,299.998,,,,,,,,
,3807602855.46,299.9962,,,,,,,,
,3807602875.50,299.9968,,,,,,,,
,3807602895.52,299.9978,,,,,,,,
,3807602915.55,299.9968,,,,,,,,
,3807602935.59,300.0008,,,,,,,,
,3807602955.59,299.9972,,,,,,,,
,3807602975.63,300.0007,,,,,,,,
,3807602995.69,300,,,,,,,,
,3807603015.70,300.0003,,,,,,,,
,3807603035.74,299.9999,,,,,,,,
,3807603055.77,300.0014,,,,,,,,
,3807603075.81,299.9992,,,,,,,,
,3807603095.85,299.9988,,,,,,,,
,3807603115.88,299.9968,,,,,,,,
,3807603135.92,299.9978,,,,,,,,
,3807603155.97,299.9962,,,,,,,,
,3807603176.02,299.9988,,,,,,,,
,3807603196.04,299.998,,,,,,,,
,3807603216.08,299.9974,,,,,,,,
,3807603236.09,299.9966,,,,,,,,
,3807603256.14,299.9973,,,,,,,,
,3807603276.18,299.9982,,,,,,,,
,3807603296.22,299.9979,,,,,,,,
,3807603316.26,299.9979,,,,,,,,
,3807603336.28,299.9962,,,,,,,,
,3807603356.32,299.9975,,,,,,,,
,3807603376.35,299.9966,,,,,,,,
,3807603396.35,299.9968,,,,,,,,
,3807603416.35,300.0017,,,,,,,,
,3807603436.37,300.001,,,,,,,,
,3807603456.42,300.001,,,,,,,,
,3807603476.46,300.0018,,,,,,,,
,3807603496.46,300.0018,,,,,,,,
,3807603516.48,300.0026,,,,,,,,
,3807603536.50,300.0008,,,,,,,,
,3807603556.50,300.0014,,,,,,,,
,3807603576.54,300.0014,,,,,,,,
,3807603596.59,299.9962,,,,,,,,
,3807603616.62,299.9974,,,,,,,,
,3807603636.66,299.9962,,,,,,,,
,3807603656.68,299.9982,,,,,,,,
,3807603676.72,299.9978,,,,,,,,
,3807603696.74,299.9968,,,,,,,,
,3807603716.76,299.997,,,,,,,,
,3807603736.79,299.9974,,,,,,,,
,3807603756.81,299.9968,,,,,,,,
,3807603776.81,299.997,,,,,,,,
,3807603796.86,299.9982,,,,,,,,
,3807603816.88,299.998,,,,,,,,
,3807603836.90,299.9978,,,,,,,,
,3807603856.90,299.9972,,,,,,,,
,3807603876.90,299.9966,,,,,,,,
,3807603896.94,299.996,,,,,,,,
,3807603916.99,299.9984,,,,,,,,
,3807603937.02,299.9966,,,,,,,,
,3807603957.05,299.9976,,,,,,,,
,3807603977.07,299.9972,,,,,,,,
,3807603997.09,299.9978,,,,,,,,
,3807604017.11,299.9972,,,,,,,,
,3807604037.16,299.9972,,,,,,,,
,3807604057.18,299.996,,,,,,,,
,3807604077.18,299.9978,,,,,,,,
,3807604097.21,299.9996,,,,,,,,
,3807604117.26,300.003,,,,,,,,
,3807604137.29,299.9994,,,,,,,,
,3807604157.33,300.001,,,,,,,,
,3807604177.33,300.0023,,,,,,,,
,3807604197.37,300.0004,,,,,,,,
,3807604217.40,299.9988,,,,,,,,
,3807604237.44,299.9984,,,,,,,,
,3807604257.48,299.9982,,,,,,,,
,3807604277.49,299.9984,,,,,,,,
,3807604297.50,299.9988,,,,,,,,
,3807604317.52,299.9966,,,,,,,,
,3807604337.54,299.9978,,,,,,,,
,3807604357.56,299.9972,,,,,,,,
,3807604377.58,299.9983,,,,,,,,
,3807604397.60,299.9966,,,,,,,,
,3807604417.63,299.9978,,,,,,,,
,3807604437.68,299.9968,,,,,,,,
,3807604457.71,299.9971,,,,,,,,
,3807604477.74,299.9978,,,,,,,,
,3807604497.76,299.9974,,,,,,,,
,3807604517.78,299.9966,,,,,,,,
,3807604537.81,299.9976,,,,,,,,
,3807604557.85,299.9972,,,,,,,,
,3807604577.89,299.9968,,,,,,,,
,3807604597.92,300.0023,,,,,,,,
,3807604617.97,300.0018,,,,,,,,
,3807604637.99,300.0006,,,,,,,,
,3807604658.04,300.002,,,,,,,,
,3807604678.06,299.9992,,,,,,,,
,3807604698.09,299.9974,,,,,,,,
,3807604718.11,300.0008,,,,,,,,
,3807604738.13,299.9962,,,,,,,,
,3807604758.13,299.9966,,,,,,,,
,3807604778.13,299.9967,,,,,,,,
,3807604798.17,299.9966,,,,,,,,
,3807604818.19,299.9978,,,,,,,,
,3807604838.22,299.9974,,,,,,,,
,3807604858.22,299.9988,,,,,,,,
,3807604878.26,299.999,,,,,,,,
,3807604898.27,299.9972,,,,,,,,
,3807604918.29,299.9974,,,,,,,,
,3807604938.33,299.9988,,,,,,,,
,3807604958.35,299.9978,,,,,,,,
,3807604978.36,299.9986,,,,,,,,
,3807604998.37,299.9988,,,,,,,,
,3807605018.40,299.996,,,,,,,,
,3807605038.45,299.9972,,,,,,,,
,3807605058.47,299.9966,,,,,,,,
,3807605078.47,299.9966,,,,,,,,
,3807605098.49,299.9978,,,,,,,,
,3807605118.54,299.9972,,,,,,,,
,3807605138.57,299.996,,,,,,,,
,3807605158.58,299.9966,,,,,,,,
,3807605178.58,299.9968,,,,,,,,
,3807605198.61,300.0006,,,,,,,,
,3807605218.65,300.0012,,,,,,,,
,3807605238.68,300.0004,,,,,,,,
,3807605258.68,299.9986,,,,,,,,
,3807605278.70,299.9978,,,,,,,,
,3807605298.72,299.9966,,,,,,,,
,3807605318.74,300.0049,,,,,,,,
,3807605338.76,299.9978,,,,,,,,
,3807605358.79,300.0023,,,,,,,,
,3807605378.82,300.0045,,,,,,,,
,3807605398.82,300.0014,,,,,,,,
,3807605418.87,300,,,,,,,,
,3807605438.91,299.9987,,,,,,,,
,3807605458.93,299.9968,,,,,,,,
,3807605478.96,299.9966,,,,,,,,
,3807605498.98,299.9982,,,,,,,,
,3807605518.99,299.9962,,,,,,,,
,3807605539.07,299.9967,,,,,,,,
,3807605559.08,299.9996,,,,,,,,
,3807605579.15,299.9992,,,,,,,,
,3807605599.15,300.0004,,,,,,,,
,3807605619.19,300.0014,,,,,,,,
,3807605639.19,300.0002,,,,,,,,
,3807605659.19,299.9998,,,,,,,,
,3807605679.21,300.0008,,,,,,,,
,3807605699.21,299.998,,,,,,,,
,3807605719.25,299.996,,,,,,,,
,3807605739.25,299.9974,,,,,,,,
,3807605759.27,299.9974,,,,,,,,
,3807605779.28,299.9992,,,,,,,,
,3807605799.30,299.9978,,,,,,,,
,3807605819.32,299.9978,,,,,,,,
,3807605839.34,299.9988,,,,,,,,
,3807605859.34,299.9966,,,,,,,,
,3807605879.39,300.0002,,,,,,,,
,3807605899.44,300.0018,,,,,,,,
,3807605919.46,300.001,,,,,,,,
,3807605939.48,300.0031,,,,,,,,
,3807605959.51,299.9974,,,,,,,,
,3807605979.52,299.9981,,,,,,,,
,3807605999.55,299.9966,,,,,,,,
,3807606019.57,299.9972,,,,,,,,
,3807606039.59,299.997,,,,,,,,
,3807606059.64,299.9976,,,,,,,,
,3807606079.67,300.001,,,,,,,,
,3807606099.69,300.0008,,,,,,,,
,3807606119.71,300.0006,,,,,,,,
,3807606139.71,299.9998,,,,,,,,
,3807606159.74,299.9986,,,,,,,,
,3807606179.76,299.9974,,,,,,,,
,3807606199.83,300.001,,,,,,,,
,3807606219.86,299.9972,,,,,,,,
,3807606239.90,299.9972,,,,,,,,
,3807606259.93,299.9988,,,,,,,,
,3807606279.96,299.998,,,,,,,,
,3807606299.99,299.9978,,,,,,,,
,3807606319.99,300.0018,,,,,,,,
,3807606340.02,299.9978,,,,,,,,
,3807606360.07,299.9982,,,,,,,,
,3807606380.10,300.0023,,,,,,,,
,3807606400.12,299.9987,,,,,,,,
,3807606420.14,299.9972,,,,,,,,
,3807606440.14,299.9992,,,,,,,,
,3807606460.22,299.9972,,,,,,,,
,3807606480.23,300.001,,,,,,,,
,3807606500.25,299.9971,,,,,,,,
,3807606520.28,299.9982,,,,,,,,
,3807606540.31,300.0034,,,,,,,,
,3807606560.33,299.9976,,,,,,,,
,3807606580.38,299.9986,,,,,,,,
,3807606600.40,299.9992,,,,,,,,
,3807606620.42,300.0014,,,,,,,,
,3807606640.42,299.9992,,,,,,,,
,3807606660.42,299.9992,,,,,,,,
,3807606680.46,299.9996,,,,,,,,
,3807606700.50,300.0066,,,,,,,,
,3807606720.54,299.9974,,,,,,,,
,3807606740.56,299.9992,,,,,,,,
,3807606760.56,300.0008,,,,,,,,
,3807606780.61,299.9978,,,,,,,,
,3807606800.63,299.9988,,,,,,,,
,3807606820.66,300.0034,,,,,,,,
,3807606840.68,300.0008,,,,,,,,
,3807606860.68,299.9962,,,,,,,,
,3807606880.70,299.9998,,,,,,,,
,3807606900.74,299.9978,,,,,,,,
,3807606920.74,300.0008,,,,,,,,
,3807606940.76,300.0027,,,,,,,,
,3807606960.78,300.005,,,,,,,,
,3807606980.79,300.0044,,,,,,,,
,3807607000.83,300.0002,,,,,,,,
,3807607020.83,300.0018,,,,,,,,
,3807607040.87,299.9992,,,,,,,,
,3807607060.88,300.0008,,,,,,,,
,3807607080.89,299.9988,,,,,,,,
,3807607100.92,300.0026,,,,,,,,
,3807607120.92,299.9984,,,,,,,,
,3807607140.97,300.0027,,,,,,,,
,3807607161.00,299.9988,,,,,,,,
,3807607181.05,300.0016,,,,,,,,
,3807607201.08,299.9992,,,,,,,,
,3807607221.13,300.0028,,,,,,,,
,3807607241.15,299.9992,,,,,,,,
,3807607261.21,300.0026,,,,,,,,
,3807607281.24,300.0018,,,,,,,,
,3807607301.28,300.0016,,,,,,,,
,3807607321.31,300.0012,,,,,,,,
,3807607341.34,300.0027,,,,,,,,
,3807607361.38,300.0027,,,,,,,,
,3807607381.41,300.0017,,,,,,,,
,3807607401.46,300.0008,,,,,,,,
,3807607421.46,300.0014,,,,,,,,
,3807607441.48,300.0034,,,,,,,,
,3807607461.50,300.0027,,,,,,,,
,3807607481.53,300.0028,,,,,,,,
,3807607501.57,299.9978,,,,,,,,
,3807607521.59,300.0039,,,,,,,,
,3807607541.60,299.9996,,,,,,,,
,3807607561.62,300.0034,,,,,,,,
,3807607581.63,299.9988,,,,,,,,
,3807607601.64,300.003,,,,,,,,
,3807607621.69,299.9994,,,,,,,,
,3807607641.71,300.001,,,,,,,,
,3807607661.73,299.9976,,,,,,,,
,3807607681.77,300.0028,,,,,,,,
,3807607701.78,299.9994,,,,,,,,
,3807607721.79,300.0016,,,,,,,,
,3807607741.82,299.9992,,,,,,,,
,3807607761.85,300.002,,,,,,,,
,3807607781.89,300.0008,,,,,,,,
,3807607801.91,300.0006,,,,,,,,
,3807607821.95,299.9992,,,,,,,,
,3807607841.96,299.9982,,,,,,,,
,3807607861.98,299.9986,,,,,,,,
,3807607882.01,299.9988,,,,,,,,
,3807607902.04,299.9992,,,,,,,,
,3807607922.06,300.0047,,,,,,,,
,3807607942.07,299.9974,,,,,,,,
,3807607962.11,299.9982,,,,,,,,
,3807607982.12,299.9988,,,,,,,,
,3807608002.13,300.0016,,,,,,,,
,3807608022.16,299.9978,,,,,,,,
,3807608042.17,299.9992,,,,,,,,
,3807608062.18,299.9988,,,,,,,,
,3807608082.21,299.9992,,,,,,,,
,3807608102.24,299.9978,,,,,,,,
,3807608122.25,300.0006,,,,,,,,
,3807608142.30,300.0045,,,,,,,,
,3807608162.33,299.9998,,,,,,,,
,3807608182.36,299.9974,,,,,,,,
,3807608202.41,300.001,,,,,,,,
,3807608222.43,299.998,,,,,,,,
,3807608242.44,299.9978,,,,,,,,
,3807608262.47,300.0004,,,,,,,,
,3807608282.49,299.9988,,,,,,,,
,3807608302.51,300.0008,,,,,,,,
,3807608322.56,300.0049,,,,,,,,
,3807608342.56,299.9972,,,,,,,,
,3807608362.56,300.0053,,,,,,,,
,3807608382.63,299.9986,,,,,,,,
,3807608402.66,299.9966,,,,,,,,
,3807608422.71,299.9986,,,,,,,,
,3807608442.71,299.9978,,,,,,,,
,3807608462.75,300.0014,,,,,,,,
,3807608482.75,299.9976,,,,,,,,
,3807608502.75,299.9992,,,,,,,,
,3807608522.80,299.9992,,,,,,,,
,3807608542.82,299.9988,,,,,,,,
,3807608562.87,299.999,,,,,,,,
,3807608582.89,299.9994,,,,,,,,
,3807608602.89,300.0004,,,,,,,,
,3807608622.92,299.9978,,,,,,,,
,3807608642.94,299.9982,,,,,,,,
,3807608662.98,299.9986,,,,,,,,
,3807608683.00,299.9982,,,,,,,,
,3807608703.06,300.0018,,,,,,,,
,3807608723.11,300.0035,,,,,,,,
,3807608743.13,299.9968,,,,,,,,
,3807608763.18,299.9982,,,,,,,,
,3807608783.20,299.9988,,,,,,,,
,3807608803.21,300.0016,,,,,,,,
,3807608823.23,299.9994,,,,,,,,
,3807608843.24,299.998,,,,,,,,
,3807608863.27,299.9994,,,,,,,,
,3807608883.30,299.9986,,,,,,,,
,3807608903.34,300.0004,,,,,,,,
,3807608923.36,300.0018,,,,,,,,
,3807608943.41,300.0031,,,,,,,,
,3807608963.43,300.0008,,,,,,,,
,3807608983.46,300.0008,,,,,,,,
,3807609003.48,300.0023,,,,,,,,
,3807609023.51,300.0027,,,,,,,,
,3807609043.52,300.0004,,,,,,,,
,3807609063.55,300.0006,,,,,,,,
,3807609083.56,299.9998,,,,,,,,
,3807609103.58,300.0043,,,,,,,,
,3807609123.60,300.0008,,,,,,,,
,3807609143.65,300.0039,,,,,,,,
,3807609163.69,299.9984,,,,,,,,
,3807609183.71,300.0023,,,,,,,,
,3807609203.71,299.9989,,,,,,,,
,3807609223.74,300.0031,,,,,,,,
,3807609243.77,300.0031,,,,,,,,
,3807609263.81,300.003,,,,,,,,
,3807609283.81,299.9998,,,,,,,,
,3807609303.82,300.0031,,,,,,,,
,3807609323.85,300.0027,,,,,,,,
,3807609343.90,300.0018,,,,,,,,
,3807609363.90,300.0023,,,,,,,,
,3807609383.92,300.0026,,,,,,,,
,3807609403.94,300.0045,,,,,,,,
,3807609423.99,300,,,,,,,,
,3807609443.99,300.0027,,,,,,,,
,3807609464.06,299.9982,,,,,,,,
,3807609484.09,300.0026,,,,,,,,
,3807609504.11,300.001,,,,,,,,
,3807609524.12,300.0023,,,,,,,,
,3807609544.16,300.0023,,,,,,,,
,3807609564.19,300.0031,,,,,,,,
,3807609584.23,300.0026,,,,,,,,
,3807609604.26,300.0038,,,,,,,,
,3807609624.30,300.0018,,,,,,,,
,3807609644.34,300.0034,,,,,,,,
,3807609664.38,300.0018,,,,,,,,
,3807609684.40,299.9996,,,,,,,,
,3807609704.41,300.0023,,,,,,,,
,3807609724.42,299.9998,,,,,,,,
,3807609744.45,300.0035,,,,,,,,
,3807609764.50,299.9982,,,,,,,,
,3807609784.52,300.0023,,,,,,,,
,3807609804.54,299.9982,,,,,,,,
,3807609824.56,300.003,,,,,,,,
,3807609844.57,299.9992,,,,,,,,
,3807609864.61,300.0022,,,,,,,,
,3807609884.64,300.0028,,,,,,,,
,3807609904.67,300.0023,,,,,,,,
,3807609924.71,300.0043,,,,,,,,
,3807609944.73,300.0027,,,,,,,,
,3807609964.78,300.002,,,,,,,,
,3807609984.83,300.0006,,,,,,,,
,3807610004.85,300.0014,,,,,,,,
,3807610024.88,299.9992,,,,,,,,
,3807610044.89,300.0023,,,,,,,,
,3807610064.92,299.9988,,,,,,,,
,3807610084.94,300.0024,,,,,,,,
,3807610104.95,299.9992,,,,,,,,
,3807610124.97,300.0027,,,,,,,,
,3807610145.02,299.9998,,,,,,,,
,3807610165.04,300.0018,,,,,,,,
,3807610185.06,299.9994,,,,,,,,
,3807610205.14,300.0027,,,,,,,,
,3807610225.16,300.0023,,,,,,,,
,3807610245.22,300.0028,,,,,,,,
,3807610265.26,300.0023,,,,,,,,
,3807610285.29,300.0023,,,,,,,,
,3807610305.33,300.0023,,,,,,,,
,3807610325.33,300.0004,,,,,,,,
,3807610345.36,300.0045,,,,,,,,
,3807610365.40,299.9972,,,,,,,,
,3807610385.43,300.0014,,,,,,,,
,3807610405.43,299.9988,,,,,,,,
,3807610425.47,300.0024,,,,,,,,
,3807610445.47,299.9976,,,,,,,,
,3807610465.47,300.0004,,,,,,,,
,3807610485.51,299.9988,,,,,,,,
,3807610505.51,300.0026,,,,,,,,
,3807610525.53,299.9992,,,,,,,,
,3807610545.53,300.0018,,,,,,,,
,3807610565.55,299.9982,,,,,,,,
,3807610585.57,300.0031,,,,,,,,
,3807610605.58,300.0026,,,,,,,,
,3807610625.60,300.0023,,,,,,,,
,3807610645.62,300.0023,,,,,,,,
,3807610665.66,300.0034,,,,,,,,
,3807610685.69,300.0023,,,,,,,,
,3807610705.73,300.0023,,,,,,,,
,3807610725.76,300.0026,,,,,,,,
,3807610745.76,300.003,,,,,,,,
,3807610765.78,300.0031,,,,,,,,
,3807610785.80,299.9981,,,,,,,,
,3807610805.81,300.0034,,,,,,,,
,3807610825.85,299.9981,,,,,,,,
,3807610845.87,300.003,,,,,,,,
,3807610865.90,299.9986,,,,,,,,
,3807610885.92,300.0023,,,,,,,,
,3807610905.93,299.9988,,,,,,,,
,3807610925.96,300.0035,,,,,,,,
,3807610945.97,299.9988,,,,,,,,
,3807610965.99,300.0027,,,,,,,,
,3807610986.01,299.9988,,,,,,,,
,3807611006.08,300.0023,,,,,,,,
,3807611026.10,299.9988,,,,,,,,
,3807611046.10,300.0027,,,,,,,,
,3807611066.12,299.9978,,,,,,,,
,3807611086.13,300.0023,,,,,,,,
,3807611106.16,300.0005,,,,,,,,
,3807611126.17,300.0018,,,,,,,,
,3807611146.19,299.9992,,,,,,,,
,3807611166.21,300.0034,,,,,,,,
,3807611186.26,300.0023,,,,,,,,
,3807611206.28,300.0016,,,,,,,,
,3807611226.30,300.0012,,,,,,,,
,3807611246.35,300.0034,,,,,,,,
,3807611266.39,300.0023,,,,,,,,
,3807611286.41,300.0023,,,,,,,,
,3807611306.45,300.0014,,,,,,,,
,3807611326.45,300.0008,,,,,,,,
,3807611346.47,299.9999,,,,,,,,
,3807611366.47,299.9992,,,,,,,,
,3807611386.51,300.0018,,,,,,,,
,3807611406.51,299.9974,,,,,,,,
,3807611426.57,299.9986,,,,,,,,
,3807611446.64,300.0015,,,,,,,,
,3807611466.69,299.9974,,,,,,,,
,3807611486.71,299.9988,,,,,,,,
,3807611506.75,300.0008,,,,,,,,
,3807611526.77,299.9989,,,,,,,,
,3807611546.79,299.9996,,,,,,,,
,3807611566.81,300.0005,,,,,,,,
,3807611586.86,299.9986,,,,,,,,
,3807611606.91,299.9974,,,,,,,,
,3807611626.93,299.9968,,,,,,,,
,3807611646.98,299.9986,,,,,,,,
,3807611667.00,300.0008,,,,,,,,
,3807611687.02,300,,,,,,,,
,3807611707.04,299.9978,,,,,,,,
,3807611727.09,299.9971,,,,,,,,
,3807611747.10,299.9972,,,,,,,,
,3807611767.15,299.9988,,,,,,,,
,3807611787.20,299.9974,,,,,,,,
,3807611807.20,299.9978,,,,,,,,
,3807611827.27,300.0006,,,,,,,,
,3807611847.29,300.0012,,,,,,,,
,3807611867.30,300.0008,,,,,,,,
,3807611887.32,299.9988,,,,,,,,
,3807611907.34,299.9978,,,,,,,,
,3807611927.34,299.9982,,,,,,,,
,3807611947.38,299.9992,,,,,,,,
,3807611967.38,299.9972,,,,,,,,
,3807611987.41,299.9978,,,,,,,,
,3807612007.43,299.9976,,,,,,,,
,3807612027.48,299.9998,,,,,,,,
,3807612047.53,300.0008,,,,,,,,
,3807612067.57,300.0039,,,,,,,,
,3807612087.60,299.9982,,,,,,,,
,3807612107.62,299.996,,,,,,,,
,3807612127.67,299.9968,,,,,,,,
,3807612147.70,299.9968,,,,,,,,
,3807612167.74,299.9996,,,,,,,,
,3807612187.76,300,,,,,,,,
,3807612207.79,299.9994,,,,,,,,
,3807612227.81,299.9982,,,,,,,,
,3807612247.87,299.9985,,,,,,,,
,3807612267.88,299.9987,,,,,,,,
,3807612287.92,299.9984,,,,,,,,
,3807612307.95,300.0029,,,,,,,,
,3807612327.99,300.0031,,,,,,,,
,3807612348.01,299.997,,,,,,,,
,3807612368.04,300.0008,,,,,,,,
,3807612388.09,300.001,,,,,,,,
,3807612408.11,299.9967,,,,,,,,
,3807612428.15,299.9988,,,,,,,,
,3807612448.17,300.0031,,,,,,,,
,3807612468.21,299.9994,,,,,,,,
,3807612488.28,299.9977,,,,,,,,
,3807612508.28,299.9984,,,,,,,,
,3807612528.33,299.9988,,,,,,,,
,3807612548.35,300.0008,,,,,,,,
,3807612568.39,299.9977,,,,,,,,
,3807612588.41,299.9981,,,,,,,,
,3807612608.45,300.0027,,,,,,,,
,3807612628.50,299.9987,,,,,,,,
,3807612648.52,300.0004,,,,,,,,
,3807612668.57,300.0014,,,,,,,,
,3807612688.64,299.9982,,,,,,,,
,3807612708.65,300.0026,,,,,,,,
,3807612728.66,299.9976,,,,,,,,
,3807612748.67,300.0038,,,,,,,,
,3807612768.71,299.9988,,,,,,,,
,3807612788.73,299.9972,,,,,,,,
,3807612808.78,300.001,,,,,,,,
,3807612828.80,300.0006,,,,,,,,
,3807612848.86,299.9996,,,,,,,,
,3807612868.91,300.0018,,,,,,,,
,3807612888.91,300.0014,,,,,,,,
,3807612908.95,300.0026,,,,,,,,
,3807612928.95,299.998,,,,,,,,
,3807612948.98,299.997,,,,,,,,
,3807612969.00,299.9976,,,,,,,,
,3807612989.04,299.9984,,,,,,,,
,3807613009.04,299.9979,,,,,,,,
,3807613029.07,299.9978,,,,,,,,
,3807613049.07,300.0024,,,,,,,,
,3807613069.11,300.0018,,,,,,,,
,3807613089.15,300.0008,,,,,,,,
,3807613109.21,300.0008,,,,,,,,
,3807613129.26,299.9998,,,,,,,,
,3807613149.29,299.9972,,,,,,,,
,3807613169.31,299.9982,,,,,,,,
,3807613189.34,299.9978,,,,,,,,
,3807613209.38,299.9986,,,,,,,,
,3807613229.38,299.9992,,,,,,,,
,3807613249.46,299.998,,,,,,,,
,3807613269.48,300.001,,,,,,,,
,3807613289.50,299.9988,,,,,,,,
,3807613309.53,300.0018,,,,,,,,
,3807613329.55,300.0014,,,,,,,,
,3807613349.58,300.0038,,,,,,,,
,3807613369.61,299.9974,,,,,,,,
,3807613389.66,300.003,,,,,,,,
,3807613409.68,299.9978,,,,,,,,
,3807613429.74,299.9974,,,,,,,,
,3807613449.75,300.0006,,,,,,,,
,3807613469.83,300.0018,,,,,,,,
,3807613489.85,300.0006,,,,,,,,
,3807613509.88,300.0028,,,,,,,,
,3807613529.93,299.9966,,,,,,,,
,3807613549.93,299.9988,,,,,,,,
,3807613569.97,299.9978,,,,,,,,
,3807613590.00,299.997,,,,,,,,
,3807613610.02,299.9992,,,,,,,,
,3807613630.07,299.9992,,,,,,,,
,3807613650.08,300.0024,,,,,,,,
,3807613670.12,299.9982,,,,,,,,
,3807613690.15,299.9974,,,,,,,,
,3807613710.18,299.9992,,,,,,,,
,3807613730.18,299.9992,,,,,,,,
,3807613750.21,299.9984,,,,,,,,
,3807613770.21,299.9976,,,,,,,,
,3807613790.23,299.9976,,,,,,,,
,3807613810.27,300.0032,,,,,,,,
,3807613830.30,299.9977,,,,,,,,
,3807613850.30,300.0008,,,,,,,,
,3807613870.31,300.0018,,,,,,,,
,3807613890.35,300.0006,,,,,,,,
,3807613910.38,300.0006,,,,,,,,
,3807613930.39,299.9976,,,,,,,,
,3807613950.42,299.9952,,,,,,,,
,3807613970.44,299.9976,,,,,,,,
,3807613990.45,299.9974,,,,,,,,
,3807614010.46,299.9962,,,,,,,,
,3807614030.47,300.0066,,,,,,,,
,3807614050.49,299.9967,,,,,,,,
,3807614070.51,300.0006,,,,,,,,
,3807614090.52,300.0008,,,,,,,,
,3807614110.56,300.0014,,,,,,,,
,3807614130.60,300.001,,,,,,,,
,3807614150.65,299.9994,,,,,,,,
,3807614170.67,300.0038,,,,,,,,
,3807614190.70,299.9974,,,,,,,,
,3807614210.72,300.003,,,,,,,,
,3807614230.75,299.9972,,,,,,,,
,3807614250.77,300.0008,,,,,,,,
,3807614270.80,300.0004,,,,,,,,
,3807614290.87,300.0008,,,,,,,,
,3807614310.87,300.0024,,,,,,,,
,3807614330.87,300.0008,,,,,,,,
,3807614350.88,299.9998,,,,,,,,
,3807614370.92,300.003,,,,,,,,
,3807614390.95,299.9978,,,,,,,,
,3807614411.02,300.0024,,,,,,,,
,3807614431.04,299.9996,,,,,,,,
,3807614451.07,300.0024,,,,,,,,
,3807614471.07,299.9996,,,,,,,,
,3807614491.10,300.0028,,,,,,,,
,3807614511.12,300,,,,,,,,
,3807614531.16,300.002,,,,,,,,
,3807614551.17,299.9988,,,,,,,,
,3807614571.19,300.0024,,,,,,,,
,3807614591.20,300.0024,,,,,,,,
,3807614611.27,300.0034,,,,,,,,
,3807614631.28,300.0031,,,,,,,,
,3807614651.31,300.001,,,,,,,,
,3807614671.34,300.0022,,,,,,,,
,3807614691.34,300.0032,,,,,,,,
,3807614711.38,300.003,,,,,,,,
,3807614731.42,300.0016,,,,,,,,
,3807614751.45,300.0016,,,,,,,,
,3807614771.49,299.9992,,,,,,,,
,3807614791.49,300.0032,,,,,,,,
,3807614811.53,299.9982,,,,,,,,
,3807614831.57,300.0024,,,,,,,,
,3807614851.59,299.9982,,,,,,,,
,3807614871.60,300.0024,,,,,,,,
,3807614891.65,299.9988,,,,,,,,
,3807614911.65,300.0018,,,,,,,,
,3807614931.70,300.001,,,,,,,,
,3807614951.74,300.0032,,,,,,,,
,3807614971.75,299.9988,,,,,,,,
,3807614991.80,299.9998,,,,,,,,
,3807615011.83,300.0012,,,,,,,,
,3807615031.85,300.002,,,,,,,,
,3807615051.85,300.0008,,,,,,,,
,3807615071.87,300.0012,,,,,,,,
,3807615091.97,300.0032,,,,,,,,
,3807615111.98,300.0008,,,,,,,,
,3807615132.01,299.999,,,,,,,,
,3807615152.03,299.9986,,,,,,,,
,3807615172.07,300.0014,,,,,,,,
,3807615192.08,300.0028,,,,,,,,
,3807615212.09,300.0018,,,,,,,,
,3807615232.13,300.0008,,,,,,,,
,3807615252.16,300.0023,,,,,,,,
,3807615272.20,300.0026,,,,,,,,
,3807615292.21,300.0008,,,,,,,,
,3807615312.26,299.9986,,,,,,,,
,3807615332.27,299.9988,,,,,,,,
,3807615352.28,300.0008,,,,,,,,
,3807615372.29,300.0024,,,,,,,,
,3807615392.32,300.0002,,,,,,,,
,3807615412.35,300.0036,,,,,,,,
,3807615432.40,300.0018,,,,,,,,
,3807615452.44,300.004,,,,,,,,
,3807615472.45,300.0014,,,,,,,,
,3807615492.48,299.9986,,,,,,,,
,3807615512.50,299.9998,,,,,,,,
,3807615532.53,300.0028,,,,,,,,
,3807615552.56,300.0046,,,,,,,,
,3807615572.59,300.0012,,,,,,,,
,3807615592.59,300.003,,,,,,,,
,3807615612.60,300.0034,,,,,,,,
,3807615632.62,300.0026,,,,,,,,
,3807615652.65,299.999,,,,,,,,
,3807615672.68,299.998,,,,,,,,
,3807615692.69,300.0032,,,,,,,,
,3807615712.74,300.004,,,,,,,,
,3807615732.77,300.0014,,,,,,,,
,3807615752.79,300.0028,,,,,,,,
,3807615772.80,300.0014,,,,,,,,
,3807615792.83,300.0026,,,,,,,,
,3807615812.86,299.9987,,,,,,,,
,3807615832.86,299.9985,,,,,,,,
,3807615852.87,299.9979,,,,,,,,
,3807615872.89,299.9995,,,,,,,,
,3807615892.91,300.0013,,,,,,,,
,3807615912.93,300.0034,,,,,,,,
,3807615932.95,299.9999,,,,,,,,
,3807615952.96,300.0017,,,,,,,,
,3807615973.02,300.0013,,,,,,,,
,3807615993.05,300.0023,,,,,,,,
,3807616013.12,300.0043,,,,,,,,
,3807616033.16,299.9992,,,,,,,,
,3807616053.27,300.0017,,,,,,,,
,3807616073.28,300.0023,,,,,,,,
,3807616093.29,300.0017,,,,,,,,
,3807616113.31,300.0013,,,,,,,,
,3807616133.31,300.0039,,,,,,,,
,3807616153.32,300.0016,,,,,,,,
,3807616173.32,300.0017,,,,,,,,
,3807616193.34,299.9997,,,,,,,,
,3807616213.37,300.0004,,,,,,,,
,3807616233.41,299.9991,,,,,,,,
,3807616253.44,300.0015,,,,,,,,
,3807616273.49,300.0023,,,,,,,,
,3807616293.50,299.9997,,,,,,,,
,3807616313.53,300.0019,,,,,,,,
,3807616333.54,299.9987,,,,,,,,
,3807616353.56,299.9978,,,,,,,,
,3807616373.58,300.0043,,,,,,,,
,3807616393.60,300.0007,,,,,,,,
,3807616413.60,299.9995,,,,,,,,
,3807616433.62,299.9987,,,,,,,,
,3807616453.62,300.0007,,,,,,,,
,3807616473.66,299.9983,,,,,,,,
,3807616493.67,299.9987,,,,,,,,
,3807616513.70,299.9978,,,,,,,,
,3807616533.75,299.9979,,,,,,,,
,3807616553.77,299.9987,,,,,,,,
,3807616573.79,299.9978,,,,,,,,
,3807616593.81,299.9961,,,,,,,,
,3807616613.83,300.0005,,,,,,,,
,3807616633.87,300.0018,,,,,,,,
,3807616653.90,299.9982,,,,,,,,
,3807616673.95,300.0037,,,,,,,,
,3807616693.98,299.9977,,,,,,,,
,3807616714.03,299.9991,,,,,,,,
,3807616734.06,299.9988,,,,,,,,
,3807616754.09,299.9981,,,,,,,,
,3807616774.11,299.9955,,,,,,,,
,3807616794.12,300.0005,,,,,,,,
,3807616814.19,300.0009,,,,,,,,
,3807616834.21,299.9973,,,,,,,,
,3807616854.26,299.9987,,,,,,,,
,3807616874.30,299.9965,,,,,,,,
,3807616894.32,299.9969,,,,,,,,
,3807616914.36,299.9981,,,,,,,,
,3807616934.40,299.9975,,,,,,,,
,3807616954.43,300.0009,,,,,,,,
,3807616974.48,300.0007,,,,,,,,
,3807616994.49,300.0007,,,,,,,,
,3807617014.55,299.9971,,,,,,,,
,3807617034.59,299.9991,,,,,,,,
,3807617054.61,299.9988,,,,,,,,
,3807617074.64,299.9972,,,,,,,,
,3807617094.66,299.9983,,,,,,,,
,3807617114.69,299.998,,,,,,,,
,3807617134.74,299.9973,,,,,,,,
,3807617154.79,300.0023,,,,,,,,
,3807617174.80,299.9993,,,,,,,,
,3807617194.84,300.0007,,,,,,,,
,3807617214.86,299.9966,,,,,,,,
,3807617234.89,299.9988,,,,,,,,
,3807617254.92,300.0025,,,,,,,,
,3807617274.92,300.0034,,,,,,,,
,3807617294.94,299.9987,,,,,,,,
,3807617314.97,299.9968,,,,,,,,
,3807617335.00,299.995,,,,,,,,
,3807617355.01,299.9982,,,,,,,,
,3807617375.04,300.0001,,,,,,,,
,3807617395.04,300.0003,,,,,,,,
,3807617415.05,299.9991,,,,,,,,
,3807617435.10,299.9981,,,,,,,,
,3807617455.10,299.9991,,,,,,,,
,3807617475.11,299.9976,,,,,,,,
,3807617495.13,299.9977,,,,,,,,
,3807617515.14,299.9981,,,,,,,,
,3807617535.15,299.9983,,,,,,,,
,3807617555.20,299.9972,,,,,,,,
,3807617575.22,299.9981,,,,,,,,
,3807617595.26,300.0007,,,,,,,,
,3807617615.26,300.0013,,,,,,,,
,3807617635.29,299.9991,,,,,,,,
,3807617655.32,300.0023,,,,,,,,
,3807617675.34,299.9977,,,,,,,,
,3807617695.37,299.9977,,,,,,,,
,3807617715.41,299.9966,,,,,,,,
,3807617735.43,299.9981,,,,,,,,
,3807617755.49,299.9993,,,,,,,,
,3807617775.52,300.0008,,,,,,,,
,3807617795.54,300.0016,,,,,,,,
,3807617815.57,299.9987,,,,,,,,
,3807617835.59,300.0031,,,,,,,,
,3807617855.59,300.0049,,,,,,,,
,3807617875.62,299.9987,,,,,,,,
,3807617895.72,299.9973,,,,,,,,
,3807617915.72,299.9966,,,,,,,,
,3807617935.75,300.0001,,,,,,,,
,3807617955.81,300.0015,,,,,,,,
,3807617975.83,300.0007,,,,,,,,
,3807617995.88,299.9994,,,,,,,,
,3807618015.90,299.9981,,,,,,,,
,3807618035.92,299.9975,,,,,,,,
,3807618055.92,299.9987,,,,,,,,
,3807618075.96,299.9985,,,,,,,,
,3807618095.99,299.9971,,,,,,,,
,3807618116.01,299.9977,,,,,,,,
,3807618136.05,300.0007,,,,,,,,
,3807618156.07,300.0007,,,,,,,,
,3807618176.10,300.0013,,,,,,,,
,3807618196.12,299.9966,,,,,,,,
,3807618216.15,300.0035,,,,,,,,
,3807618236.18,299.9977,,,,,,,,
,3807618256.21,299.9969,,,,,,,,
,3807618276.24,299.9971,,,,,,,,
,3807618296.26,299.9987,,,,,,,,
,3807618316.30,299.9997,,,,,,,,
,3807618336.30,300.0022,,,,,,,,
,3807618356.35,299.9989,,,,,,,,
,3807618376.37,299.9986,,,,,,,,
,3807618396.39,300.0035,,,,,,,,
,3807618416.43,299.9973,,,,,,,,
,3807618436.44,300.0029,,,,,,,,
,3807618456.47,299.9987,,,,,,,,
,3807618476.47,300.0001,,,,,,,,
,3807618496.48,300.0023,,,,,,,,
,3807618516.51,299.9966,,,,,,,,
,3807618536.53,299.9995,,,,,,,,
,3807618556.53,299.9951,,,,,,,,
,3807618576.57,299.9981,,,,,,,,
,3807618596.62,299.9987,,,,,,,,
,3807618616.62,300.0007,,,,,,,,
,3807618636.65,300.0007,,,,,,,,
,3807618656.67,300.0007,,,,,,,,
,3807618676.69,300.0005,,,,,,,,
,3807618696.69,300.0011,,,,,,,,
,3807618716.73,299.9971,,,,,,,,
,3807618736.74,300.0041,,,,,,,,
,3807618756.76,299.9977,,,,,,,,
,3807618776.80,299.9981,,,,,,,,
,3807618796.83,300.0019,,,,,,,,
,3807618816.88,299.9983,,,,,,,,
,3807618836.93,299.9981,,,,,,,,
,3807618856.96,299.9969,,,,,,,,
,3807618877.00,300.0013,,,,,,,,
,3807618897.00,300.0009,,,,,,,,
,3807618917.03,299.9962,,,,,,,,
,3807618937.05,299.9996,,,,,,,,
,3807618957.10,299.9955,,,,,,,,
,3807618977.14,300.0053,,,,,,,,
,3807618997.17,299.9991,,,,,,,,
,3807619017.22,299.9985,,,,,,,,
,3807619037.27,299.9996,,,,,,,,
,3807619057.27,300.0001,,,,,,,,
,3807619077.29,299.9987,,,,,,,,
,3807619097.31,300.0009,,,,,,,,
,3807619117.33,299.9998,,,,,,,,
,3807619137.34,299.9968,,,,,,,,
,3807619157.36,299.9981,,,,,,,,
,3807619177.39,299.9979,,,,,,,,
,3807619197.40,299.9982,,,,,,,,
,3807619217.46,299.9974,,,,,,,,
,3807619237.51,300.0015,,,,,,,,
,3807619257.52,300.0007,,,,,,,,
,3807619277.54,300.0004,,,,,,,,
,3807619297.57,300.0018,,,,,,,,
,3807619317.62,299.999,,,,,,,,
,3807619337.64,299.9982,,,,,,,,
,3807619357.65,299.9972,,,,,,,,
,3807619377.66,299.999,,,,,,,,
,3807619397.68,299.9982,,,,,,,,
,3807619417.70,299.9977,,,,,,,,
,3807619437.72,299.9994,,,,,,,,
,3807619457.75,300.0004,,,,,,,,
,3807619477.75,299.9998,,,,,,,,
,3807619497.79,299.9972,,,,,,,,
,3807619517.80,299.9982,,,,,,,,
,3807619537.82,299.9982,,,,,,,,
,3807619557.84,299.9972,,,,,,,,
,3807619577.84,299.9962,,,,,,,,
,3807619597.84,299.9966,,,,,,,,
,3807619617.85,300.0006,,,,,,,,
,3807619637.88,300.0023,,,,,,,,
,3807619657.92,299.9978,,,,,,,,
,3807619677.92,300.0031,,,,,,,,
,3807619697.92,300.0004,,,,,,,,
,3807619717.94,300.0024,,,,,,,,
,3807619737.96,299.9982,,,,,,,,
,3807619757.98,300.0014,,,,,,,,
,3807619778.00,299.9976,,,,,,,,
,3807619798.03,300.002,,,,,,,,
,3807619818.05,299.9994,,,,,,,,
,3807619838.06,300.0038,,,,,,,,
,3807619858.06,299.9978,,,,,,,,
,3807619878.11,300.0039,,,,,,,,
,3807619898.14,300.0018,,,,,,,,
,3807619918.17,300.0009,,,,,,,,
,3807619938.19,300.0007,,,,,,,,
,3807619958.24,300.0031,,,,,,,,
,3807619978.29,300.0023,,,,,,,,
,3807619998.29,300.0031,,,,,,,,
,3807620018.34,300.0009,,,,,,,,
,3807620038.39,300.0017,,,,,,,,
,3807620058.41,300.0017,,,,,,,,
,3807620078.46,299.9981,,,,,,,,
,3807620098.49,300.0025,,,,,,,,
,3807620118.51,299.9997,,,,,,,,
,3807620138.51,300.0043,,,,,,,,
,3807620158.55,299.9979,,,,,,,,
,3807620178.55,300.0035,,,,,,,,
,3807620198.58,299.9994,,,,,,,,
,3807620218.59,300.0014,,,,,,,,
,3807620238.59,299.9982,,,,,,,,
,3807620258.64,300.0018,,,,,,,,
,3807620278.71,299.9982,,,,,,,,
,3807620298.72,300.001,,,,,,,,
,3807620318.74,299.9974,,,,,,,,
,3807620338.78,300.0023,,,,,,,,
,3807620358.80,300.0023,,,,,,,,
,3807620378.83,300.0023,,,,,,,,
,3807620398.83,300.0034,,,,,,,,
,3807620418.86,300.0035,,,,,,,,
,3807620438.87,300.003,,,,,,,,
,3807620458.90,300.0018,,,,,,,,
,3807620478.92,300.0034,,,,,,,,
,3807620498.92,300.003,,,,,,,,
,3807620518.96,300.0028,,,,,,,,
,3807620539.01,300.0038,,,,,,,,
,3807620559.01,300.0012,,,,,,,,
,3807620579.03,300.0008,,,,,,,,
,3807620599.04,300.0008,,,,,,,,
,3807620619.08,300.0018,,,,,,,,
,3807620639.10,300.0018,,,,,,,,
,3807620659.12,300.0038,,,,,,,,
,3807620679.18,300.0023,,,,,,,,
,3807620699.20,299.9982,,,,,,,,
,3807620719.26,300.0012,,,,,,,,
,3807620739.28,299.9988,,,,,,,,
,3807620759.28,300.0023,,,,,,,,
,3807620779.33,299.9991,,,,,,,,
,3807620799.35,300.0023,,,,,,,,
,3807620819.39,299.998,,,,,,,,
,3807620839.40,300.0018,,,,,,,,
,3807620859.40,299.9986,,,,,,,,
,3807620879.44,300.0027,,,,,,,,
,3807620899.48,300.0018,,,,,,,,
,3807620919.51,300.0034,,,,,,,,
,3807620939.51,300.0012,,,,,,,,
,3807620959.52,300.0008,,,,,,,,
,3807620979.55,300.003,,,,,,,,
,3807620999.58,300.0014,,,,,,,,
,3807621019.60,300.0039,,,,,,,,
,3807621039.61,300.0008,,,,,,,,
,3807621059.65,300.0008,,,,,,,,
,3807621079.72,299.9996,,,,,,,,
,3807621099.77,300.0031,,,,,,,,
,3807621119.81,299.9992,,,,,,,,
,3807621139.86,300.003,,,,,,,,
,3807621159.86,299.9986,,,,,,,,
,3807621179.89,300.0018,,,,,,,,
,3807621199.89,299.9996,,,,,,,,
,3807621219.94,300.0008,,,,,,,,
,3807621239.96,299.9992,,,,,,,,
,3807621260.01,300.0008,,,,,,,,
,3807621280.06,300.002,,,,,,,,
,3807621300.09,300.0023,,,,,,,,
,3807621320.13,300.0014,,,,,,,,
,3807621340.15,300.0026,,,,,,,,
,3807621360.16,300.0008,,,,,,,,
,3807621380.21,300.003,,,,,,,,
,3807621400.23,300.0027,,,,,,,,
,3807621420.28,299.999,,,,,,,,
,3807621440.28,300.0027,,,,,,,,
,3807621460.33,300.0006,,,,,,,,
,3807621480.39,300.0034,,,,,,,,
,3807621500.40,299.9992,,,,,,,,
,3807621520.45,300.0018,,,,,,,,
,3807621540.50,299.9982,,,,,,,,
,3807621560.50,300.0026,,,,,,,,
,3807621580.54,299.9978,,,,,,,,
,3807621600.60,300.0018,,,,,,,,
,3807621620.64,300.0018,,,,,,,,
,3807621640.68,300.001,,,,,,,,
,3807621660.76,300.0028,,,,,,,,
,3807621680.77,300.0061,,,,,,,,
,3807621700.84,300.0016,,,,,,,,
,3807621720.88,300.0004,,,,,,,,
,3807621740.90,300.0018,,,,,,,,
,3807621760.92,299.9986,,,,,,,,
,3807621780.93,300.0026,,,,,,,,
,3807621800.98,299.9992,,,,,,,,
,3807621821.02,300.0032,,,,,,,,
,3807621841.03,299.9976,,,,,,,,
,3807621861.06,300.0024,,,,,,,,
,3807621881.13,300.0016,,,,,,,,
,3807621901.15,300.0031,,,,,,,,
,3807621921.16,300.0023,,,,,,,,
,3807621941.21,300.0018,,,,,,,,
,3807621961.26,300.0032,,,,,,,,
,3807621981.28,300.0026,,,,,,,,
,3807622001.33,300.0018,,,,,,,,
,3807622021.35,299.9996,,,,,,,,
,3807622041.38,300.003,,,,,,,,
,3807622061.40,299.9972,,,,,,,,
,3807622081.44,300.0016,,,,,,,,
,3807622101.47,299.9996,,,,,,,,
,3807622121.52,300.0018,,,,,,,,
,3807622141.52,299.9982,,,,,,,,
,3807622161.56,300.0018,,,,,,,,
,3807622181.56,299.9986,,,,,,,,
,3807622201.61,300.0028,,,,,,,,
,3807622221.61,299.9992,,,,,,,,
,3807622241.63,300.0028,,,,,,,,
,3807622261.66,299.9988,,,,,,,,
,3807622281.76,300.0034,,,,,,,,
,3807622301.78,300.003,,,,,,,,
,3807622321.81,300.0031,,,,,,,,
,3807622341.83,300.0034,,,,,,,,
,3807622361.86,300.0014,,,,,,,,
,3807622381.88,300.0026,,,,,,,,
,3807622401.90,300.0028,,,,,,,,
,3807622421.94,300.0018,,,,,,,,
,3807622441.95,299.9978,,,,,,,,
,3807622461.97,300.0016,,,,,,,,
,3807622481.99,299.9994,,,,,,,,
,3807622502.02,300.004,,,,,,,,
,3807622522.04,299.9956,,,,,,,,
,3807622542.08,300.0004,,,,,,,,
,3807622562.10,299.9998,,,,,,,,
,3807622582.12,299.9976,,,,,,,,
,3807622602.17,299.9988,,,,,,,,
,3807622622.20,299.9992,,,,,,,,
,3807622642.21,299.9982,,,,,,,,
,3807622662.23,299.9986,,,,,,,,
,3807622682.27,300.0023,,,,,,,,
,3807622702.30,299.998,,,,,,,,
,3807622722.34,299.9976,,,,,,,,
,3807622742.38,300.0008,,,,,,,,
,3807622762.40,299.9988,,,,,,,,
,3807622782.44,299.9992,,,,,,,,
,3807622802.46,300.0008,,,,,,,,
,3807622822.46,299.9982,,,,,,,,
,3807622842.49,299.998,,,,,,,,
,3807622862.50,300.0002,,,,,,,,
,3807622882.55,299.9966,,,,,,,,
,3807622902.55,299.9994,,,,,,,,
,3807622922.58,300.0008,,,,,,,,
,3807622942.58,299.9972,,,,,,,,
,3807622962.60,299.9978,,,,,,,,
,3807622982.62,300.001,,,,,,,,
,3807623002.62,299.9972,,,,,,,,
,3807623022.63,299.9978,,,,,,,,
,3807623042.68,299.9992,,,,,,,,
,3807623062.71,299.9968,,,,,,,,
,3807623082.74,299.9972,,,,,,,,
,3807623102.79,299.9972,,,,,,,,
,3807623122.79,299.9982,,,,,,,,
,3807623142.86,299.998,,,,,,,,
,3807623162.88,300.0014,,,,,,,,
,3807623182.88,299.9962,,,,,,,,
,3807623202.88,299.9978,,,,,,,,
,3807623222.90,300.0008,,,,,,,,
,3807623242.92,299.9976,,,,,,,,
,3807623262.95,299.9968,,,,,,,,
,3807623282.99,300.0024,,,,,,,,
,3807623302.99,299.9978,,,,,,,,
,3807623322.99,299.9978,,,,,,,,
,3807623343.01,300.0014,,,,,,,,
,3807623363.08,299.9988,,,,,,,,
,3807623383.13,299.999,,,,,,,,
,3807623403.13,300.003,,,,,,,,
,3807623423.20,299.9988,,,,,,,,
,3807623443.21,299.9976,,,,,,,,
,3807623463.24,299.9982,,,,,,,,
,3807623483.27,299.9976,,,,,,,,
,3807623503.29,299.9976,,,,,,,,
,3807623523.31,300.0016,,,,,,,,
,3807623543.35,299.9976,,,,,,,,
,3807623563.37,299.9976,,,,,,,,
,3807623583.39,300.0002,,,,,,,,
,3807623603.42,299.9996,,,,,,,,
,3807623623.46,299.9974,,,,,,,,
,3807623643.48,299.9998,,,,,,,,
,3807623663.48,299.9972,,,,,,,,
,3807623683.48,299.9974,,,,,,,,
,3807623703.52,300.0012,,,,,,,,
,3807623723.53,299.9972,,,,,,,,
,3807623743.55,299.9982,,,,,,,,
,3807623763.59,300.0016,,,,,,,,
,3807623783.62,299.9972,,,,,,,,
,3807623803.62,299.9986,,,,,,,,
,3807623823.66,300.0014,,,,,,,,
,3807623843.68,299.9986,,,,,,,,
,3807623863.69,299.9982,,,,,,,,
,3807623883.73,300.0004,,,,,,,,
,3807623903.78,299.9972,,,,,,,,
,3807623923.79,299.9976,,,,,,,,
,3807623943.81,300.001,,,,,,,,
,3807623963.85,299.9978,,,,,,,,
,3807623983.85,299.9998,,,,,,,,
,3807624003.89,300.0004,,,,,,,,
,3807624023.92,299.9988,,,,,,,,
,3807624043.92,299.9987,,,,,,,,
,3807624063.93,299.9978,,,,,,,,
,3807624083.93,299.9978,,,,,,,,
,3807624103.96,300.0006,,,,,,,,
,3807624124.00,299.9982,,,,,,,,
,3807624144.03,299.998,,,,,,,,
,3807624164.06,299.999,,,,,,,,
,3807624184.11,299.9988,,,,,,,,
,3807624204.15,299.9992,,,,,,,,
,3807624224.20,300.0002,,,,,,,,
,3807624244.20,299.9966,,,,,,,,
,3807624264.23,299.9988,,,,,,,,
,3807624284.27,300.0022,,,,,,,,
,3807624304.30,300.0002,,,,,,,,
,3807624324.34,299.9992,,,,,,,,
,3807624344.39,300.0004,,,,,,,,
,3807624364.43,299.9974,,,,,,,,
,3807624384.46,299.9976,,,,,,,,
,3807624404.50,300.0004,,,,,,,,
,3807624424.54,299.9976,,,,,,,,
,3807624444.59,299.9982,,,,,,,,
,3807624464.60,300.001,,,,,,,,
,3807624484.64,299.999,,,,,,,,
,3807624504.69,299.9982,,,,,,,,
,3807624524.72,300.0006,,,,,,,,
,3807624544.74,299.9988,,,,,,,,
,3807624564.78,299.9976,,,,,,,,
,3807624584.81,300.0028,,,,,,,,
,3807624604.84,299.9972,,,,,,,,
,3807624624.89,299.9986,,,,,,,,
,3807624644.94,299.9998,,,,,,,,
,3807624664.98,299.998,,,,,,,,
,3807624684.98,299.9966,,,,,,,,
,3807624705.02,300.0008,,,,,,,,
,3807624725.05,299.9962,,,,,,,,
,3807624745.10,299.998,,,,,,,,
,3807624765.11,300.0002,,,,,,,,
,3807624785.15,299.9998,,,,,,,,
,3807624805.18,299.9966,,,,,,,,
,3807624825.23,299.9982,,,,,,,,
,3807624845.25,300.0018,,,,,,,,
,3807624865.28,299.9974,,,,,,,,
,3807624885.33,299.9972,,,,,,,,
,3807624905.37,300.001,,,,,,,,
,3807624925.39,299.9952,,,,,,,,
,3807624945.42,299.9972,,,,,,,,
,3807624965.47,300.0013,,,,,,,,
,3807624985.49,299.9977,,,,,,,,
,3807625005.52,299.9962,,,,,,,,
,3807625025.56,300.0018,,,,,,,,
,3807625045.56,299.9966,,,,,,,,
,3807625065.65,299.9974,,,,,,,,
,3807625085.66,300.0008,,,,,,,,
,3807625105.71,299.9955,,,,,,,,
,3807625125.73,299.9982,,,,,,,,
,3807625145.78,299.9998,,,,,,,,
,3807625165.81,299.9972,,,,,,,,
,3807625185.84,299.9974,,,,,,,,
,3807625205.86,299.9962,,,,,,,,
,3807625225.89,299.9988,,,,,,,,
,3807625245.93,299.9978,,,,,,,,
,3807625265.97,300.0009,,,,,,,,
,3807625286.01,299.9978,,,,,,,,
,3807625306.03,299.9972,,,,,,,,
,3807625326.05,300.0034,,,,,,,,
,3807625346.08,299.998,,,,,,,,
,3807625366.10,299.9981,,,,,,,,
,3807625386.12,300.0004,,,,,,,,
,3807625406.17,299.9976,,,,,,,,
,3807625426.17,299.9982,,,,,,,,
,3807625446.20,300.0016,,,,,,,,
,3807625466.24,299.9966,,,,,,,,
,3807625486.26,299.9962,,,,,,,,
,3807625506.28,299.9972,,,,,,,,
,3807625526.29,299.9982,,,,,,,,
,3807625546.32,300.0008,,,,,,,,
,3807625566.34,299.9982,,,,,,,,
,3807625586.34,299.9974,,,,,,,,
,3807625606.36,300.0027,,,,,,,,
,3807625626.40,299.9972,,,,,,,,
,3807625646.43,299.9978,,,,,,,,
,3807625666.45,300.0008,,,,,,,,
,3807625686.47,299.9982,,,,,,,,
,3807625706.47,300.0023,,,,,,,,
,3807625726.47,299.997,,,,,,,,
,3807625746.49,299.9991,,,,,,,,
,3807625766.49,300.0006,,,,,,,,
,3807625786.50,299.9966,,,,,,,,
,3807625806.52,299.9982,,,,,,,,
,3807625826.55,300.002,,,,,,,,
,3807625846.57,299.9998,,,,,,,,
,3807625866.58,299.9982,,,,,,,,
,3807625886.60,299.9968,,,,,,,,
,3807625906.62,299.9978,,,,,,,,
,3807625926.67,299.9984,,,,,,,,
,3807625946.72,299.9992,,,,,,,,
,3807625966.77,299.9994,,,,,,,,
,3807625986.79,299.9986,,,,,,,,
,3807626006.82,299.9968,,,,,,,,
,3807626026.84,299.9986,,,,,,,,
,3807626046.88,300.0004,,,,,,,,
,3807626066.88,300.0008,,,,,,,,
,3807626086.91,300.0004,,,,,,,,
,3807626106.95,300.0006,,,,,,,,
,3807626126.95,300.0045,,,,,,,,
,3807626146.99,300.0008,,,,,,,,
,3807626167.01,300.0018,,,,,,,,
,3807626187.01,300.0006,,,,,,,,
,3807626207.03,300.0008,,,,,,,,
,3807626227.09,300,,,,,,,,
,3807626247.14,300.0008,,,,,,,,
,3807626267.17,300.0008,,,,,,,,
,3807626287.17,300.0008,,,,,,,,
,3807626307.22,299.9998,,,,,,,,
,3807626327.26,300.0024,,,,,,,,
,3807626347.26,299.9988,,,,,,,,
,3807626367.31,300.0016,,,,,,,,
,3807626387.34,299.9992,,,,,,,,
,3807626407.38,300.0012,,,,,,,,
,3807626427.38,299.9994,,,,,,,,
,3807626447.41,300.001,,,,,,,,
,3807626467.43,300.0014,,,,,,,,
,3807626487.45,300.0012,,,,,,,,
,3807626507.45,300.001,,,,,,,,
,3807626527.47,300.0008,,,,,,,,
,3807626547.49,300.0018,,,,,,,,
,3807626567.49,300.0016,,,,,,,,
,3807626587.53,300,,,,,,,,
,3807626607.56,300.0008,,,,,,,,
,3807626627.59,300.002,,,,,,,,
,3807626647.60,300.0018,,,,,,,,
,3807626667.60,300.0023,,,,,,,,
,3807626687.67,299.9982,,,,,,,,
,3807626707.69,300.0014,,,,,,,,
,3807626727.70,299.9992,,,,,,,,
,3807626747.71,300.0006,,,,,,,,
,3807626767.74,299.9996,,,,,,,,
,3807626787.77,300.0008,,,,,,,,
,3807626807.80,299.9988,,,,,,,,
,3807626827.84,300.0008,,,,,,,,
,3807626847.86,300.0004,,,,,,,,
,3807626867.88,299.9998,,,,,,,,
,3807626887.88,299.9992,,,,,,,,
,3807626907.96,300.0016,,,,,,,,
,3807626928.01,300.0026,,,,,,,,
,3807626948.01,300.0012,,,,,,,,
,3807626968.01,300.0024,,,,,,,,
,3807626988.03,300.0008,,,,,,,,
,3807627008.07,300.0008,,,,,,,,
,3807627028.13,300.0018,,,,,,,,
,3807627048.16,299.9992,,,,,,,,
,3807627068.18,300.0008,,,,,,,,
,3807627088.21,299.9998,,,,,,,,
,3807627108.23,299.9998,,,,,,,,
,3807627128.26,300.0008,,,,,,,,
,3807627148.29,300.0004,,,,,,,,
,3807627168.29,299.9998,,,,,,,,
,3807627188.31,300.0014,,,,,,,,
,3807627208.35,300.0014,,,,,,,,
,3807627228.35,300,,,,,,,,
,3807627248.37,300.0018,,,,,,,,
,3807627268.37,299.9992,,,,,,,,
,3807627288.39,300.0012,,,,,,,,
,3807627308.39,299.9988,,,,,,,,
,3807627328.41,300.0004,,,,,,,,
,3807627348.41,300.0002,,,,,,,,
,3807627368.41,300.0006,,,,,,,,
,3807627388.45,299.9994,,,,,,,,
,3807627408.48,300.0008,,,,,,,,
,3807627428.50,299.9982,,,,,,,,
,3807627448.52,299.9992,,,,,,,,
,3807627468.57,300.0024,,,,,,,,
,3807627488.57,300.0014,,,,,,,,
,3807627508.57,299.9982,,,,,,,,
,3807627528.58,300.0024,,,,,,,,
,3807627548.61,300.0016,,,,,,,,
,3807627568.61,300.0004,,,,,,,,
,3807627588.62,300.0014,,,,,,,,
,3807627608.65,300.0008,,,,,,,,
,3807627628.68,300.0012,,,,,,,,
,3807627648.72,300.0034,,,,,,,,
,3807627668.77,300.0002,,,,,,,,
,3807627688.77,300.0014,,,,,,,,
,3807627708.77,300.0026,,,,,,,,
,3807627728.81,300.0014,,,,,,,,
,3807627748.81,299.9996,,,,,,,,
,3807627768.83,299.9998,,,,,,,,
,3807627788.88,300.0014,,,,,,,,
,3807627808.95,299.9996,,,,,,,,
,3807627828.95,299.9986,,,,,,,,
,3807627848.98,299.9996,,,,,,,,
,3807627869.00,300.0008,,,,,,,,
,3807627889.02,300.0006,,,,,,,,
,3807627909.04,300.001,,,,,,,,
,3807627929.07,299.9988,,,,,,,,
,3807627949.09,300.0008,,,,,,,,
,3807627969.10,299.9992,,,,,,,,
,3807627989.16,300.0002,,,,,,,,
,3807628009.20,299.9992,,,,,,,,
,3807628029.24,299.9992,,,,,,,,
,3807628049.26,300.0004,,,,,,,,
,3807628069.26,300.0026,,,,,,,,
,3807628089.27,299.9998,,,,,,,,
,3807628109.33,300.0024,,,,,,,,
,3807628129.36,300.0024,,,,,,,,
,3807628149.38,300.0028,,,,,,,,
,3807628169.38,300.0014,,,,,,,,
,3807628189.43,300.001,,,,,,,,
,3807628209.44,300.0028,,,,,,,,
,3807628229.47,299.9998,,,,,,,,
,3807628249.49,300.0018,,,,,,,,
,3807628269.55,300.0002,,,,,,,,
,3807628289.60,300.0016,,,,,,,,
,3807628309.60,299.9996,,,,,,,,
,3807628329.64,300.0008,,,,,,,,
,3807628349.69,299.999,,,,,,,,
,3807628369.77,300.0008,,,,,,,,
,3807628389.80,300.0004,,,,,,,,
,3807628409.84,300.0014,,,,,,,,
,3807628429.86,300.0014,,,,,,,,
,3807628449.87,299.9994,,,,,,,,
,3807628469.89,299.9998,,,,,,,,
,3807628489.92,300.0004,,,,,,,,
,3807628509.96,300.0018,,,,,,,,
,3807628529.98,300.0014,,,,,,,,
,3807628550.00,300.0018,,,,,,,,
,3807628570.00,300.0008,,,,,,,,
,3807628590.03,299.9976,,,,,,,,
,3807628610.08,299.9994,,,,,,,,
,3807628630.10,300.0004,,,,,,,,
,3807628650.11,299.9992,,,,,,,,
,3807628670.14,300.0002,,,,,,,,
,3807628690.14,300.0014,,,,,,,,
,3807628710.16,300.0008,,,,,,,,
,3807628730.19,299.9992,,,,,,,,
,3807628750.21,300.0024,,,,,,,,
,3807628770.25,299.9978,,,,,,,,
,3807628790.27,299.9992,,,,,,,,
,3807628810.33,299.9994,,,,,,,,
,3807628830.39,299.9998,,,,,,,,
,3807628850.43,300.0018,,,,,,,,
,3807628870.46,300.0014,,,,,,,,
,3807628890.50,300.0006,,,,,,,,
,3807628910.51,300.0006,,,,,,,,
,3807628930.54,300.0004,,,,,,,,
,3807628950.55,299.9998,,,,,,,,
,3807628970.57,300.0018,,,,,,,,
,3807628990.61,299.9998,,,,,,,,
,3807629010.64,300.0024,,,,,,,,
,3807629030.70,299.9988,,,,,,,,
,3807629050.71,300.0014,,,,,,,,
,3807629070.73,300.0002,,,,,,,,
,3807629090.76,300.0008,,,,,,,,
,3807629110.78,299.9998,,,,,,,,
,3807629130.81,300.0008,,,,,,,,
,3807629150.84,300.0008,,,,,,,,
,3807629170.86,300.001,,,,,,,,
,3807629190.88,300.0024,,,,,,,,
,3807629210.92,300.0016,,,,,,,,
,3807629230.95,300.002,,,,,,,,
,3807629250.99,300.0018,,,,,,,,
,3807629271.00,300.0014,,,,,,,,
,3807629291.05,300.0008,,,,,,,,
,3807629311.09,299.9988,,,,,,,,
,3807629331.12,300.0004,,,,,,,,
,3807629351.16,300.0028,,,,,,,,
,3807629371.20,299.9986,,,,,,,,
,3807629391.21,300.0014,,,,,,,,
,3807629411.21,299.9992,,,,,,,,
,3807629431.24,300.001,,,,,,,,
,3807629451.24,300.0014,,,,,,,,
,3807629471.28,300.0014,,,,,,,,
,3807629491.32,300.0006,,,,,,,,
,3807629511.33,299.9996,,,,,,,,
,3807629531.35,300.0008,,,,,,,,
,3807629551.40,300.0008,,,,,,,,
,3807629571.43,300.0008,,,,,,,,
,3807629591.47,300.0018,,,,,,,,
,3807629611.49,300.0018,,,,,,,,
,3807629631.52,300.001,,,,,,,,
,3807629651.52,300.0024,,,,,,,,
,3807629671.54,300.0008,,,,,,,,
,3807629691.58,300.0014,,,,,,,,
,3807629711.61,300.0014,,,,,,,,
,3807629731.61,300.0024,,,,,,,,
,3807629751.66,300.0018,,,,,,,,
,3807629771.71,300.0002,,,,,,,,
,3807629791.78,299.9992,,,,,,,,
,3807629811.78,300.0004,,,,,,,,
,3807629831.79,300.0004,,,,,,,,
,3807629851.80,299.9996,,,,,,,,
,3807629871.83,299.9992,,,,,,,,
,3807629891.84,300.0002,,,,,,,,
,3807629911.86,299.9976,,,,,,,,
,3807629931.86,300.0008,,,,,,,,
,3807629951.88,299.9988,,,,,,,,
,3807629971.88,300.0008,,,,,,,,
,3807629991.90,299.9998,,,,,,,,
,3807630011.92,300.0008,,,,,,,,
,3807630031.95,299.9992,,,,,,,,
,3807630051.97,300.0018,,,,,,,,
,3807630071.99,300.003,,,,,,,,
,3807630092.01,300.0014,,,,,,,,
,3807630112.02,300,,,,,,,,
,3807630132.04,299.9996,,,,,,,,
,3807630152.06,300.0024,,,,,,,,
,3807630172.10,300.0014,,,,,,,,
,3807630192.10,300.0008,,,,,,,,
,3807630212.10,300.0022,,,,,,,,
,3807630232.13,300.0002,,,,,,,,
,3807630252.15,300.0018,,,,,,,,
,3807630272.17,300.0008,,,,,,,,
,3807630292.19,300.0008,,,,,,,,
,3807630312.22,300.0004,,,,,,,,
,3807630332.27,300.0018,,,,,,,,
,3807630352.28,300.0006,,,,,,,,
,3807630372.28,299.9992,,,,,,,,
,3807630392.28,300,,,,,,,,
,3807630412.30,299.9995,,,,,,,,
,3807630432.30,300.0028,,,,,,,,
,3807630452.32,300.0012,,,,,,,,
,3807630472.36,300.0014,,,,,,,,
,3807630492.36,299.9992,,,,,,,,
,3807630512.39,300.0008,,,,,,,,
,3807630532.41,299.9982,,,,,,,,
,3807630552.44,300.0008,,,,,,,,
,3807630572.48,299.9998,,,,,,,,
,3807630592.50,300.0014,,,,,,,,
,3807630612.52,299.9982,,,,,,,,
,3807630632.53,300.0004,,,,,,,,
,3807630652.58,299.9988,,,,,,,,
,3807630672.61,300.0024,,,,,,,,
,3807630692.66,300.0018,,,,,,,,
,3807630712.70,300.001,,,,,,,,
,3807630732.72,300.0006,,,,,,,,
,3807630752.74,300.0008,,,,,,,,
,3807630772.79,300.0024,,,,,,,,
,3807630792.82,300.004,,,,,,,,
,3807630812.84,300.0014,,,,,,,,
,3807630832.86,299.9988,,,,,,,,
,3807630852.89,300.0014,,,,,,,,
,3807630872.94,299.9998,,,,,,,,
,3807630892.96,300.0012,,,,,,,,
,3807630912.99,299.9986,,,,,,,,
,3807630933.01,300.0004,,,,,,,,
,3807630953.04,299.9994,,,,,,,,
,3807630973.06,300.0024,,,,,,,,
,3807630993.10,300,,,,,,,,
,3807631013.15,300.001,,,,,,,,
,3807631033.18,300.0024,,,,,,,,
,3807631053.19,300.0018,,,,,,,,
,3807631073.21,300.0014,,,,,,,,
,3807631093.23,300.0008,,,,,,,,
,3807631113.30,300.0008,,,,,,,,
,3807631133.38,300.0008,,,,,,,,
,3807631153.41,300.0004,,,,,,,,
,3807631173.48,300,,,,,,,,
,3807631193.51,300.0004,,,,,,,,
,3807631213.54,299.9992,,,,,,,,
,3807631233.54,300.0002,,,,,,,,
,3807631253.55,300.0004,,,,,,,,
,3807631273.56,300.0014,,,,,,,,
,3807631293.58,300.0008,,,,,,,,
,3807631313.61,300.0008,,,,,,,,
,3807631333.66,300.002,,,,,,,,
,3807631353.69,299.999,,,,,,,,
,3807631373.70,300.0008,,,,,,,,
,3807631393.72,300.001,,,,,,,,
,3807631413.72,300.0004,,,,,,,,
,3807631433.74,299.9992,,,,,,,,
,3807631453.76,300.0008,,,,,,,,
,3807631473.82,300.0006,,,,,,,,
,3807631493.84,300.003,,,,,,,,
,3807631513.84,299.9992,,,,,,,,
,3807631533.86,300.0018,,,,,,,,
,3807631553.94,300.0008,,,,,,,,
,3807631573.97,300.0022,,,,,,,,
,3807631594.02,299.9988,,,,,,,,
,3807631614.03,300.0018,,,,,,,,
,3807631634.06,300.0027,,,,,,,,
,3807631654.09,300.0008,,,,,,,,
,3807631674.14,300.0023,,,,,,,,
,3807631694.16,300.003,,,,,,,,
,3807631714.20,300.0006,,,,,,,,
,3807631734.25,299.9992,,,,,,,,
,3807631754.28,300.0014,,,,,,,,
,3807631774.30,299.9996,,,,,,,,
,3807631794.32,300.0018,,,,,,,,
,3807631814.33,299.9998,,,,,,,,
,3807631834.37,299.9998,,,,,,,,
,3807631854.40,299.9998,,,,,,,,
,3807631874.41,300.0006,,,,,,,,
,3807631894.44,299.998,,,,,,,,
,3807631914.44,300.0028,,,,,,,,
,3807631934.47,300.0008,,,,,,,,
,3807631954.49,300.001,,,,,,,,
,3807631974.51,300.0006,,,,,,,,
,3807631994.55,299.9992,,,,,,,,
,3807632014.55,299.9998,,,,,,,,
,3807632034.57,300.0006,,,,,,,,
,3807632054.57,300.0008,,,,,,,,
,3807632074.60,299.9998,,,,,,,,
,3807632094.64,299.9992,,,,,,,,
,3807632114.69,300.0008,,,,,,,,
,3807632134.72,300.0008,,,,,,,,
,3807632154.74,300.0018,,,,,,,,
,3807632174.79,299.9998,,,,,,,,
,3807632194.81,299.9998,,,,,,,,
,3807632214.84,300.003,,,,,,,,
,3807632234.86,299.9996,,,,,,,,
,3807632254.89,300.0014,,,,,,,,
,3807632274.94,299.9987,,,,,,,,
,3807632294.96,299.996,,,,,,,,
,3807632315.00,300.0025,,,,,,,,
,3807632335.05,300.0014,,,,,,,,
,3807632355.08,300.0016,,,,,,,,
,3807632375.11,299.9996,,,,,,,,
,3807632395.11,300.0002,,,,,,,,
,3807632415.15,299.9998,,,,,,,,
,3807632435.15,300.0018,,,,,,,,
,3807632455.19,299.9982,,,,,,,,
,3807632475.22,300.0026,,,,,,,,
,3807632495.25,299.9994,,,,,,,,
,3807632515.26,300.0008,,,,,,,,
,3807632535.32,300.001,,,,,,,,
,3807632555.36,300.0018,,,,,,,,
,3807632575.36,300.0016,,,,,,,,
,3807632595.36,300.0014,,,,,,,,
,3807632615.40,300.0023,,,,,,,,
,3807632635.45,300.0022,,,,,,,,
,3807632655.46,300.0023,,,,,,,,
,3807632675.49,300.0018,,,,,,,,
,3807632695.53,300.0023,,,,,,,,
,3807632715.57,300.0008,,,,,,,,
,3807632735.59,300.0004,,,,,,,,
,3807632755.62,299.9986,,,,,,,,
,3807632775.62,300.0031,,,,,,,,
,3807632795.62,299.9987,,,,,,,,
,3807632815.66,300.0007,,,,,,,,
,3807632835.71,300.0008,,,,,,,,
,3807632855.73,300.0023,,,,,,,,
,3807632875.76,299.9988,,,,,,,,
,3807632895.80,300.0014,,,,,,,,
,3807632915.81,300.0027,,,,,,,,
,3807632935.83,300.0018,,,,,,,,
,3807632955.87,300.0018,,,,,,,,
,3807632975.88,300.0023,,,,,,,,
,3807632995.92,300.0008,,,,,,,,
,3807633015.94,300.0022,,,,,,,,
,3807633035.97,300.0006,,,,,,,,
,3807633056.00,299.9978,,,,,,,,
,3807633076.02,300.0008,,,,,,,,
,3807633096.09,299.9988,,,,,,,,
,3807633116.09,300.0018,,,,,,,,
,3807633136.09,299.9998,,,,,,,,
,3807633156.11,300.0016,,,,,,,,
,3807633176.13,299.9986,,,,,,,,
,3807633196.16,300.0027,,,,,,,,
,3807633216.21,299.9992,,,,,,,,
,3807633236.23,300.0012,,,,,,,,
,3807633256.25,300.0008,,,,,,,,
,3807633276.28,300.0018,,,,,,,,
,3807633296.30,299.9994,,,,,,,,
,3807633316.32,300.0014,,,,,,,,
,3807633336.33,300.0032,,,,,,,,
,3807633356.37,300.0036,,,,,,,,
,3807633376.37,300.0014,,,,,,,,
,3807633396.38,300.0018,,,,,,,,
,3807633416.39,299.9998,,,,,,,,
,3807633436.42,300.0024,,,,,,,,
,3807633456.47,300.0004,,,,,,,,
,3807633476.48,299.9988,,,,,,,,
,3807633496.49,299.9996,,,,,,,,
,3807633516.49,299.9992,,,,,,,,
,3807633536.52,300.0018,,,,,,,,
,3807633556.52,299.9992,,,,,,,,
,3807633576.56,300.0018,,,,,,,,
,3807633596.59,299.9992,,,,,,,,
,3807633616.63,300.0014,,,,,,,,
,3807633636.69,300.0006,,,,,,,,
,3807633656.71,300.0032,,,,,,,,
,3807633676.74,300.0008,,,,,,,,
,3807633696.76,300.0022,,,,,,,,
,3807633716.80,300.0028,,,,,,,,
,3807633736.83,300.0024,,,,,,,,
,3807633756.88,300.0012,,,,,,,,
,3807633776.91,299.9983,,,,,,,,
,3807633796.93,300.0032,,,,,,,,
,3807633816.97,299.9992,,,,,,,,
,3807633837.02,300.0028,,,,,,,,
,3807633857.04,300.0006,,,,,,,,
,3807633877.07,300.0008,,,,,,,,
,3807633897.12,300.0002,,,,,,,,
,3807633917.14,300.0036,,,,,,,,
,3807633937.17,299.9992,,,,,,,,
,3807633957.20,300.0014,,,,,,,,
,3807633977.26,300,,,,,,,,
,3807633997.27,300.0016,,,,,,,,
,3807634017.32,299.9992,,,,,,,,
,3807634037.34,300.003,,,,,,,,
,3807634057.37,300.0004,,,,,,,,
,3807634077.42,300.0018,,,,,,,,
,3807634097.44,300,,,,,,,,
,3807634117.48,300.0004,,,,,,,,
,3807634137.50,300.0004,,,,,,,,
,3807634157.50,300.0034,,,,,,,,
,3807634177.52,300.0018,,,,,,,,
,3807634197.53,300.0024,,,,,,,,
,3807634217.58,300.0014,,,,,,,,
,3807634237.61,300.0018,,,,,,,,
,3807634257.66,300.0026,,,,,,,,
,3807634277.68,299.9998,,,,,,,,
,3807634297.69,300.0036,,,,,,,,
,3807634317.71,300.0008,,,,,,,,
,3807634337.77,300.0024,,,,,,,,
,3807634357.79,299.999,,,,,,,,
,3807634377.82,300.0018,,,,,,,,
,3807634397.85,299.9978,,,,,,,,
,3807634417.86,300.0018,,,,,,,,
,3807634437.89,299.9998,,,,,,,,
,3807634457.89,300.0004,,,,,,,,
,3807634477.90,300.0018,,,,,,,,
,3807634497.91,300.0024,,,,,,,,
,3807634517.94,300.0014,,,,,,,,
,3807634537.94,300.0018,,,,,,,,
,3807634557.94,300.0002,,,,,,,,
,3807634577.96,300.0018,,,,,,,,
,3807634597.96,300.0014,,,,,,,,
,3807634617.98,300.0016,,,,,,,,
,3807634638.05,300.003,,,,,,,,
,3807634658.10,300.0006,,,,,,,,
,3807634678.12,300.0024,,,,,,,,
,3807634698.13,300.0018,,,,,,,,
,3807634718.15,300.0014,,,,,,,,
,3807634738.17,300.0028,,,,,,,,
,3807634758.21,300.001,,,,,,,,
,3807634778.21,300.0018,,,,,,,,
,3807634798.23,300.0026,,,,,,,,
,3807634818.23,300.0034,,,,,,,,
,3807634838.25,300.002,,,,,,,,
,3807634858.27,300.0018,,,,,,,,
,3807634878.30,300.0014,,,,,,,,
,3807634898.33,299.9992,,,,,,,,
,3807634918.35,300.0028,,,,,,,,
,3807634938.35,299.998,,,,,,,,
,3807634958.37,300.0012,,,,,,,,
,3807634978.39,299.9988,,,,,,,,
,3807634998.44,300.0008,,,,,,,,
,3807635018.48,299.9982,,,,,,,,
,3807635038.49,300.0014,,,,,,,,
,3807635058.53,300.0008,,,,,,,,
,3807635078.56,300.0008,,,,,,,,
,3807635098.56,299.9988,,,,,,,,
,3807635118.63,300.003,,,,,,,,
,3807635138.67,299.9978,,,,,,,,
,3807635158.69,299.9996,,,,,,,,
,3807635178.71,300.0024,,,,,,,,
,3807635198.74,299.9951,,,,,,,,
,3807635218.76,299.9982,,,,,,,,
,3807635238.80,299.9966,,,,,,,,
,3807635258.82,300.0014,,,,,,,,
,3807635278.85,299.9974,,,,,,,,
,3807635298.87,300.0024,,,,,,,,
,3807635318.88,300.0027,,,,,,,,
,3807635338.91,299.9956,,,,,,,,
,3807635358.91,300.004,,,,,,,,
,3807635378.92,299.9972,,,,,,,,
,3807635398.96,300.003,,,,,,,,
,3807635418.98,299.9958,,,,,,,,
,3807635438.98,300.0012,,,,,,,,
,3807635459.00,299.9988,,,,,,,,
,3807635479.01,299.9994,,,,,,,,
,3807635499.04,299.9984,,,,,,,,
,3807635519.04,300.0023,,,,,,,,
,3807635539.07,299.9972,,,,,,,,
,3807635559.12,299.9974,,,,,,,,
,3807635579.14,299.9962,,,,,,,,
,3807635599.15,300.0008,,,,,,,,
,3807635619.17,299.9968,,,,,,,,
,3807635639.18,299.9962,,,,,,,,
,3807635659.22,300.0049,,,,,,,,
,3807635679.24,300.0018,,,,,,,,
,3807635699.35,300,,,,,,,,
,3807635719.38,299.996,,,,,,,,
,3807635739.39,299.9966,,,,,,,,
,3807635759.42,300.0018,,,,,,,,
,3807635779.42,300.0006,,,,,,,,
,3807635799.44,299.9974,,,,,,,,
,3807635819.49,299.9978,,,,,,,,
,3807635839.51,299.995,,,,,,,,
,3807635859.56,300.001,,,,,,,,
,3807635879.61,299.9988,,,,,,,,
,3807635899.64,300.0008,,,,,,,,
,3807635919.64,299.9982,,,,,,,,
,3807635939.72,299.9956,,,,,,,,
,3807635959.76,299.9962,,,,,,,,
,3807635979.79,300.0022,,,,,,,,
,3807635999.80,299.9972,,,,,,,,
,3807636019.83,299.9968,,,,,,,,
,3807636039.86,299.9972,,,,,,,,
,3807636059.91,299.9992,,,,,,,,
,3807636079.97,300.0006,,,,,,,,
,3807636100.03,299.9978,,,,,,,,
,3807636120.04,299.9978,,,,,,,,
,3807636140.08,300.0008,,,,,,,,
,3807636160.10,300.0006,,,,,,,,
,3807636180.14,300.0008,,,,,,,,
,3807636200.15,299.996,,,,,,,,
,3807636220.18,299.9958,,,,,,,,
,3807636240.22,300.0008,,,,,,,,
,3807636260.26,300.004,,,,,,,,
,3807636280.31,299.9948,,,,,,,,
,3807636300.33,299.9978,,,,,,,,
,3807636320.37,299.9966,,,,,,,,
,3807636340.42,300.0023,,,,,,,,
,3807636360.42,299.9978,,,,,,,,
,3807636380.43,299.9956,,,,,,,,
,3807636400.45,299.9978,,,,,,,,
,3807636420.46,300.0014,,,,,,,,
,3807636440.50,300.003,,,,,,,,
,3807636460.53,299.9982,,,,,,,,
,3807636480.56,299.9943,,,,,,,,
,3807636500.60,300.0008,,,,,,,,
,3807636520.63,299.9998,,,,,,,,
,3807636540.65,300.004,,,,,,,,
,3807636560.69,299.9982,,,,,,,,
,3807636580.69,300.0036,,,,,,,,
,3807636600.75,300.0006,,,,,,,,
,3807636620.77,299.9988,,,,,,,,
,3807636640.77,299.9947,,,,,,,,
,3807636660.81,299.9966,,,,,,,,
,3807636680.83,299.9986,,,,,,,,
,3807636700.86,299.9998,,,,,,,,
,3807636720.88,299.997,,,,,,,,
,3807636740.91,299.9952,,,,,,,,
,3807636760.95,299.9956,,,,,,,,
,3807636780.98,299.9966,,,,,,,,
,3807636800.98,299.9994,,,,,,,,
,3807636821.02,299.9972,,,,,,,,
,3807636841.02,300.0038,,,,,,,,
,3807636861.04,299.9976,,,,,,,,
,3807636881.07,299.9958,,,,,,,,
,3807636901.08,300.0024,,,,,,,,
,3807636921.13,300.0016,,,,,,,,
,3807636941.13,299.9982,,,,,,,,
,3807636961.14,299.9974,,,,,,,,
,3807636981.17,300.0034,,,,,,,,
,3807637001.19,300.0014,,,,,,,,
,3807637021.21,300.0012,,,,,,,,
,3807637041.25,299.9969,,,,,,,,
,3807637061.27,299.9955,,,,,,,,
,3807637081.32,300.0008,,,,,,,,
,3807637101.34,299.9968,,,,,,,,
,3807637121.37,299.9978,,,,,,,,
,3807637141.39,299.9952,,,,,,,,
,3807637161.42,300.003,,,,,,,,
,3807637181.44,300.004,,,,,,,,
,3807637201.46,299.9962,,,,,,,,
,3807637221.48,299.9988,,,,,,,,
,3807637241.51,300.0004,,,,,,,,
,3807637261.56,299.9982,,,,,,,,
,3807637281.58,299.9958,,,,,,,,
,3807637301.58,299.998,,,,,,,,
,3807637321.60,300.0012,,,,,,,,
,3807637341.64,299.9998,,,,,,,,
,3807637361.64,300.0018,,,,,,,,
,3807637381.67,300.001,,,,,,,,
,3807637401.68,300.0018,,,,,,,,
,3807637421.69,300.0026,,,,,,,,
,3807637441.71,300.0034,,,,,,,,
,3807637461.75,300.0022,,,,,,,,
,3807637481.75,300.0026,,,,,,,,
,3807637501.75,300.0035,,,,,,,,
,3807637521.77,299.9988,,,,,,,,
,3807637541.79,300.0012,,,,,,,,
,3807637561.79,299.9978,,,,,,,,
,3807637581.82,299.9978,,,,,,,,
,3807637601.84,299.9984,,,,,,,,
,3807637621.86,300.0014,,,,,,,,
,3807637641.90,300.0026,,,,,,,,
,3807637661.95,300.0008,,,,,,,,
,3807637681.97,300.0008,,,,,,,,
,3807637702.00,300.0023,,,,,,,,
,3807637722.02,300.003,,,,,,,,
,3807637742.03,300.0031,,,,,,,,
,3807637762.04,300.0018,,,,,,,,
,3807637782.04,299.9981,,,,,,,,
,3807637802.06,299.9982,,,,,,,,
,3807637822.09,300.0008,,,,,,,,
,3807637842.10,300.0027,,,,,,,,
,3807637862.12,300.002,,,,,,,,
,3807637882.15,300.0006,,,,,,,,
,3807637902.20,299.9996,,,,,,,,
,3807637922.21,299.9988,,,,,,,,
,3807637942.23,299.9988,,,,,,,,
,3807637962.25,300.006,,,,,,,,
,3807637982.29,299.9986,,,,,,,,
,3807638002.34,300.0018,,,,,,,,
,3807638022.38,299.9988,,,,,,,,
,3807638042.42,299.9982,,,,,,,,
,3807638062.44,300.0043,,,,,,,,
,3807638082.46,300.005,,,,,,,,
,3807638102.51,300.0006,,,,,,,,
,3807638122.57,300.001,,,,,,,,
,3807638142.60,300.0016,,,,,,,,
,3807638162.65,299.9972,,,,,,,,
,3807638182.66,299.9972,,,,,,,,
,3807638202.69,299.997,,,,,,,,
,3807638222.71,300.0004,,,,,,,,
,3807638242.76,299.9988,,,,,,,,
,3807638262.76,299.998,,,,,,,,
,3807638282.81,299.9982,,,,,,,,
,3807638302.83,300.0008,,,,,,,,
,3807638322.86,299.9982,,,,,,,,
,3807638342.90,300.0053,,,,,,,,
,3807638362.93,299.9982,,,,,,,,
,3807638382.97,299.996,,,,,,,,
,3807638403.00,299.9982,,,,,,,,
,3807638423.05,299.9998,,,,,,,,
,3807638443.05,300.0014,,,,,,,,
,3807638463.05,299.9966,,,,,,,,
,3807638483.09,299.9972,,,,,,,,
,3807638503.14,299.9978,,,,,,,,
,3807638523.17,299.9994,,,,,,,,
,3807638543.18,299.9994,,,,,,,,
,3807638563.18,300.0012,,,,,,,,
,3807638583.21,299.9998,,,,,,,,
,3807638603.23,300.0004,,,,,,,,
,3807638623.25,300.0053,,,,,,,,
,3807638643.27,299.9986,,,,,,,,
,3807638663.29,299.997,,,,,,,,
,3807638683.31,300.0008,,,,,,,,
,3807638703.32,300.0023,,,,,,,,
,3807638723.34,299.9994,,,,,,,,
,3807638743.37,299.9966,,,,,,,,
,3807638763.39,300.0056,,,,,,,,
,3807638783.42,299.9982,,,,,,,,
,3807638803.46,300.0036,,,,,,,,
,3807638823.48,300.0008,,,,,,,,
,3807638843.48,300.0023,,,,,,,,
,3807638863.52,299.9982,,,,,,,,
,3807638883.52,299.9943,,,,,,,,
,3807638903.57,299.9972,,,,,,,,
,3807638923.59,299.9966,,,,,,,,
,3807638943.62,299.9996,,,,,,,,
,3807638963.65,300.0004,,,,,,,,
,3807638983.66,299.9982,,,,,,,,
,3807639003.71,300.0036,,,,,,,,
,3807639023.72,299.9988,,,,,,,,
,3807639043.75,300.0044,,,,,,,,
,3807639063.76,299.9988,,,,,,,,
,3807639083.78,300.0014,,,,,,,,
,3807639103.80,299.9998,,,,,,,,
,3807639123.83,300.0043,,,,,,,,
,3807639143.86,300.0044,,,,,,,,
,3807639163.89,299.9982,,,,,,,,
,3807639183.91,300.0057,,,,,,,,
,3807639203.92,300.0031,,,,,,,,
,3807639223.95,300.0038,,,,,,,,
,3807639243.97,299.9998,,,,,,,,
,3807639264.02,299.9978,,,,,,,,
,3807639284.02,299.9982,,,,,,,,
,3807639304.06,299.9992,,,,,,,,
,3807639324.07,299.9956,,,,,,,,
,3807639344.10,299.9978,,,,,,,,
,3807639364.12,299.9994,,,,,,,,
,3807639384.13,300.0008,,,,,,,,
,3807639404.14,300.0008,,,,,,,,
,3807639424.15,300.0071,,,,,,,,
,3807639444.18,300.0049,,,,,,,,
,3807639464.21,300.0008,,,,,,,,
,3807639484.23,299.9982,,,,,,,,
,3807639504.25,300.0035,,,,,,,,
,3807639524.28,300.0014,,,,,,,,
,3807639544.28,300.0006,,,,,,,,
,3807639564.32,299.9972,,,,,,,,
,3807639584.34,299.9996,,,,,,,,
,3807639604.39,299.9978,,,,,,,,
,3807639624.41,299.9978,,,,,,,,
,3807639644.43,299.9962,,,,,,,,
,3807639664.46,299.9998,,,,,,,,
,3807639684.48,300.002,,,,,,,,
,3807639704.51,299.9988,,,,,,,,
,3807639724.53,299.9978,,,,,,,,
,3807639744.53,299.9966,,,,,,,,
,3807639764.55,299.9982,,,,,,,,
,3807639784.58,299.9978,,,,,,,,
,3807639804.60,299.9994,,,,,,,,
,3807639824.60,300.0005,,,,,,,,
,3807639844.65,300.003,,,,,,,,
,3807639864.67,299.9976,,,,,,,,
,3807639884.70,299.9988,,,,,,,,
,3807639904.73,299.9988,,,,,,,,
,3807639924.75,299.9992,,,,,,,,
,3807639944.79,300.0008,,,,,,,,
,3807639964.80,300.0004,,,,,,,,
,3807639984.81,299.9978,,,,,,,,
,3807640004.86,299.9986,,,,,,,,
,3807640024.90,299.9988,,,,,,,,
,3807640044.97,299.9976,,,,,,,,
,3807640065.02,300.0042,,,,,,,,
,3807640085.04,299.9992,,,,,,,,
,3807640105.08,300.0006,,,,,,,,
,3807640125.10,299.9986,,,,,,,,
,3807640145.12,299.9968,,,,,,,,
,3807640165.14,299.9986,,,,,,,,
,3807640185.17,299.9992,,,,,,,,
,3807640205.21,299.9998,,,,,,,,
,3807640225.25,299.9992,,,,,,,,
,3807640245.27,300.0042,,,,,,,,
,3807640265.32,300.0052,,,,,,,,
,3807640285.34,299.9982,,,,,,,,
,3807640305.39,300.0004,,,,,,,,
,3807640325.41,299.9988,,,,,,,,
,3807640345.43,299.9988,,,,,,,,
,3807640365.45,299.9996,,,,,,,,
,3807640385.45,300.0008,,,,,,,,
,3807640405.48,299.9982,,,,,,,,
,3807640425.51,299.9968,,,,,,,,
,3807640445.53,299.9992,,,,,,,,
,3807640465.55,299.9972,,,,,,,,
,3807640485.57,299.9988,,,,,,,,
,3807640505.57,299.9992,,,,,,,,
,3807640525.59,300.0008,,,,,,,,
,3807640545.60,300.0008,,,,,,,,
,3807640565.62,299.9982,,,,,,,,
,3807640585.62,299.9982,,,,,,,,
,3807640605.64,300.0004,,,,,,,,
,3807640625.67,300.001,,,,,,,,
,3807640645.68,299.9992,,,,,,,,
,3807640665.73,300.0008,,,,,,,,
,3807640685.78,299.9986,,,,,,,,
,3807640705.80,299.9978,,,,,,,,
,3807640725.80,299.9996,,,,,,,,
,3807640745.84,299.9998,,,,,,,,
,3807640765.86,299.9978,,,,,,,,
,3807640785.88,299.9992,,,,,,,,
,3807640805.88,299.9992,,,,,,,,
,3807640825.92,300.0008,,,,,,,,
,3807640845.94,299.9972,,,,,,,,
,3807640865.95,299.9974,,,,,,,,
,3807640886.01,299.9978,,,,,,,,
,3807640906.06,299.9972,,,,,,,,
,3807640926.06,299.9982,,,,,,,,
,3807640946.08,300.0008,,,,,,,,
,3807640966.09,299.9988,,,,,,,,
,3807640986.09,300.0004,,,,,,,,
,3807641006.13,299.9974,,,,,,,,
,3807641026.16,299.9962,,,,,,,,
,3807641046.18,300.0043,,,,,,,,
,3807641066.22,299.9992,,,,,,,,
,3807641086.24,300.0014,,,,,,,,
,3807641106.26,300.0008,,,,,,,,
,3807641126.29,300.0045,,,,,,,,
,3807641146.31,299.9982,,,,,,,,
,3807641166.33,299.9981,,,,,,,,
,3807641186.37,299.9992,,,,,,,,
,3807641206.37,300.0006,,,,,,,,
,3807641226.37,300,,,,,,,,
,3807641246.37,300.0018,,,,,,,,
,3807641266.40,299.998,,,,,,,,
,3807641286.41,299.9974,,,,,,,,
,3807641306.44,300.0044,,,,,,,,
,3807641326.48,299.9966,,,,,,,,
,3807641346.48,299.9998,,,,,,,,
,3807641366.52,299.9992,,,,,,,,
,3807641386.53,299.998,,,,,,,,
,3807641406.55,300.0006,,,,,,,,
,3807641426.59,299.9998,,,,,,,,
,3807641446.61,299.9966,,,,,,,,
,3807641466.66,299.9988,,,,,,,,
,3807641486.66,299.9988,,,,,,,,
,3807641506.69,299.9982,,,,,,,,
,3807641526.73,299.9998,,,,,,,,
,3807641546.73,300.0008,,,,,,,,
,3807641566.79,299.9972,,,,,,,,
,3807641586.82,299.9956,,,,,,,,
,3807641606.84,299.9988,,,,,,,,
,3807641626.88,299.9992,,,,,,,,
,3807641646.88,300.0031,,,,,,,,
,3807641666.90,299.9982,,,,,,,,
,3807641686.92,300,,,,,,,,
,3807641706.95,300.0008,,,,,,,,
,3807641726.97,300.0016,,,,,,,,
,3807641746.97,299.9976,,,,,,,,
,3807641766.99,299.9988,,,,,,,,
,3807641786.99,299.9978,,,,,,,,
,3807641807.01,300.0036,,,,,,,,
,3807641827.05,300.0053,,,,,,,,
,3807641847.10,300.0014,,,,,,,,
,3807641867.13,300,,,,,,,,
,3807641887.18,299.9978,,,,,,,,
,3807641907.18,299.9984,,,,,,,,
,3807641927.23,300.0023,,,,,,,,
,3807641947.25,299.9972,,,,,,,,
,3807641967.30,299.9982,,,,,,,,
,3807641987.32,300.0016,,,,,,,,
,3807642007.37,300.0035,,,,,,,,
,3807642027.40,299.9982,,,,,,,,
,3807642047.42,300.0008,,,,,,,,
,3807642067.49,299.9962,,,,,,,,
,3807642087.52,299.9956,,,,,,,,
,3807642107.55,300.0018,,,,,,,,
,3807642127.56,299.9968,,,,,,,,
,3807642147.62,299.996,,,,,,,,
,3807642167.67,299.9998,,,,,,,,
,3807642187.72,299.9962,,,,,,,,
,3807642207.72,299.999,,,,,,,,
,3807642227.76,300.0034,,,,,,,,
,3807642247.76,299.9974,,,,,,,,
,3807642267.83,299.9978,,,,,,,,
,3807642287.84,300.0008,,,,,,,,
,3807642307.88,300.0043,,,,,,,,
,3807642327.91,299.9946,,,,,,,,
,3807642347.95,299.9962,,,,,,,,
,3807642367.97,300.0008,,,,,,,,
,3807642388.02,299.9978,,,,,,,,
,3807642408.04,299.9998,,,,,,,,
,3807642428.08,299.9974,,,,,,,,
,3807642448.12,300.0045,,,,,,,,
,3807642468.17,300.0043,,,,,,,,
,3807642488.18,299.9986,,,,,,,,
,3807642508.23,299.999,,,,,,,,
,3807642528.28,300.0018,,,,,,,,
,3807642548.30,299.9968,,,,,,,,
,3807642568.34,299.998,,,,,,,,
,3807642588.35,300.0026,,,,,,,,
,3807642608.39,299.9982,,,,,,,,
,3807642628.44,299.9956,,,,,,,,
,3807642648.47,300.003,,,,,,,,
,3807642668.49,299.9966,,,,,,,,
,3807642688.51,299.9966,,,,,,,,
,3807642708.53,300.003,,,,,,,,
,3807642728.56,299.9976,,,,,,,,
,3807642748.58,299.9992,,,,,,,,
,3807642768.66,300.0016,,,,,,,,
,3807642788.69,299.9976,,,,,,,,
,3807642808.73,299.9972,,,,,,,,
,3807642828.76,300.0014,,,,,,,,
,3807642848.80,299.9982,,,,,,,,
,3807642868.83,299.9968,,,,,,,,
,3807642888.86,299.9966,,,,,,,,
,3807642908.91,299.9966,,,,,,,,
,3807642928.91,300.0004,,,,,,,,
,3807642948.92,299.996,,,,,,,,
,3807642968.92,299.998,,,,,,,,
,3807642988.94,300.0006,,,,,,,,
,3807643008.99,300.005,,,,,,,,
,3807643029.01,299.9972,,,,,,,,
,3807643049.03,300.0012,,,,,,,,
,3807643069.05,300.0039,,,,,,,,
,3807643089.06,299.9968,,,,,,,,
,3807643109.08,299.9992,,,,,,,,
,3807643129.10,299.9966,,,,,,,,
,3807643149.11,299.9966,,,,,,,,
,3807643169.13,300.0018,,,,,,,,
,3807643189.14,299.9992,,,,,,,,
,3807643209.16,299.9982,,,,,,,,
,3807643229.18,300.0016,,,,,,,,
,3807643249.19,299.9972,,,,,,,,
,3807643269.21,299.9982,,,,,,,,
,3807643289.23,299.9982,,,,,,,,
,3807643309.24,299.9976,,,,,,,,
,3807643329.26,299.9992,,,,,,,,
,3807643349.28,299.9972,,,,,,,,
,3807643369.29,299.9986,,,,,,,,
,3807643389.31,299.9968,,,,,,,,
,3807643409.32,299.9992,,,,,,,,
,3807643429.34,300.0016,,,,,,,,
,3807643449.36,299.9962,,,,,,,,
,3807643469.37,299.9978,,,,,,,,
,3807643489.39,299.9978,,,,,,,,
,3807643509.41,299.9982,,,,,,,,
,3807643529.43,300.0014,,,,,,,,
,3807643549.45,299.9988,,,,,,,,
,3807643569.46,299.9992,,,,,,,,
,3807643589.48,300.0008,,,,,,,,
,3807643609.49,299.9996,,,,,,,,
,3807643629.51,300.0007,,,,,,,,
,3807643649.53,299.9994,,,,,,,,
,3807643669.55,299.9987,,,,,,,,
,3807643689.56,300.0006,,,,,,,,
,3807643709.58,299.9962,,,,,,,,
,3807643729.59,299.9982,,,,,,,,
,3807643749.61,299.9985,,,,,,,,
,3807643769.62,299.9988,,,,,,,,
,3807643789.64,300.0018,,,,,,,,
,3807643809.66,299.998,,,,,,,,
,3807643829.68,299.9988,,,,,,,,
,3807643849.69,299.9998,,,,,,,,
,3807643869.71,299.9998,,,,,,,,
,3807643889.73,299.9998,,,,,,,,
,3807643909.74,299.998,,,,,,,,
,3807643929.76,299.9992,,,,,,,,
,3807643949.78,300.0004,,,,,,,,
,3807643969.79,299.9982,,,,,,,,
,3807643989.81,300.0006,,,,,,,,
,3807644009.82,299.9984,,,,,,,,
,3807644029.84,299.999,,,,,,,,
,3807644049.86,300.001,,,,,,,,
,3807644069.87,299.9996,,,,,,,,
,3807644089.89,299.9972,,,,,,,,
,3807644109.90,299.9988,,,,,,,,
,3807644129.92,299.9981,,,,,,,,
,3807644149.93,299.9989,,,,,,,,
,3807644169.95,299.9978,,,,,,,,
,3807644189.97,299.9966,,,,,,,,
,3807644209.99,299.999,,,,,,,,
,3807644230.01,299.9986,,,,,,,,
,3807644250.05,300.0008,,,,,,,,
,3807644270.06,299.9982,,,,,,,,
,3807644290.08,299.9978,,,,,,,,
,3807644310.09,300.0008,,,,,,,,
,3807644330.11,299.9978,,,,,,,,
,3807644350.13,300.0008,,,,,,,,
,3807644370.14,299.9956,,,,,,,,
,3807644390.15,299.9972,,,,,,,,
,3807644410.15,299.9998,,,,,,,,
,3807644430.17,299.9992,,,,,,,,
,3807644450.19,300.0004,,,,,,,,
,3807644470.22,299.9978,,,,,,,,
,3807644490.23,299.9988,,,,,,,,
,3807644510.23,300.0003,,,,,,,,
,3807644530.25,299.9976,,,,,,,,
,3807644550.27,299.9981,,,,,,,,
,3807644570.27,299.9992,,,,,,,,
,3807644590.29,299.9977,,,,,,,,
,3807644610.38,300.0015,,,,,,,,
,3807644630.47,299.9978,,,,,,,,
,3807644650.54,299.9977,,,,,,,,
,3807644670.58,300.0023,,,,,,,,
,3807644690.58,299.9968,,,,,,,,
,3807644710.58,299.9981,,,,,,,,
,3807644730.62,300.0003,,,,,,,,
,3807644750.62,299.9987,,,,,,,,
,3807644770.64,299.9991,,,,,,,,
,3807644790.64,299.9975,,,,,,,,
,3807644810.66,299.9966,,,,,,,,
,3807644830.68,299.9991,,,,,,,,
,3807644850.68,299.9985,,,,,,,,
,3807644870.70,300.0008,,,,,,,,
,3807644890.72,299.9981,,,,,,,,
,3807644910.72,299.9994,,,,,,,,
,3807644930.77,300.0013,,,,,,,,
,3807644950.78,299.9972,,,,,,,,
,3807644970.79,300.0023,,,,,,,,
,3807644990.82,299.9971,,,,,,,,
,3807645010.84,299.9969,,,,,,,,
,3807645030.86,299.9998,,,,,,,,
,3807645050.89,299.9974,,,,,,,,
,3807645070.94,299.998,,,,,,,,
,3807645090.96,299.9976,,,,,,,,
,3807645110.99,299.9986,,,,,,,,
,3807645131.00,300.0013,,,,,,,,
,3807645151.04,299.9982,,,,,,,,
,3807645171.07,299.9991,,,,,,,,
,3807645191.07,299.9992,,,,,,,,
,3807645211.09,299.9976,,,,,,,,
,3807645231.10,300.0008,,,,,,,,
,3807645251.10,299.9982,,,,,,,,
,3807645271.12,299.9988,,,,,,,,
,3807645291.13,300.0004,,,,,,,,
,3807645311.15,299.9987,,,,,,,,
,3807645331.16,299.9981,,,,,,,,
,3807645351.16,299.9978,,,,,,,,
,3807645371.18,299.9992,,,,,,,,
,3807645391.18,300.0016,,,,,,,,
,3807645411.20,300.0005,,,,,,,,
,3807645431.20,300.0002,,,,,,,,
,3807645451.22,299.9978,,,,,,,,
,3807645471.22,299.9988,,,,,,,,
,3807645491.22,300.0018,,,,,,,,
,3807645511.23,299.9972,,,,,,,,
,3807645531.25,299.998,,,,,,,,
,3807645551.25,299.9978,,,,,,,,
,3807645571.25,299.998,,,,,,,,
,3807645591.29,300.0008,,,,,,,,
,3807645611.29,299.9978,,,,,,,,
,3807645631.29,300.0006,,,,,,,,
,3807645651.31,299.9984,,,,,,,,
,3807645671.31,299.9974,,,,,,,,
,3807645691.33,300.0014,,,,,,,,
,3807645711.35,299.9978,,,,,,,,
,3807645731.37,300.0014,,,,,,,,
,3807645751.39,299.9978,,,,,,,,
,3807645771.42,299.9978,,,,,,,,
,3807645791.45,300.0018,,,,,,,,
,3807645811.49,299.9962,,,,,,,,
,3807645831.52,299.9956,,,,,,,,
,3807645851.56,299.9986,,,,,,,,
,3807645871.60,299.9982,,,,,,,,
,3807645891.63,300.0008,,,,,,,,
,3807645911.67,299.9982,,,,,,,,
,3807645931.70,299.9978,,,,,,,,
,3807645951.75,299.999,,,,,,,,
,3807645971.80,299.9978,,,,,,,,
,3807645991.82,300,,,,,,,,
,3807646011.85,300.0038,,,,,,,,
,3807646031.86,300.0035,,,,,,,,
,3807646051.87,299.9998,,,,,,,,
,3807646071.87,299.9962,,,,,,,,
,3807646091.88,299.9972,,,,,,,,
,3807646111.90,300.0018,,,,,,,,
,3807646131.90,300.0018,,,,,,,,
,3807646151.90,299.9974,,,,,,,,
,3807646171.91,300.0008,,,,,,,,
,3807646191.92,299.9982,,,,,,,,
,3807646211.94,300.0034,,,,,,,,
,3807646231.96,299.9982,,,,,,,,
,3807646251.96,300.0026,,,,,,,,
,3807646271.96,299.9996,,,,,,,,
,3807646291.97,300.0014,,,,,,,,
,3807646311.99,299.9986,,,,,,,,
,3807646331.99,300.0042,,,,,,,,
,3807646352.00,299.9982,,,,,,,,
,3807646372.00,300.0018,,,,,,,,
,3807646392.00,299.9982,,,,,,,,
,3807646412.02,300.0012,,,,,,,,
,3807646432.03,299.9992,,,,,,,,
,3807646452.04,300.003,,,,,,,,
,3807646472.07,299.9988,,,,,,,,
,3807646492.07,300.002,,,,,,,,
,3807646512.07,300.0002,,,,,,,,
,3807646532.09,300.0026,,,,,,,,
,3807646552.10,299.9982,,,,,,,,
,3807646572.15,300.0026,,,,,,,,
,3807646592.15,299.9982,,,,,,,,
,3807646612.15,300.0024,,,,,,,,
,3807646632.17,299.9998,,,,,,,,
,3807646652.19,300.0008,,,,,,,,
,3807646672.22,299.9992,,,,,,,,
,3807646692.26,300.0008,,,,,,,,
,3807646712.26,300.0026,,,,,,,,
,3807646732.26,300.0026,,,,,,,,
,3807646752.28,300.0024,,,,,,,,
,3807646772.30,300.002,,,,,,,,
,3807646792.30,300.0034,,,,,,,,
,3807646812.30,300.0026,,,,,,,,
,3807646832.31,300.001,,,,,,,,
,3807646852.32,300.003,,,,,,,,
,3807646872.35,300.002,,,,,,,,
,3807646892.39,300.003,,,,,,,,
,3807646912.43,300.003,,,,,,,,
,3807646932.45,300.0016,,,,,,,,
,3807646952.47,300.0039,,,,,,,,
,3807646972.48,300.0014,,,,,,,,
,3807646992.49,300.003,,,,,,,,
,3807647012.50,300.0035,,,,,,,,
,3807647032.52,300.0023,,,,,,,,
,3807647052.54,300.0008,,,,,,,,
,3807647072.54,300.0018,,,,,,,,
,3807647092.55,300.0022,,,,,,,,
,3807647112.59,300.0026,,,,,,,,
,3807647132.60,300.0012,,,,,,,,
,3807647152.62,300.0018,,,,,,,,
,3807647172.62,300.0014,,,,,,,,
,3807647192.64,300.0032,,,,,,,,
,3807647212.65,300.0018,,,,,,,,
,3807647232.69,300.0031,,,,,,,,
,3807647252.72,300.0018,,,,,,,,
,3807647272.72,299.9982,,,,,,,,
,3807647292.76,300.0013,,,,,,,,
,3807647312.78,300.0014,,,,,,,,
,3807647332.80,300.0004,,,,,,,,
,3807647352.80,300.0006,,,,,,,,
,3807647372.80,299.9998,,,,,,,,
,3807647392.80,299.9988,,,,,,,,
,3807647412.82,300.0008,,,,,,,,
,3807647432.86,300.0018,,,,,,,,
,3807647452.88,300.0008,,,,,,,,
,3807647472.89,300,,,,,,,,
,3807647492.91,300.0014,,,,,,,,
,3807647512.95,299.9996,,,,,,,,
,3807647532.96,300.0006,,,,,,,,
,3807647553.00,300.0018,,,,,,,,
,3807647573.02,299.9988,,,,,,,,
,3807647593.04,300.0008,,,,,,,,
,3807647613.04,300.0006,,,,,,,,
,3807647633.06,300.0002,,,,,,,,
,3807647653.06,299.9984,,,,,,,,
,3807647673.08,300.0018,,,,,,,,
,3807647693.08,299.9989,,,,,,,,
,3807647713.12,300.0016,,,,,,,,
,3807647733.12,299.9988,,,,,,,,
,3807647753.15,300.0022,,,,,,,,
,3807647773.17,300.001,,,,,,,,
,3807647793.20,300.0028,,,,,,,,
,3807647813.23,300.0004,,,,,,,,
,3807647833.24,299.9996,,,,,,,,
,3807647853.28,300.0018,,,,,,,,
,3807647873.29,300.001,,,,,,,,
,3807647893.31,300.002,,,,,,,,
,3807647913.33,300.0008,,,,,,,,
,3807647933.35,300.0008,,,,,,,,
,3807647953.40,300.0004,,,,,,,,
,3807647973.40,300.0027,,,,,,,,
,3807647993.43,299.9994,,,,,,,,
,3807648013.44,300.0006,,,,,,,,
,3807648033.47,300,,,,,,,,
,3807648053.49,300.0006,,,,,,,,
,3807648073.51,299.9982,,,,,,,,
,3807648093.51,300.0008,,,,,,,,
,3807648113.56,300.0016,,,,,,,,
,3807648133.56,300.0018,,,,,,,,
,3807648153.61,300.0024,,,,,,,,
,3807648173.67,300.0023,,,,,,,,
,3807648193.72,300.0014,,,,,,,,
,3807648213.73,300.0004,,,,,,,,
,3807648233.75,300.0018,,,,,,,,
,3807648253.77,300.0018,,,,,,,,
,3807648273.82,300.0014,,,,,,,,
,3807648293.85,299.9988,,,,,,,,
,3807648313.90,300.0026,,,,,,,,
,3807648333.94,299.9998,,,,,,,,
,3807648353.97,300.0023,,,,,,,,
,3807648373.99,299.9981,,,,,,,,
,3807648394.02,300.0018,,,,,,,,
,3807648414.05,299.9979,,,,,,,,
,3807648434.11,300.0018,,,,,,,,
,3807648454.12,299.9973,,,,,,,,
,3807648474.16,300.0008,,,,,,,,
,3807648494.18,300.0004,,,,,,,,
,3807648514.18,300.0014,,,,,,,,
,3807648534.18,300.0007,,,,,,,,
,3807648554.21,300.0017,,,,,,,,
,3807648574.25,299.9991,,,,,,,,
,3807648594.25,300.0004,,,,,,,,
,3807648614.29,300.0034,,,,,,,,
,3807648634.29,300.0014,,,,,,,,
,3807648654.33,300,,,,,,,,
,3807648674.36,300.0001,,,,,,,,
,3807648694.36,300.0017,,,,,,,,
,3807648714.42,300.0007,,,,,,,,
,3807648734.43,300.0007,,,,,,,,
,3807648754.46,300.0027,,,,,,,,
,3807648774.46,300.0016,,,,,,,,
,3807648794.48,300.0012,,,,,,,,
,3807648814.52,300.0031,,,,,,,,
,3807648834.52,299.9992,,,,,,,,
,3807648854.52,300.0004,,,,,,,,
,3807648874.59,299.9998,,,,,,,,
,3807648894.60,300.0027,,,,,,,,
,3807648914.62,299.9986,,,,,,,,
,3807648934.62,300.0023,,,,,,,,
,3807648954.64,299.9992,,,,,,,,
,3807648974.66,300.0008,,,,,,,,
,3807648994.70,299.9996,,,,,,,,
,3807649014.73,300.0031,,,,,,,,
,3807649034.75,299.9982,,,,,,,,
,3807649054.76,299.9996,,,,,,,,
,3807649074.78,299.9982,,,,,,,,
,3807649094.82,299.9993,,,,,,,,
,3807649114.87,300.0018,,,,,,,,
,3807649134.93,300.0039,,,,,,,,
,3807649154.97,299.9972,,,,,,,,
,3807649174.99,299.9978,,,,,,,,
,3807649194.99,299.998,,,,,,,,
,3807649215.02,299.9977,,,,,,,,
,3807649235.04,300.0017,,,,,,,,
,3807649255.04,299.9978,,,,,,,,
,3807649275.08,299.9991,,,,,,,,
,3807649295.13,299.9971,,,,,,,,
,3807649315.16,299.9996,,,,,,,,
,3807649335.21,299.9997,,,,,,,,
,3807649355.25,300.0012,,,,,,,,
,3807649375.25,300.0035,,,,,,,,
,3807649395.27,300.0018,,,,,,,,
,3807649415.29,300.0018,,,,,,,,
,3807649435.32,299.9993,,,,,,,,
,3807649455.35,299.9988,,,,,,,,
,3807649475.36,299.9998,,,,,,,,
,3807649495.38,300.0008,,,,,,,,
,3807649515.38,299.9966,,,,,,,,
,3807649535.39,300.0017,,,,,,,,
,3807649555.44,300.003,,,,,,,,
,3807649575.47,300.0023,,,,,,,,
,3807649595.51,300.0029,,,,,,,,
,3807649615.52,300.0013,,,,,,,,
,3807649635.53,300.0031,,,,,,,,
,3807649655.55,300.0022,,,,,,,,
,3807649675.57,300.0023,,,,,,,,
,3807649695.58,299.9983,,,,,,,,
,3807649715.61,299.9995,,,,,,,,
,3807649735.67,299.9981,,,,,,,,
,3807649755.68,299.9992,,,,,,,,
,3807649775.73,300.0016,,,,,,,,
,3807649795.73,300.0043,,,,,,,,
,3807649815.73,300.0007,,,,,,,,
,3807649835.81,300.0035,,,,,,,,
,3807649855.81,300.0027,,,,,,,,
,3807649875.83,300.0014,,,,,,,,
,3807649895.87,300.0018,,,,,,,,
,3807649915.88,300.0025,,,,,,,,
,3807649935.89,300.0023,,,,,,,,
,3807649955.94,300.0021,,,,,,,,
,3807649975.97,300.0004,,,,,,,,
,3807649996.00,299.9981,,,,,,,,
,3807650016.02,299.9985,,,,,,,,
,3807650036.07,299.9978,,,,,,,,
,3807650056.08,300.0016,,,,,,,,
,3807650076.11,300.0021,,,,,,,,
,3807650096.13,300.0023,,,,,,,,
,3807650116.16,300.001,,,,,,,,
,3807650136.21,300.0031,,,,,,,,
,3807650156.26,300.0014,,,,,,,,
,3807650176.28,300.0008,,,,,,,,
,3807650196.33,300.0023,,,,,,,,
,3807650216.38,300.0027,,,,,,,,
,3807650236.41,299.9987,,,,,,,,
,3807650256.43,299.9985,,,,,,,,
,3807650276.44,300.0015,,,,,,,,
,3807650296.44,300.0023,,,,,,,,
,3807650316.45,300.0025,,,,,,,,
,3807650336.51,300.0025,,,,,,,,
,3807650356.53,300.0022,,,,,,,,
,3807650376.56,300.0031,,,,,,,,
,3807650396.62,300.0008,,,,,,,,
,3807650416.63,300.0015,,,,,,,,
,3807650436.68,300.0029,,,,,,,,
,3807650456.69,299.9987,,,,,,,,
,3807650476.71,299.9977,,,,,,,,
,3807650496.73,299.9996,,,,,,,,
,3807650516.78,300.0033,,,,,,,,
,3807650536.82,300.0039,,,,,,,,
,3807650556.85,300.0014,,,,,,,,
,3807650576.90,300.001,,,,,,,,
,3807650596.96,300.0007,,,,,,,,
,3807650617.00,300.0022,,,,,,,,
,3807650637.02,299.999,,,,,,,,
,3807650657.04,299.9991,,,,,,,,
,3807650677.06,299.9987,,,,,,,,
,3807650697.09,299.9991,,,,,,,,
,3807650717.11,300.0009,,,,,,,,
,3807650737.15,300.0007,,,,,,,,
,3807650757.17,300.0034,,,,,,,,
,3807650777.19,300.0023,,,,,,,,
,3807650797.21,300.0007,,,,,,,,
,3807650817.24,300.0031,,,,,,,,
,3807650837.25,300.0023,,,,,,,,
,3807650857.34,300.0023,,,,,,,,
,3807650877.37,300.0015,,,,,,,,
,3807650897.42,300.0001,,,,,,,,
,3807650917.44,300.0007,,,,,,,,
,3807650937.45,299.9991,,,,,,,,
,3807650957.50,299.9991,,,,,,,,
,3807650977.52,300.0023,,,,,,,,
,3807650997.58,300.0023,,,,,,,,
,3807651017.60,300.0033,,,,,,,,
,3807651037.65,300.0021,,,,,,,,
,3807651057.65,300.0022,,,,,,,,
,3807651077.72,300.0037,,,,,,,,
,3807651097.77,300.0025,,,,,,,,
,3807651117.77,300.0025,,,,,,,,
,3807651137.80,300.0029,,,,,,,,
,3807651157.85,299.9997,,,,,,,,
,3807651177.87,300.0033,,,,,,,,
,3807651197.91,300.0007,,,,,,,,
,3807651217.93,300.0017,,,,,,,,
,3807651237.97,299.9997,,,,,,,,
,3807651257.99,300.0017,,,,,,,,
,3807651278.03,299.9983,,,,,,,,
,3807651298.06,300.0017,,,,,,,,
,3807651318.10,299.9997,,,,,,,,
,3807651338.16,300.0008,,,,,,,,
,3807651358.18,299.9996,,,,,,,,
,3807651378.18,300.0007,,,,,,,,
,3807651398.22,300.0023,,,,,,,,
,3807651418.24,300.0011,,,,,,,,
,3807651438.28,299.9972,,,,,,,,
,3807651458.30,299.9968,,,,,,,,
,3807651478.35,299.9974,,,,,,,,
,3807651498.40,300.0008,,,,,,,,
,3807651518.40,299.999,,,,,,,,
,3807651538.41,299.9982,,,,,,,,
,3807651558.44,300.0008,,,,,,,,
,3807651578.45,299.9948,,,,,,,,
,3807651598.48,299.9972,,,,,,,,
,3807651618.50,299.9966,,,,,,,,
,3807651638.50,299.9994,,,,,,,,
,3807651658.53,299.9962,,,,,,,,
,3807651678.54,299.9962,,,,,,,,
,3807651698.56,299.9974,,,,,,,,
,3807651718.56,300.0008,,,,,,,,
,3807651738.62,299.9948,,,,,,,,
,3807651758.64,299.9958,,,,,,,,
,3807651778.69,299.9952,,,,,,,,
,3807651798.72,299.9978,,,,,,,,
,3807651818.75,300.0014,,,,,,,,
,3807651838.77,300.0024,,,,,,,,
,3807651858.81,299.9988,,,,,,,,
,3807651878.83,299.9982,,,,,,,,
,3807651898.85,300.0026,,,,,,,,
,3807651918.86,300.0018,,,,,,,,
,3807651938.88,299.999,,,,,,,,
,3807651958.89,300.0032,,,,,,,,
,3807651978.92,299.9952,,,,,,,,
,3807651998.95,300.0014,,,,,,,,
,3807652018.99,300.0026,,,,,,,,
,3807652038.99,300.0018,,,,,,,,
,3807652059.06,299.9978,,,,,,,,
,3807652079.11,300.0018,,,,,,,,
,3807652099.11,299.9976,,,,,,,,
,3807652119.13,299.9966,,,,,,,,
,3807652139.15,300.0008,,,,,,,,
,3807652159.16,299.9978,,,,,,,,
,3807652179.20,299.9974,,,,,,,,
,3807652199.22,300.0018,,,,,,,,
,3807652219.22,299.9968,,,,,,,,
,3807652239.24,299.9966,,,,,,,,
,3807652259.24,299.9948,,,,,,,,
,3807652279.29,300.0004,,,,,,,,
,3807652299.31,300.0035,,,,,,,,
,3807652319.33,299.9966,,,,,,,,
,3807652339.38,300.001,,,,,,,,
,3807652359.38,299.9992,,,,,,,,
,3807652379.38,299.9972,,,,,,,,
,3807652399.38,300.002,,,,,,,,
,3807652419.39,300.0008,,,,,,,,
,3807652439.41,299.9996,,,,,,,,
,3807652459.41,299.9984,,,,,,,,
,3807652479.43,300.0004,,,,,,,,
,3807652499.46,300.001,,,,,,,,
,3807652519.48,300.0012,,,,,,,,
,3807652539.50,300.0006,,,,,,,,
,3807652559.55,300.0018,,,,,,,,
,3807652579.60,300.0018,,,,,,,,
,3807652599.64,300.0014,,,,,,,,
,3807652619.65,299.9994,,,,,,,,
,3807652639.69,300.0006,,,,,,,,
,3807652659.70,299.9988,,,,,,,,
,3807652679.75,300.0024,,,,,,,,
,3807652699.77,299.9988,,,,,,,,
,3807652719.81,300.0018,,,,,,,,
,3807652739.84,299.9982,,,,,,,,
,3807652759.86,300.0014,,,,,,,,
,3807652779.87,299.9992,,,,,,,,
,3807652799.91,300.0014,,,,,,,,
,3807652819.94,299.9998,,,,,,,,
,3807652839.97,300.0008,,,,,,,,
,3807652859.99,300.0018,,,,,,,,
,3807652880.07,300.0006,,,,,,,,
,3807652900.11,300.0008,,,,,,,,
,3807652920.13,300.002,,,,,,,,
,3807652940.17,300.0008,,,,,,,,
,3807652960.18,299.9987,,,,,,,,
,3807652980.20,300.002,,,,,,,,
,3807653000.23,300.0004,,,,,,,,
,3807653020.23,300.0024,,,,,,,,
,3807653040.27,299.9973,,,,,,,,
,3807653060.29,300.001,,,,,,,,
,3807653080.29,299.9998,,,,,,,,
,3807653100.29,300.0036,,,,,,,,
,3807653120.33,299.9972,,,,,,,,
,3807653140.40,300.0028,,,,,,,,
,3807653160.41,299.9992,,,,,,,,
,3807653180.44,300.001,,,,,,,,
,3807653200.46,299.9998,,,,,,,,
,3807653220.53,300.0008,,,,,,,,
,3807653240.55,300.0034,,,,,,,,
,3807653260.56,299.9998,,,,,,,,
,3807653280.61,300,,,,,,,,
,3807653300.65,300.0018,,,,,,,,
,3807653320.71,300.002,,,,,,,,
,3807653340.75,299.9998,,,,,,,,
,3807653360.75,300.0002,,,,,,,,
,3807653380.80,300.0002,,,,,,,,
,3807653400.80,300.0014,,,,,,,,
,3807653420.84,299.9998,,,,,,,,
,3807653440.89,300.003,,,,,,,,
,3807653460.92,299.9988,,,,,,,,
,3807653480.95,300.0018,,,,,,,,
,3807653500.98,300.0016,,,,,,,,
,3807653521.03,300.0014,,,,,,,,
,3807653541.07,300.0024,,,,,,,,
,3807653561.08,300.0008,,,,,,,,
,3807653581.16,300.0018,,,,,,,,
,3807653601.18,300.0018,,,,,,,,
,3807653621.19,300.0018,,,,,,,,
,3807653641.24,300.0008,,,,,,,,
,3807653661.27,299.9992,,,,,,,,
,3807653681.28,300.002,,,,,,,,
,3807653701.31,300.0006,,,,,,,,
,3807653721.31,300.003,,,,,,,,
,3807653741.33,300.0008,,,,,,,,
,3807653761.34,299.9992,,,,,,,,
,3807653781.35,300.0018,,,,,,,,
,3807653801.39,300.0008,,,,,,,,
,3807653821.44,300.0028,,,,,,,,
,3807653841.45,299.9998,,,,,,,,
,3807653861.46,300.0014,,,,,,,,
,3807653881.49,299.9988,,,,,,,,
,3807653901.53,300.0014,,,,,,,,
,3807653921.53,299.9992,,,,,,,,
,3807653941.53,300.0014,,,,,,,,
,3807653961.57,299.9998,,,,,,,,
,3807653981.58,299.9998,,,,,,,,
,3807654001.63,300.0016,,,,,,,,
,3807654021.67,299.9986,,,,,,,,
,3807654041.70,299.9982,,,,,,,,
,3807654061.74,300.0014,,,,,,,,
,3807654081.77,300.001,,,,,,,,
,3807654101.82,300.0032,,,,,,,,
,3807654121.84,299.9969,,,,,,,,
,3807654141.85,299.9963,,,,,,,,
,3807654161.91,299.9978,,,,,,,,
,3807654181.93,299.9988,,,,,,,,
,3807654201.94,299.999,,,,,,,,
,3807654221.96,299.9976,,,,,,,,
,3807654242.00,299.9962,,,,,,,,
,3807654262.01,299.9994,,,,,,,,
,3807654282.06,299.9962,,,,,,,,
,3807654302.11,299.9982,,,,,,,,
,3807654322.13,300.0008,,,,,,,,
,3807654342.15,299.9963,,,,,,,,
,3807654362.15,299.9998,,,,,,,,
,3807654382.18,300.0016,,,,,,,,
,3807654402.21,299.998,,,,,,,,
,3807654422.23,300.0024,,,,,,,,
,3807654442.27,300.0018,,,,,,,,
,3807654462.28,300.0002,,,,,,,,
,3807654482.37,300.0006,,,,,,,,
,3807654502.40,300.0024,,,,,,,,
,3807654522.40,300.0036,,,,,,,,
,3807654542.41,300.0014,,,,,,,,
,3807654562.45,300.0018,,,,,,,,
,3807654582.46,300.0034,,,,,,,,
,3807654602.50,300.0024,,,,,,,,
,3807654622.53,299.9984,,,,,,,,
,3807654642.57,300.0018,,,,,,,,
,3807654662.62,299.9979,,,,,,,,
,3807654682.64,300.0046,,,,,,,,
,3807654702.65,299.9988,,,,,,,,
,3807654722.67,300.0014,,,,,,,,
,3807654742.69,299.9988,,,,,,,,
,3807654762.71,300.0014,,,,,,,,
,3807654782.73,300.0006,,,,,,,,
,3807654802.73,300.0034,,,,,,,,
,3807654822.73,300.0004,,,,,,,,
,3807654842.75,300.0032,,,,,,,,
,3807654862.75,299.9992,,,,,,,,
,3807654882.79,300.0022,,,,,,,,
,3807654902.79,299.9988,,,,,,,,
,3807654922.81,300.0016,,,,,,,,
,3807654942.86,299.9988,,,,,,,,
,3807654962.86,300.0026,,,,,,,,
,3807654982.88,299.9995,,,,,,,,
,3807655002.88,300.0018,,,,,,,,
,3807655022.88,299.9983,,,,,,,,
,3807655042.90,299.9988,,,,,,,,
,3807655062.93,299.9983,,,,,,,,
,3807655082.95,300.0026,,,,,,,,
,3807655102.99,300.0014,,,,,,,,
,3807655123.01,300.0004,,,,,,,,
,3807655143.04,300.0026,,,,,,,,
,3807655163.06,300.0014,,,,,,,,
,3807655183.08,300.0008,,,,,,,,
,3807655203.11,300.0018,,,,,,,,
,3807655223.11,300.0036,,,,,,,,
,3807655243.13,300.001,,,,,,,,
,3807655263.16,300.002,,,,,,,,
,3807655283.16,300.0008,,,,,,,,
,3807655303.20,300.0036,,,,,,,,
,3807655323.21,300.0006,,,,,,,,
,3807655343.27,300.0034,,,,,,,,
,3807655363.28,299.9988,,,,,,,,
,3807655383.38,300.0016,,,,,,,,
,3807655403.41,300.002,,,,,,,,
,3807655423.43,300.0032,,,,,,,,
,3807655443.46,300.0036,,,,,,,,
,3807655463.47,300.002,,,,,,,,
,3807655483.52,300.0032,,,,,,,,
,3807655503.56,300.0004,,,,,,,,
,3807655523.59,300.0022,,,,,,,,
,3807655543.66,300.0002,,,,,,,,
,3807655563.70,300.0024,,,,,,,,
,3807655583.75,299.9988,,,,,,,,
,3807655603.75,300.0024,,,,,,,,
,3807655623.78,299.9984,,,,,,,,
,3807655643.82,300.0008,,,,,,,,
,3807655663.87,300.0026,,,,,,,,
,3807655683.92,299.9988,,,,,,,,
,3807655703.95,300.0018,,,,,,,,
,3807655723.97,300.0012,,,,,,,,
,3807655743.99,300.0024,,,,,,,,
,3807655763.99,300.003,,,,,,,,
,3807655784.00,300.0018,,,,,,,,
,3807655804.08,299.9998,,,,,,,,
,3807655824.11,300.0008,,,,,,,,
,3807655844.16,299.9998,,,,,,,,
,3807655864.19,300.0008,,,,,,,,
,3807655884.19,299.9992,,,,,,,,
,3807655904.24,300.002,,,,,,,,
,3807655924.27,300.0014,,,,,,,,
,3807655944.27,300.0024,,,,,,,,
,3807655964.28,299.9986,,,,,,,,
,3807655984.29,300.0008,,,,,,,,
,3807656004.30,300.0024,,,,,,,,
,3807656024.33,300.0012,,,,,,,,
,3807656044.38,300.0018,,,,,,,,
,3807656064.39,300.0026,,,,,,,,
,3807656084.41,300.0018,,,,,,,,
,3807656104.42,300.0014,,,,,,,,
,3807656124.49,300.0028,,,,,,,,
,3807656144.52,299.9988,,,,,,,,
,3807656164.52,300.0008,,,,,,,,
,3807656184.55,299.9973,,,,,,,,
,3807656204.55,300.003,,,,,,,,
,3807656224.57,299.9987,,,,,,,,
,3807656244.60,300.0024,,,,,,,,
,3807656264.63,299.9988,,,,,,,,
,3807656284.64,300.0014,,,,,,,,
,3807656304.68,300.0008,,,,,,,,
,3807656324.70,300.0034,,,,,,,,
,3807656344.74,299.9987,,,,,,,,
,3807656364.75,300.0032,,,,,,,,
,3807656384.76,299.9983,,,,,,,,
,3807656404.76,300.0018,,,,,,,,
,3807656424.79,300.0018,,,,,,,,
,3807656444.81,300.0024,,,,,,,,
,3807656464.83,300.0018,,,,,,,,
,3807656484.88,300.0014,,,,,,,,
,3807656504.90,300.0014,,,,,,,,
,3807656524.92,300.0024,,,,,,,,
,3807656544.93,300.0028,,,,,,,,
,3807656564.97,300.0024,,,,,,,,
,3807656584.97,300.003,,,,,,,,
,3807656605.02,300.0012,,,,,,,,
,3807656625.04,300.0034,,,,,,,,
,3807656645.04,299.9988,,,,,,,,
,3807656665.06,300.0024,,,,,,,,
,3807656685.08,299.9992,,,,,,,,
,3807656705.11,300.0016,,,,,,,,
,3807656725.12,299.9994,,,,,,,,
,3807656745.14,300.0028,,,,,,,,
,3807656765.15,299.9979,,,,,,,,
,3807656785.19,300.0018,,,,,,,,
,3807656805.22,299.9998,,,,,,,,
,3807656825.24,300.0012,,,,,,,,
,3807656845.26,299.9998,,,,,,,,
,3807656865.29,299.9996,,,,,,,,
,3807656885.31,299.9992,,,,,,,,
,3807656905.33,300.001,,,,,,,,
,3807656925.35,299.9992,,,,,,,,
,3807656945.38,300.0016,,,,,,,,
,3807656965.41,300.0014,,,,,,,,
,3807656985.45,300.0018,,,,,,,,
,3807657005.47,300.0016,,,,,,,,
,3807657025.48,300.003,,,,,,,,
,3807657045.52,300.0018,,,,,,,,
,3807657065.52,300.0014,,,,,,,,
,3807657085.55,300.0044,,,,,,,,
,3807657105.56,300.0014,,,,,,,,
,3807657125.58,300.0028,,,,,,,,
,3807657145.60,300.0022,,,,,,,,
,3807657165.62,300.0016,,,,,,,,
,3807657185.69,299.9992,,,,,,,,
,3807657205.70,300.0024,,,,,,,,
,3807657225.72,300.0004,,,,,,,,
,3807657245.75,300.0028,,,,,,,,
,3807657265.75,299.9986,,,,,,,,
,3807657285.83,300.0014,,,,,,,,
,3807657305.84,300.0006,,,,,,,,
,3807657325.87,300.0032,,,,,,,,
,3807657345.88,299.998,,,,,,,,
,3807657365.90,300.0022,,,,,,,,
,3807657385.93,300.0024,,,,,,,,
,3807657405.95,300.0026,,,,,,,,
,3807657425.97,300.0014,,,,,,,,
,3807657445.99,300.0016,,,,,,,,
,3807657466.02,300.0024,,,,,,,,
,3807657486.06,299.9998,,,,,,,,
,3807657506.10,300.004,,,,,,,,
,3807657526.13,299.9994,,,,,,,,
,3807657546.17,300.0026,,,,,,,,
,3807657566.20,299.9988,,,,,,,,
,3807657586.24,300.0024,,,,,,,,
,3807657606.30,300.0004,,,,,,,,
,3807657626.32,300.0006,,,,,,,,
,3807657646.37,300.0018,,,,,,,,
,3807657666.39,300.002,,,,,,,,
,3807657686.42,300.003,,,,,,,,
,3807657706.47,299.9998,,,,,,,,
,3807657726.51,300.003,,,,,,,,
,3807657746.57,299.9992,,,,,,,,
,3807657766.58,300.0008,,,,,,,,
,3807657786.62,299.998,,,,,,,,
,3807657806.66,300.0016,,,,,,,,
,3807657826.69,300.0006,,,,,,,,
,3807657846.73,300.003,,,,,,,,
,3807657866.78,300.0026,,,,,,,,
,3807657886.83,300.0014,,,,,,,,
,3807657906.86,300.0014,,,,,,,,
,3807657926.88,300.0026,,,,,,,,
,3807657946.91,300.0016,,,,,,,,
,3807657966.95,299.9992,,,,,,,,
,3807657987.03,300.0004,,,,,,,,
,3807658007.08,299.9979,,,,,,,,
,3807658027.08,300.0014,,,,,,,,
,3807658047.13,300.0004,,,,,,,,
,3807658067.15,300.0018,,,,,,,,
,3807658087.20,300.0018,,,,,,,,
,3807658107.23,300.0012,,,,,,,,
,3807658127.23,300.0022,,,,,,,,
,3807658147.26,300.0014,,,,,,,,
,3807658167.30,300.0008,,,,,,,,
,3807658187.30,300.0004,,,,,,,,
,3807658207.32,300.0018,,,,,,,,
,3807658227.35,300.0008,,,,,,,,
,3807658247.37,300.0024,,,,,,,,
,3807658267.41,300.0018,,,,,,,,
,3807658287.44,300.0018,,,,,,,,
,3807658307.48,299.9998,,,,,,,,
,3807658327.52,300.0002,,,,,,,,
,3807658347.52,299.9998,,,,,,,,
,3807658367.55,300.002,,,,,,,,
,3807658387.57,299.9988,,,,,,,,
,3807658407.58,300.0024,,,,,,,,
,3807658427.60,299.9988,,,,,,,,
,3807658447.61,300.003,,,,,,,,
,3807658467.62,300.0004,,,,,,,,
,3807658487.64,300.0018,,,,,,,,
,3807658507.66,299.9987,,,,,,,,
,3807658527.70,300.003,,,,,,,,
,3807658547.70,299.9995,,,,,,,,
,3807658567.74,300.0028,,,,,,,,
,3807658587.76,299.9988,,,,,,,,
,3807658607.79,300.0016,,,,,,,,
,3807658627.81,300.0038,,,,,,,,
,3807658647.83,300.0024,,,,,,,,
,3807658667.85,300.0014,,,,,,,,
,3807658687.92,300.0024,,,,,,,,
,3807658708.00,300.0024,,,,,,,,
,3807658728.05,300.0008,,,,,,,,
,3807658748.10,299.9991,,,,,,,,
,3807658768.13,299.9992,,,,,,,,
,3807658788.16,300.0008,,,,,,,,
,3807658808.18,299.9998,,,,,,,,
,3807658828.19,300.0028,,,,,,,,
,3807658848.23,300.0006,,,,,,,,
,3807658868.27,300.0018,,,,,,,,
,3807658888.27,300.0004,,,,,,,,
,3807658908.27,300.0016,,,,,,,,
,3807658928.31,300.0014,,,,,,,,
,3807658948.36,299.9991,,,,,,,,
,3807658968.39,299.9998,,,,,,,,
,3807658988.48,299.9982,,,,,,,,
,3807659008.51,300.0024,,,,,,,,
,3807659028.55,300.0024,,,,,,,,
,3807659048.59,300.0018,,,,,,,,
,3807659068.63,300.0008,,,,,,,,
,3807659088.64,300.0026,,,,,,,,
,3807659108.65,300.0008,,,,,,,,
,3807659128.67,300.001,,,,,,,,
,3807659148.67,300.0024,,,,,,,,
,3807659168.68,300.0006,,,,,,,,
,3807659188.71,300.0016,,,,,,,,
,3807659208.73,300.0008,,,,,,,,
,3807659228.74,300.0008,,,,,,,,
,3807659248.77,299.9973,,,,,,,,
,3807659268.80,299.9988,,,,,,,,
,3807659288.83,300.0014,,,,,,,,
,3807659308.85,299.9988,,,,,,,,
,3807659328.88,300.0008,,,,,,,,
,3807659348.89,300.0024,,,,,,,,
,3807659368.94,300.0018,,,,,,,,
,3807659388.96,300.0018,,,,,,,,
,3807659408.96,300.001,,,,,,,,
,3807659429.00,300.0014,,,,,,,,
,3807659449.00,300.0004,,,,,,,,
,3807659469.02,300.0028,,,,,,,,
,3807659489.02,300.0016,,,,,,,,
,3807659509.06,300.0012,,,,,,,,
,3807659529.07,300.0016,,,,,,,,
,3807659549.08,300.0026,,,,,,,,
,3807659569.12,300.0004,,,,,,,,
,3807659589.14,299.9995,,,,,,,,
,3807659609.18,299.9988,,,,,,,,
,3807659629.21,299.9992,,,,,,,,
,3807659649.23,300.004,,,,,,,,
,3807659669.28,300,,,,,,,,
,3807659689.33,300.0018,,,,,,,,
,3807659709.34,300.0008,,,,,,,,
,3807659729.38,300.0024,,,,,,,,
,3807659749.39,300.0016,,,,,,,,
,3807659769.43,300.003,,,,,,,,
,3807659789.46,300.0008,,,,,,,,
,3807659809.46,300.0018,,,,,,,,
,3807659829.48,300.001,,,,,,,,
,3807659849.51,299.9998,,,,,,,,
,3807659869.54,299.9987,,,,,,,,
,3807659889.57,299.9992,,,,,,,,
,3807659909.58,299.9988,,,,,,,,
,3807659929.61,300.001,,,,,,,,
,3807659949.62,300.0008,,,,,,,,
,3807659969.63,300.0024,,,,,,,,
,3807659989.65,300.001,,,,,,,,
,3807660009.67,300.0024,,,,,,,,
,3807660029.69,300.0008,,,,,,,,
,3807660049.72,300.0014,,,,,,,,
,3807660069.79,300.0024,,,,,,,,
,3807660089.79,300.0016,,,,,,,,
,3807660109.82,300.0028,,,,,,,,
,3807660129.88,300.0014,,,,,,,,
,3807660149.90,300.0024,,,,,,,,
,3807660169.94,299.9991,,,,,,,,
,3807660189.96,299.9998,,,,,,,,
,3807660210.01,300.0012,,,,,,,,
,3807660230.06,300.0014,,,,,,,,
,3807660250.09,300.0016,,,,,,,,
,3807660270.12,300.0022,,,,,,,,
,3807660290.17,300.0014,,,,,,,,
,3807660310.20,300.0018,,,,,,,,
,3807660330.23,300.0014,,,,,,,,
,3807660350.26,300.0014,,,,,,,,
,3807660370.30,299.9998,,,,,,,,
,3807660390.34,300.0026,,,,,,,,
,3807660410.37,299.9992,,,,,,,,
,3807660430.41,299.9996,,,,,,,,
,3807660450.45,300.002,,,,,,,,
,3807660470.48,299.9984,,,,,,,,
,3807660490.52,300.0014,,,,,,,,
,3807660510.56,300.0008,,,,,,,,
,3807660530.59,300.0016,,,,,,,,
,3807660550.63,300.0008,,,,,,,,
,3807660570.63,300.0018,,,,,,,,
,3807660590.64,300.0016,,,,,,,,
,3807660610.66,300.0024,,,,,,,,
,3807660630.66,299.9963,,,,,,,,
,3807660650.66,300.0024,,,,,,,,
,3807660670.70,299.9996,,,,,,,,
,3807660690.72,300.0018,,,,,,,,
,3807660710.76,299.9983,,,,,,,,
,3807660730.77,300.003,,,,,,,,
,3807660750.81,299.9991,,,,,,,,
,3807660770.82,300.0014,,,,,,,,
,3807660790.84,299.9989,,,,,,,,
,3807660810.86,300.0014,,,,,,,,
,3807660830.86,299.999,,,,,,,,
,3807660850.89,300.0024,,,,,,,,
,3807660870.91,300.0002,,,,,,,,
,3807660890.92,300.0018,,,,,,,,
,3807660910.94,299.9996,,,,,,,,
,3807660930.97,300.003,,,,,,,,
,3807660950.99,300.002,,,,,,,,
,3807660971.02,300.0042,,,,,,,,
,3807660991.04,300.0026,,,,,,,,
,3807661011.07,300.0022,,,,,,,,
,3807661031.13,300.0024,,,,,,,,
,3807661051.15,300.0022,,,,,,,,
,3807661071.22,300.0024,,,,,,,,
,3807661091.24,299.9983,,,,,,,,
,3807661111.25,300.0014,,,,,,,,
,3807661131.28,299.9982,,,,,,,,
,3807661151.32,300.0016,,,,,,,,
,3807661171.32,299.9998,,,,,,,,
,3807661191.32,300.0032,,,,,,,,
,3807661211.33,300.0012,,,,,,,,
,3807661231.33,300.0018,,,,,,,,
,3807661251.33,300.0014,,,,,,,,
,3807661271.37,299.9998,,,,,,,,
,3807661291.37,300.0002,,,,,,,,
,3807661311.39,300.0018,,,,,,,,
,3807661331.40,300.003,,,,,,,,
,3807661351.40,300.0008,,,,,,,,
,3807661371.42,299.9988,,,,,,,,
,3807661391.42,300.0026,,,,,,,,
,3807661411.46,299.9974,,,,,,,,
,3807661431.47,300.0024,,,,,,,,
,3807661451.50,299.9988,,,,,,,,
,3807661471.50,300.0016,,,,,,,,
,3807661491.52,299.9994,,,,,,,,
,3807661511.54,300.0018,,,,,,,,
,3807661531.57,299.9987,,,,,,,,
,3807661551.58,300.0024,,,,,,,,
,3807661571.63,299.9992,,,,,,,,
,3807661591.66,300.0012,,,,,,,,
,3807661611.68,300.0008,,,,,,,,
,3807661631.71,300.0034,,,,,,,,
,3807661651.74,299.9988,,,,,,,,
,3807661671.77,300.0004,,,,,,,,
,3807661691.80,300.0018,,,,,,,,
,3807661711.83,300.003,,,,,,,,
,3807661731.84,300.0014,,,,,,,,
,3807661751.91,300.0034,,,,,,,,
,3807661771.91,300.0032,,,,,,,,
,3807661791.97,299.9992,,,,,,,,
,3807661812.00,300.0028,,,,,,,,
,3807661832.03,299.9996,,,,,,,,
,3807661852.05,300.0018,,,,,,,,
,3807661872.09,299.9992,,,,,,,,
,3807661892.12,300.0012,,,,,,,,
,3807661912.16,299.999,,,,,,,,
,3807661932.20,300.002,,,,,,,,
,3807661952.23,300.0028,,,,,,,,
,3807661972.30,300.0022,,,,,,,,
,3807661992.34,300.0034,,,,,,,,
,3807662012.34,300.0026,,,,,,,,
,3807662032.39,300.0028,,,,,,,,
,3807662052.45,300,,,,,,,,
,3807662072.47,300.0014,,,,,,,,
,3807662092.48,300.0004,,,,,,,,
,3807662112.53,300.0016,,,,,,,,
,3807662132.58,299.9998,,,,,,,,
,3807662152.64,300.0014,,,,,,,,
,3807662172.65,299.9996,,,,,,,,
,3807662192.67,300.0018,,,,,,,,
,3807662212.71,300.0038,,,,,,,,
,3807662232.74,300.0024,,,,,,,,
,3807662252.78,300.0018,,,,,,,,
,3807662272.81,300.0012,,,,,,,,
,3807662292.87,300.0026,,,,,,,,
,3807662312.90,300.0014,,,,,,,,
,3807662332.93,300.0012,,,,,,,,
,3807662352.98,299.9978,,,,,,,,
,3807662373.01,300.0018,,,,,,,,
,3807662393.09,299.9987,,,,,,,,
,3807662413.14,300.0018,,,,,,,,
,3807662433.15,299.9992,,,,,,,,
,3807662453.17,300.0004,,,,,,,,
,3807662473.20,299.9953,,,,,,,,
,3807662493.23,299.9978,,,,,,,,
,3807662513.31,299.9998,,,,,,,,
,3807662533.33,300.0044,,,,,,,,
,3807662553.35,299.9978,,,,,,,,
,3807662573.39,300.0008,,,,,,,,
,3807662593.40,299.9994,,,,,,,,
,3807662613.42,300.0026,,,,,,,,
,3807662633.45,299.9972,,,,,,,,
,3807662653.47,299.9992,,,,,,,,
,3807662673.51,299.9979,,,,,,,,
,3807662693.54,299.9972,,,,,,,,
,3807662713.56,300.0024,,,,,,,,
,3807662733.56,299.9978,,,,,,,,
,3807662753.57,300.0004,,,,,,,,
,3807662773.61,300,,,,,,,,
,3807662793.61,299.9988,,,,,,,,
,3807662813.63,299.9988,,,,,,,,
,3807662833.65,299.9976,,,,,,,,
,3807662853.65,300.0016,,,,,,,,
,3807662873.67,299.9986,,,,,,,,
,3807662893.68,299.9972,,,,,,,,
,3807662913.69,299.9971,,,,,,,,
,3807662933.70,299.9976,,,,,,,,
,3807662953.70,300.0002,,,,,,,,
,3807662973.74,299.9968,,,,,,,,
,3807662993.74,300.0018,,,,,,,,
,3807663013.76,299.9968,,,,,,,,
,3807663033.78,300.0014,,,,,,,,
,3807663053.81,299.9968,,,,,,,,
,3807663073.87,299.9988,,,,,,,,
,3807663093.88,300.0008,,,,,,,,
,3807663113.89,299.9984,,,,,,,,
,3807663133.93,300.0008,,,,,,,,
,3807663153.93,299.9969,,,,,,,,
,3807663173.93,299.9996,,,,,,,,
,3807663193.97,299.9979,,,,,,,,
,3807663213.99,299.9972,,,,,,,,
,3807663234.01,299.9992,,,,,,,,
,3807663254.01,299.9983,,,,,,,,
,3807663274.06,299.9966,,,,,,,,
,3807663294.08,299.998,,,,,,,,
,3807663314.12,299.9986,,,,,,,,
,3807663334.15,299.9998,,,,,,,,
,3807663354.17,299.9978,,,,,,,,
,3807663374.21,299.9978,,,,,,,,
,3807663394.22,299.9982,,,,,,,,
,3807663414.23,299.9973,,,,,,,,
,3807663434.26,300.0008,,,,,,,,
,3807663454.29,299.9982,,,,,,,,
,3807663474.32,300.0024,,,,,,,,
,3807663494.33,299.9988,,,,,,,,
,3807663514.35,299.9958,,,,,,,,
,3807663534.36,299.9996,,,,,,,,
,3807663554.40,299.9988,,,,,,,,
,3807663574.45,299.9988,,,,,,,,
,3807663594.49,299.9974,,,,,,,,
,3807663614.50,299.9979,,,,,,,,
,3807663634.54,300,,,,,,,,
,3807663654.56,299.9983,,,,,,,,
,3807663674.57,299.9979,,,,,,,,
,3807663694.59,300.0062,,,,,,,,
,3807663714.61,299.9973,,,,,,,,
,3807663734.64,299.9996,,,,,,,,
,3807663754.65,299.9973,,,,,,,,
,3807663774.68,300.0014,,,,,,,,
,3807663794.70,299.9979,,,,,,,,
,3807663814.72,299.9977,,,,,,,,
,3807663834.74,299.9973,,,,,,,,
,3807663854.74,299.9984,,,,,,,,
,3807663874.76,299.9982,,,,,,,,
,3807663894.77,299.9979,,,,,,,,
,3807663914.79,299.9974,,,,,,,,
,3807663934.84,300.0046,,,,,,,,
,3807663954.86,299.9978,,,,,,,,
,3807663974.91,300.0002,,,,,,,,
,3807663994.93,300.0036,,,,,,,,
,3807664014.96,299.9988,,,,,,,,
,3807664035.00,300.0004,,,,,,,,
,3807664055.03,299.9962,,,,,,,,
,3807664075.07,299.9998,,,,,,,,
,3807664095.10,300.0016,,,,,,,,
,3807664115.13,299.9986,,,,,,,,
,3807664135.18,299.9977,,,,,,,,
,3807664155.20,299.9988,,,,,,,,
,3807664175.23,300.0018,,,,,,,,
,3807664195.27,299.9967,,,,,,,,
,3807664215.30,299.9988,,,,,,,,
,3807664235.38,300.0008,,,,,,,,
,3807664255.42,299.9983,,,,,,,,
,3807664275.42,300.0016,,,,,,,,
,3807664295.45,299.998,,,,,,,,
,3807664315.50,299.9988,,,,,,,,
,3807664335.50,299.9975,,,,,,,,
,3807664355.54,299.9988,,,,,,,,
,3807664375.58,300.0024,,,,,,,,
,3807664395.58,299.9963,,,,,,,,
,3807664415.60,299.9979,,,,,,,,
,3807664435.61,299.9975,,,,,,,,
,3807664455.63,299.9967,,,,,,,,
,3807664475.63,300.0008,,,,,,,,
,3807664495.66,299.9986,,,,,,,,
,3807664515.67,299.998,,,,,,,,
,3807664535.69,300.0022,,,,,,,,
,3807664555.69,299.9972,,,,,,,,
,3807664575.70,299.9998,,,,,,,,
,3807664595.74,299.998,,,,,,,,
,3807664615.78,300,,,,,,,,
,3807664635.78,299.9983,,,,,,,,
,3807664655.80,299.9988,,,,,,,,
,3807664675.85,299.9963,,,,,,,,
,3807664695.85,299.9987,,,,,,,,
,3807664715.87,300.0022,,,,,,,,
,3807664735.91,299.9988,,,,,,,,
,3807664755.91,299.9957,,,,,,,,
,3807664775.93,299.9988,,,,,,,,
,3807664795.96,299.9967,,,,,,,,
,3807664815.96,299.9998,,,,,,,,
,3807664835.98,299.9983,,,,,,,,
,3807664855.98,299.9982,,,,,,,,
,3807664876.02,299.9988,,,,,,,,
,3807664896.02,299.9988,,,,,,,,
,3807664916.07,299.9998,,,,,,,,
,3807664936.15,299.9976,,,,,,,,
,3807664956.18,299.9978,,,,,,,,
,3807664976.23,299.9992,,,,,,,,
,3807664996.24,299.9963,,,,,,,,
,3807665016.26,300.0012,,,,,,,,
,3807665036.29,299.9987,,,,,,,,
,3807665056.31,299.9984,,,,,,,,
,3807665076.36,299.9992,,,,,,,,
,3807665096.38,299.9988,,,,,,,,
,3807665116.40,299.9994,,,,,,,,
,3807665136.40,299.9986,,,,,,,,
,3807665156.41,299.9982,,,,,,,,
,3807665176.43,299.9972,,,,,,,,
,3807665196.51,299.9977,,,,,,,,
,3807665216.51,300.0016,,,,,,,,
,3807665236.53,299.9992,,,,,,,,
,3807665256.56,299.9979,,,,,,,,
,3807665276.60,299.9983,,,,,,,,
,3807665296.63,299.9976,,,,,,,,
,3807665316.67,299.9961,,,,,,,,
,3807665336.68,299.9983,,,,,,,,
,3807665356.71,299.9976,,,,,,,,
,3807665376.71,300.0007,,,,,,,,
,3807665396.71,299.9993,,,,,,,,
,3807665416.76,300.0017,,,,,,,,
,3807665436.81,299.9973,,,,,,,,
,3807665456.82,299.9985,,,,,,,,
,3807665476.83,299.9988,,,,,,,,
,3807665496.85,299.9985,,,,,,,,
,3807665516.87,299.9997,,,,,,,,
,3807665536.89,299.9982,,,,,,,,
,3807665556.89,299.9988,,,,,,,,
,3807665576.93,299.9981,,,,,,,,
,3807665596.95,300.0035,,,,,,,,
,3807665616.98,300.0007,,,,,,,,
,3807665637.00,300.0033,,,,,,,,
,3807665657.01,300.0007,,,,,,,,
,3807665677.05,300.0042,,,,,,,,
,3807665697.05,299.9971,,,,,,,,
,3807665717.09,300.0004,,,,,,,,
,3807665737.12,299.9987,,,,,,,,
,3807665757.12,299.9961,,,,,,,,
,3807665777.16,300.0041,,,,,,,,
,3807665797.17,299.998,,,,,,,,
,3807665817.18,299.9996,,,,,,,,
,3807665837.24,299.9981,,,,,,,,
,3807665857.25,299.9981,,,,,,,,
,3807665877.30,299.9989,,,,,,,,
,3807665897.32,299.9981,,,,,,,,
,3807665917.36,300.0005,,,,,,,,
,3807665937.40,299.9977,,,,,,,,
,3807665957.43,299.9966,,,,,,,,
,3807665977.46,300.0017,,,,,,,,
,3807665997.50,299.9983,,,,,,,,
,3807666017.53,299.9966,,,,,,,,
,3807666037.57,300.0049,,,,,,,,
,3807666057.62,299.9976,,,,,,,,
,3807666077.65,299.9992,,,,,,,,
,3807666097.70,299.9956,,,,,,,,
,3807666117.71,299.9998,,,,,,,,
,3807666137.76,299.9962,,,,,,,,
,3807666157.79,299.9971,,,,,,,,
,3807666177.84,299.9972,,,,,,,,
,3807666197.85,300.0007,,,,,,,,
,3807666217.87,299.9985,,,,,,,,
,3807666237.96,299.9977,,,,,,,,
,3807666257.99,300.0011,,,,,,,,
,3807666278.01,299.9981,,,,,,,,
,3807666298.02,299.9969,,,,,,,,
,3807666318.04,300.0011,,,,,,,,
,3807666338.08,299.9976,,,,,,,,
,3807666358.08,299.9977,,,,,,,,
,3807666378.12,300.0017,,,,,,,,
,3807666398.15,299.998,,,,,,,,
,3807666418.15,299.9977,,,,,,,,
,3807666438.17,300.0018,,,,,,,,
,3807666458.19,299.9985,,,,,,,,
,3807666478.21,300.0027,,,,,,,,
,3807666498.21,300.0017,,,,,,,,
,3807666518.23,299.9965,,,,,,,,
,3807666538.24,300.0024,,,,,,,,
,3807666558.26,299.9998,,,,,,,,
,3807666578.27,299.9995,,,,,,,,
,3807666598.29,299.9945,,,,,,,,
,3807666618.31,300.0017,,,,,,,,
,3807666638.34,299.9987,,,,,,,,
,3807666658.39,299.9977,,,,,,,,
,3807666678.42,300.0017,,,,,,,,
,3807666698.44,299.9981,,,,,,,,
,3807666718.44,299.9983,,,,,,,,
,3807666738.48,300.0007,,,,,,,,
,3807666758.51,299.9965,,,,,,,,
,3807666778.51,299.9988,,,,,,,,
,3807666798.55,299.9999,,,,,,,,
,3807666818.56,299.9971,,,,,,,,
,3807666838.57,299.9962,,,,,,,,
,3807666858.62,300.0007,,,,,,,,
,3807666878.62,299.9977,,,,,,,,
,3807666898.65,299.9971,,,,,,,,
,3807666918.67,299.9967,,,,,,,,
,3807666938.69,299.9992,,,,,,,,
,3807666958.71,299.9976,,,,,,,,
,3807666978.71,299.9959,,,,,,,,
,3807666998.72,300.0008,,,,,,,,
,3807667018.77,300.0029,,,,,,,,
,3807667038.79,299.9972,,,,,,,,
,3807667058.81,299.9962,,,,,,,,
,3807667078.85,299.9981,,,,,,,,
,3807667098.86,299.9991,,,,,,,,
,3807667118.91,299.9975,,,,,,,,
,3807667138.92,300.0001,,,,,,,,
,3807667158.94,299.9981,,,,,,,,
,3807667178.94,299.9948,,,,,,,,
,3807667199.00,300.0005,,,,,,,,
,3807667219.04,299.9969,,,,,,,,
,3807667239.04,299.9966,,,,,,,,
,3807667259.06,300.0008,,,,,,,,
,3807667279.07,299.9985,,,,,,,,
,3807667299.08,300.0009,,,,,,,,
,3807667319.10,299.9973,,,,,,,,
,3807667339.14,299.9977,,,,,,,,
,3807667359.18,299.9971,,,,,,,,
,3807667379.20,300.0013,,,,,,,,
,3807667399.22,299.9979,,,,,,,,
,3807667419.26,300.0004,,,,,,,,
,3807667439.29,299.9982,,,,,,,,
,3807667459.31,299.9992,,,,,,,,
,3807667479.36,300.0008,,,,,,,,
,3807667499.36,299.9991,,,,,,,,
,3807667519.39,299.9962,,,,,,,,
,3807667539.40,300.0007,,,,,,,,
,3807667559.41,299.9975,,,,,,,,
,3807667579.43,299.9981,,,,,,,,
,3807667599.45,300.0013,,,,,,,,
,3807667619.47,299.9972,,,,,,,,
,3807667639.51,299.9972,,,,,,,,
,3807667659.51,300.0026,,,,,,,,
,3807667679.54,299.9985,,,,,,,,
,3807667699.59,299.9988,,,,,,,,
,3807667719.62,299.9999,,,,,,,,
,3807667739.63,299.9976,,,,,,,,
,3807667759.65,299.9969,,,,,,,,
,3807667779.70,299.9987,,,,,,,,
,3807667799.72,299.9975,,,,,,,,
,3807667819.78,299.9975,,,,,,,,
,3807667839.78,299.9997,,,,,,,,
,3807667859.82,299.9961,,,,,,,,
,3807667879.83,300.0013,,,,,,,,
,3807667899.88,299.9966,,,,,,,,
,3807667919.93,299.9993,,,,,,,,
,3807667939.96,299.9998,,,,,,,,
,3807667959.99,300.0015,,,,,,,,
,3807667980.03,300.0007,,,,,,,,
,3807668000.05,299.9998,,,,,,,,
,3807668020.05,300.0007,,,,,,,,
,3807668040.06,299.9995,,,,,,,,
,3807668060.13,300.0017,,,,,,,,
,3807668080.16,299.9992,,,,,,,,
,3807668100.16,300.0027,,,,,,,,
,3807668120.21,299.9997,,,,,,,,
,3807668140.23,300.0013,,,,,,,,
,3807668160.25,299.9981,,,,,,,,
,3807668180.28,300.0023,,,,,,,,
,3807668200.33,299.9987,,,,,,,,
,3807668220.37,299.9998,,,,,,,,
,3807668240.42,300.0001,,,,,,,,
,3807668260.42,300.0013,,,,,,,,
,3807668280.45,299.9995,,,,,,,,
,3807668300.47,300.0009,,,,,,,,
,3807668320.49,299.9997,,,,,,,,
,3807668340.51,300.0009,,,,,,,,
,3807668360.53,300.0013,,,,,,,,
,3807668380.53,300.0017,,,,,,,,
,3807668400.56,300.0013,,,,,,,,
,3807668420.58,300.0017,,,,,,,,
,3807668440.58,300.001,,,,,,,,
,3807668460.60,300.0009,,,,,,,,
,3807668480.60,300.0008,,,,,,,,
,3807668500.64,300.0017,,,,,,,,
,3807668520.66,300.0003,,,,,,,,
,3807668540.68,300.0023,,,,,,,,
,3807668560.68,300.0023,,,,,,,,
,3807668580.68,300.0001,,,,,,,,
,3807668600.70,300.0017,,,,,,,,
,3807668620.70,300.0017,,,,,,,,
,3807668640.72,300.0017,,,,,,,,
,3807668660.72,300.0023,,,,,,,,
,3807668680.74,300.0005,,,,,,,,
,3807668700.82,299.9983,,,,,,,,
,3807668720.89,300.0019,,,,,,,,
,3807668740.94,299.9997,,,,,,,,
,3807668760.94,300.0023,,,,,,,,
,3807668780.99,300.0007,,,,,,,,
,3807668801.04,300.0007,,,,,,,,
,3807668821.09,299.9997,,,,,,,,
,3807668841.11,300.0026,,,,,,,,
,3807668861.14,300.0021,,,,,,,,
,3807668881.19,300.0004,,,,,,,,
,3807668901.20,299.9997,,,,,,,,
,3807668921.25,299.9996,,,,,,,,
,3807668941.26,300.0023,,,,,,,,
,3807668961.29,299.9992,,,,,,,,
,3807668981.30,299.9998,,,,,,,,
,3807669001.33,299.9977,,,,,,,,
,3807669021.35,300.0007,,,,,,,,
,3807669041.38,299.9991,,,,,,,,
,3807669061.39,300.0017,,,,,,,,
,3807669081.42,299.9987,,,,,,,,
,3807669101.42,300.0025,,,,,,,,
,3807669121.44,300.0001,,,,,,,,
,3807669141.47,300.0009,,,,,,,,
,3807669161.48,300.0007,,,,,,,,
,3807669181.50,300.0023,,,,,,,,
,3807669201.52,299.9981,,,,,,,,
,3807669221.53,300.0031,,,,,,,,
,3807669241.55,300.0008,,,,,,,,
,3807669261.57,300.0027,,,,,,,,
,3807669281.60,300.0035,,,,,,,,
,3807669301.61,300.0007,,,,,,,,
,3807669321.61,299.9987,,,,,,,,
,3807669341.61,300.0013,,,,,,,,
,3807669361.65,300.0035,,,,,,,,
,3807669381.65,300.0017,,,,,,,,
,3807669401.68,300.0033,,,,,,,,
,3807669421.70,300.0005,,,,,,,,
,3807669441.74,300.0017,,,,,,,,
,3807669461.74,300.0019,,,,,,,,
,3807669481.77,300.0003,,,,,,,,
,3807669501.82,300.0011,,,,,,,,
,3807669521.82,299.9997,,,,,,,,
,3807669541.86,299.9995,,,,,,,,
,3807669561.89,300.0013,,,,,,,,
,3807669581.90,300.0001,,,,,,,,
,3807669601.91,300.0005,,,,,,,,
,3807669621.95,299.9997,,,,,,,,
,3807669641.97,300.0017,,,,,,,,
,3807669661.97,299.9987,,,,,,,,
,3807669681.99,300.0005,,,,,,,,
,3807669702.03,299.9997,,,,,,,,
,3807669722.03,300.0015,,,,,,,,
,3807669742.06,299.9991,,,,,,,,
,3807669762.09,300.0014,,,,,,,,
,3807669782.11,299.9995,,,,,,,,
,3807669802.14,300.0016,,,,,,,,
,3807669822.17,299.9987,,,,,,,,
,3807669842.20,299.9987,,,,,,,,
,3807669862.21,299.9969,,,,,,,,
,3807669882.25,299.9978,,,,,,,,
,3807669902.25,299.9965,,,,,,,,
,3807669922.29,299.9987,,,,,,,,
,3807669942.30,300.0009,,,,,,,,
,3807669962.32,300.0005,,,,,,,,
,3807669982.37,300.0049,,,,,,,,
,3807670002.37,300.0042,,,,,,,,
,3807670022.39,299.9955,,,,,,,,
,3807670042.41,300.0023,,,,,,,,
,3807670062.43,300.0017,,,,,,,,
,3807670082.45,299.9997,,,,,,,,
,3807670102.47,300.0001,,,,,,,,
,3807670122.49,299.9971,,,,,,,,
,3807670142.50,300.0033,,,,,,,,
,3807670162.51,299.9971,,,,,,,,
,3807670182.52,300.0033,,,,,,,,
,3807670202.53,300.0027,,,,,,,,
,3807670222.56,299.9987,,,,,,,,
,3807670242.59,299.9996,,,,,,,,
,3807670262.60,300.0037,,,,,,,,
,3807670282.63,300.0018,,,,,,,,
,3807670302.63,299.9991,,,,,,,,
,3807670322.67,299.9983,,,,,,,,
,3807670342.70,299.9993,,,,,,,,
,3807670362.72,299.9992,,,,,,,,
,3807670382.77,300.0015,,,,,,,,
,3807670402.77,300.0003,,,,,,,,
,3807670422.80,299.9983,,,,,,,,
,3807670442.82,300.0007,,,,,,,,
,3807670462.88,300.0049,,,,,,,,
,3807670482.91,299.9997,,,,,,,,
,3807670502.91,299.9989,,,,,,,,
,3807670522.95,299.9966,,,,,,,,
,3807670542.95,300.0006,,,,,,,,
,3807670562.98,299.9991,,,,,,,,
,3807670583.00,300.0013,,,,,,,,
,3807670603.05,300.0003,,,,,,,,
,3807670623.05,300.0023,,,,,,,,
,3807670643.07,299.9989,,,,,,,,
,3807670663.10,300.0007,,,,,,,,
,3807670683.14,300.0016,,,,,,,,
,3807670703.16,299.9991,,,,,,,,
,3807670723.20,300.0017,,,,,,,,
,3807670743.21,300.0029,,,,,,,,
,3807670763.23,300.0008,,,,,,,,
,3807670783.26,300.0005,,,,,,,,
,3807670803.31,300.0016,,,,,,,,
,3807670823.32,300.0023,,,,,,,,
,3807670843.35,300.0001,,,,,,,,
,3807670863.37,300.0003,,,,,,,,
,3807670883.38,300.0017,,,,,,,,
,3807670903.40,300.0003,,,,,,,,
,3807670923.42,300.0003,,,,,,,,
,3807670943.44,299.9997,,,,,,,,
,3807670963.46,300.0017,,,,,,,,
,3807670983.49,299.9983,,,,,,,,
,3807671003.51,300.0013,,,,,,,,
,3807671023.53,300.0002,,,,,,,,
,3807671043.53,299.9997,,,,,,,,
,3807671063.57,299.9992,,,,,,,,
,3807671083.58,300.0009,,,,,,,,
,3807671103.62,299.9987,,,,,,,,
,3807671123.65,300.0007,,,,,,,,
,3807671143.69,300.0019,,,,,,,,
,3807671163.69,300.0011,,,,,,,,
,3807671183.72,300.0007,,,,,,,,
,3807671203.77,300.0017,,,,,,,,
,3807671223.78,299.9997,,,,,,,,
,3807671243.79,299.9995,,,,,,,,
,3807671263.84,300.0015,,,,,,,,
,3807671283.88,300.0008,,,,,,,,
,3807671303.90,300.0023,,,,,,,,
,3807671323.93,300.0003,,,,,,,,
,3807671343.96,300.0003,,,,,,,,
,3807671364.01,299.9993,,,,,,,,
,3807671384.08,300.0008,,,,,,,,
,3807671404.10,300.0012,,,,,,,,
,3807671424.12,300.0007,,,,,,,,
,3807671444.13,299.9981,,,,,,,,
,3807671464.15,300.0015,,,,,,,,
,3807671484.20,299.9973,,,,,,,,
,3807671504.24,299.9978,,,,,,,,
,3807671524.27,300,,,,,,,,
,3807671544.34,299.9975,,,,,,,,
,3807671564.36,299.9973,,,,,,,,
,3807671584.39,299.9973,,,,,,,,
,3807671604.42,300.0018,,,,,,,,
,3807671624.44,300.0027,,,,,,,,
,3807671644.49,300.0015,,,,,,,,
,3807671664.49,299.9979,,,,,,,,
,3807671684.53,299.9975,,,,,,,,
,3807671704.55,299.9977,,,,,,,,
,3807671724.58,299.9966,,,,,,,,
,3807671744.61,299.9978,,,,,,,,
,3807671764.64,300.001,,,,,,,,
,3807671784.66,299.9991,,,,,,,,
,3807671804.70,299.9975,,,,,,,,
,3807671824.72,299.9982,,,,,,,,
,3807671844.74,299.9983,,,,,,,,
,3807671864.74,299.9975,,,,,,,,
,3807671884.80,299.9995,,,,,,,,
,3807671904.80,299.9995,,,,,,,,
,3807671924.85,300.0026,,,,,,,,
,3807671944.86,299.9993,,,,,,,,
,3807671964.86,300.0017,,,,,,,,
,3807671984.86,300.0003,,,,,,,,
,3807672004.87,300.0023,,,,,,,,
,3807672024.90,299.9971,,,,,,,,
,3807672044.92,300.0009,,,,,,,,
,3807672064.94,299.9983,,,,,,,,
,3807672084.97,300.0031,,,,,,,,
,3807672105.00,300.0017,,,,,,,,
,3807672125.02,300.002,,,,,,,,
,3807672145.06,300.0007,,,,,,,,
,3807672165.06,300.002,,,,,,,,
,3807672185.13,300.0013,,,,,,,,
,3807672205.16,300.0007,,,,,,,,
,3807672225.21,300.0013,,,,,,,,
,3807672245.26,299.9996,,,,,,,,
,3807672265.26,300.002,,,,,,,,
,3807672285.30,299.9988,,,,,,,,
,3807672305.32,300.0013,,,,,,,,
,3807672325.33,299.9998,,,,,,,,
,3807672345.35,300.0023,,,,,,,,
,3807672365.42,299.9985,,,,,,,,
,3807672385.44,300.0003,,,,,,,,
,3807672405.44,300.0006,,,,,,,,
,3807672425.46,300.0016,,,,,,,,
,3807672445.51,300.0018,,,,,,,,
,3807672465.52,300.0007,,,,,,,,
,3807672485.55,300.0016,,,,,,,,
,3807672505.59,300.0014,,,,,,,,
,3807672525.61,300.003,,,,,,,,
,3807672545.63,299.9992,,,,,,,,
,3807672565.65,300.0015,,,,,,,,
,3807672585.68,300,,,,,,,,
,3807672605.70,300.0002,,,,,,,,
,3807672625.73,299.9994,,,,,,,,
,3807672645.74,300.0021,,,,,,,,
,3807672665.76,299.9981,,,,,,,,
,3807672685.85,300.0023,,,,,,,,
,3807672705.85,299.9991,,,,,,,,
,3807672725.86,300.0013,,,,,,,,
,3807672745.86,299.9979,,,,,,,,
,3807672765.89,300.0017,,,,,,,,
,3807672785.91,300.0002,,,,,,,,
,3807672805.93,300.0017,,,,,,,,
,3807672825.95,299.9987,,,,,,,,
,3807672845.95,300.0013,,,,,,,,
,3807672865.99,299.9991,,,,,,,,
,3807672886.02,300.0013,,,,,,,,
,3807672906.07,300.0017,,,,,,,,
,3807672926.10,300.0019,,,,,,,,
,3807672946.10,300.0033,,,,,,,,
,3807672966.16,300.0029,,,,,,,,
,3807672986.17,300.0013,,,,,,,,
,3807673006.19,300.0031,,,,,,,,
,3807673026.23,300.0017,,,,,,,,
,3807673046.26,299.9975,,,,,,,,
,3807673066.28,300.0021,,,,,,,,
,3807673086.33,299.9987,,,,,,,,
,3807673106.33,299.9998,,,,,,,,
,3807673126.33,300,,,,,,,,
,3807673146.40,299.9992,,,,,,,,
,3807673166.42,299.9997,,,,,,,,
,3807673186.45,300.0007,,,,,,,,
,3807673206.45,299.9989,,,,,,,,
,3807673226.47,299.9981,,,,,,,,
,3807673246.51,299.9991,,,,,,,,
,3807673266.54,300.0014,,,,,,,,
,3807673286.57,300.0039,,,,,,,,
,3807673306.58,299.9977,,,,,,,,
,3807673326.60,299.9965,,,,,,,,
,3807673346.65,299.9987,,,,,,,,
,3807673366.67,300.0027,,,,,,,,
,3807673386.69,299.9971,,,,,,,,
,3807673406.71,299.9981,,,,,,,,
,3807673426.75,300.0043,,,,,,,,
,3807673446.77,299.9962,,,,,,,,
,3807673466.82,299.9967,,,,,,,,
,3807673486.82,300.0011,,,,,,,,
,3807673506.87,300.0017,,,,,,,,
,3807673526.87,300.0019,,,,,,,,
,3807673546.92,299.9972,,,,,,,,
,3807673566.94,299.9987,,,,,,,,
,3807673586.96,299.9987,,,,,,,,
,3807673606.99,299.9979,,,,,,,,
,3807673627.01,300.0023,,,,,,,,
,3807673647.03,299.9987,,,,,,,,
,3807673667.06,300.0049,,,,,,,,
,3807673687.11,300.0031,,,,,,,,
,3807673707.13,300.0007,,,,,,,,
,3807673727.18,299.9966,,,,,,,,
,3807673747.21,299.9966,,,,,,,,
,3807673767.26,299.9981,,,,,,,,
,3807673787.30,299.9956,,,,,,,,
,3807673807.30,299.9961,,,,,,,,
,3807673827.35,300.0027,,,,,,,,
,3807673847.37,300.0005,,,,,,,,
,3807673867.40,300.0017,,,,,,,,
,3807673887.41,300.0018,,,,,,,,
,3807673907.44,299.9955,,,,,,,,
,3807673927.46,299.9987,,,,,,,,
,3807673947.47,299.9978,,,,,,,,
,3807673967.48,299.9973,,,,,,,,
,3807673987.48,299.9977,,,,,,,,
,3807674007.53,299.9978,,,,,,,,
,3807674027.56,299.9986,,,,,,,,
,3807674047.58,300.0007,,,,,,,,
,3807674067.59,299.9962,,,,,,,,
,3807674087.65,299.9975,,,,,,,,
,3807674107.65,300.0008,,,,,,,,
,3807674127.70,299.9971,,,,,,,,
,3807674147.72,299.9967,,,,,,,,
,3807674167.74,300.0017,,,,,,,,
,3807674187.77,299.9973,,,,,,,,
,3807674207.82,299.9962,,,,,,,,
,3807674227.83,300.0005,,,,,,,,
,3807674247.87,299.9971,,,,,,,,
,3807674267.89,299.9975,,,,,,,,
,3807674287.95,300.0017,,,,,,,,
,3807674307.95,299.9985,,,,,,,,
,3807674327.96,299.9977,,,,,,,,
,3807674347.99,300.001,,,,,,,,
,3807674368.02,299.9978,,,,,,,,
,3807674388.02,299.9982,,,,,,,,
,3807674408.08,300.0006,,,,,,,,
,3807674428.09,299.9989,,,,,,,,
,3807674448.10,299.9975,,,,,,,,
,3807674468.13,300.0014,,,,,,,,
,3807674488.19,299.9982,,,,,,,,
,3807674508.22,299.9981,,,,,,,,
,3807674528.24,300.0018,,,,,,,,
,3807674548.28,299.9975,,,,,,,,
,3807674568.33,299.9982,,,,,,,,
,3807674588.33,300.0023,,,,,,,,
,3807674608.33,299.9972,,,,,,,,
,3807674628.37,299.9977,,,,,,,,
,3807674648.40,300.0007,,,,,,,,
,3807674668.42,299.9972,,,,,,,,
,3807674688.42,299.9967,,,,,,,,
,3807674708.44,300.0003,,,,,,,,
,3807674728.47,299.9969,,,,,,,,
,3807674748.51,299.9977,,,,,,,,
,3807674768.54,300.0017,,,,,,,,
,3807674788.58,299.9987,,,,,,,,
,3807674808.58,299.9983,,,,,,,,
,3807674828.63,300.0026,,,,,,,,
,3807674848.63,299.9968,,,,,,,,
,3807674868.65,299.996,,,,,,,,
,3807674888.67,300.0008,,,,,,,,
,3807674908.68,299.9972,,,,,,,,
,3807674928.73,299.9962,,,,,,,,
,3807674948.77,300.0023,,,,,,,,
,3807674968.77,299.9977,,,,,,,,
,3807674988.79,299.9976,,,,,,,,
,3807675008.79,299.9998,,,,,,,,
,3807675028.87,299.9982,,,,,,,,
,3807675048.89,299.998,,,,,,,,
,3807675068.94,299.999,,,,,,,,
,3807675089.00,299.9978,,,,,,,,
,3807675109.03,299.9982,,,,,,,,
,3807675129.03,299.9986,,,,,,,,
,3807675149.09,299.9976,,,,,,,,
,3807675169.10,299.9998,,,,,,,,
,3807675189.15,299.999,,,,,,,,
,3807675209.17,299.9992,,,,,,,,
,3807675229.22,299.9992,,,,,,,,
,3807675249.24,299.9988,,,,,,,,
,3807675269.26,299.997,,,,,,,,
,3807675289.28,300.0018,,,,,,,,
,3807675309.34,299.9976,,,,,,,,
,3807675329.38,299.9971,,,,,,,,
,3807675349.42,300.0006,,,,,,,,
,3807675369.46,299.9991,,,,,,,,
,3807675389.49,299.9977,,,,,,,,
,3807675409.51,299.9979,,,,,,,,
,3807675429.53,299.9988,,,,,,,,
,3807675449.57,300.0018,,,,,,,,
,3807675469.57,299.9976,,,,,,,,
,3807675489.59,299.9966,,,,,,,,
,3807675509.59,300.0026,,,,,,,,
,3807675529.61,299.9988,,,,,,,,
,3807675549.61,299.9988,,,,,,,,
,3807675569.66,300.0012,,,,,,,,
,3807675589.66,299.9971,,,,,,,,
,3807675609.70,299.9946,,,,,,,,
,3807675629.71,300.0029,,,,,,,,
,3807675649.75,299.9978,,,,,,,,
,3807675669.77,299.9966,,,,,,,,
,3807675689.80,300.0006,,,,,,,,
,3807675709.83,299.9976,,,,,,,,
,3807675729.85,299.9976,,,,,,,,
,3807675749.89,300.0023,,,,,,,,
,3807675769.90,299.9987,,,,,,,,
,3807675789.94,299.9972,,,,,,,,
,3807675809.94,299.9988,,,,,,,,
,3807675829.94,299.9988,,,,,,,,
,3807675849.95,299.9974,,,,,,,,
,3807675869.98,299.9968,,,,,,,,
,3807675890.03,299.9974,,,,,,,,
,3807675910.03,300.001,,,,,,,,
,3807675930.05,299.9976,,,,,,,,
,3807675950.07,299.9988,,,,,,,,
,3807675970.12,300.0014,,,,,,,,
,3807675990.17,299.9978,,,,,,,,
,3807676010.21,299.9978,,,,,,,,
,3807676030.21,299.9998,,,,,,,,
,3807676050.26,299.9988,,,,,,,,
,3807676070.27,299.9982,,,,,,,,
,3807676090.29,299.9988,,,,,,,,
,3807676110.33,299.9978,,,,,,,,
,3807676130.38,299.9988,,,,,,,,
,3807676150.40,300.0004,,,,,,,,
,3807676170.40,299.9988,,,,,,,,
,3807676190.43,299.9992,,,,,,,,
,3807676210.45,299.9972,,,,,,,,
,3807676230.47,299.9982,,,,,,,,
,3807676250.49,300.0016,,,,,,,,
,3807676270.51,299.9975,,,,,,,,
,3807676290.51,299.9992,,,,,,,,
,3807676310.53,300.0004,,,,,,,,
,3807676330.56,300.0002,,,,,,,,
,3807676350.58,299.998,,,,,,,,
,3807676370.61,299.9975,,,,,,,,
,3807676390.61,299.9971,,,,,,,,
,3807676410.65,299.9993,,,,,,,,
,3807676430.68,299.9973,,,,,,,,
,3807676450.69,299.9988,,,,,,,,
,3807676470.70,299.9966,,,,,,,,
,3807676490.72,299.9988,,,,,,,,
,3807676510.76,300.0004,,,,,,,,
,3807676530.79,299.9978,,,,,,,,
,3807676550.82,299.9992,,,,,,,,
,3807676570.84,300.0006,,,,,,,,
,3807676590.88,299.9962,,,,,,,,
,3807676610.89,299.9976,,,,,,,,
,3807676630.90,299.9999,,,,,,,,
,3807676650.92,299.9971,,,,,,,,
,3807676670.93,299.9973,,,,,,,,
,3807676691.00,300.0031,,,,,,,,
,3807676711.00,299.9956,,,,,,,,
,3807676731.02,299.9988,,,,,,,,
,3807676751.04,299.995,,,,,,,,
,3807676771.07,300.0018,,,,,,,,
,3807676791.09,299.9982,,,,,,,,
,3807676811.09,299.9988,,,,,,,,
,3807676831.11,299.9972,,,,,,,,
,3807676851.16,299.9972,,,,,,,,
,3807676871.21,299.9974,,,,,,,,
,3807676891.24,300.0006,,,,,,,,
,3807676911.27,299.9962,,,,,,,,
,3807676931.27,299.9978,,,,,,,,
,3807676951.29,299.9998,,,,,,,,
,3807676971.30,299.9973,,,,,,,,
,3807676991.32,299.9968,,,,,,,,
,3807677011.35,300.0014,,,,,,,,
,3807677031.38,299.9966,,,,,,,,
,3807677051.41,299.9981,,,,,,,,
,3807677071.47,299.9977,,,,,,,,
,3807677091.49,299.9982,,,,,,,,
,3807677111.51,299.9981,,,,,,,,
,3807677131.53,299.9975,,,,,,,,
,3807677151.55,299.9997,,,,,,,,
,3807677171.57,299.9977,,,,,,,,
,3807677191.59,299.9965,,,,,,,,
,3807677211.59,300.0007,,,,,,,,
,3807677231.59,300.0022,,,,,,,,
,3807677251.61,299.9979,,,,,,,,
,3807677271.61,299.9976,,,,,,,,
,3807677291.63,300.0007,,,,,,,,
,3807677311.65,299.9982,,,,,,,,
,3807677331.67,299.9977,,,,,,,,
,3807677351.69,300.0015,,,,,,,,
,3807677371.70,299.9977,,,,,,,,
,3807677391.70,299.9973,,,,,,,,
,3807677411.72,299.9962,,,,,,,,
,3807677431.76,300.0017,,,,,,,,
,3807677451.77,299.9965,,,,,,,,
,3807677471.79,300.0038,,,,,,,,
,3807677491.83,300.0005,,,,,,,,
,3807677511.85,299.9972,,,,,,,,
,3807677531.90,299.9976,,,,,,,,
,3807677551.91,300.0018,,,,,,,,
,3807677571.95,299.9971,,,,,,,,
,3807677591.97,299.9983,,,,,,,,
,3807677611.98,299.9975,,,,,,,,
,3807677632.03,299.9972,,,,,,,,
,3807677652.05,299.9986,,,,,,,,
,3807677672.10,299.9972,,,,,,,,
,3807677692.15,299.9985,,,,,,,,
,3807677712.17,299.9978,,,,,,,,
,3807677732.22,299.9975,,,,,,,,
,3807677752.25,299.9978,,,,,,,,
,3807677772.27,299.9966,,,,,,,,
,3807677792.28,299.9978,,,,,,,,
,3807677812.28,300.0023,,,,,,,,
,3807677832.30,299.9976,,,,,,,,
,3807677852.31,299.9962,,,,,,,,
,3807677872.32,300.0013,,,,,,,,
,3807677892.34,300.0045,,,,,,,,
,3807677912.37,299.9988,,,,,,,,
,3807677932.39,300.0018,,,,,,,,
,3807677952.42,299.9977,,,,,,,,
,3807677972.44,299.9977,,,,,,,,
,3807677992.46,300.0008,,,,,,,,
,3807678012.46,299.9978,,,,,,,,
,3807678032.49,299.9966,,,,,,,,
,3807678052.56,300.0018,,,,,,,,
,3807678072.56,299.9946,,,,,,,,
,3807678092.58,299.9955,,,,,,,,
,3807678112.58,300.001,,,,,,,,
,3807678132.60,299.998,,,,,,,,
,3807678152.64,299.9982,,,,,,,,
,3807678172.65,299.9998,,,,,,,,
,3807678192.66,299.9977,,,,,,,,
,3807678212.69,299.9974,,,,,,,,
,3807678232.71,299.9995,,,,,,,,
,3807678252.76,299.9988,,,,,,,,
,3807678272.78,299.998,,,,,,,,
,3807678292.79,300.0001,,,,,,,,
,3807678312.81,299.9981,,,,,,,,
,3807678332.82,299.9965,,,,,,,,
,3807678352.87,300.0017,,,,,,,,
,3807678372.87,300.0049,,,,,,,,
,3807678392.87,300.0031,,,,,,,,
,3807678412.89,300.0007,,,,,,,,
,3807678432.92,299.997,,,,,,,,
,3807678452.94,300.003,,,,,,,,
,3807678472.97,300.0017,,,,,,,,
,3807678492.98,299.9966,,,,,,,,
,3807678513.00,299.9976,,,,,,,,
,3807678533.03,299.9994,,,,,,,,
,3807678553.03,299.9978,,,,,,,,
,3807678573.07,299.9976,,,,,,,,
,3807678593.10,299.9962,,,,,,,,
,3807678613.14,300.0008,,,,,,,,
,3807678633.17,299.9958,,,,,,,,
,3807678653.20,299.9968,,,,,,,,
,3807678673.21,300.001,,,,,,,,
,3807678693.22,299.9986,,,,,,,,
,3807678713.25,299.998,,,,,,,,
,3807678733.26,299.9968,,,,,,,,
,3807678753.31,300.0016,,,,,,,,
,3807678773.31,299.9962,,,,,,,,
,3807678793.32,299.9998,,,,,,,,
,3807678813.34,299.9972,,,,,,,,
,3807678833.38,299.9992,,,,,,,,
,3807678853.42,299.9971,,,,,,,,
,3807678873.42,300.0018,,,,,,,,
,3807678893.46,299.9972,,,,,,,,
,3807678913.47,299.9978,,,,,,,,
,3807678933.51,300.0004,,,,,,,,
,3807678953.54,299.9974,,,,,,,,
,3807678973.61,299.9988,,,,,,,,
,3807678993.63,300.0008,,,,,,,,
,3807679013.65,299.9968,,,,,,,,
,3807679033.66,299.9968,,,,,,,,
,3807679053.68,299.9972,,,,,,,,
,3807679073.71,300.002,,,,,,,,
,3807679093.78,299.9982,,,,,,,,
,3807679113.78,299.996,,,,,,,,
,3807679133.82,300.0008,,,,,,,,
,3807679153.83,299.9968,,,,,,,,
,3807679173.87,299.9972,,,,,,,,
,3807679193.87,300.0002,,,,,,,,
,3807679213.94,299.9977,,,,,,,,
,3807679233.99,299.9967,,,,,,,,
,3807679254.00,299.9972,,,,,,,,
,3807679274.01,300.0023,,,,,,,,
,3807679294.06,299.9962,,,,,,,,
,3807679314.06,299.9982,,,,,,,,
,3807679334.08,300.0003,,,,,,,,
,3807679354.08,299.9966,,,,,,,,
,3807679374.12,299.9979,,,,,,,,
,3807679394.15,299.9971,,,,,,,,
,3807679414.15,300.0009,,,,,,,,
,3807679434.18,299.9985,,,,,,,,
,3807679454.20,299.9973,,,,,,,,
,3807679474.21,300.0017,,,,,,,,
,3807679494.24,299.9971,,,,,,,,
,3807679514.24,299.9981,,,,,,,,
,3807679534.26,299.9962,,,,,,,,
,3807679554.28,300.0013,,,,,,,,
,3807679574.32,299.9967,,,,,,,,
,3807679594.33,299.9982,,,,,,,,
,3807679614.36,300.0005,,,,,,,,
,3807679634.36,299.9971,,,,,,,,
,3807679654.39,299.9959,,,,,,,,
,3807679674.40,299.9991,,,,,,,,
,3807679694.42,300.0009,,,,,,,,
,3807679714.44,300.0031,,,,,,,,
,3807679734.45,299.9975,,,,,,,,
,3807679754.46,299.9965,,,,,,,,
,3807679774.47,300.0029,,,,,,,,
,3807679794.47,300.0017,,,,,,,,
,3807679814.49,299.9988,,,,,,,,
,3807679834.52,300.0013,,,,,,,,
,3807679854.53,299.9981,,,,,,,,
,3807679874.54,299.9966,,,,,,,,
,3807679894.59,300.0018,,,,,,,,
,3807679914.59,299.9967,,,,,,,,
,3807679934.63,299.9982,,,,,,,,
,3807679954.63,299.9967,,,,,,,,
,3807679974.65,299.9981,,,,,,,,
,3807679994.67,300.0013,,,,,,,,
,3807680014.69,299.9985,,,,,,,,
,3807680034.72,299.9962,,,,,,,,
,3807680054.74,300.0023,,,,,,,,
,3807680074.79,300.0015,,,,,,,,
,3807680094.81,300.0033,,,,,,,,
,3807680114.83,299.9966,,,,,,,,
,3807680134.83,299.9999,,,,,,,,
,3807680154.86,299.9969,,,,,,,,
,3807680174.88,299.9957,,,,,,,,
,3807680194.90,300.0011,,,,,,,,
,3807680214.93,299.9971,,,,,,,,
,3807680234.97,299.9987,,,,,,,,
,3807680254.97,300.0011,,,,,,,,
,3807680275.00,299.9977,,,,,,,,
,3807680295.02,299.9958,,,,,,,,
,3807680315.04,299.9981,,,,,,,,
,3807680335.07,299.9962,,,,,,,,
,3807680355.08,299.9959,,,,,,,,
,3807680375.10,299.9971,,,,,,,,
,3807680395.12,299.9956,,,,,,,,
,3807680415.12,299.9976,,,,,,,,
,3807680435.15,299.9988,,,,,,,,
,3807680455.15,300.0014,,,,,,,,
,3807680475.19,300.0014,,,,,,,,
,3807680495.22,300.0008,,,,,,,,
,3807680515.22,299.9966,,,,,,,,
,3807680535.25,299.9966,,,,,,,,
,3807680555.28,300.0039,,,,,,,,
,3807680575.30,299.9966,,,,,,,,
,3807680595.32,299.9962,,,,,,,,
,3807680615.33,299.9988,,,,,,,,
,3807680635.35,299.9966,,,,,,,,
,3807680655.40,300.0004,,,,,,,,
,3807680675.40,300.004,,,,,,,,
,3807680695.41,299.9966,,,,,,,,
,3807680715.43,300.0008,,,,,,,,
,3807680735.46,300.0014,,,,,,,,
,3807680755.54,300.0018,,,,,,,,
,3807680775.59,299.9962,,,,,,,,
,3807680795.64,299.9972,,,,,,,,
,3807680815.66,299.997,,,,,,,,
,3807680835.69,299.9946,,,,,,,,
,3807680855.73,299.9962,,,,,,,,
,3807680875.77,299.9962,,,,,,,,
,3807680895.79,300.0018,,,,,,,,
,3807680915.84,300.002,,,,,,,,
,3807680935.88,300.002,,,,,,,,
,3807680955.91,299.9992,,,,,,,,
,3807680975.93,299.9966,,,,,,,,
,3807680995.94,299.9974,,,,,,,,
,3807681015.96,299.9972,,,,,,,,
,3807681035.96,299.9992,,,,,,,,
,3807681056.01,299.998,,,,,,,,
,3807681076.04,300.0034,,,,,,,,
,3807681096.07,300.003,,,,,,,,
,3807681116.09,300.001,,,,,,,,
,3807681136.15,300.0016,,,,,,,,
,3807681156.17,299.9956,,,,,,,,
,3807681176.17,299.9966,,,,,,,,
,3807681196.21,299.9966,,,,,,,,
,3807681216.24,299.9968,,,,,,,,
,3807681236.24,299.9974,,,,,,,,
,3807681256.30,299.9962,,,,,,,,
,3807681276.30,299.9952,,,,,,,,
,3807681296.33,300.0008,,,,,,,,
,3807681316.34,299.9998,,,,,,,,
,3807681336.37,300.0008,,,,,,,,
,3807681356.37,300.0012,,,,,,,,
,3807681376.42,299.9966,,,,,,,,
,3807681396.45,299.9976,,,,,,,,
,3807681416.45,299.9976,,,,,,,,
,3807681436.45,299.997,,,,,,,,
,3807681456.46,299.9966,,,,,,,,
,3807681476.48,299.9962,,,,,,,,
,3807681496.54,299.9962,,,,,,,,
,3807681516.61,299.9966,,,,,,,,
,3807681536.61,300.0006,,,,,,,,
,3807681556.65,299.9996,,,,,,,,
,3807681576.67,300.001,,,,,,,,
,3807681596.68,300.0025,,,,,,,,
,3807681616.71,299.9959,,,,,,,,
,3807681636.75,299.9946,,,,,,,,
,3807681656.79,300.0034,,,,,,,,
,3807681676.82,299.9974,,,,,,,,
,3807681696.82,299.9962,,,,,,,,
,3807681716.84,299.996,,,,,,,,
,3807681736.86,299.9962,,,,,,,,
,3807681756.87,299.9967,,,,,,,,
,3807681776.88,299.9973,,,,,,,,
,3807681796.92,300.0002,,,,,,,,
,3807681816.92,300.0004,,,,,,,,
,3807681836.94,299.9997,,,,,,,,
,3807681856.99,299.9972,,,,,,,,
,3807681877.02,299.9972,,,,,,,,
,3807681897.07,299.9967,,,,,,,,
,3807681917.12,300.0027,,,,,,,,
,3807681937.13,299.9987,,,,,,,,
,3807681957.18,299.9984,,,,,,,,
,3807681977.21,299.9966,,,,,,,,
,3807681997.21,300.0023,,,,,,,,
,3807682017.27,299.9988,,,,,,,,
,3807682037.31,299.9988,,,,,,,,
,3807682057.33,300.0027,,,,,,,,
,3807682077.34,299.9973,,,,,,,,
,3807682097.38,299.996,,,,,,,,
,3807682117.38,299.9966,,,,,,,,
,3807682137.41,300.0026,,,,,,,,
,3807682157.45,300.0029,,,,,,,,
,3807682177.45,300.0005,,,,,,,,
,3807682197.47,300.0023,,,,,,,,
,3807682217.51,300.0015,,,,,,,,
,3807682237.51,299.996,,,,,,,,
,3807682257.54,299.9967,,,,,,,,
,3807682277.55,299.9987,,,,,,,,
,3807682297.55,299.9972,,,,,,,,
,3807682317.64,300.0055,,,,,,,,
,3807682337.65,299.9962,,,,,,,,
,3807682357.67,299.9972,,,,,,,,
,3807682377.68,299.9965,,,,,,,,
,3807682397.70,299.9977,,,,,,,,
,3807682417.74,299.9995,,,,,,,,
,3807682437.75,300.0006,,,,,,,,
,3807682457.77,300.0017,,,,,,,,
,3807682477.79,300.0009,,,,,,,,
,3807682497.79,300.0021,,,,,,,,
,3807682517.84,299.9997,,,,,,,,
,3807682537.89,299.9969,,,,,,,,
,3807682557.91,299.9962,,,,,,,,
,3807682577.97,299.998,,,,,,,,
,3807682597.98,299.9973,,,,,,,,
,3807682617.99,299.9966,,,,,,,,
,3807682638.00,299.9971,,,,,,,,
,3807682658.05,299.9962,,,,,,,,
,3807682678.10,300.0018,,,,,,,,
,3807682698.12,300.001,,,,,,,,
,3807682718.17,299.9981,,,,,,,,
,3807682738.18,300.0031,,,,,,,,
,3807682758.20,299.9998,,,,,,,,
,3807682778.22,299.9966,,,,,,,,
,3807682798.22,300.0034,,,,,,,,
,3807682818.24,299.9952,,,,,,,,
,3807682838.26,299.9981,,,,,,,,
,3807682858.30,299.996,,,,,,,,
,3807682878.33,299.9962,,,,,,,,
,3807682898.36,299.9982,,,,,,,,
,3807682918.38,299.9971,,,,,,,,
,3807682938.43,300.0014,,,,,,,,
,3807682958.46,300.0013,,,,,,,,
,3807682978.47,299.9998,,,,,,,,
,3807682998.50,300.0026,,,,,,,,
,3807683018.52,299.9955,,,,,,,,
,3807683038.54,299.9966,,,,,,,,
,3807683058.58,299.9974,,,,,,,,
,3807683078.59,299.9982,,,,,,,,
,3807683098.64,299.9969,,,,,,,,
,3807683118.66,299.9978,,,,,,,,
,3807683138.68,300.0015,,,,,,,,
,3807683158.71,300.0017,,,,,,,,
,3807683178.73,300.0003,,,,,,,,
,3807683198.77,299.9971,,,,,,,,
,3807683218.78,299.9959,,,,,,,,
,3807683238.79,299.9955,,,,,,,,
,3807683258.81,299.9966,,,,,,,,
,3807683278.83,299.9978,,,,,,,,
,3807683298.85,299.9976,,,,,,,,
,3807683318.87,300.0003,,,,,,,,
,3807683338.91,300.0023,,,,,,,,
,3807683358.93,299.9997,,,,,,,,
,3807683378.93,300.0007,,,,,,,,
,3807683398.96,299.9962,,,,,,,,
,3807683418.98,299.9958,,,,,,,,
,3807683438.98,299.997,,,,,,,,
,3807683459.02,299.9978,,,,,,,,
,3807683479.04,299.9982,,,,,,,,
,3807683499.04,299.9971,,,,,,,,
,3807683519.09,299.9973,,,,,,,,
,3807683539.11,299.9972,,,,,,,,
,3807683559.17,299.9995,,,,,,,,
,3807683579.17,299.9991,,,,,,,,
,3807683599.21,300.0001,,,,,,,,
,3807683619.23,300.0017,,,,,,,,
,3807683639.23,300.0039,,,,,,,,
,3807683659.26,299.9989,,,,,,,,
,3807683679.30,299.9965,,,,,,,,
,3807683699.30,299.9981,,,,,,,,
,3807683719.35,299.9967,,,,,,,,
,3807683739.37,299.9956,,,,,,,,
,3807683759.39,299.9978,,,,,,,,
,3807683779.45,299.9965,,,,,,,,
,3807683799.46,300.0001,,,,,,,,
,3807683819.46,300.0017,,,,,,,,
,3807683839.49,300.0031,,,,,,,,
,3807683859.49,299.9961,,,,,,,,
,3807683879.52,299.9965,,,,,,,,
,3807683899.54,300.0023,,,,,,,,
,3807683919.56,299.9979,,,,,,,,
,3807683939.56,299.9976,,,,,,,,
,3807683959.58,299.9978,,,,,,,,
,3807683979.60,299.9971,,,,,,,,
,3807683999.62,299.9985,,,,,,,,
,3807684019.67,300.0023,,,,,,,,
,3807684039.69,299.9998,,,,,,,,
,3807684059.71,300.0007,,,,,,,,
,3807684079.72,299.9966,,,,,,,,
,3807684099.72,300.0007,,,,,,,,
,3807684119.74,299.9967,,,,,,,,
,3807684139.76,299.9962,,,,,,,,
,3807684159.78,299.9958,,,,,,,,
,3807684179.81,299.9968,,,,,,,,
,3807684199.83,299.9971,,,,,,,,
,3807684219.85,299.9971,,,,,,,,
,3807684239.87,299.9966,,,,,,,,
,3807684259.88,299.9965,,,,,,,,
,3807684279.90,299.9965,,,,,,,,
,3807684299.93,300.0026,,,,,,,,
,3807684320.02,300.0013,,,,,,,,
,3807684340.02,300.0029,,,,,,,,
,3807684360.06,299.9971,,,,,,,,
,3807684380.11,299.9981,,,,,,,,
,3807684400.13,300.0043,,,,,,,,
,3807684420.16,299.9962,,,,,,,,
,3807684440.19,300.0005,,,,,,,,
,3807684460.23,300.0007,,,,,,,,
,3807684480.25,300.0002,,,,,,,,
,3807684500.28,299.9965,,,,,,,,
,3807684520.30,299.9977,,,,,,,,
,3807684540.32,299.9975,,,,,,,,
,3807684560.38,300.0025,,,,,,,,
,3807684580.42,299.9975,,,,,,,,
,3807684600.43,299.9985,,,,,,,,
,3807684620.46,299.9962,,,,,,,,
,3807684640.48,299.9997,,,,,,,,
,3807684660.51,300.0007,,,,,,,,
,3807684680.62,299.9981,,,,,,,,
,3807684700.67,299.9962,,,,,,,,
,3807684720.70,299.9961,,,,,,,,
,3807684740.73,299.9966,,,,,,,,
,3807684760.75,299.9983,,,,,,,,
,3807684780.80,300.0007,,,,,,,,
,3807684800.82,299.9943,,,,,,,,
,3807684820.86,299.9979,,,,,,,,
,3807684840.86,299.9975,,,,,,,,
,3807684860.88,300.0038,,,,,,,,
,3807684880.92,299.9976,,,,,,,,
,3807684900.95,299.9977,,,,,,,,
,3807684921.01,299.9955,,,,,,,,
,3807684941.02,300.0007,,,,,,,,
,3807684961.06,300.0005,,,,,,,,
,3807684981.10,300.0015,,,,,,,,
,3807685001.13,299.9951,,,,,,,,
,3807685021.18,299.9987,,,,,,,,
,3807685041.21,299.9987,,,,,,,,
,3807685061.26,299.9971,,,,,,,,
,3807685081.31,300.0019,,,,,,,,
,3807685101.33,300.0017,,,,,,,,
,3807685121.37,299.9995,,,,,,,,
,3807685141.42,300.0013,,,,,,,,
,3807685161.46,299.9975,,,,,,,,
,3807685181.49,300.0013,,,,,,,,
,3807685201.51,299.9997,,,,,,,,
,3807685221.55,299.9991,,,,,,,,
,3807685241.63,299.9997,,,,,,,,
,3807685261.63,300.0017,,,,,,,,
,3807685281.68,300.0007,,,,,,,,
,3807685301.70,300.0015,,,,,,,,
,3807685321.74,300.0004,,,,,,,,
,3807685341.79,300.0011,,,,,,,,
,3807685361.82,299.9987,,,,,,,,
,3807685381.87,300.0015,,,,,,,,
,3807685401.90,300.0015,,,,,,,,
,3807685421.90,300.0015,,,,,,,,
,3807685441.90,300.0009,,,,,,,,
,3807685461.95,300.0013,,,,,,,,
,3807685481.95,300,,,,,,,,
,3807685501.97,300.0009,,,,,,,,
,3807685522.01,300.0003,,,,,,,,
,3807685542.04,300.0005,,,,,,,,
,3807685562.05,300.0005,,,,,,,,
,3807685582.09,300.0001,,,,,,,,
,3807685602.09,300.0031,,,,,,,,
,3807685622.11,299.9995,,,,,,,,
,3807685642.15,300.0013,,,,,,,,
,3807685662.16,299.9991,,,,,,,,
,3807685682.18,300.0005,,,,,,,,
,3807685702.22,300.0015,,,,,,,,
,3807685722.25,299.9999,,,,,,,,
,3807685742.26,299.9992,,,,,,,,
,3807685762.26,300.0007,,,,,,,,
,3807685782.27,299.9991,,,,,,,,
,3807685802.30,300.0013,,,,,,,,
,3807685822.31,299.9997,,,,,,,,
,3807685842.33,300.0008,,,,,,,,
,3807685862.38,300.0007,,,,,,,,
,3807685882.40,300.0007,,,,,,,,
,3807685902.44,299.9983,,,,,,,,
,3807685922.46,300.0019,,,,,,,,
,3807685942.46,299.9997,,,,,,,,
,3807685962.51,300.0002,,,,,,,,
,3807685982.52,300.0015,,,,,,,,
,3807686002.55,300.0023,,,,,,,,
,3807686022.59,300.0013,,,,,,,,
,3807686042.60,299.9993,,,,,,,,
,3807686062.62,300.0022,,,,,,,,
,3807686082.64,300.0003,,,,,,,,
,3807686102.69,300.0013,,,,,,,,
,3807686122.72,299.9991,,,,,,,,
,3807686142.75,300.0019,,,,,,,,
,3807686162.75,300.0015,,,,,,,,
,3807686182.78,300.0007,,,,,,,,
,3807686202.81,299.9997,,,,,,,,
,3807686222.83,300.0006,,,,,,,,
,3807686242.84,300.0007,,,,,,,,
,3807686262.87,300.0001,,,,,,,,
,3807686282.90,300.0003,,,,,,,,
,3807686302.94,300.0006,,,,,,,,
,3807686322.94,299.9991,,,,,,,,
,3807686342.96,300.0007,,,,,,,,
,3807686362.98,299.9992,,,,,,,,
,3807686382.99,299.9997,,,,,,,,
,3807686403.02,299.9993,,,,,,,,
,3807686423.04,300.0002,,,,,,,,
,3807686443.06,300.0017,,,,,,,,
,3807686463.09,300.0025,,,,,,,,
,3807686483.10,300.0007,,,,,,,,
,3807686503.13,299.9997,,,,,,,,
,3807686523.15,299.9999,,,,,,,,
,3807686543.16,300.0022,,,,,,,,
,3807686563.18,300.0007,,,,,,,,
,3807686583.23,300.0008,,,,,,,,
,3807686603.27,300.0017,,,,,,,,
,3807686623.30,300.0003,,,,,,,,
,3807686643.32,300.0013,,,,,,,,
,3807686663.36,299.9993,,,,,,,,
,3807686683.36,300.0023,,,,,,,,
,3807686703.43,300.0001,,,,,,,,
,3807686723.47,299.9989,,,,,,,,
,3807686743.50,299.9993,,,,,,,,
,3807686763.52,300.0023,,,,,,,,
,3807686783.55,299.9997,,,,,,,,
,3807686803.58,300.0003,,,,,,,,
,3807686823.59,299.9987,,,,,,,,
,3807686843.61,300.0003,,,,,,,,
,3807686863.64,299.9991,,,,,,,,
,3807686883.66,300.0017,,,,,,,,
,3807686903.68,300.0023,,,,,,,,
,3807686923.71,300.0019,,,,,,,,
,3807686943.73,300.0007,,,,,,,,
,3807686963.80,300.0017,,,,,,,,
,3807686983.84,299.9982,,,,,,,,
,3807687003.85,300.0003,,,,,,,,
,3807687023.88,300.0013,,,,,,,,
,3807687043.94,300.0013,,,,,,,,
,3807687063.96,299.9993,,,,,,,,
,3807687083.98,299.9989,,,,,,,,
,3807687104.01,300.0009,,,,,,,,
,3807687124.06,299.9991,,,,,,,,
,3807687144.10,299.9997,,,,,,,,
,3807687164.15,299.9998,,,,,,,,
,3807687184.17,300.0011,,,,,,,,
,3807687204.19,300.0018,,,,,,,,
,3807687224.22,300.0013,,,,,,,,
,3807687244.26,300.0023,,,,,,,,
,3807687264.30,300.0007,,,,,,,,
,3807687284.33,300.0006,,,,,,,,
,3807687304.33,300.0026,,,,,,,,
,3807687324.34,300.0005,,,,,,,,
,3807687344.38,299.9987,,,,,,,,
,3807687364.41,300.0018,,,,,,,,
,3807687384.43,299.9991,,,,,,,,
,3807687404.46,300.0012,,,,,,,,
,3807687424.53,299.9992,,,,,,,,
,3807687444.53,300.0023,,,,,,,,
,3807687464.56,300.0005,,,,,,,,
,3807687484.57,300.0017,,,,,,,,
,3807687504.59,299.9997,,,,,,,,
,3807687524.59,300.0009,,,,,,,,
,3807687544.61,299.9991,,,,,,,,
,3807687564.67,300.0023,,,,,,,,
,3807687584.67,300.0002,,,,,,,,
,3807687604.69,300.0008,,,,,,,,
,3807687624.72,299.999,,,,,,,,
,3807687644.73,300.0017,,,,,,,,
,3807687664.76,300.0017,,,,,,,,
,3807687684.78,300.0019,,,,,,,,
,3807687704.81,300.0023,,,,,,,,
,3807687724.83,300.0003,,,,,,,,
,3807687744.84,299.9993,,,,,,,,
,3807687764.87,300.0016,,,,,,,,
,3807687784.90,300.0003,,,,,,,,
,3807687804.91,300.001,,,,,,,,
,3807687824.93,300.0003,,,,,,,,
,3807687844.96,299.9991,,,,,,,,
,3807687864.96,300.0015,,,,,,,,
,3807687884.97,299.9988,,,,,,,,
,3807687905.00,299.9997,,,,,,,,
,3807687925.02,299.9992,,,,,,,,
,3807687945.05,299.9997,,,,,,,,
,3807687965.10,299.9986,,,,,,,,
,3807687985.12,299.9997,,,,,,,,
,3807688005.12,300.0016,,,,,,,,
,3807688025.13,300.0001,,,,,,,,
,3807688045.17,299.9989,,,,,,,,
,3807688065.29,300.0017,,,,,,,,
,3807688085.31,300.0009,,,,,,,,
,3807688105.35,300.0007,,,,,,,,
,3807688125.35,300.0003,,,,,,,,
,3807688145.41,300.0008,,,,,,,,
,3807688165.43,300.0017,,,,,,,,
,3807688185.43,300.0003,,,,,,,,
,3807688205.45,300.0007,,,,,,,,
,3807688225.48,300.0008,,,,,,,,
,3807688245.49,300.0002,,,,,,,,
,3807688265.53,300.0005,,,,,,,,
,3807688285.57,300.0013,,,,,,,,
,3807688305.59,300.0013,,,,,,,,
,3807688325.60,300.0007,,,,,,,,
,3807688345.61,299.9997,,,,,,,,
,3807688365.63,300.0015,,,,,,,,
,3807688385.63,299.9992,,,,,,,,
,3807688405.63,300.0005,,,,,,,,
,3807688425.67,299.9995,,,,,,,,
,3807688445.70,299.9992,,,,,,,,
,3807688465.70,300.0005,,,,,,,,
,3807688485.72,300.0013,,,,,,,,
,3807688505.74,300.0005,,,,,,,,
,3807688525.76,299.9991,,,,,,,,
,3807688545.77,299.9981,,,,,,,,
,3807688565.79,299.9992,,,,,,,,
,3807688585.83,300.0005,,,,,,,,
,3807688605.89,300.0012,,,,,,,,
,3807688625.90,299.9992,,,,,,,,
,3807688645.91,299.9988,,,,,,,,
,3807688665.93,300.0011,,,,,,,,
,3807688685.95,299.9985,,,,,,,,
,3807688705.98,300.0016,,,,,,,,
,3807688725.98,300.0008,,,,,,,,
,3807688746.04,299.9988,,,,,,,,
,3807688766.08,300.0013,,,,,,,,
,3807688786.10,299.9982,,,,,,,,
,3807688806.16,300.0008,,,,,,,,
,3807688826.18,300.0002,,,,,,,,
,3807688846.23,300.0018,,,,,,,,
,3807688866.27,300.0006,,,,,,,,
,3807688886.30,300.0012,,,,,,,,
,3807688906.35,300.0007,,,,,,,,
,3807688926.38,300.0007,,,,,,,,
,3807688946.41,300.0003,,,,,,,,
,3807688966.43,299.9995,,,,,,,,
,3807688986.45,299.9998,,,,,,,,
,3807689006.47,300.0006,,,,,,,,
,3807689026.53,300.0013,,,,,,,,
,3807689046.56,299.9999,,,,,,,,
,3807689066.58,300.0007,,,,,,,,
,3807689086.58,299.9995,,,,,,,,
,3807689106.65,300.0017,,,,,,,,
,3807689126.67,300.0007,,,,,,,,
,3807689146.69,300.0007,,,,,,,,
,3807689166.72,299.9981,,,,,,,,
,3807689186.73,300.0015,,,,,,,,
,3807689206.75,299.9991,,,,,,,,
,3807689226.77,300.0004,,,,,,,,
,3807689246.78,299.9997,,,,,,,,
,3807689266.79,300.0006,,,,,,,,
,3807689286.80,300.0007,,,,,,,,
,3807689306.87,300.0019,,,,,,,,
,3807689326.92,299.9991,,,,,,,,
,3807689346.96,300.0021,,,,,,,,
,3807689366.96,299.9987,,,,,,,,
,3807689386.98,299.9991,,,,,,,,
,3807689406.98,299.9992,,,,,,,,
,3807689427.02,299.9986,,,,,,,,
,3807689447.05,300.0007,,,,,,,,
,3807689467.08,300.0013,,,,,,,,
,3807689487.10,300.0013,,,,,,,,
,3807689507.11,300.0007,,,,,,,,
,3807689527.12,300.0012,,,,,,,,
,3807689547.14,300.0004,,,,,,,,
,3807689567.14,300.0015,,,,,,,,
,3807689587.15,300.0009,,,,,,,,
,3807689607.18,300.0007,,,,,,,,
,3807689627.20,300.0009,,,,,,,,
,3807689647.20,300.0017,,,,,,,,
,3807689667.21,299.9997,,,,,,,,
