[Header]
; Copyright 1997-2010, Quantum Design, Inc. All rights reserved.
FILEOPENTIME,3807352055.067,8/23/2020,1:47 PM
BYAPP, LogDynaCoolData, 1.0, 2.2
INFO, APPNAME, DynaCool MultiVu Application, Release 1.2.5.1
FIELDGROUP, Standard,2,3,4,5,6,7,8,9,11,10
FIELDGROUP, Diagnostic,2,12,13,14,15,16,17,18,19,20,21,22,23,24,25,26,27,28,29,30,31,32,33
FIELDGROUP, User,2,50,51,52,53,54,55,56,57,58,59,60,61,62,63,64,65
STARTUPGROUP, All
STARTUPAXIS, X, 2, LINEAR, AUTO
STARTUPAXIS, Y1, 3, LINEAR, AUTO
TIMEMODE, MINUTES, RELATIVE
PLOT_APPEARANCE, ALL, HORZ_GRID_ON, VERT_GRID_ON, MARKERS_AND_LINES, ALL_LINES
RECORDS, ALL_RECORDS
DATATYPE, TIME, 2
DATATYPE, COMMENT, 1
[Data]
Comment,Time Stamp (sec),Temperature (K),Magnetic Field (Oe),System Pres (Torr),Chamber Status (code),Temperature Status (code),Field Status (code),Cryostat Status (code),Control Therm (ID),Sample Therm (ID),Block Temp (K),Neck Temp (K),High Neck Temp (K),Control Temp (K),1st Stage Temp (K),2nd Stage Temp (K),Magnet Temp (K),Impedance Temp (K),Pot Liquid level (%),Block Power (W),Neck Heater Power (W),High Neck Heater Power (W),1st Stage Heater Power (W),2nd Stage Heater Power (W),Magnet Voltage (V),Impedance Heater Power (W),Pot Power (W),CFE Flow (SCCM),Pump Flow (uncal SCCM),Tank Pressure (Torr),Annulus Pressure (Torr),Compressor State (code),Channel 1,Channel 2,Channel 3,Channel 4,Channel 5,Channel 6,Channel 7,Channel 8,Channel 9,Channel 10,Channel 11,Channel 12,Channel 13,Channel 14,Channel 15,Channel 16
,3807352055.07,300.0044,,,,,,,,
,3807352055.08,300.0044,,,,,,,,
,3807352071.09,299.8531,,,,,,,,
,3807352091.14,299.5161,,,,,,,,
,3807352111.15,299.1577,,,,,,,,
,3807352131.21,298.8134,,,,,,,,
,3807352151.21,298.4543,,,,,,,,
,3807352171.22,298.1134,,,,,,,,
,3807352191.23,297.7664,,,,,,,,
,3807352211.25,297.4373,,,,,,,,
,3807352231.27,297.1015,,,,,,,,
,3807352251.29,296.7815,,,,,,,,
,3807352271.31,296.4458,,,,,,,,
,3807352291.36,296.114,,,,,,,,
,3807352311.44,295.7871,,,,,,,,
,3807352331.49,295.4512,,,,,,,,
,3807352351.52,295.1218,,,,,,,,
,3807352371.54,294.7862,,,,,,,,
,3807352391.56,294.4565,,,,,,,,
,3807352411.64,294.1205,,,,,,,,
,3807352431.67,293.7935,,,,,,,,
,3807352451.69,293.4525,,,,,,,,
,3807352471.73,293.118,,,,,,,,
,3807352491.76,292.7844,,,,,,,,
,3807352511.78,292.4513,,,,,,,,
,3807352531.78,292.1187,,,,,,,,
,3807352551.81,291.7831,,,,,,,,
,3807352571.82,291.4564,,,,,,,,
,3807352591.90,291.1183,,,,,,,,
,3807352611.95,290.7898,,,,,,,,
,3807352631.98,290.4525,,,,,,,,
,3807352651.98,290.1285,,,,,,,,
,3807352672.00,289.7866,,,,,,,,
,3807352692.02,289.4615,,,,,,,,
,3807352712.04,289.1186,,,,,,,,
,3807352732.04,288.792,,,,,,,,
,3807352752.04,288.4552,,,,,,,,
,3807352772.09,288.1286,,,,,,,,
,3807352792.11,287.7881,,,,,,,,
,3807352812.13,287.4627,,,,,,,,
,3807352832.14,287.1251,,,,,,,,
,3807352852.15,286.8007,,,,,,,,
,3807352872.22,286.4582,,,,,,,,
,3807352892.27,286.1236,,,,,,,,
,3807352912.32,285.7932,,,,,,,,
,3807352932.35,285.4571,,,,,,,,
,3807352952.38,285.1288,,,,,,,,
,3807352972.43,284.7896,,,,,,,,
,3807352992.45,284.4601,,,,,,,,
,3807353012.47,284.1284,,,,,,,,
,3807353032.47,283.8019,,,,,,,,
,3807353052.50,283.4607,,,,,,,,
,3807353072.53,283.1333,,,,,,,,
,3807353092.55,282.7938,,,,,,,,
,3807353112.58,282.4678,,,,,,,,
,3807353132.58,282.1328,,,,,,,,
,3807353152.60,281.8013,,,,,,,,
,3807353172.63,281.463,,,,,,,,
,3807353192.65,281.135,,,,,,,,
,3807353212.70,280.7971,,,,,,,,
,3807353232.75,280.4701,,,,,,,,
,3807353252.79,280.133,,,,,,,,
,3807353272.79,279.8064,,,,,,,,
,3807353292.82,279.4662,,,,,,,,
,3807353312.84,279.1303,,,,,,,,
,3807353332.84,278.8002,,,,,,,,
,3807353352.84,278.4631,,,,,,,,
,3807353372.86,278.1362,,,,,,,,
,3807353392.91,277.7987,,,,,,,,
,3807353412.95,277.4698,,,,,,,,
,3807353432.97,277.1329,,,,,,,,
,3807353452.98,276.8063,,,,,,,,
,3807353473.06,276.4702,,,,,,,,
,3807353493.10,276.1384,,,,,,,,
,3807353513.12,275.8002,,,,,,,,
,3807353533.15,275.4742,,,,,,,,
,3807353553.17,275.133,,,,,,,,
,3807353573.19,274.8062,,,,,,,,
,3807353593.21,274.4712,,,,,,,,
,3807353613.23,274.1465,,,,,,,,
,3807353633.24,273.8038,,,,,,,,
,3807353653.25,273.4788,,,,,,,,
,3807353673.28,273.14,,,,,,,,
,3807353693.28,272.8133,,,,,,,,
,3807353713.32,272.4753,,,,,,,,
,3807353733.34,272.1475,,,,,,,,
,3807353753.39,271.8074,,,,,,,,
,3807353773.42,271.4723,,,,,,,,
,3807353793.42,271.1427,,,,,,,,
,3807353813.44,270.8062,,,,,,,,
,3807353833.46,270.4782,,,,,,,,
,3807353853.48,270.1404,,,,,,,,
,3807353873.50,269.811,,,,,,,,
,3807353893.51,269.4764,,,,,,,,
,3807353913.52,269.1485,,,,,,,,
,3807353933.55,268.8112,,,,,,,,
,3807353953.56,268.4818,,,,,,,,
,3807353973.62,268.1445,,,,,,,,
,3807353993.64,267.8166,,,,,,,,
,3807354013.66,267.4804,,,,,,,,
,3807354033.72,267.1503,,,,,,,,
,3807354053.83,266.8113,,,,,,,,
,3807354073.85,266.4857,,,,,,,,
,3807354093.86,266.1447,,,,,,,,
,3807354113.89,265.821,,,,,,,,
,3807354133.92,265.4798,,,,,,,,
,3807354153.97,265.155,,,,,,,,
,3807354174.00,264.8161,,,,,,,,
,3807354194.07,264.4788,,,,,,,,
,3807354214.07,264.1498,,,,,,,,
,3807354234.09,263.8128,,,,,,,,
,3807354254.14,263.4876,,,,,,,,
,3807354274.16,263.1473,,,,,,,,
,3807354294.21,262.8188,,,,,,,,
,3807354314.26,262.4828,,,,,,,,
,3807354334.32,262.1549,,,,,,,,
,3807354354.37,261.816,,,,,,,,
,3807354374.39,261.488,,,,,,,,
,3807354394.43,261.1497,,,,,,,,
,3807354414.46,260.8224,,,,,,,,
,3807354434.46,260.4832,,,,,,,,
,3807354454.50,260.1579,,,,,,,,
,3807354474.50,259.82,,,,,,,,
,3807354494.53,259.491,,,,,,,,
,3807354514.58,259.1534,,,,,,,,
,3807354534.62,258.8182,,,,,,,,
,3807354554.65,258.4884,,,,,,,,
,3807354574.67,258.1519,,,,,,,,
,3807354594.67,257.8225,,,,,,,,
,3807354614.74,257.4867,,,,,,,,
,3807354634.77,257.1565,,,,,,,,
,3807354654.81,256.8219,,,,,,,,
,3807354674.84,256.4914,,,,,,,,
,3807354694.87,256.1519,,,,,,,,
,3807354714.91,255.8256,,,,,,,,
,3807354734.94,255.4866,,,,,,,,
,3807354754.98,255.1618,,,,,,,,
,3807354775.02,254.8218,,,,,,,,
,3807354795.05,254.4851,,,,,,,,
,3807354815.08,254.1556,,,,,,,,
,3807354835.12,253.8189,,,,,,,,
,3807354855.17,253.496,,,,,,,,
,3807354875.20,253.1582,,,,,,,,
,3807354895.23,252.8268,,,,,,,,
,3807354915.28,252.4862,,,,,,,,
,3807354935.31,252.1552,,,,,,,,
,3807354955.33,251.8159,,,,,,,,
,3807354975.41,251.4902,,,,,,,,
,3807354995.43,251.1496,,,,,,,,
,3807355015.48,250.8129,,,,,,,,
,3807355035.48,250.4852,,,,,,,,
,3807355055.50,250.1481,,,,,,,,
,3807355075.53,249.8194,,,,,,,,
,3807355095.57,249.4841,,,,,,,,
,3807355115.60,249.1556,,,,,,,,
,3807355135.65,248.8194,,,,,,,,
,3807355155.67,248.4888,,,,,,,,
,3807355175.71,248.1523,,,,,,,,
,3807355195.74,247.8219,,,,,,,,
,3807355215.77,247.4848,,,,,,,,
,3807355235.81,247.1566,,,,,,,,
,3807355255.86,246.8185,,,,,,,,
,3807355275.89,246.4904,,,,,,,,
,3807355295.92,246.1498,,,,,,,,
,3807355315.94,245.8231,,,,,,,,
,3807355335.98,245.484,,,,,,,,
,3807355356.01,245.1579,,,,,,,,
,3807355376.04,244.8179,,,,,,,,
,3807355396.08,244.4913,,,,,,,,
,3807355416.11,244.1515,,,,,,,,
,3807355436.15,243.8154,,,,,,,,
,3807355456.18,243.4857,,,,,,,,
,3807355476.21,243.1495,,,,,,,,
,3807355496.24,242.8203,,,,,,,,
,3807355516.26,242.4825,,,,,,,,
,3807355536.27,242.1538,,,,,,,,
,3807355556.29,241.8176,,,,,,,,
,3807355576.30,241.4885,,,,,,,,
,3807355596.36,241.1519,,,,,,,,
,3807355616.40,240.8237,,,,,,,,
,3807355636.47,240.4831,,,,,,,,
,3807355656.49,240.1557,,,,,,,,
,3807355676.50,239.8178,,,,,,,,
,3807355696.50,239.4913,,,,,,,,
,3807355716.50,239.1515,,,,,,,,
,3807355736.53,238.8249,,,,,,,,
,3807355756.54,238.4856,,,,,,,,
,3807355776.57,238.159,,,,,,,,
,3807355796.59,237.8188,,,,,,,,
,3807355816.60,237.493,,,,,,,,
,3807355836.62,237.153,,,,,,,,
,3807355856.62,236.8263,,,,,,,,
,3807355876.63,236.4885,,,,,,,,
,3807355896.63,236.1617,,,,,,,,
,3807355916.63,235.8215,,,,,,,,
,3807355936.64,235.4953,,,,,,,,
,3807355956.64,235.1565,,,,,,,,
,3807355976.64,234.8298,,,,,,,,
,3807355996.64,234.4901,,,,,,,,
,3807356016.65,234.1642,,,,,,,,
,3807356036.65,233.8232,,,,,,,,
,3807356056.65,233.4977,,,,,,,,
,3807356076.67,233.1593,,,,,,,,
,3807356096.69,232.8213,,,,,,,,
,3807356116.74,232.4923,,,,,,,,
,3807356136.76,232.156,,,,,,,,
,3807356156.76,231.8283,,,,,,,,
,3807356176.79,231.4905,,,,,,,,
,3807356196.81,231.1618,,,,,,,,
,3807356216.81,230.8252,,,,,,,,
,3807356236.83,230.496,,,,,,,,
,3807356256.85,230.1584,,,,,,,,
,3807356276.89,229.8299,,,,,,,,
,3807356296.89,229.4919,,,,,,,,
,3807356316.95,229.1637,,,,,,,,
,3807356337.00,228.8238,,,,,,,,
,3807356357.00,228.498,,,,,,,,
,3807356377.01,228.1611,,,,,,,,
,3807356397.06,227.8305,,,,,,,,
,3807356417.09,227.4914,,,,,,,,
,3807356437.13,227.1648,,,,,,,,
,3807356457.16,226.8266,,,,,,,,
,3807356477.21,226.5011,,,,,,,,
,3807356497.25,226.1596,,,,,,,,
,3807356517.25,225.8343,,,,,,,,
,3807356537.27,225.494,,,,,,,,
,3807356557.33,225.1579,,,,,,,,
,3807356577.37,224.8281,,,,,,,,
,3807356597.42,224.4918,,,,,,,,
,3807356617.47,224.16,,,,,,,,
,3807356637.49,223.826,,,,,,,,
,3807356657.55,223.4965,,,,,,,,
,3807356677.58,223.1582,,,,,,,,
,3807356697.66,222.8301,,,,,,,,
,3807356717.70,222.4903,,,,,,,,
,3807356737.71,222.1543,,,,,,,,
,3807356757.75,221.8237,,,,,,,,
,3807356777.75,221.4882,,,,,,,,
,3807356797.79,221.1586,,,,,,,,
,3807356817.80,220.8227,,,,,,,,
,3807356837.82,220.4923,,,,,,,,
,3807356857.86,220.1551,,,,,,,,
,3807356877.86,219.826,,,,,,,,
,3807356897.86,219.4898,,,,,,,,
,3807356917.87,219.1599,,,,,,,,
,3807356937.88,218.8242,,,,,,,,
,3807356957.89,218.4938,,,,,,,,
,3807356977.90,218.1573,,,,,,,,
,3807356997.97,217.8282,,,,,,,,
,3807357018.02,217.4919,,,,,,,,
,3807357038.04,217.1611,,,,,,,,
,3807357058.09,216.8249,,,,,,,,
,3807357078.15,216.4958,,,,,,,,
,3807357098.19,216.1593,,,,,,,,
,3807357118.19,215.8297,,,,,,,,
,3807357138.25,215.4892,,,,,,,,
,3807357158.29,215.1634,,,,,,,,
,3807357178.31,214.8241,,,,,,,,
,3807357198.34,214.4975,,,,,,,,
,3807357218.34,214.1594,,,,,,,,
,3807357238.36,213.8308,,,,,,,,
,3807357258.38,213.4905,,,,,,,,
,3807357278.40,213.1642,,,,,,,,
,3807357298.42,212.8239,,,,,,,,
,3807357318.42,212.4976,,,,,,,,
,3807357338.44,212.1609,,,,,,,,
,3807357358.50,211.831,,,,,,,,
,3807357378.52,211.4921,,,,,,,,
,3807357398.54,211.1653,,,,,,,,
,3807357418.56,210.826,,,,,,,,
,3807357438.58,210.4999,,,,,,,,
,3807357458.63,210.1599,,,,,,,,
,3807357478.70,209.834,,,,,,,,
,3807357498.73,209.4933,,,,,,,,
,3807357518.77,209.1575,,,,,,,,
,3807357538.79,208.827,,,,,,,,
,3807357558.85,208.4902,,,,,,,,
,3807357578.89,208.1609,,,,,,,,
,3807357598.89,207.8235,,,,,,,,
,3807357618.90,207.4944,,,,,,,,
,3807357638.93,207.1585,,,,,,,,
,3807357658.95,206.829,,,,,,,,
,3807357678.97,206.4926,,,,,,,,
,3807357699.00,206.1637,,,,,,,,
,3807357719.04,205.8258,,,,,,,,
,3807357739.05,205.4972,,,,,,,,
,3807357759.06,205.1602,,,,,,,,
,3807357779.07,204.8313,,,,,,,,
,3807357799.14,204.4942,,,,,,,,
,3807357819.15,204.1643,,,,,,,,
,3807357839.17,203.8243,,,,,,,,
,3807357859.24,203.4988,,,,,,,,
,3807357879.29,203.1592,,,,,,,,
,3807357899.32,202.8329,,,,,,,,
,3807357919.34,202.4917,,,,,,,,
,3807357939.34,202.1661,,,,,,,,
,3807357959.36,201.8267,,,,,,,,
,3807357979.36,201.4983,,,,,,,,
,3807357999.41,201.1599,,,,,,,,
,3807358019.46,200.8327,,,,,,,,
,3807358039.48,200.4939,,,,,,,,
,3807358059.48,200.1667,,,,,,,,
,3807358079.48,199.8273,,,,,,,,
,3807358099.52,199.5013,,,,,,,,
,3807358119.54,199.1611,,,,,,,,
,3807358139.60,198.8248,,,,,,,,
,3807358159.68,198.4955,,,,,,,,
,3807358179.72,198.1589,,,,,,,,
,3807358199.76,197.829,,,,,,,,
,3807358219.79,197.4926,,,,,,,,
,3807358239.85,197.1629,,,,,,,,
,3807358259.93,196.8242,,,,,,,,
,3807358279.97,196.4985,,,,,,,,
,3807358300.01,196.1579,,,,,,,,
,3807358320.03,195.8316,,,,,,,,
,3807358340.06,195.4925,,,,,,,,
,3807358360.09,195.1643,,,,,,,,
,3807358380.11,194.8253,,,,,,,,
,3807358400.14,194.488,,,,,,,,
,3807358420.16,194.1589,,,,,,,,
,3807358440.17,193.8222,,,,,,,,
,3807358460.18,193.4925,,,,,,,,
,3807358480.20,193.1673,,,,,,,,
,3807358500.21,192.8268,,,,,,,,
,3807358520.22,192.5007,,,,,,,,
,3807358540.24,192.1603,,,,,,,,
,3807358560.29,191.8228,,,,,,,,
,3807358580.29,191.4936,,,,,,,,
,3807358600.31,191.1678,,,,,,,,
,3807358620.34,190.8277,,,,,,,,
,3807358640.36,190.5012,,,,,,,,
,3807358660.41,190.1609,,,,,,,,
,3807358680.49,189.8252,,,,,,,,
,3807358700.54,189.4943,,,,,,,,
,3807358720.57,189.158,,,,,,,,
,3807358740.59,188.8287,,,,,,,,
,3807358760.61,188.4917,,,,,,,,
,3807358780.66,188.163,,,,,,,,
,3807358800.68,187.8258,,,,,,,,
,3807358820.69,187.4959,,,,,,,,
,3807358840.73,187.1597,,,,,,,,
,3807358860.76,186.8298,,,,,,,,
,3807358880.78,186.4923,,,,,,,,
,3807358900.82,186.1638,,,,,,,,
,3807358920.84,185.8244,,,,,,,,
,3807358940.88,185.4972,,,,,,,,
,3807358960.93,185.1579,,,,,,,,
,3807358981.01,184.8316,,,,,,,,
,3807359001.03,184.4907,,,,,,,,
,3807359021.09,184.1644,,,,,,,,
,3807359041.10,183.8242,,,,,,,,
,3807359061.12,183.4981,,,,,,,,
,3807359081.16,183.1585,,,,,,,,
,3807359101.23,182.8217,,,,,,,,
,3807359121.28,182.4923,,,,,,,,
,3807359141.31,182.1555,,,,,,,,
,3807359161.34,181.8264,,,,,,,,
,3807359181.36,181.49,,,,,,,,
,3807359201.43,181.16,,,,,,,,
,3807359221.45,180.8235,,,,,,,,
,3807359241.48,180.4939,,,,,,,,
,3807359261.51,180.1535,,,,,,,,
,3807359281.55,179.8283,,,,,,,,
,3807359301.60,179.4855,,,,,,,,
,3807359321.65,179.1615,,,,,,,,
,3807359341.66,178.8221,,,,,,,,
,3807359361.67,178.4947,,,,,,,,
,3807359381.71,178.1549,,,,,,,,
,3807359401.76,177.8288,,,,,,,,
,3807359421.77,177.4882,,,,,,,,
,3807359441.80,177.1622,,,,,,,,
,3807359461.88,176.821,,,,,,,,
,3807359481.88,176.4957,,,,,,,,
,3807359501.96,176.156,,,,,,,,
,3807359521.96,175.8291,,,,,,,,
,3807359542.07,175.4882,,,,,,,,
,3807359562.18,175.1517,,,,,,,,
,3807359582.23,174.8232,,,,,,,,
,3807359602.31,174.4825,,,,,,,,
,3807359622.31,174.1561,,,,,,,,
,3807359642.31,173.8192,,,,,,,,
,3807359662.35,173.4894,,,,,,,,
,3807359682.37,173.1529,,,,,,,,
,3807359702.39,172.8236,,,,,,,,
,3807359722.41,172.4866,,,,,,,,
,3807359742.48,172.1566,,,,,,,,
,3807359762.51,171.8171,,,,,,,,
,3807359782.53,171.4905,,,,,,,,
,3807359802.55,171.1515,,,,,,,,
,3807359822.59,170.8251,,,,,,,,
,3807359842.67,170.4848,,,,,,,,
,3807359862.71,170.1482,,,,,,,,
,3807359882.76,169.8184,,,,,,,,
,3807359902.78,169.4832,,,,,,,,
,3807359922.79,169.1527,,,,,,,,
,3807359942.84,168.8173,,,,,,,,
,3807359962.90,168.4867,,,,,,,,
,3807359982.95,168.1503,,,,,,,,
,3807360003.01,167.8214,,,,,,,,
,3807360023.04,167.4819,,,,,,,,
,3807360043.08,167.1551,,,,,,,,
,3807360063.08,166.8154,,,,,,,,
,3807360083.13,166.4891,,,,,,,,
,3807360103.16,166.1494,,,,,,,,
,3807360123.18,165.8229,,,,,,,,
,3807360143.23,165.4829,,,,,,,,
,3807360163.26,165.1573,,,,,,,,
,3807360183.33,164.8163,,,,,,,,
,3807360203.35,164.4804,,,,,,,,
,3807360223.38,164.1504,,,,,,,,
,3807360243.41,163.8136,,,,,,,,
,3807360263.44,163.4846,,,,,,,,
,3807360283.49,163.1474,,,,,,,,
,3807360303.54,162.8176,,,,,,,,
,3807360323.57,162.481,,,,,,,,
,3807360343.63,162.1514,,,,,,,,
,3807360363.63,161.8155,,,,,,,,
,3807360383.65,161.4859,,,,,,,,
,3807360403.67,161.1488,,,,,,,,
,3807360423.68,160.8198,,,,,,,,
,3807360443.68,160.4834,,,,,,,,
,3807360463.72,160.1526,,,,,,,,
,3807360483.72,159.8166,,,,,,,,
,3807360503.74,159.4863,,,,,,,,
,3807360523.76,159.1506,,,,,,,,
,3807360543.78,158.8204,,,,,,,,
,3807360563.80,158.4843,,,,,,,,
,3807360583.84,158.1544,,,,,,,,
,3807360603.88,157.8148,,,,,,,,
,3807360623.95,157.489,,,,,,,,
,3807360643.99,157.1491,,,,,,,,
,3807360664.01,156.8232,,,,,,,,
,3807360684.01,156.483,,,,,,,,
,3807360704.05,156.1565,,,,,,,,
,3807360724.07,155.8164,,,,,,,,
,3807360744.13,155.4814,,,,,,,,
,3807360764.23,155.151,,,,,,,,
,3807360784.29,154.8149,,,,,,,,
,3807360804.34,154.4852,,,,,,,,
,3807360824.40,154.1455,,,,,,,,
,3807360844.47,153.8188,,,,,,,,
,3807360864.48,153.4789,,,,,,,,
,3807360884.51,153.1534,,,,,,,,
,3807360904.52,152.8128,,,,,,,,
,3807360924.52,152.4864,,,,,,,,
,3807360944.57,152.1476,,,,,,,,
,3807360964.62,151.82,,,,,,,,
,3807360984.65,151.4814,,,,,,,,
,3807361004.71,151.145,,,,,,,,
,3807361024.76,150.8154,,,,,,,,
,3807361044.82,150.4788,,,,,,,,
,3807361064.86,150.1488,,,,,,,,
,3807361084.90,149.8125,,,,,,,,
,3807361104.97,149.4835,,,,,,,,
,3807361125.05,149.143,,,,,,,,
,3807361145.06,148.8169,,,,,,,,
,3807361165.13,148.4772,,,,,,,,
,3807361185.14,148.1503,,,,,,,,
,3807361205.16,147.8105,,,,,,,,
,3807361225.21,147.4837,,,,,,,,
,3807361245.23,147.1443,,,,,,,,
,3807361265.31,146.8084,,,,,,,,
,3807361285.41,146.4774,,,,,,,,
,3807361305.44,146.1421,,,,,,,,
,3807361325.51,145.8117,,,,,,,,
,3807361345.59,145.4723,,,,,,,,
,3807361365.63,145.1462,,,,,,,,
,3807361385.64,144.806,,,,,,,,
,3807361405.68,144.48,,,,,,,,
,3807361425.76,144.1395,,,,,,,,
,3807361445.76,143.8134,,,,,,,,
,3807361465.81,143.4738,,,,,,,,
,3807361485.85,143.1374,,,,,,,,
,3807361505.87,142.808,,,,,,,,
,3807361525.89,142.4715,,,,,,,,
,3807361545.91,142.1418,,,,,,,,
,3807361565.94,141.8058,,,,,,,,
,3807361585.96,141.476,,,,,,,,
,3807361605.99,141.1396,,,,,,,,
,3807361626.04,140.8096,,,,,,,,
,3807361646.13,140.4437,,,,,,,,
,3807361666.15,140.1424,,,,,,,,
,3807361686.23,140.1245,,,,,,,,
,3807361706.26,140.0916,,,,,,,,
,3807361726.37,140.4395,,,,,,,,
,3807361746.40,142.3058,,,,,,,,
,3807361766.45,144.6875,,,,,,,,
,3807361786.53,147.3656,,,,,,,,
,3807361806.56,150.1343,,,,,,,,
,3807361826.59,152.9578,,,,,,,,
,3807361846.62,155.8564,,,,,,,,
,3807361866.65,158.8232,,,,,,,,
,3807361886.67,161.8412,,,,,,,,
,3807361906.69,164.8945,,,,,,,,
,3807361926.73,167.9988,,,,,,,,
,3807361946.76,171.1381,,,,,,,,
,3807361966.79,174.3843,,,,,,,,
,3807361986.83,177.5739,,,,,,,,
,3807362006.84,180.7808,,,,,,,,
,3807362026.86,184.012,,,,,,,,
,3807362046.88,187.2646,,,,,,,,
,3807362066.91,190.5665,,,,,,,,
,3807362086.98,193.8259,,,,,,,,
,3807362107.05,197.096,,,,,,,,
,3807362127.07,200.3664,,,,,,,,
,3807362147.08,203.6372,,,,,,,,
,3807362167.13,206.9162,,,,,,,,
,3807362187.13,210.1895,,,,,,,,
,3807362207.16,213.4685,,,,,,,,
,3807362227.18,216.8404,,,,,,,,
,3807362247.19,220.1143,,,,,,,,
,3807362267.23,223.4261,,,,,,,,
,3807362287.27,226.6943,,,,,,,,
,3807362307.28,229.9297,,,,,,,,
,3807362327.34,233.1416,,,,,,,,
,3807362347.39,236.3396,,,,,,,,
,3807362367.44,239.5307,,,,,,,,
,3807362387.51,242.7905,,,,,,,,
,3807362407.53,245.9423,,,,,,,,
,3807362427.56,249.0735,,,,,,,,
,3807362447.58,252.1956,,,,,,,,
,3807362467.60,255.3306,,,,,,,,
,3807362487.68,258.4165,,,,,,,,
,3807362507.70,261.4978,,,,,,,,
,3807362527.75,264.5755,,,,,,,,
,3807362547.82,267.6357,,,,,,,,
,3807362567.84,270.6917,,,,,,,,
,3807362587.85,273.7407,,,,,,,,
,3807362607.85,276.7731,,,,,,,,
,3807362627.90,279.7924,,,,,,,,
,3807362647.93,282.8041,,,,,,,,
,3807362667.95,285.8037,,,,,,,,
,3807362688.00,288.7972,,,,,,,,
,3807362708.01,291.8656,,,,,,,,
,3807362728.03,294.8242,,,,,,,,
,3807362748.05,297.7507,,,,,,,,
,3807362768.10,299.9296,,,,,,,,
,3807362788.23,300.1871,,,,,,,,
,3807362808.28,300.2768,,,,,,,,
,3807362828.31,300.2877,,,,,,,,
,3807362848.31,300.2676,,,,,,,,
,3807362868.35,300.2365,,,,,,,,
,3807362888.42,300.2024,,,,,,,,
,3807362908.47,300.17,,,,,,,,
,3807362928.48,300.1448,,,,,,,,
,3807362948.51,300.1184,,,,,,,,
,3807362968.52,300.1049,,,,,,,,
,3807362988.59,300.0855,,,,,,,,
,3807363008.59,300.0716,,,,,,,,
,3807363028.64,300.0633,,,,,,,,
,3807363048.68,300.0512,,,,,,,,
,3807363068.73,300.0425,,,,,,,,
,3807363088.75,300.0409,,,,,,,,
,3807363108.77,300.0314,,,,,,,,
,3807363128.81,300.0292,,,,,,,,
,3807363148.84,300.0278,,,,,,,,
,3807363168.85,300.0226,,,,,,,,
,3807363188.87,300.0278,,,,,,,,
,3807363208.89,300.0167,,,,,,,,
,3807363228.95,300.0194,,,,,,,,
,3807363249.02,300.0129,,,,,,,,
,3807363269.05,300.0107,,,,,,,,
,3807363289.08,300.0137,,,,,,,,
,3807363309.12,300.0093,,,,,,,,
,3807363329.12,300.0085,,,,,,,,
,3807363349.16,300.0071,,,,,,,,
,3807363369.22,300.0085,,,,,,,,
,3807363389.25,300.0044,,,,,,,,
,3807363409.31,300.0054,,,,,,,,
,3807363429.31,300.006,,,,,,,,
,3807363449.31,300.0078,,,,,,,,
,3807363469.36,300.0032,,,,,,,,
,3807363489.39,300.008,,,,,,,,
,3807363509.40,300.0103,,,,,,,,
,3807363529.44,300.0063,,,,,,,,
,3807363549.45,300.0036,,,,,,,,
,3807363569.50,300.0044,,,,,,,,
,3807363589.55,300.004,,,,,,,,
,3807363609.59,300.0056,,,,,,,,
,3807363629.62,300.0014,,,,,,,,
,3807363649.62,300.0014,,,,,,,,
,3807363669.63,300.006,,,,,,,,
,3807363689.66,299.9998,,,,,,,,
,3807363709.66,300.0074,,,,,,,,
,3807363729.68,300.0026,,,,,,,,
,3807363749.75,299.9994,,,,,,,,
,3807363769.78,300.0008,,,,,,,,
,3807363789.79,300.0062,,,,,,,,
,3807363809.82,300.0038,,,,,,,,
,3807363829.87,300.0054,,,,,,,,
,3807363849.92,299.9982,,,,,,,,
,3807363870.00,300.0006,,,,,,,,
,3807363890.05,300.001,,,,,,,,
,3807363910.09,300.0002,,,,,,,,
,3807363930.13,300.0054,,,,,,,,
,3807363950.16,299.9988,,,,,,,,
,3807363970.16,299.997,,,,,,,,
,3807363990.18,299.9952,,,,,,,,
,3807364010.19,299.999,,,,,,,,
,3807364030.27,300.003,,,,,,,,
,3807364050.29,299.9992,,,,,,,,
,3807364070.32,300.0034,,,,,,,,
,3807364090.36,299.9988,,,,,,,,
,3807364110.37,300.002,,,,,,,,
,3807364130.39,299.998,,,,,,,,
,3807364150.39,300.0028,,,,,,,,
,3807364170.48,300.0008,,,,,,,,
,3807364190.51,300.0024,,,,,,,,
,3807364210.57,300.0004,,,,,,,,
,3807364230.62,300.0008,,,,,,,,
,3807364250.67,300.0026,,,,,,,,
,3807364270.71,300.0018,,,,,,,,
,3807364290.74,300.0018,,,,,,,,
,3807364310.79,300.0024,,,,,,,,
,3807364330.81,300.0008,,,,,,,,
,3807364350.86,300.001,,,,,,,,
,3807364370.89,300.0022,,,,,,,,
,3807364390.91,300.0014,,,,,,,,
,3807364410.95,300.0028,,,,,,,,
,3807364430.96,299.9998,,,,,,,,
,3807364451.01,300.0024,,,,,,,,
,3807364471.08,299.9992,,,,,,,,
,3807364491.13,300.0012,,,,,,,,
,3807364511.16,300.0004,,,,,,,,
,3807364531.16,300.001,,,,,,,,
,3807364551.17,299.9998,,,,,,,,
,3807364571.18,300.0014,,,,,,,,
,3807364591.19,300.0003,,,,,,,,
,3807364611.21,300.0014,,,,,,,,
,3807364631.24,300.0016,,,,,,,,
,3807364651.29,300.0038,,,,,,,,
,3807364671.34,299.9994,,,,,,,,
,3807364691.37,299.9998,,,,,,,,
,3807364711.42,300.0022,,,,,,,,
,3807364731.43,300.0013,,,,,,,,
,3807364751.45,300.0014,,,,,,,,
,3807364771.51,300.0017,,,,,,,,
,3807364791.57,300.0017,,,,,,,,
,3807364811.67,299.9987,,,,,,,,
,3807364831.72,300.0013,,,,,,,,
,3807364851.76,299.9997,,,,,,,,
,3807364871.77,300.0025,,,,,,,,
,3807364891.79,300.0003,,,,,,,,
,3807364911.81,300.0027,,,,,,,,
,3807364931.83,299.9985,,,,,,,,
,3807364951.88,300.0023,,,,,,,,
,3807364971.93,299.9985,,,,,,,,
,3807364992.00,300.0015,,,,,,,,
,3807365012.03,300.0003,,,,,,,,
,3807365032.04,300.0006,,,,,,,,
,3807365052.05,300.0013,,,,,,,,
,3807365072.13,300.0023,,,,,,,,
,3807365092.19,300.001,,,,,,,,
,3807365112.24,300.0009,,,,,,,,
,3807365132.26,300.0006,,,,,,,,
,3807365152.29,299.9981,,,,,,,,
,3807365172.30,300.0013,,,,,,,,
,3807365192.33,300.0014,,,,,,,,
,3807365212.35,299.9997,,,,,,,,
,3807365232.37,299.9976,,,,,,,,
,3807365252.43,300.0015,,,,,,,,
,3807365272.47,299.9997,,,,,,,,
,3807365292.50,300.0017,,,,,,,,
,3807365312.55,299.9991,,,,,,,,
,3807365332.55,300.0031,,,,,,,,
,3807365352.66,300.0018,,,,,,,,
,3807365372.73,300.0011,,,,,,,,
,3807365392.77,300.0012,,,,,,,,
,3807365412.85,299.9988,,,,,,,,
,3807365432.88,300.0013,,,,,,,,
,3807365452.91,299.9995,,,,,,,,
,3807365472.92,300.0018,,,,,,,,
,3807365492.92,299.9987,,,,,,,,
,3807365512.95,300.0018,,,,,,,,
,3807365532.99,299.9995,,,,,,,,
,3807365553.01,300.0023,,,,,,,,
,3807365573.12,300.0017,,,,,,,,
,3807365593.18,300.0033,,,,,,,,
,3807365613.19,300.0031,,,,,,,,
,3807365633.23,300.0017,,,,,,,,
,3807365653.26,300.0017,,,,,,,,
,3807365673.27,300.0023,,,,,,,,
,3807365693.28,299.9988,,,,,,,,
,3807365713.29,300.0006,,,,,,,,
,3807365733.33,300.0007,,,,,,,,
,3807365753.41,300.0003,,,,,,,,
,3807365773.44,300.0023,,,,,,,,
,3807365793.51,300.0006,,,,,,,,
,3807365813.54,300.0018,,,,,,,,
,3807365833.58,299.9991,,,,,,,,
,3807365853.61,300.0002,,,,,,,,
,3807365873.66,299.9985,,,,,,,,
,3807365893.75,300.0009,,,,,,,,
,3807365913.77,300.0011,,,,,,,,
,3807365933.82,300.0013,,,,,,,,
,3807365953.86,300.0027,,,,,,,,
,3807365973.89,300.0005,,,,,,,,
,3807365994.00,300.0019,,,,,,,,
,3807366014.07,300.0001,,,,,,,,
,3807366034.10,300.0023,,,,,,,,
,3807366054.18,299.9998,,,,,,,,
,3807366074.20,300.0019,,,,,,,,
,3807366094.22,300.0005,,,,,,,,
,3807366114.22,300.0013,,,,,,,,
,3807366134.26,300.0011,,,,,,,,
,3807366154.26,300.0003,,,,,,,,
,3807366174.29,300.0006,,,,,,,,
,3807366194.37,300.0019,,,,,,,,
,3807366214.42,300.0026,,,,,,,,
,3807366234.49,299.9987,,,,,,,,
,3807366254.57,299.9999,,,,,,,,
,3807366274.58,299.9999,,,,,,,,
,3807366294.59,300.0018,,,,,,,,
,3807366314.62,299.9997,,,,,,,,
,3807366334.64,300.0027,,,,,,,,
,3807366354.66,300.0007,,,,,,,,
,3807366374.70,300.0018,,,,,,,,
,3807366394.72,300.001,,,,,,,,
,3807366414.73,300.0007,,,,,,,,
,3807366434.80,300.0003,,,,,,,,
,3807366454.85,299.9995,,,,,,,,
,3807366474.93,300.0027,,,,,,,,
,3807366494.94,299.9987,,,,,,,,
,3807366514.97,300.0021,,,,,,,,
,3807366534.97,299.9985,,,,,,,,
,3807366554.99,300.0024,,,,,,,,
,3807366575.05,299.9995,,,,,,,,
,3807366595.09,300.0005,,,,,,,,
,3807366615.11,299.9981,,,,,,,,
,3807366635.12,300.0014,,,,,,,,
,3807366655.22,299.9985,,,,,,,,
,3807366675.28,300.0009,,,,,,,,
,3807366695.30,300.0023,,,,,,,,
,3807366715.32,300.0018,,,,,,,,
,3807366735.34,300.0021,,,,,,,,
,3807366755.38,300.0017,,,,,,,,
,3807366775.40,300.0017,,,,,,,,
,3807366795.42,300.0017,,,,,,,,
,3807366815.44,300.0013,,,,,,,,
,3807366835.48,299.9993,,,,,,,,
,3807366855.54,300.0017,,,,,,,,
,3807366875.62,300.0011,,,,,,,,
,3807366895.70,300.0006,,,,,,,,
,3807366915.74,300.0035,,,,,,,,
,3807366935.77,300.0003,,,,,,,,
,3807366955.79,300.0007,,,,,,,,
,3807366975.84,300.0017,,,,,,,,
,3807366995.85,300.0023,,,,,,,,
,3807367015.91,300.0053,,,,,,,,
,3807367035.93,299.9977,,,,,,,,
,3807367055.98,300.0023,,,,,,,,
,3807367076.04,299.9966,,,,,,,,
,3807367096.08,299.9974,,,,,,,,
,3807367116.09,300.0018,,,,,,,,
,3807367136.11,300.0014,,,,,,,,
,3807367156.15,299.9978,,,,,,,,
,3807367176.18,299.998,,,,,,,,
,3807367196.20,300.0023,,,,,,,,
,3807367216.22,300.0039,,,,,,,,
,3807367236.24,299.9989,,,,,,,,
,3807367256.27,299.9968,,,,,,,,
,3807367276.33,299.9982,,,,,,,,
,3807367296.45,299.9966,,,,,,,,
,3807367316.48,299.9962,,,,,,,,
,3807367336.50,300.0023,,,,,,,,
,3807367356.50,299.9987,,,,,,,,
,3807367376.51,299.9986,,,,,,,,
,3807367396.55,300.001,,,,,,,,
,3807367416.64,300.0003,,,,,,,,
,3807367436.70,300.0011,,,,,,,,
,3807367456.72,299.9984,,,,,,,,
,3807367476.80,299.9975,,,,,,,,
,3807367496.82,299.9973,,,,,,,,
,3807367516.94,300.0013,,,,,,,,
,3807367536.97,300.0007,,,,,,,,
,3807367557.01,299.9978,,,,,,,,
,3807367577.06,299.995,,,,,,,,
,3807367597.11,300.0016,,,,,,,,
,3807367617.13,299.9946,,,,,,,,
,3807367637.13,299.9956,,,,,,,,
,3807367657.15,299.9962,,,,,,,,
,3807367677.18,300.0023,,,,,,,,
,3807367697.25,300.0005,,,,,,,,
,3807367717.32,299.9979,,,,,,,,
,3807367737.38,299.9966,,,,,,,,
,3807367757.42,299.996,,,,,,,,
,3807367777.43,300.0007,,,,,,,,
,3807367797.45,300.0007,,,,,,,,
,3807367817.49,299.9977,,,,,,,,
,3807367837.49,300.0053,,,,,,,,
,3807367857.54,300.001,,,,,,,,
,3807367877.61,299.9998,,,,,,,,
,3807367897.65,299.9956,,,,,,,,
,3807367917.67,300.0023,,,,,,,,
,3807367937.72,299.9962,,,,,,,,
,3807367957.73,300.0003,,,,,,,,
,3807367977.75,299.9988,,,,,,,,
,3807367997.78,299.9975,,,,,,,,
,3807368017.83,299.9962,,,,,,,,
,3807368037.83,299.9985,,,,,,,,
,3807368057.86,300.0027,,,,,,,,
,3807368077.88,300.0023,,,,,,,,
,3807368097.90,300.0006,,,,,,,,
,3807368117.97,299.9962,,,,,,,,
,3807368138.02,299.9977,,,,,,,,
,3807368158.06,299.9978,,,,,,,,
,3807368178.10,300.0004,,,,,,,,
,3807368198.15,299.9978,,,,,,,,
,3807368218.17,299.9981,,,,,,,,
,3807368238.18,299.9998,,,,,,,,
,3807368258.28,300.0008,,,,,,,,
,3807368278.33,299.9988,,,,,,,,
,3807368298.37,299.9981,,,,,,,,
,3807368318.39,300.0015,,,,,,,,
,3807368338.45,300.0014,,,,,,,,
,3807368358.52,299.9974,,,,,,,,
,3807368378.58,299.9956,,,,,,,,
,3807368398.58,300.0018,,,,,,,,
,3807368418.68,299.9972,,,,,,,,
,3807368438.73,299.9961,,,,,,,,
,3807368458.73,299.9993,,,,,,,,
,3807368478.78,299.9988,,,,,,,,
,3807368498.80,299.9958,,,,,,,,
,3807368518.88,300.0039,,,,,,,,
,3807368538.91,299.9955,,,,,,,,
,3807368558.98,300.0014,,,,,,,,
,3807368578.98,299.9974,,,,,,,,
,3807368599.04,299.9958,,,,,,,,
,3807368619.07,300.0017,,,,,,,,
,3807368639.08,299.9952,,,,,,,,
,3807368659.10,299.9972,,,,,,,,
,3807368679.15,300.0004,,,,,,,,
,3807368699.19,299.9992,,,,,,,,
,3807368719.22,300.003,,,,,,,,
,3807368739.24,300.0034,,,,,,,,
,3807368759.37,299.9991,,,,,,,,
,3807368779.38,299.9962,,,,,,,,
,3807368799.42,299.9978,,,,,,,,
,3807368819.43,299.9992,,,,,,,,
,3807368839.48,300.0016,,,,,,,,
,3807368859.49,299.9974,,,,,,,,
,3807368879.51,300.0036,,,,,,,,
,3807368899.54,300.0027,,,,,,,,
,3807368919.59,299.9956,,,,,,,,
,3807368939.63,299.9971,,,,,,,,
,3807368959.66,299.9972,,,,,,,,
,3807368979.76,300.001,,,,,,,,
,3807368999.79,300.0008,,,,,,,,
,3807369019.84,299.9986,,,,,,,,
,3807369039.86,300.0008,,,,,,,,
,3807369059.89,299.9977,,,,,,,,
,3807369080.00,300.0007,,,,,,,,
,3807369100.02,300.0013,,,,,,,,
,3807369120.02,300.0003,,,,,,,,
,3807369140.04,300.0021,,,,,,,,
,3807369160.08,300.0026,,,,,,,,
,3807369180.13,300.0026,,,,,,,,
,3807369200.17,300.0008,,,,,,,,
,3807369220.23,300.0018,,,,,,,,
,3807369240.24,300.0012,,,,,,,,
,3807369260.28,300.0018,,,,,,,,
,3807369280.31,300.0008,,,,,,,,
,3807369300.35,300.0018,,,,,,,,
,3807369320.41,299.9998,,,,,,,,
,3807369340.46,300.0002,,,,,,,,
,3807369360.48,300.0002,,,,,,,,
,3807369380.54,300.0008,,,,,,,,
,3807369400.66,300.0023,,,,,,,,
,3807369420.71,299.9988,,,,,,,,
,3807369440.71,300.0026,,,,,,,,
,3807369460.73,299.9997,,,,,,,,
,3807369480.76,300.0003,,,,,,,,
,3807369500.76,300.0004,,,,,,,,
,3807369520.78,300.0014,,,,,,,,
,3807369540.81,299.9987,,,,,,,,
,3807369560.86,300.0013,,,,,,,,
,3807369580.90,299.9997,,,,,,,,
,3807369600.97,300.0015,,,,,,,,
,3807369621.03,300.0017,,,,,,,,
,3807369641.05,300.0018,,,,,,,,
,3807369661.08,300.001,,,,,,,,
,3807369681.08,300.0014,,,,,,,,
,3807369701.12,300.0023,,,,,,,,
,3807369721.15,299.9992,,,,,,,,
,3807369741.25,300.0023,,,,,,,,
,3807369761.31,299.9988,,,,,,,,
,3807369781.32,300.0008,,,,,,,,
,3807369801.37,300.0016,,,,,,,,
,3807369821.40,300.0008,,,,,,,,
,3807369841.48,300.0017,,,,,,,,
,3807369861.53,300.0039,,,,,,,,
,3807369881.53,300.0009,,,,,,,,
,3807369901.54,300.0007,,,,,,,,
,3807369921.57,300.0007,,,,,,,,
,3807369941.64,299.9987,,,,,,,,
,3807369961.67,300.0017,,,,,,,,
,3807369981.69,299.9997,,,,,,,,
,3807370001.71,300.0007,,,,,,,,
,3807370021.74,299.9991,,,,,,,,
,3807370041.76,300.0011,,,,,,,,
,3807370061.79,299.9992,,,,,,,,
,3807370081.82,300.0023,,,,,,,,
,3807370101.85,299.9993,,,,,,,,
,3807370121.90,300.001,,,,,,,,
,3807370141.91,300.001,,,,,,,,
,3807370161.92,300.001,,,,,,,,
,3807370181.95,299.9998,,,,,,,,
,3807370201.95,300.0008,,,,,,,,
,3807370221.99,300.0016,,,,,,,,
,3807370242.01,300.0027,,,,,,,,
,3807370262.01,300.0049,,,,,,,,
,3807370282.09,300.0029,,,,,,,,
,3807370302.13,299.9966,,,,,,,,
,3807370322.17,299.9967,,,,,,,,
,3807370342.18,299.9975,,,,,,,,
,3807370362.19,299.9977,,,,,,,,
,3807370382.24,299.9996,,,,,,,,
,3807370402.27,299.9972,,,,,,,,
,3807370422.30,299.9962,,,,,,,,
,3807370442.33,299.9971,,,,,,,,
,3807370462.36,299.9977,,,,,,,,
,3807370482.40,300.0013,,,,,,,,
,3807370502.45,299.9965,,,,,,,,
,3807370522.47,299.9972,,,,,,,,
,3807370542.53,299.9994,,,,,,,,
,3807370562.58,300.0004,,,,,,,,
,3807370582.62,300.0026,,,,,,,,
,3807370602.65,299.9976,,,,,,,,
,3807370622.67,299.9992,,,,,,,,
,3807370642.73,300.0031,,,,,,,,
,3807370662.76,299.9958,,,,,,,,
,3807370682.78,300.0033,,,,,,,,
,3807370702.83,300.0031,,,,,,,,
,3807370722.85,299.9962,,,,,,,,
,3807370742.87,300.0008,,,,,,,,
,3807370762.94,299.999,,,,,,,,
,3807370782.97,299.9982,,,,,,,,
,3807370802.97,299.9989,,,,,,,,
,3807370823.01,300.0001,,,,,,,,
,3807370843.01,299.9986,,,,,,,,
,3807370863.01,300.0002,,,,,,,,
,3807370883.05,300.0026,,,,,,,,
,3807370903.08,300.0042,,,,,,,,
,3807370923.11,300.0002,,,,,,,,
,3807370943.12,299.9996,,,,,,,,
,3807370963.15,299.9982,,,,,,,,
,3807370983.18,300.0014,,,,,,,,
,3807371003.20,300.0014,,,,,,,,
,3807371023.24,300.0023,,,,,,,,
,3807371043.28,300.0025,,,,,,,,
,3807371063.31,300.0043,,,,,,,,
,3807371083.34,300.0014,,,,,,,,
,3807371103.38,300.0023,,,,,,,,
,3807371123.38,299.9988,,,,,,,,
,3807371143.46,299.9991,,,,,,,,
,3807371163.46,300.0022,,,,,,,,
,3807371183.53,300.0028,,,,,,,,
,3807371203.58,300.0007,,,,,,,,
,3807371223.62,300.0027,,,,,,,,
,3807371243.66,300.0032,,,,,,,,
,3807371263.67,300.0026,,,,,,,,
,3807371283.68,300.0004,,,,,,,,
,3807371303.68,300.0006,,,,,,,,
,3807371323.70,299.999,,,,,,,,
,3807371343.70,299.9992,,,,,,,,
,3807371363.71,300.0031,,,,,,,,
,3807371383.76,300.0034,,,,,,,,
,3807371403.79,300.0027,,,,,,,,
,3807371423.81,300.0022,,,,,,,,
,3807371443.84,300.003,,,,,,,,
,3807371463.88,300.003,,,,,,,,
,3807371483.89,300.0018,,,,,,,,
,3807371503.93,299.9982,,,,,,,,
,3807371523.96,299.9972,,,,,,,,
,3807371543.96,299.9988,,,,,,,,
,3807371564.01,300.0019,,,,,,,,
,3807371584.01,300.0033,,,,,,,,
,3807371604.05,300.0034,,,,,,,,
,3807371624.09,300.0013,,,,,,,,
,3807371644.09,300.0023,,,,,,,,
,3807371664.14,300.0018,,,,,,,,
,3807371684.16,300.0012,,,,,,,,
,3807371704.19,299.9991,,,,,,,,
,3807371724.19,299.9988,,,,,,,,
,3807371744.26,299.999,,,,,,,,
,3807371764.29,300.0028,,,,,,,,
,3807371784.31,300.003,,,,,,,,
,3807371804.38,300.0018,,,,,,,,
,3807371824.39,300.0014,,,,,,,,
,3807371844.42,300.0018,,,,,,,,
,3807371864.44,300.002,,,,,,,,
,3807371884.52,300.0018,,,,,,,,
,3807371904.54,300.0002,,,,,,,,
,3807371924.57,299.9998,,,,,,,,
,3807371944.62,299.9985,,,,,,,,
,3807371964.65,300.0027,,,,,,,,
,3807371984.67,300.0025,,,,,,,,
,3807372004.70,300.0029,,,,,,,,
,3807372024.70,300.0031,,,,,,,,
,3807372044.72,300.0016,,,,,,,,
,3807372064.75,300.0018,,,,,,,,
,3807372084.76,299.9988,,,,,,,,
,3807372104.78,299.9978,,,,,,,,
,3807372124.80,300.0014,,,,,,,,
,3807372144.84,300.0019,,,,,,,,
,3807372164.86,300.002,,,,,,,,
,3807372184.90,300.0033,,,,,,,,
,3807372204.93,300.0021,,,,,,,,
,3807372224.95,300.0033,,,,,,,,
,3807372244.97,300.0017,,,,,,,,
,3807372264.99,300.0024,,,,,,,,
,3807372285.00,299.9992,,,,,,,,
,3807372305.00,299.9978,,,,,,,,
,3807372325.04,300.0002,,,,,,,,
,3807372345.07,300.0036,,,,,,,,
,3807372365.08,300.0038,,,,,,,,
,3807372385.11,300.0018,,,,,,,,
,3807372405.13,300.0031,,,,,,,,
,3807372425.19,300.0026,,,,,,,,
,3807372445.21,300.0023,,,,,,,,
,3807372465.26,300.0034,,,,,,,,
,3807372485.26,300.0049,,,,,,,,
,3807372505.28,300.0043,,,,,,,,
,3807372525.29,299.9981,,,,,,,,
,3807372545.32,299.9982,,,,,,,,
,3807372565.34,299.9994,,,,,,,,
,3807372585.41,300.0034,,,,,,,,
,3807372605.44,300.0031,,,,,,,,
,3807372625.45,300.0023,,,,,,,,
,3807372645.46,300.0018,,,,,,,,
,3807372665.51,300.0027,,,,,,,,
,3807372685.53,300.0007,,,,,,,,
,3807372705.56,300.003,,,,,,,,
,3807372725.60,299.9992,,,,,,,,
,3807372745.60,299.9992,,,,,,,,
,3807372765.60,299.9995,,,,,,,,
,3807372785.64,300.0027,,,,,,,,
,3807372805.66,300.003,,,,,,,,
,3807372825.74,300.0022,,,,,,,,
,3807372845.76,300.0012,,,,,,,,
,3807372865.77,300.0018,,,,,,,,
,3807372885.79,300.0023,,,,,,,,
,3807372905.84,299.9982,,,,,,,,
,3807372925.84,299.9988,,,,,,,,
,3807372945.86,299.9988,,,,,,,,
,3807372965.89,299.9992,,,,,,,,
,3807372985.90,300.0018,,,,,,,,
,3807373005.93,300.0014,,,,,,,,
,3807373025.96,300.0023,,,,,,,,
,3807373046.01,300.0034,,,,,,,,
,3807373066.05,300.0018,,,,,,,,
,3807373086.06,300.0008,,,,,,,,
,3807373106.08,299.9988,,,,,,,,
,3807373126.10,299.9988,,,,,,,,
,3807373146.14,299.9992,,,,,,,,
,3807373166.17,300.0018,,,,,,,,
,3807373186.17,300.004,,,,,,,,
,3807373206.19,300.0023,,,,,,,,
,3807373226.22,300.0014,,,,,,,,
,3807373246.24,300.0031,,,,,,,,
,3807373266.26,300.0012,,,,,,,,
,3807373286.30,300.0035,,,,,,,,
,3807373306.33,300.0012,,,,,,,,
,3807373326.38,299.9992,,,,,,,,
,3807373346.41,300.0002,,,,,,,,
,3807373366.43,299.9986,,,,,,,,
,3807373386.47,300.003,,,,,,,,
,3807373406.50,300.0024,,,,,,,,
,3807373426.53,300.0042,,,,,,,,
,3807373446.60,300.003,,,,,,,,
,3807373466.61,300.0026,,,,,,,,
,3807373486.65,300.0023,,,,,,,,
,3807373506.67,299.9984,,,,,,,,
,3807373526.72,299.9986,,,,,,,,
,3807373546.74,300.0018,,,,,,,,
,3807373566.77,300.0039,,,,,,,,
,3807373586.81,300.0036,,,,,,,,
,3807373606.84,300.0035,,,,,,,,
,3807373626.87,300.0034,,,,,,,,
,3807373646.92,300.0027,,,,,,,,
,3807373666.97,299.9995,,,,,,,,
,3807373687.00,299.9985,,,,,,,,
,3807373707.02,300.0003,,,,,,,,
,3807373727.08,300.0027,,,,,,,,
,3807373747.13,300.0029,,,,,,,,
,3807373767.15,300.0006,,,,,,,,
,3807373787.20,300.0031,,,,,,,,
,3807373807.22,299.9998,,,,,,,,
,3807373827.24,299.9992,,,,,,,,
,3807373847.29,299.9988,,,,,,,,
,3807373867.35,300.0031,,,,,,,,
,3807373887.37,300.0031,,,,,,,,
,3807373907.39,300.0026,,,,,,,,
,3807373927.44,300.003,,,,,,,,
,3807373947.44,300.0027,,,,,,,,
,3807373967.48,300.0022,,,,,,,,
,3807373987.50,300.0024,,,,,,,,
,3807374007.50,299.9986,,,,,,,,
,3807374027.55,299.9992,,,,,,,,
,3807374047.61,300.0024,,,,,,,,
,3807374067.63,300.0026,,,,,,,,
,3807374087.66,300.0035,,,,,,,,
,3807374107.67,300.0024,,,,,,,,
,3807374127.72,300.0018,,,,,,,,
,3807374147.75,300.0023,,,,,,,,
,3807374167.77,300.0026,,,,,,,,
,3807374187.80,300.0035,,,,,,,,
,3807374207.84,299.9978,,,,,,,,
,3807374227.85,299.9982,,,,,,,,
,3807374247.87,300.0006,,,,,,,,
,3807374267.89,299.9992,,,,,,,,
,3807374287.91,300.0024,,,,,,,,
,3807374307.96,300.0034,,,,,,,,
,3807374327.96,300.0032,,,,,,,,
,3807374347.98,300.0023,,,,,,,,
,3807374368.00,300.0027,,,,,,,,
,3807374388.03,300.003,,,,,,,,
,3807374408.03,300.0008,,,,,,,,
,3807374428.05,300.0013,,,,,,,,
,3807374448.07,300.0026,,,,,,,,
,3807374468.09,299.9978,,,,,,,,
,3807374488.11,299.998,,,,,,,,
,3807374508.13,299.9988,,,,,,,,
,3807374528.15,299.9993,,,,,,,,
,3807374548.16,300.0041,,,,,,,,
,3807374568.18,300.0011,,,,,,,,
,3807374588.22,300.0015,,,,,,,,
,3807374608.26,300.0007,,,,,,,,
,3807374628.28,300.0035,,,,,,,,
,3807374648.30,300.0027,,,,,,,,
,3807374668.32,300.0028,,,,,,,,
,3807374688.34,300.0034,,,,,,,,
,3807374708.36,299.9984,,,,,,,,
,3807374728.36,299.9992,,,,,,,,
,3807374748.38,299.9996,,,,,,,,
,3807374768.40,299.9992,,,,,,,,
,3807374788.43,300.0035,,,,,,,,
,3807374808.47,300.0008,,,,,,,,
,3807374828.50,300.0023,,,,,,,,
,3807374848.52,300.003,,,,,,,,
,3807374868.53,299.9996,,,,,,,,
,3807374888.55,300.0034,,,,,,,,
,3807374908.57,300.0018,,,,,,,,
,3807374928.59,300.0023,,,,,,,,
,3807374948.61,300.0033,,,,,,,,
,3807374968.64,299.9981,,,,,,,,
,3807374988.69,299.9991,,,,,,,,
,3807375008.73,299.9991,,,,,,,,
,3807375028.76,300.0036,,,,,,,,
,3807375048.77,300.0018,,,,,,,,
,3807375068.78,300.0008,,,,,,,,
,3807375088.83,300.0023,,,,,,,,
,3807375108.88,300.0024,,,,,,,,
,3807375128.90,300.0014,,,,,,,,
,3807375148.92,300.0018,,,,,,,,
,3807375168.95,299.9966,,,,,,,,
,3807375188.97,299.9976,,,,,,,,
,3807375208.99,299.9986,,,,,,,,
,3807375229.02,299.9988,,,,,,,,
,3807375249.04,299.9992,,,,,,,,
,3807375269.06,300.0034,,,,,,,,
,3807375289.13,300.0027,,,,,,,,
,3807375309.14,300.0039,,,,,,,,
,3807375329.18,300.0024,,,,,,,,
,3807375349.21,300.0018,,,,,,,,
,3807375369.21,300.0008,,,,,,,,
,3807375389.23,299.9986,,,,,,,,
,3807375409.27,299.9995,,,,,,,,
,3807375429.28,300.0004,,,,,,,,
,3807375449.32,299.9998,,,,,,,,
,3807375469.32,299.997,,,,,,,,
,3807375489.32,300.0069,,,,,,,,
,3807375509.33,300.0014,,,,,,,,
,3807375529.33,299.9972,,,,,,,,
,3807375549.38,299.9987,,,,,,,,
,3807375569.40,300.0045,,,,,,,,
,3807375589.45,299.9986,,,,,,,,
,3807375609.45,299.9978,,,,,,,,
,3807375629.50,299.9976,,,,,,,,
,3807375649.50,299.9976,,,,,,,,
,3807375669.54,300.0006,,,,,,,,
,3807375689.57,299.9972,,,,,,,,
,3807375709.59,299.9976,,,,,,,,
,3807375729.62,300.0004,,,,,,,,
,3807375749.66,299.9988,,,,,,,,
,3807375769.67,299.9966,,,,,,,,
,3807375789.70,299.9992,,,,,,,,
,3807375809.73,299.9988,,,,,,,,
,3807375829.79,299.9973,,,,,,,,
,3807375849.81,300.0018,,,,,,,,
,3807375869.86,299.9982,,,,,,,,
,3807375889.88,299.9955,,,,,,,,
,3807375909.91,299.9988,,,,,,,,
,3807375929.96,300.0017,,,,,,,,
,3807375950.00,299.999,,,,,,,,
,3807375970.03,300.0005,,,,,,,,
,3807375990.08,299.9955,,,,,,,,
,3807376010.10,300.0013,,,,,,,,
,3807376030.12,299.9977,,,,,,,,
,3807376050.17,300.003,,,,,,,,
,3807376070.19,300.0026,,,,,,,,
,3807376090.25,300.0014,,,,,,,,
,3807376110.25,300.0023,,,,,,,,
,3807376130.30,300.0029,,,,,,,,
,3807376150.32,300.0017,,,,,,,,
,3807376170.37,300.0023,,,,,,,,
,3807376190.41,300.0013,,,,,,,,
,3807376210.44,300.0004,,,,,,,,
,3807376230.47,300.0038,,,,,,,,
,3807376250.49,299.9997,,,,,,,,
,3807376270.53,300.0031,,,,,,,,
,3807376290.62,299.9991,,,,,,,,
,3807376310.67,300.0008,,,,,,,,
,3807376330.72,300.0038,,,,,,,,
,3807376350.75,300.0029,,,,,,,,
,3807376370.81,300.0018,,,,,,,,
,3807376390.84,299.9984,,,,,,,,
,3807376410.89,300.0026,,,,,,,,
,3807376430.89,299.9986,,,,,,,,
,3807376450.91,300.0023,,,,,,,,
,3807376470.95,299.9988,,,,,,,,
,3807376490.96,300.003,,,,,,,,
,3807376510.98,299.9991,,,,,,,,
,3807376531.00,300.0016,,,,,,,,
,3807376551.03,299.9981,,,,,,,,
,3807376571.08,300.0029,,,,,,,,
,3807376591.11,299.9993,,,,,,,,
,3807376611.15,300.0039,,,,,,,,
,3807376631.20,300.0005,,,,,,,,
,3807376651.25,300.0013,,,,,,,,
,3807376671.27,300.0037,,,,,,,,
,3807376691.30,300.0023,,,,,,,,
,3807376711.33,300.0011,,,,,,,,
,3807376731.36,300.0023,,,,,,,,
,3807376751.38,300.0031,,,,,,,,
,3807376771.43,300.0029,,,,,,,,
,3807376791.47,300.0025,,,,,,,,
,3807376811.52,299.9987,,,,,,,,
,3807376831.57,300.0011,,,,,,,,
,3807376851.61,299.9978,,,,,,,,
,3807376871.61,300.0042,,,,,,,,
,3807376891.65,300.0005,,,,,,,,
,3807376911.69,300.0003,,,,,,,,
,3807376931.72,300.0039,,,,,,,,
,3807376951.74,300.0023,,,,,,,,
,3807376971.81,300.0006,,,,,,,,
,3807376991.81,300.0017,,,,,,,,
,3807377011.89,300.0029,,,,,,,,
,3807377031.92,300.0029,,,,,,,,
,3807377051.92,300.0038,,,,,,,,
,3807377071.96,299.9991,,,,,,,,
,3807377091.98,300.0017,,,,,,,,
,3807377112.03,299.9992,,,,,,,,
,3807377132.11,300.0026,,,,,,,,
,3807377152.14,300.0007,,,,,,,,
,3807377172.14,300.0017,,,,,,,,
,3807377192.18,299.9987,,,,,,,,
,3807377212.21,300.0013,,,,,,,,
,3807377232.25,300.0027,,,,,,,,
,3807377252.33,300.0033,,,,,,,,
,3807377272.37,300.0033,,,,,,,,
,3807377292.39,299.9971,,,,,,,,
,3807377312.43,300.0032,,,,,,,,
,3807377332.48,299.9981,,,,,,,,
,3807377352.50,300.0023,,,,,,,,
,3807377372.52,299.9977,,,,,,,,
,3807377392.53,300.0027,,,,,,,,
,3807377412.55,299.9966,,,,,,,,
,3807377432.58,300.0035,,,,,,,,
,3807377452.58,299.9999,,,,,,,,
,3807377472.60,300.0034,,,,,,,,
,3807377492.64,299.9995,,,,,,,,
,3807377512.69,300.0049,,,,,,,,
,3807377532.72,299.9995,,,,,,,,
,3807377552.79,300.0017,,,,,,,,
,3807377572.80,300.0023,,,,,,,,
,3807377592.85,300.0021,,,,,,,,
,3807377612.85,300.0033,,,,,,,,
,3807377632.88,300.0045,,,,,,,,
,3807377652.89,300.0011,,,,,,,,
,3807377672.91,300.0041,,,,,,,,
,3807377692.92,300.0029,,,,,,,,
,3807377712.97,300.0005,,,,,,,,
,3807377733.00,300.0023,,,,,,,,
,3807377753.03,299.9991,,,,,,,,
,3807377773.03,300.0019,,,,,,,,
,3807377793.06,299.9995,,,,,,,,
,3807377813.10,300.0027,,,,,,,,
,3807377833.10,299.9993,,,,,,,,
,3807377853.12,300.0021,,,,,,,,
,3807377873.14,299.9991,,,,,,,,
,3807377893.15,300.0031,,,,,,,,
,3807377913.18,299.9995,,,,,,,,
,3807377933.22,300.0035,,,,,,,,
,3807377953.24,300.0003,,,,,,,,
,3807377973.26,300.0033,,,,,,,,
,3807377993.28,299.9987,,,,,,,,
,3807378013.31,300.0027,,,,,,,,
,3807378033.32,299.9997,,,,,,,,
,3807378053.34,300.0039,,,,,,,,
,3807378073.37,300.0008,,,,,,,,
,3807378093.45,299.9987,,,,,,,,
,3807378113.48,299.9996,,,,,,,,
,3807378133.52,299.9972,,,,,,,,
,3807378153.58,299.9971,,,,,,,,
,3807378173.61,300.0003,,,,,,,,
,3807378193.61,300.0007,,,,,,,,
,3807378213.67,299.9985,,,,,,,,
,3807378233.67,300.0045,,,,,,,,
,3807378253.71,300.0011,,,,,,,,
,3807378273.72,299.9993,,,,,,,,
,3807378293.76,299.9985,,,,,,,,
,3807378313.78,299.9991,,,,,,,,
,3807378333.81,299.9983,,,,,,,,
,3807378353.82,299.9979,,,,,,,,
,3807378373.85,299.9987,,,,,,,,
,3807378393.88,300.0017,,,,,,,,
,3807378413.91,300.0023,,,,,,,,
,3807378433.93,300.001,,,,,,,,
,3807378453.93,299.9999,,,,,,,,
,3807378473.97,299.9977,,,,,,,,
,3807378493.98,299.9972,,,,,,,,
,3807378513.98,299.9959,,,,,,,,
,3807378534.03,299.999,,,,,,,,
,3807378554.04,299.9976,,,,,,,,
,3807378574.04,299.997,,,,,,,,
,3807378594.08,299.9972,,,,,,,,
,3807378614.12,300.0049,,,,,,,,
,3807378634.13,299.9982,,,,,,,,
,3807378654.16,299.9972,,,,,,,,
,3807378674.16,300.0034,,,,,,,,
,3807378694.20,300.0008,,,,,,,,
,3807378714.20,299.9966,,,,,,,,
,3807378734.24,299.9994,,,,,,,,
,3807378754.24,300.0034,,,,,,,,
,3807378774.25,299.9976,,,,,,,,
,3807378794.26,299.9978,,,,,,,,
,3807378814.30,299.9962,,,,,,,,
,3807378834.32,300.0007,,,,,,,,
,3807378854.35,300.0014,,,,,,,,
,3807378874.36,300.0018,,,,,,,,
,3807378894.39,299.9956,,,,,,,,
,3807378914.41,300.0024,,,,,,,,
,3807378934.43,299.9982,,,,,,,,
,3807378954.43,300.0006,,,,,,,,
,3807378974.45,299.9998,,,,,,,,
,3807378994.50,299.9984,,,,,,,,
,3807379014.56,299.9982,,,,,,,,
,3807379034.58,299.9971,,,,,,,,
,3807379054.61,300.0039,,,,,,,,
,3807379074.65,299.9998,,,,,,,,
,3807379094.72,300.001,,,,,,,,
,3807379114.72,300.0014,,,,,,,,
,3807379134.75,299.9982,,,,,,,,
,3807379154.77,299.9972,,,,,,,,
,3807379174.79,300.004,,,,,,,,
,3807379194.84,299.9966,,,,,,,,
,3807379214.85,300.0008,,,,,,,,
,3807379234.89,299.9997,,,,,,,,
,3807379254.90,300.0017,,,,,,,,
,3807379274.92,300.0045,,,,,,,,
,3807379294.98,299.9971,,,,,,,,
,3807379315.02,300.0037,,,,,,,,
,3807379335.02,299.9995,,,,,,,,
,3807379355.05,300.0009,,,,,,,,
,3807379375.08,299.9981,,,,,,,,
,3807379395.10,299.9991,,,,,,,,
,3807379415.12,299.9981,,,,,,,,
,3807379435.13,299.9966,,,,,,,,
,3807379455.14,300.0025,,,,,,,,
,3807379475.17,299.9985,,,,,,,,
,3807379495.20,299.9965,,,,,,,,
,3807379515.22,299.9967,,,,,,,,
,3807379535.25,299.9967,,,,,,,,
,3807379555.27,299.9959,,,,,,,,
,3807379575.29,300.0014,,,,,,,,
,3807379595.31,300.0008,,,,,,,,
,3807379615.32,300.0014,,,,,,,,
,3807379635.35,299.9962,,,,,,,,
,3807379655.40,300.0028,,,,,,,,
,3807379675.44,299.9981,,,,,,,,
,3807379695.46,299.9979,,,,,,,,
,3807379715.51,300.0006,,,,,,,,
,3807379735.52,300.0005,,,,,,,,
,3807379755.54,299.9969,,,,,,,,
,3807379775.55,300.0007,,,,,,,,
,3807379795.56,299.9945,,,,,,,,
,3807379815.58,300.0013,,,,,,,,
,3807379835.61,300.0007,,,,,,,,
,3807379855.67,299.9965,,,,,,,,
,3807379875.75,299.9967,,,,,,,,
,3807379895.75,299.9976,,,,,,,,
,3807379915.76,300.0013,,,,,,,,
,3807379935.80,299.9981,,,,,,,,
,3807379955.83,299.9962,,,,,,,,
,3807379975.85,299.9977,,,,,,,,
,3807379995.90,299.9969,,,,,,,,
,3807380015.90,299.9973,,,,,,,,
,3807380035.92,299.9998,,,,,,,,
,3807380055.94,300.0021,,,,,,,,
,3807380075.96,300.0001,,,,,,,,
,3807380095.99,300.0035,,,,,,,,
,3807380116.04,300.0023,,,,,,,,
,3807380136.06,299.9992,,,,,,,,
,3807380156.08,300.0038,,,,,,,,
,3807380176.10,299.9998,,,,,,,,
,3807380196.13,299.9998,,,,,,,,
,3807380216.19,299.9962,,,,,,,,
,3807380236.20,299.9988,,,,,,,,
,3807380256.27,299.996,,,,,,,,
,3807380276.30,299.998,,,,,,,,
,3807380296.33,300.0003,,,,,,,,
,3807380316.37,299.9991,,,,,,,,
,3807380336.40,299.9971,,,,,,,,
,3807380356.42,299.9967,,,,,,,,
,3807380376.44,299.9962,,,,,,,,
,3807380396.45,300.0039,,,,,,,,
,3807380416.47,300.0007,,,,,,,,
,3807380436.48,300.0021,,,,,,,,
,3807380456.51,299.9981,,,,,,,,
,3807380476.54,299.9966,,,,,,,,
,3807380496.59,300.0043,,,,,,,,
,3807380516.60,300.0009,,,,,,,,
,3807380536.63,299.9962,,,,,,,,
,3807380556.64,300.0022,,,,,,,,
,3807380576.66,300.0017,,,,,,,,
,3807380596.66,300.0036,,,,,,,,
,3807380616.68,299.9962,,,,,,,,
,3807380636.70,300.0003,,,,,,,,
,3807380656.72,300.0049,,,,,,,,
,3807380676.75,299.9985,,,,,,,,
,3807380696.79,300.004,,,,,,,,
,3807380716.81,299.9977,,,,,,,,
,3807380736.81,300.0029,,,,,,,,
,3807380756.84,300.0013,,,,,,,,
,3807380776.84,300.0011,,,,,,,,
,3807380796.89,300.0007,,,,,,,,
,3807380816.91,299.9958,,,,,,,,
,3807380836.92,299.9969,,,,,,,,
,3807380856.95,299.9977,,,,,,,,
,3807380876.96,299.9958,,,,,,,,
,3807380896.98,299.9973,,,,,,,,
,3807380917.06,299.9977,,,,,,,,
,3807380937.11,300.0007,,,,,,,,
,3807380957.14,300.003,,,,,,,,
,3807380977.16,299.9991,,,,,,,,
,3807380997.20,299.9958,,,,,,,,
,3807381017.24,299.9981,,,,,,,,
,3807381037.24,299.9966,,,,,,,,
,3807381057.24,300.0007,,,,,,,,
,3807381077.29,300.0007,,,,,,,,
,3807381097.33,299.9961,,,,,,,,
,3807381117.34,299.9981,,,,,,,,
,3807381137.34,299.9987,,,,,,,,
,3807381157.40,299.9967,,,,,,,,
,3807381177.42,299.9966,,,,,,,,
,3807381197.45,300.0013,,,,,,,,
,3807381217.49,300.0035,,,,,,,,
,3807381237.53,299.9967,,,,,,,,
,3807381257.58,299.9955,,,,,,,,
,3807381277.63,299.9971,,,,,,,,
,3807381297.66,299.9995,,,,,,,,
,3807381317.68,299.9977,,,,,,,,
,3807381337.71,299.9991,,,,,,,,
,3807381357.75,300.0037,,,,,,,,
,3807381377.77,299.9965,,,,,,,,
,3807381397.79,300.0009,,,,,,,,
,3807381417.81,300.001,,,,,,,,
,3807381437.83,299.9966,,,,,,,,
,3807381457.85,299.9966,,,,,,,,
,3807381477.87,299.9962,,,,,,,,
,3807381497.89,299.9972,,,,,,,,
,3807381517.91,300.0016,,,,,,,,
,3807381537.93,300.0016,,,,,,,,
,3807381557.95,300.0006,,,,,,,,
,3807381577.97,300.0029,,,,,,,,
,3807381597.99,299.9982,,,,,,,,
,3807381618.01,300.0031,,,,,,,,
,3807381638.02,300.0022,,,,,,,,
,3807381658.05,300.0006,,,,,,,,
,3807381678.07,299.9996,,,,,,,,
,3807381698.10,299.9976,,,,,,,,
,3807381718.14,299.9956,,,,,,,,
,3807381738.18,299.9977,,,,,,,,
,3807381758.19,300.0023,,,,,,,,
,3807381778.24,299.9985,,,,,,,,
,3807381798.24,300.0008,,,,,,,,
,3807381818.26,299.9959,,,,,,,,
,3807381838.28,299.9976,,,,,,,,
,3807381858.31,300.0027,,,,,,,,
,3807381878.34,299.9967,,,,,,,,
,3807381898.35,299.9981,,,,,,,,
,3807381918.37,300.0008,,,,,,,,
,3807381938.42,299.9972,,,,,,,,
,3807381958.45,300.0034,,,,,,,,
,3807381978.45,299.9966,,,,,,,,
,3807381998.46,299.9978,,,,,,,,
,3807382018.49,299.9998,,,,,,,,
,3807382038.50,300.0012,,,,,,,,
,3807382058.53,299.9968,,,,,,,,
,3807382078.55,299.9974,,,,,,,,
,3807382098.58,299.9976,,,,,,,,
,3807382118.60,299.997,,,,,,,,
,3807382138.62,299.9972,,,,,,,,
,3807382158.67,299.9994,,,,,,,,
,3807382178.67,300.0006,,,,,,,,
,3807382198.71,300.0008,,,,,,,,
,3807382218.73,300.0018,,,,,,,,
,3807382238.76,300.0046,,,,,,,,
,3807382258.79,300.0028,,,,,,,,
,3807382278.82,299.9984,,,,,,,,
,3807382298.86,300.0028,,,,,,,,
,3807382318.86,299.9991,,,,,,,,
,3807382338.88,300.0006,,,,,,,,
,3807382358.89,299.9958,,,,,,,,
,3807382378.91,299.9968,,,,,,,,
,3807382398.92,299.9977,,,,,,,,
,3807382418.96,300.0058,,,,,,,,
,3807382438.98,300.0018,,,,,,,,
,3807382459.00,300.0004,,,,,,,,
,3807382479.02,300.0016,,,,,,,,
,3807382499.07,299.996,,,,,,,,
,3807382519.11,299.9983,,,,,,,,
,3807382539.14,299.9967,,,,,,,,
,3807382559.20,299.9972,,,,,,,,
,3807382579.22,299.9974,,,,,,,,
,3807382599.28,300.0008,,,,,,,,
,3807382619.31,300.0004,,,,,,,,
,3807382639.31,299.9996,,,,,,,,
,3807382659.35,299.9978,,,,,,,,
,3807382679.39,299.9966,,,,,,,,
,3807382699.41,299.9943,,,,,,,,
,3807382719.44,299.9988,,,,,,,,
,3807382739.49,299.9992,,,,,,,,
,3807382759.50,299.9992,,,,,,,,
,3807382779.54,299.9982,,,,,,,,
,3807382799.59,300.0008,,,,,,,,
,3807382819.64,299.9962,,,,,,,,
,3807382839.67,300.0007,,,,,,,,
,3807382859.70,299.9971,,,,,,,,
,3807382879.74,300.0011,,,,,,,,
,3807382899.78,299.9977,,,,,,,,
,3807382919.81,300.0007,,,,,,,,
,3807382939.84,300.0023,,,,,,,,
,3807382959.89,300.0005,,,,,,,,
,3807382979.92,300.0026,,,,,,,,
,3807382999.94,300.0007,,,,,,,,
,3807383019.98,300.0009,,,,,,,,
,3807383040.01,299.9991,,,,,,,,
,3807383060.05,300.0018,,,,,,,,
,3807383080.08,299.9991,,,,,,,,
,3807383100.10,300.0031,,,,,,,,
,3807383120.11,299.9997,,,,,,,,
,3807383140.15,300.0017,,,,,,,,
,3807383160.17,299.9991,,,,,,,,
,3807383180.20,300.001,,,,,,,,
,3807383200.22,299.9995,,,,,,,,
,3807383220.22,300.0031,,,,,,,,
,3807383240.24,299.9995,,,,,,,,
,3807383260.26,300.0003,,,,,,,,
,3807383280.33,300.0027,,,,,,,,
,3807383300.34,300.0027,,,,,,,,
,3807383320.35,300.0007,,,,,,,,
,3807383340.38,300.0018,,,,,,,,
,3807383360.43,300.0028,,,,,,,,
,3807383380.44,299.9991,,,,,,,,
,3807383400.50,300.0017,,,,,,,,
,3807383420.50,299.9987,,,,,,,,
,3807383440.52,299.9991,,,,,,,,
,3807383460.54,299.9991,,,,,,,,
,3807383480.57,299.9975,,,,,,,,
,3807383500.61,300.0013,,,,,,,,
,3807383520.64,300.0017,,,,,,,,
,3807383540.71,300.0017,,,,,,,,
,3807383560.71,300.0017,,,,,,,,
,3807383580.74,300.0017,,,,,,,,
,3807383600.76,300.0006,,,,,,,,
,3807383620.78,300.0004,,,,,,,,
,3807383640.81,300.0004,,,,,,,,
,3807383660.85,299.9972,,,,,,,,
,3807383680.90,299.9978,,,,,,,,
,3807383700.90,299.9988,,,,,,,,
,3807383720.90,299.9958,,,,,,,,
,3807383740.94,299.996,,,,,,,,
,3807383760.95,299.9978,,,,,,,,
,3807383780.97,299.9977,,,,,,,,
,3807383800.99,299.9987,,,,,,,,
,3807383821.04,299.9988,,,,,,,,
,3807383841.06,299.9969,,,,,,,,
,3807383861.09,299.9961,,,,,,,,
,3807383881.12,299.9985,,,,,,,,
,3807383901.13,299.9991,,,,,,,,
,3807383921.20,299.9973,,,,,,,,
,3807383941.23,300.0017,,,,,,,,
,3807383961.23,300.0007,,,,,,,,
,3807383981.25,299.9993,,,,,,,,
,3807384001.27,300.001,,,,,,,,
,3807384021.29,300.0014,,,,,,,,
,3807384041.31,300.0007,,,,,,,,
,3807384061.34,300.0007,,,,,,,,
,3807384081.34,300.0003,,,,,,,,
,3807384101.38,300.0028,,,,,,,,
,3807384121.38,300.0013,,,,,,,,
,3807384141.38,300.0002,,,,,,,,
,3807384161.42,299.9991,,,,,,,,
,3807384181.42,299.9977,,,,,,,,
,3807384201.45,299.9966,,,,,,,,
,3807384221.49,299.9977,,,,,,,,
,3807384241.49,299.9988,,,,,,,,
,3807384261.49,300.0014,,,,,,,,
,3807384281.53,299.9995,,,,,,,,
,3807384301.54,299.9998,,,,,,,,
,3807384321.56,300.0008,,,,,,,,
,3807384341.58,300.0006,,,,,,,,
,3807384361.61,299.9993,,,,,,,,
,3807384381.62,299.9998,,,,,,,,
,3807384401.67,300.0006,,,,,,,,
,3807384421.69,299.9981,,,,,,,,
,3807384441.70,300.0037,,,,,,,,
,3807384461.75,300.0008,,,,,,,,
,3807384481.79,299.9973,,,,,,,,
,3807384501.81,300.0031,,,,,,,,
,3807384521.87,299.9962,,,,,,,,
,3807384541.87,300,,,,,,,,
,3807384561.88,299.9962,,,,,,,,
,3807384581.91,300.0003,,,,,,,,
,3807384601.91,300.0017,,,,,,,,
,3807384621.95,299.9965,,,,,,,,
,3807384641.95,299.9944,,,,,,,,
,3807384661.97,300.0023,,,,,,,,
,3807384682.00,299.9961,,,,,,,,
,3807384702.01,299.9997,,,,,,,,
,3807384722.02,300.0008,,,,,,,,
,3807384742.03,299.9966,,,,,,,,
,3807384762.04,299.9979,,,,,,,,
,3807384782.06,299.9977,,,,,,,,
,3807384802.09,299.9966,,,,,,,,
,3807384822.11,299.9952,,,,,,,,
,3807384842.12,300.0018,,,,,,,,
,3807384862.13,300.0004,,,,,,,,
,3807384882.19,299.9956,,,,,,,,
,3807384902.20,300.0031,,,,,,,,
,3807384922.24,299.9979,,,,,,,,
,3807384942.26,300.0039,,,,,,,,
,3807384962.28,300.0017,,,,,,,,
,3807384982.32,300.0052,,,,,,,,
,3807385002.36,299.9966,,,,,,,,
,3807385022.38,299.9946,,,,,,,,
,3807385042.38,299.9962,,,,,,,,
,3807385062.42,300.0007,,,,,,,,
,3807385082.42,299.9997,,,,,,,,
,3807385102.45,300.0025,,,,,,,,
,3807385122.49,299.9962,,,,,,,,
,3807385142.49,300.0025,,,,,,,,
,3807385162.50,300.0024,,,,,,,,
,3807385182.51,299.9968,,,,,,,,
,3807385202.52,299.9966,,,,,,,,
,3807385222.56,300.0018,,,,,,,,
,3807385242.58,299.9994,,,,,,,,
,3807385262.62,299.9962,,,,,,,,
,3807385282.66,300.0033,,,,,,,,
,3807385302.67,300.0041,,,,,,,,
,3807385322.69,300.0021,,,,,,,,
,3807385342.69,300.0013,,,,,,,,
,3807385362.72,300.0022,,,,,,,,
,3807385382.76,299.9981,,,,,,,,
,3807385402.79,300.0007,,,,,,,,
,3807385422.84,299.9977,,,,,,,,
,3807385442.86,299.997,,,,,,,,
,3807385462.90,300.0013,,,,,,,,
,3807385482.95,300.0005,,,,,,,,
,3807385503.00,299.9968,,,,,,,,
,3807385523.05,299.9975,,,,,,,,
,3807385543.09,299.9955,,,,,,,,
,3807385563.12,299.9962,,,,,,,,
,3807385583.14,299.9985,,,,,,,,
,3807385603.17,300.0007,,,,,,,,
,3807385623.21,299.9991,,,,,,,,
,3807385643.21,300.0023,,,,,,,,
,3807385663.23,300.0025,,,,,,,,
,3807385683.26,299.997,,,,,,,,
,3807385703.30,299.9978,,,,,,,,
,3807385723.35,299.9971,,,,,,,,
,3807385743.37,299.9971,,,,,,,,
,3807385763.40,300.0015,,,,,,,,
,3807385783.43,299.9962,,,,,,,,
,3807385803.47,300.0029,,,,,,,,
,3807385823.50,299.9981,,,,,,,,
,3807385843.53,299.9991,,,,,,,,
,3807385863.57,299.9959,,,,,,,,
,3807385883.61,300.0007,,,,,,,,
,3807385903.64,300.0005,,,,,,,,
,3807385923.64,300.0017,,,,,,,,
,3807385943.66,299.9966,,,,,,,,
,3807385963.69,300.0015,,,,,,,,
,3807385983.69,299.9966,,,,,,,,
,3807386003.73,299.9966,,,,,,,,
,3807386023.78,299.9958,,,,,,,,
,3807386043.80,299.9955,,,,,,,,
,3807386063.82,300.0003,,,,,,,,
,3807386083.84,300.0011,,,,,,,,
,3807386103.85,299.9982,,,,,,,,
,3807386123.90,299.9971,,,,,,,,
,3807386143.95,299.9966,,,,,,,,
,3807386163.95,299.9951,,,,,,,,
,3807386183.97,300.0021,,,,,,,,
,3807386204.02,300.0013,,,,,,,,
,3807386224.04,300.0017,,,,,,,,
,3807386244.08,300.0027,,,,,,,,
,3807386264.09,299.9952,,,,,,,,
,3807386284.11,299.9981,,,,,,,,
,3807386304.15,299.9961,,,,,,,,
,3807386324.15,299.9975,,,,,,,,
,3807386344.19,299.9987,,,,,,,,
,3807386364.22,299.9985,,,,,,,,
,3807386384.24,299.9979,,,,,,,,
,3807386404.27,300.0017,,,,,,,,
,3807386424.30,299.9997,,,,,,,,
,3807386444.35,300.0015,,,,,,,,
,3807386464.35,300.0013,,,,,,,,
,3807386484.37,300.0013,,,,,,,,
,3807386504.41,300.0006,,,,,,,,
,3807386524.41,300.0018,,,,,,,,
,3807386544.45,300.0025,,,,,,,,
,3807386564.46,300.0007,,,,,,,,
,3807386584.48,299.9967,,,,,,,,
,3807386604.48,300.0003,,,,,,,,
,3807386624.52,299.9991,,,,,,,,
,3807386644.55,299.9967,,,,,,,,
,3807386664.57,299.9977,,,,,,,,
,3807386684.59,299.9997,,,,,,,,
,3807386704.61,299.9974,,,,,,,,
,3807386724.61,299.9951,,,,,,,,
,3807386744.61,299.9967,,,,,,,,
,3807386764.63,299.9971,,,,,,,,
,3807386784.65,299.9976,,,,,,,,
,3807386804.73,299.9975,,,,,,,,
,3807386824.73,299.9973,,,,,,,,
,3807386844.77,299.9971,,,,,,,,
,3807386864.82,299.9983,,,,,,,,
,3807386884.85,299.9962,,,,,,,,
,3807386904.87,299.9979,,,,,,,,
,3807386924.89,299.9975,,,,,,,,
,3807386944.92,299.9995,,,,,,,,
,3807386964.94,300.0005,,,,,,,,
,3807386984.96,300.0015,,,,,,,,
,3807387004.97,299.9991,,,,,,,,
,3807387024.99,299.9997,,,,,,,,
,3807387045.01,299.9987,,,,,,,,
,3807387065.02,300.0043,,,,,,,,
,3807387085.03,299.9974,,,,,,,,
,3807387105.07,300.0023,,,,,,,,
,3807387125.09,299.9992,,,,,,,,
,3807387145.11,299.9988,,,,,,,,
,3807387165.12,300.001,,,,,,,,
,3807387185.12,299.9976,,,,,,,,
,3807387205.13,299.9962,,,,,,,,
,3807387225.14,299.9992,,,,,,,,
,3807387245.17,299.9975,,,,,,,,
,3807387265.24,299.9979,,,,,,,,
,3807387285.27,299.9962,,,,,,,,
,3807387305.29,300.0025,,,,,,,,
,3807387325.30,300.002,,,,,,,,
,3807387345.37,300.0001,,,,,,,,
,3807387365.37,300.0049,,,,,,,,
,3807387385.40,299.9955,,,,,,,,
,3807387405.44,299.9995,,,,,,,,
,3807387425.46,299.9978,,,,,,,,
,3807387445.47,300.0026,,,,,,,,
,3807387465.49,300.0013,,,,,,,,
,3807387485.49,300.0009,,,,,,,,
,3807387505.53,300.0017,,,,,,,,
,3807387525.54,299.9948,,,,,,,,
,3807387545.55,299.9987,,,,,,,,
,3807387565.60,300.003,,,,,,,,
,3807387585.65,299.9974,,,,,,,,
,3807387605.65,300.003,,,,,,,,
,3807387625.67,300.0006,,,,,,,,
,3807387645.67,300.0014,,,,,,,,
,3807387665.71,299.9962,,,,,,,,
,3807387685.74,299.9966,,,,,,,,
,3807387705.79,299.9988,,,,,,,,
,3807387725.82,299.9972,,,,,,,,
,3807387745.84,299.9962,,,,,,,,
,3807387765.88,299.997,,,,,,,,
,3807387785.91,300.0006,,,,,,,,
,3807387805.93,300.0018,,,,,,,,
,3807387825.93,299.9997,,,,,,,,
,3807387845.93,299.9958,,,,,,,,
,3807387865.97,299.9977,,,,,,,,
,3807387885.99,299.9962,,,,,,,,
,3807387906.00,300.0035,,,,,,,,
,3807387926.02,299.9961,,,,,,,,
,3807387946.06,300.0013,,,,,,,,
,3807387966.09,300.0006,,,,,,,,
,3807387986.12,299.9975,,,,,,,,
,3807388006.14,300.0043,,,,,,,,
,3807388026.18,299.9962,,,,,,,,
,3807388046.18,299.9959,,,,,,,,
,3807388066.20,300.0007,,,,,,,,
,3807388086.22,300.0009,,,,,,,,
,3807388106.25,300.0005,,,,,,,,
,3807388126.27,299.9966,,,,,,,,
,3807388146.33,299.9977,,,,,,,,
,3807388166.35,299.9955,,,,,,,,
,3807388186.38,300.0007,,,,,,,,
,3807388206.42,299.9962,,,,,,,,
,3807388226.45,300.0019,,,,,,,,
,3807388246.45,300.0023,,,,,,,,
,3807388266.48,299.9962,,,,,,,,
,3807388286.50,300.0049,,,,,,,,
,3807388306.54,299.9989,,,,,,,,
,3807388326.54,300.0017,,,,,,,,
,3807388346.56,300.0003,,,,,,,,
,3807388366.69,299.9971,,,,,,,,
,3807388386.69,299.9966,,,,,,,,
,3807388406.72,299.9988,,,,,,,,
,3807388426.78,299.9955,,,,,,,,
,3807388446.78,300.0008,,,,,,,,
,3807388466.80,300.0003,,,,,,,,
,3807388486.83,300.0021,,,,,,,,
,3807388506.84,299.9977,,,,,,,,
,3807388526.84,300.0045,,,,,,,,
,3807388546.85,299.9971,,,,,,,,
,3807388566.86,300.0027,,,,,,,,
,3807388586.87,299.9951,,,,,,,,
,3807388606.90,299.9973,,,,,,,,
,3807388626.91,300.0007,,,,,,,,
,3807388646.96,299.9987,,,,,,,,
,3807388666.98,300.0005,,,,,,,,
,3807388687.00,299.9997,,,,,,,,
,3807388707.02,299.9993,,,,,,,,
,3807388727.04,299.9987,,,,,,,,
,3807388747.07,299.9997,,,,,,,,
,3807388767.08,299.9986,,,,,,,,
,3807388787.08,300.0027,,,,,,,,
,3807388807.13,300.0008,,,,,,,,
,3807388827.16,300.0006,,,,,,,,
,3807388847.21,300.0032,,,,,,,,
,3807388867.24,300.0006,,,,,,,,
,3807388887.24,300.0003,,,,,,,,
,3807388907.25,300.0025,,,,,,,,
,3807388927.28,300.002,,,,,,,,
,3807388947.32,299.9998,,,,,,,,
,3807388967.33,300.0018,,,,,,,,
,3807388987.36,299.9982,,,,,,,,
,3807389007.39,300.0007,,,,,,,,
,3807389027.46,300.0013,,,,,,,,
,3807389047.49,299.9997,,,,,,,,
,3807389067.56,299.9985,,,,,,,,
,3807389087.54,300.0013,,,,,,,,
,3807389107.60,300.0015,,,,,,,,
,3807389127.62,300.0001,,,,,,,,
,3807389147.65,299.998,,,,,,,,
,3807389167.68,300.0003,,,,,,,,
,3807389187.68,300.0003,,,,,,,,
,3807389207.71,300.0008,,,,,,,,
,3807389227.74,300.001,,,,,,,,
,3807389247.74,300.0007,,,,,,,,
,3807389267.80,300.0029,,,,,,,,
,3807389287.83,300.0035,,,,,,,,
,3807389307.84,300.0057,,,,,,,,
,3807389327.84,300.0008,,,,,,,,
,3807389347.85,300.0009,,,,,,,,
,3807389367.88,300.0008,,,,,,,,
,3807389387.90,299.9955,,,,,,,,
,3807389407.90,300.0023,,,,,,,,
,3807389427.95,300.0018,,,,,,,,
,3807389447.98,299.9987,,,,,,,,
,3807389467.99,300.0006,,,,,,,,
,3807389488.01,300.0018,,,,,,,,
,3807389508.05,300.0009,,,,,,,,
,3807389528.10,299.9952,,,,,,,,
,3807389548.13,299.9959,,,,,,,,
,3807389568.16,299.9967,,,,,,,,
,3807389588.18,299.9962,,,,,,,,
,3807389608.18,299.9951,,,,,,,,
,3807389628.19,300.0005,,,,,,,,
,3807389648.22,300.0006,,,,,,,,
,3807389668.26,299.9966,,,,,,,,
,3807389688.30,299.9962,,,,,,,,
,3807389708.33,299.9959,,,,,,,,
,3807389728.36,299.9944,,,,,,,,
,3807389748.44,300.0005,,,,,,,,
,3807389768.45,300.0015,,,,,,,,
,3807389788.48,300.0023,,,,,,,,
,3807389808.53,299.993,,,,,,,,
,3807389828.55,299.9951,,,,,,,,
,3807389848.60,299.9991,,,,,,,,
,3807389868.66,299.9958,,,,,,,,
,3807389888.67,299.9987,,,,,,,,
,3807389908.69,300.0004,,,,,,,,
,3807389928.71,300.0007,,,,,,,,
,3807389948.73,300.0018,,,,,,,,
,3807389968.76,299.9395,,,,,,,,
,3807389988.78,299.9966,,,,,,,,
,3807390008.83,300.0069,,,,,,,,
,3807390028.86,300.0047,,,,,,,,
,3807390048.88,300.0045,,,,,,,,
,3807390068.93,300.0089,,,,,,,,
,3807390088.96,300.0085,,,,,,,,
,3807390108.97,300.0077,,,,,,,,
,3807390128.98,300.0008,,,,,,,,
,3807390148.99,300.0047,,,,,,,,
,3807390169.01,300.005,,,,,,,,
,3807390189.02,300.0027,,,,,,,,
,3807390209.06,300.0043,,,,,,,,
,3807390229.07,300.0042,,,,,,,,
,3807390249.08,300.0015,,,,,,,,
,3807390269.09,300.0005,,,,,,,,
,3807390289.10,300.0029,,,,,,,,
,3807390309.15,300.0017,,,,,,,,
,3807390329.17,300.0041,,,,,,,,
,3807390349.18,300.0029,,,,,,,,
,3807390369.22,300.0029,,,,,,,,
,3807390389.25,300.0028,,,,,,,,
,3807390409.26,300.0023,,,,,,,,
,3807390429.26,300.0007,,,,,,,,
,3807390449.26,300.0027,,,,,,,,
,3807390469.27,300.0033,,,,,,,,
,3807390489.30,300.0017,,,,,,,,
,3807390509.32,300.0013,,,,,,,,
,3807390529.32,300.0025,,,,,,,,
,3807390549.33,300.0025,,,,,,,,
,3807390569.34,300.0007,,,,,,,,
,3807390589.35,300.0007,,,,,,,,
,3807390609.38,300.0009,,,,,,,,
,3807390629.40,300.0023,,,,,,,,
,3807390649.40,299.9997,,,,,,,,
,3807390669.40,300.0006,,,,,,,,
,3807390689.42,299.9997,,,,,,,,
,3807390709.44,300.0017,,,,,,,,
,3807390729.44,299.9981,,,,,,,,
,3807390749.45,300.0015,,,,,,,,
,3807390769.48,299.9993,,,,,,,,
,3807390789.50,300.0027,,,,,,,,
,3807390809.50,299.9987,,,,,,,,
,3807390829.52,300.0017,,,,,,,,
,3807390849.54,299.9987,,,,,,,,
,3807390869.54,299.9991,,,,,,,,
,3807390889.54,299.9983,,,,,,,,
,3807390909.55,300.0029,,,,,,,,
,3807390929.58,299.9996,,,,,,,,
,3807390949.58,300.0007,,,,,,,,
,3807390969.59,299.9992,,,,,,,,
,3807390989.60,300.0025,,,,,,,,
,3807391009.61,300.0005,,,,,,,,
,3807391029.61,300.0018,,,,,,,,
,3807391049.66,299.9981,,,,,,,,
,3807391069.68,300.0023,,,,,,,,
,3807391089.70,299.9977,,,,,,,,
,3807391109.71,300.0022,,,,,,,,
,3807391129.78,300.0039,,,,,,,,
,3807391149.83,300.0033,,,,,,,,
,3807391169.88,300.0007,,,,,,,,
,3807391189.89,300.0023,,,,,,,,
,3807391209.94,300.0027,,,,,,,,
,3807391229.95,300.0017,,,,,,,,
,3807391250.00,300.0017,,,,,,,,
,3807391270.04,299.9997,,,,,,,,
,3807391290.04,300.0018,,,,,,,,
,3807391310.07,299.9988,,,,,,,,
,3807391330.10,300.0026,,,,,,,,
,3807391350.14,299.9987,,,,,,,,
,3807391370.17,300.0018,,,,,,,,
,3807391390.21,300.0017,,,,,,,,
,3807391410.24,300.0013,,,,,,,,
,3807391430.28,300.0017,,,,,,,,
,3807391450.31,300.0007,,,,,,,,
,3807391470.34,300.0024,,,,,,,,
,3807391490.38,300.0035,,,,,,,,
,3807391510.43,300.0029,,,,,,,,
,3807391530.46,299.9997,,,,,,,,
,3807391550.51,300.0009,,,,,,,,
,3807391570.53,299.9992,,,,,,,,
,3807391590.56,300.0011,,,,,,,,
,3807391610.57,300.0013,,,,,,,,
,3807391630.59,300.0017,,,,,,,,
,3807391650.59,299.9995,,,,,,,,
,3807391670.62,300.0005,,,,,,,,
,3807391690.64,299.9982,,,,,,,,
,3807391710.64,300.0029,,,,,,,,
,3807391730.64,299.9987,,,,,,,,
,3807391750.65,300.0023,,,,,,,,
,3807391770.66,299.9989,,,,,,,,
,3807391790.67,300.0016,,,,,,,,
,3807391810.67,299.9992,,,,,,,,
,3807391830.69,300.002,,,,,,,,
,3807391850.71,300.0023,,,,,,,,
,3807391870.72,300.0023,,,,,,,,
,3807391890.72,300.0022,,,,,,,,
,3807391910.76,300.0003,,,,,,,,
,3807391930.81,300.001,,,,,,,,
,3807391950.84,300.0015,,,,,,,,
,3807391970.86,300.0021,,,,,,,,
,3807391990.88,299.9997,,,,,,,,
,3807392010.90,299.9991,,,,,,,,
,3807392030.90,300.0018,,,,,,,,
,3807392050.92,300.0014,,,,,,,,
,3807392070.93,300.0016,,,,,,,,
,3807392090.95,299.9998,,,,,,,,
,3807392110.97,300.001,,,,,,,,
,3807392130.98,300.003,,,,,,,,
,3807392151.01,300.0018,,,,,,,,
,3807392171.02,300.0028,,,,,,,,
,3807392191.05,300.0022,,,,,,,,
,3807392211.07,300.0001,,,,,,,,
,3807392231.08,299.9998,,,,,,,,
,3807392251.09,299.9997,,,,,,,,
,3807392271.11,300.0003,,,,,,,,
,3807392291.11,299.9997,,,,,,,,
,3807392311.13,300.0018,,,,,,,,
,3807392331.13,300.0008,,,,,,,,
,3807392351.15,300.0023,,,,,,,,
,3807392371.20,300.0003,,,,,,,,
,3807392391.23,300.0016,,,,,,,,
,3807392411.24,300.0023,,,,,,,,
,3807392431.25,300.0017,,,,,,,,
,3807392451.26,300.0027,,,,,,,,
,3807392471.28,300.0014,,,,,,,,
,3807392491.28,300.0013,,,,,,,,
,3807392511.34,300.0008,,,,,,,,
,3807392531.34,299.9996,,,,,,,,
,3807392551.36,300.0005,,,,,,,,
,3807392571.38,300.0022,,,,,,,,
,3807392591.42,300.0027,,,,,,,,
,3807392611.42,300.0014,,,,,,,,
,3807392631.45,300.0014,,,,,,,,
,3807392651.46,300.0014,,,,,,,,
,3807392671.47,300.0015,,,,,,,,
,3807392691.48,300.0008,,,,,,,,
,3807392711.51,300.0014,,,,,,,,
,3807392731.54,300.0008,,,,,,,,
,3807392751.60,300.0002,,,,,,,,
,3807392771.61,300.0014,,,,,,,,
,3807392791.65,300.0001,,,,,,,,
,3807392811.68,299.9988,,,,,,,,
,3807392831.72,299.9991,,,,,,,,
,3807392851.77,299.9998,,,,,,,,
,3807392871.78,300.0007,,,,,,,,
,3807392891.83,300.0007,,,,,,,,
,3807392911.85,300.0011,,,,,,,,
,3807392931.90,300.0023,,,,,,,,
,3807392951.94,300.0027,,,,,,,,
,3807392971.97,299.9987,,,,,,,,
,3807392991.99,299.9987,,,,,,,,
,3807393012.06,300.0023,,,,,,,,
,3807393032.07,300.0017,,,,,,,,
,3807393052.11,300.0027,,,,,,,,
,3807393072.13,300.0029,,,,,,,,
,3807393092.13,300.0025,,,,,,,,
,3807393112.15,300.0021,,,,,,,,
,3807393132.15,300.0017,,,,,,,,
,3807393152.17,300.0007,,,,,,,,
,3807393172.18,299.9997,,,,,,,,
,3807393192.19,300.0004,,,,,,,,
,3807393212.19,299.9998,,,,,,,,
,3807393232.19,299.9991,,,,,,,,
,3807393252.20,300.0011,,,,,,,,
,3807393272.21,300.0017,,,,,,,,
,3807393292.22,300.0019,,,,,,,,
,3807393312.23,300.0017,,,,,,,,
,3807393332.25,300.0005,,,,,,,,
,3807393352.26,300.0027,,,,,,,,
,3807393372.26,300.0022,,,,,,,,
,3807393392.29,299.9981,,,,,,,,
,3807393412.34,299.9991,,,,,,,,
,3807393432.34,299.9981,,,,,,,,
,3807393452.35,300.0023,,,,,,,,
,3807393472.37,299.9968,,,,,,,,
,3807393492.38,299.9966,,,,,,,,
,3807393512.39,300.0013,,,,,,,,
,3807393532.39,300.0018,,,,,,,,
,3807393552.39,299.9986,,,,,,,,
,3807393572.41,300.0009,,,,,,,,
,3807393592.41,300.0031,,,,,,,,
,3807393612.43,299.996,,,,,,,,
,3807393632.47,299.9976,,,,,,,,
,3807393652.47,299.9972,,,,,,,,
,3807393672.47,299.9973,,,,,,,,
,3807393692.51,299.998,,,,,,,,
,3807393712.52,299.9982,,,,,,,,
,3807393732.54,300.0008,,,,,,,,
,3807393752.56,300.0023,,,,,,,,
,3807393772.56,299.9976,,,,,,,,
,3807393792.58,299.9998,,,,,,,,
,3807393812.63,299.9992,,,,,,,,
,3807393832.65,300.0008,,,,,,,,
,3807393852.68,300.003,,,,,,,,
,3807393872.70,300.0021,,,,,,,,
,3807393892.71,299.9978,,,,,,,,
,3807393912.76,300.0031,,,,,,,,
,3807393932.77,300.0006,,,,,,,,
,3807393952.79,299.9992,,,,,,,,
,3807393972.81,300.0008,,,,,,,,
,3807393992.83,299.9991,,,,,,,,
,3807394012.86,300.0049,,,,,,,,
,3807394032.91,299.9994,,,,,,,,
,3807394052.91,299.9978,,,,,,,,
,3807394072.95,300.0003,,,,,,,,
,3807394092.97,299.9991,,,,,,,,
,3807394112.99,300.0009,,,,,,,,
,3807394133.00,299.997,,,,,,,,
,3807394153.04,299.9993,,,,,,,,
,3807394173.07,299.9971,,,,,,,,
,3807394193.11,299.9966,,,,,,,,
,3807394213.15,299.9995,,,,,,,,
,3807394233.17,300.0015,,,,,,,,
,3807394253.22,299.9974,,,,,,,,
,3807394273.24,300.0033,,,,,,,,
,3807394293.29,299.998,,,,,,,,
,3807394313.34,299.9967,,,,,,,,
,3807394333.34,300.0007,,,,,,,,
,3807394353.41,300.0031,,,,,,,,
,3807394373.43,299.9991,,,,,,,,
,3807394393.45,299.9993,,,,,,,,
,3807394413.48,299.9975,,,,,,,,
,3807394433.48,299.9961,,,,,,,,
,3807394453.50,299.9987,,,,,,,,
,3807394473.52,300.0027,,,,,,,,
,3807394493.54,300.0039,,,,,,,,
,3807394513.54,300.0013,,,,,,,,
,3807394533.56,300.0022,,,,,,,,
,3807394553.59,299.9991,,,,,,,,
,3807394573.61,299.9977,,,,,,,,
,3807394593.63,300.0003,,,,,,,,
,3807394613.66,299.9976,,,,,,,,
,3807394633.68,299.9965,,,,,,,,
,3807394653.70,299.9979,,,,,,,,
,3807394673.70,299.9982,,,,,,,,
,3807394693.71,300.0033,,,,,,,,
,3807394713.75,299.9977,,,,,,,,
,3807394733.76,299.9967,,,,,,,,
,3807394753.77,300.0017,,,,,,,,
,3807394773.79,299.9981,,,,,,,,
,3807394793.81,299.9975,,,,,,,,
,3807394813.85,300.0007,,,,,,,,
,3807394833.87,299.9962,,,,,,,,
,3807394853.89,299.9985,,,,,,,,
,3807394873.93,299.9991,,,,,,,,
,3807394893.96,300.0033,,,,,,,,
,3807394913.97,299.9957,,,,,,,,
,3807394934.00,300.0031,,,,,,,,
,3807394954.04,300.0017,,,,,,,,
,3807394974.06,299.9973,,,,,,,,
,3807394994.06,299.9975,,,,,,,,
,3807395014.09,300.0013,,,,,,,,
,3807395034.13,300.0023,,,,,,,,
,3807395054.16,299.9991,,,,,,,,
,3807395074.16,299.9997,,,,,,,,
,3807395094.18,299.9988,,,,,,,,
,3807395114.18,299.9997,,,,,,,,
,3807395134.22,299.9991,,,,,,,,
,3807395154.24,299.9983,,,,,,,,
,3807395174.26,299.9974,,,,,,,,
,3807395194.26,300.0016,,,,,,,,
,3807395214.31,299.9968,,,,,,,,
,3807395234.31,299.9982,,,,,,,,
,3807395254.34,300.003,,,,,,,,
,3807395274.35,299.998,,,,,,,,
,3807395294.40,299.9978,,,,,,,,
,3807395314.42,300.0008,,,,,,,,
,3807395334.42,299.9978,,,,,,,,
,3807395354.44,299.9982,,,,,,,,
,3807395374.49,300.0021,,,,,,,,
,3807395394.49,299.9974,,,,,,,,
,3807395414.52,299.9968,,,,,,,,
,3807395434.52,299.9982,,,,,,,,
,3807395454.56,299.997,,,,,,,,
,3807395474.56,299.9991,,,,,,,,
,3807395494.56,299.9971,,,,,,,,
,3807395514.58,299.9962,,,,,,,,
,3807395534.60,300.0017,,,,,,,,
,3807395554.63,299.9975,,,,,,,,
,3807395574.69,299.9966,,,,,,,,
,3807395594.72,299.9998,,,,,,,,
,3807395614.73,299.9997,,,,,,,,
,3807395634.76,299.9966,,,,,,,,
,3807395654.77,300.0041,,,,,,,,
,3807395674.79,299.9959,,,,,,,,
,3807395694.79,299.9979,,,,,,,,
,3807395714.82,299.9973,,,,,,,,
,3807395734.83,300.0018,,,,,,,,
,3807395754.85,300.0014,,,,,,,,
,3807395774.88,299.9981,,,,,,,,
,3807395794.93,300.0013,,,,,,,,
,3807395814.97,299.9982,,,,,,,,
,3807395835.02,299.9975,,,,,,,,
,3807395855.04,300.0021,,,,,,,,
,3807395875.07,300.0007,,,,,,,,
,3807395895.10,299.9987,,,,,,,,
,3807395915.15,299.9981,,,,,,,,
,3807395935.19,300.0017,,,,,,,,
,3807395955.21,299.9991,,,,,,,,
,3807395975.24,300.0023,,,,,,,,
,3807395995.28,300.0013,,,,,,,,
,3807396015.28,300.0017,,,,,,,,
,3807396035.31,300.0023,,,,,,,,
,3807396055.31,300.0017,,,,,,,,
,3807396075.35,300.003,,,,,,,,
,3807396095.35,300.0018,,,,,,,,
,3807396115.41,300.0019,,,,,,,,
,3807396135.50,300.0004,,,,,,,,
,3807396155.52,300.0024,,,,,,,,
,3807396175.59,299.9993,,,,,,,,
,3807396195.65,300.0017,,,,,,,,
,3807396215.68,299.9987,,,,,,,,
,3807396235.71,300.0013,,,,,,,,
,3807396255.76,300.0009,,,,,,,,
,3807396275.76,300.0023,,,,,,,,
,3807396295.83,300.0013,,,,,,,,
,3807396315.85,300.0027,,,,,,,,
,3807396335.88,300.0015,,,,,,,,
,3807396355.90,300.0023,,,,,,,,
,3807396375.97,300.0021,,,,,,,,
,3807396396.00,300.0017,,,,,,,,
,3807396416.02,300.0003,,,,,,,,
,3807396436.02,299.9991,,,,,,,,
,3807396456.10,300.0015,,,,,,,,
,3807396476.12,299.9987,,,,,,,,
,3807396496.14,300.0022,,,,,,,,
,3807396516.20,300.001,,,,,,,,
,3807396536.21,300.0014,,,,,,,,
,3807396556.25,299.998,,,,,,,,
,3807396576.30,300.0026,,,,,,,,
,3807396596.32,300.002,,,,,,,,
,3807396616.35,300.0023,,,,,,,,
,3807396636.36,300.0023,,,,,,,,
,3807396656.39,300.0014,,,,,,,,
,3807396676.41,300.001,,,,,,,,
,3807396696.44,300.003,,,,,,,,
,3807396716.48,300.0014,,,,,,,,
,3807396736.49,300.0023,,,,,,,,
,3807396756.50,300.0018,,,,,,,,
,3807396776.52,300.0008,,,,,,,,
,3807396796.56,300.0021,,,,,,,,
,3807396816.56,300.0033,,,,,,,,
,3807396836.59,300.0023,,,,,,,,
,3807396856.61,299.9995,,,,,,,,
,3807396876.61,300.0023,,,,,,,,
,3807396896.61,299.9989,,,,,,,,
,3807396916.65,300.0025,,,,,,,,
,3807396936.65,299.9985,,,,,,,,
,3807396956.67,300.0015,,,,,,,,
,3807396976.69,299.9977,,,,,,,,
,3807396996.72,300.0016,,,,,,,,
,3807397016.79,300.0001,,,,,,,,
,3807397036.79,300.0029,,,,,,,,
,3807397056.81,299.9995,,,,,,,,
,3807397076.81,300.0025,,,,,,,,
,3807397096.85,299.9997,,,,,,,,
,3807397116.85,300.0023,,,,,,,,
,3807397136.90,300.0003,,,,,,,,
,3807397156.90,300.0019,,,,,,,,
,3807397176.95,300.0003,,,,,,,,
,3807397196.96,300.0027,,,,,,,,
,3807397216.99,300.0023,,,,,,,,
,3807397237.02,300.0013,,,,,,,,
,3807397257.06,300.0016,,,,,,,,
,3807397277.06,300.0023,,,,,,,,
,3807397297.08,300.0037,,,,,,,,
,3807397317.10,300.0023,,,,,,,,
,3807397337.11,300.0023,,,,,,,,
,3807397357.18,300.0031,,,,,,,,
,3807397377.18,300.0029,,,,,,,,
,3807397397.20,299.9981,,,,,,,,
,3807397417.20,300.0027,,,,,,,,
,3807397437.22,299.9985,,,,,,,,
,3807397457.25,300.0017,,,,,,,,
,3807397477.28,299.9985,,,,,,,,
,3807397497.30,300.0015,,,,,,,,
,3807397517.34,300.0007,,,,,,,,
,3807397537.35,300.0019,,,,,,,,
,3807397557.36,299.9977,,,,,,,,
,3807397577.38,300.0016,,,,,,,,
,3807397597.38,299.9991,,,,,,,,
,3807397617.40,300.0016,,,,,,,,
,3807397637.42,299.9991,,,,,,,,
,3807397657.44,300.0013,,,,,,,,
,3807397677.45,299.9965,,,,,,,,
,3807397697.45,299.9983,,,,,,,,
,3807397717.47,299.9966,,,,,,,,
,3807397737.49,300.0023,,,,,,,,
,3807397757.50,299.9986,,,,,,,,
,3807397777.51,299.9996,,,,,,,,
,3807397797.53,299.9997,,,,,,,,
,3807397817.54,299.9991,,,,,,,,
,3807397837.55,299.9977,,,,,,,,
,3807397857.59,300.0008,,,,,,,,
,3807397877.65,299.9974,,,,,,,,
,3807397897.66,299.9972,,,,,,,,
,3807397917.69,299.9974,,,,,,,,
,3807397937.72,299.9985,,,,,,,,
,3807397957.76,300.0027,,,,,,,,
,3807397977.79,299.9985,,,,,,,,
,3807397997.83,300.0008,,,,,,,,
,3807398017.86,299.9987,,,,,,,,
,3807398037.89,299.9961,,,,,,,,
,3807398057.93,300.0013,,,,,,,,
,3807398077.96,299.9962,,,,,,,,
,3807398098.00,299.9973,,,,,,,,
,3807398118.03,299.9965,,,,,,,,
,3807398138.06,300.0013,,,,,,,,
,3807398158.10,299.9961,,,,,,,,
,3807398178.13,299.9958,,,,,,,,
,3807398198.17,299.9985,,,,,,,,
,3807398218.20,300.0007,,,,,,,,
,3807398238.24,300.0007,,,,,,,,
,3807398258.27,299.9973,,,,,,,,
,3807398278.30,299.9975,,,,,,,,
,3807398298.34,299.9971,,,,,,,,
,3807398318.37,299.9976,,,,,,,,
,3807398338.41,299.998,,,,,,,,
,3807398358.45,299.9966,,,,,,,,
,3807398378.48,299.9971,,,,,,,,
,3807398398.51,300.0006,,,,,,,,
,3807398418.57,300.0009,,,,,,,,
,3807398438.58,300.0029,,,,,,,,
,3807398458.63,299.9973,,,,,,,,
,3807398478.64,299.9971,,,,,,,,
,3807398498.64,299.9995,,,,,,,,
,3807398518.66,300.0003,,,,,,,,
,3807398538.67,299.9983,,,,,,,,
,3807398558.67,299.997,,,,,,,,
,3807398578.69,300.0008,,,,,,,,
,3807398598.69,299.9966,,,,,,,,
,3807398618.69,300.003,,,,,,,,
,3807398638.71,300.0017,,,,,,,,
,3807398658.72,299.9975,,,,,,,,
,3807398678.72,299.9971,,,,,,,,
,3807398698.72,300.0003,,,,,,,,
,3807398718.74,299.9971,,,,,,,,
,3807398738.74,299.9967,,,,,,,,
,3807398758.74,299.9962,,,,,,,,
,3807398778.75,299.9977,,,,,,,,
,3807398798.75,299.9965,,,,,,,,
,3807398818.75,299.9955,,,,,,,,
,3807398838.76,299.9977,,,,,,,,
,3807398858.77,299.9971,,,,,,,,
,3807398878.79,299.9951,,,,,,,,
,3807398898.79,299.9966,,,,,,,,
,3807398918.81,299.9979,,,,,,,,
,3807398938.81,299.9979,,,,,,,,
,3807398958.82,299.9996,,,,,,,,
,3807398978.82,299.9962,,,,,,,,
,3807398998.84,300.0026,,,,,,,,
,3807399018.84,300.0026,,,,,,,,
,3807399038.84,299.9976,,,,,,,,
,3807399058.85,299.9982,,,,,,,,
,3807399078.85,300.0013,,,,,,,,
,3807399098.85,299.9992,,,,,,,,
,3807399118.87,299.9969,,,,,,,,
,3807399138.91,300.0013,,,,,,,,
,3807399158.94,299.9982,,,,,,,,
,3807399178.94,299.9956,,,,,,,,
,3807399198.94,299.9992,,,,,,,,
,3807399218.96,300.0023,,,,,,,,
,3807399238.97,299.9978,,,,,,,,
,3807399259.01,300.0007,,,,,,,,
,3807399279.04,299.9971,,,,,,,,
,3807399299.08,300.0025,,,,,,,,
,3807399319.12,299.9962,,,,,,,,
,3807399339.12,299.9982,,,,,,,,
,3807399359.17,299.9972,,,,,,,,
,3807399379.18,300.001,,,,,,,,
,3807399399.20,299.9998,,,,,,,,
,3807399419.22,299.9966,,,,,,,,
,3807399439.24,300.0023,,,,,,,,
,3807399459.26,300.0017,,,,,,,,
,3807399479.28,299.9991,,,,,,,,
,3807399499.30,299.9981,,,,,,,,
,3807399519.33,300.0002,,,,,,,,
,3807399539.35,300.0003,,,,,,,,
,3807399559.37,299.9966,,,,,,,,
,3807399579.37,300.0005,,,,,,,,
,3807399599.39,299.9977,,,,,,,,
,3807399619.41,299.9962,,,,,,,,
,3807399639.46,299.9981,,,,,,,,
,3807399659.48,299.9975,,,,,,,,
,3807399679.48,299.9975,,,,,,,,
,3807399699.50,300.0016,,,,,,,,
,3807399719.51,299.9987,,,,,,,,
,3807399739.51,300.0027,,,,,,,,
,3807399759.53,299.9991,,,,,,,,
,3807399779.55,300.0015,,,,,,,,
,3807399799.57,299.9966,,,,,,,,
,3807399819.62,299.9987,,,,,,,,
,3807399839.63,300.0006,,,,,,,,
,3807399859.63,299.9967,,,,,,,,
,3807399879.63,299.9977,,,,,,,,
,3807399899.66,300.0007,,,,,,,,
,3807399919.67,299.9971,,,,,,,,
,3807399939.68,299.9977,,,,,,,,
,3807399959.70,299.9981,,,,,,,,
,3807399979.72,299.9983,,,,,,,,
,3807399999.72,299.9981,,,,,,,,
,3807400019.76,299.9962,,,,,,,,
,3807400039.78,299.9981,,,,,,,,
,3807400059.81,300.0003,,,,,,,,
,3807400079.81,299.9966,,,,,,,,
,3807400099.82,299.9972,,,,,,,,
,3807400119.83,299.9996,,,,,,,,
,3807400139.84,299.9988,,,,,,,,
,3807400159.85,299.9982,,,,,,,,
,3807400179.87,300.0004,,,,,,,,
,3807400199.88,300.0053,,,,,,,,
,3807400219.94,299.9962,,,,,,,,
,3807400239.95,299.9995,,,,,,,,
,3807400259.97,299.9978,,,,,,,,
,3807400279.98,299.9966,,,,,,,,
,3807400300.00,300.0008,,,,,,,,
,3807400320.02,300.004,,,,,,,,
,3807400340.04,299.9966,,,,,,,,
,3807400360.06,300.0008,,,,,,,,
,3807400380.08,300.0001,,,,,,,,
,3807400400.08,299.9976,,,,,,,,
,3807400420.08,300.0002,,,,,,,,
,3807400440.09,300.0039,,,,,,,,
,3807400460.12,299.9986,,,,,,,,
,3807400480.15,299.9976,,,,,,,,
,3807400500.17,300.0006,,,,,,,,
,3807400520.17,299.9978,,,,,,,,
,3807400540.19,299.9972,,,,,,,,
,3807400560.21,299.9966,,,,,,,,
,3807400580.21,299.9978,,,,,,,,
,3807400600.21,300.001,,,,,,,,
,3807400620.22,299.9962,,,,,,,,
,3807400640.22,299.998,,,,,,,,
,3807400660.24,299.9976,,,,,,,,
,3807400680.29,300.0014,,,,,,,,
,3807400700.29,299.9988,,,,,,,,
,3807400720.31,300.0006,,,,,,,,
,3807400740.31,300.0029,,,,,,,,
,3807400760.31,299.9972,,,,,,,,
,3807400780.33,300.0033,,,,,,,,
,3807400800.34,300.0043,,,,,,,,
,3807400820.34,299.9976,,,,,,,,
,3807400840.36,300.001,,,,,,,,
,3807400860.39,299.9998,,,,,,,,
,3807400880.41,299.9976,,,,,,,,
,3807400900.41,299.999,,,,,,,,
,3807400920.44,299.9976,,,,,,,,
,3807400940.45,300.0008,,,,,,,,
,3807400960.48,299.9968,,,,,,,,
,3807400980.52,299.9982,,,,,,,,
,3807401000.52,300.0014,,,,,,,,
,3807401020.52,299.9972,,,,,,,,
,3807401040.55,299.9978,,,,,,,,
,3807401060.58,300.0012,,,,,,,,
,3807401080.58,299.9968,,,,,,,,
,3807401100.60,299.9992,,,,,,,,
,3807401120.64,300.0008,,,,,,,,
,3807401140.66,299.9978,,,,,,,,
,3807401160.70,299.9962,,,,,,,,
,3807401180.72,300.0014,,,,,,,,
,3807401200.74,299.9988,,,,,,,,
,3807401220.77,299.9988,,,,,,,,
,3807401240.82,300.0008,,,,,,,,
,3807401260.85,299.9976,,,,,,,,
,3807401280.85,299.9992,,,,,,,,
,3807401300.87,299.9972,,,,,,,,
,3807401320.87,299.9988,,,,,,,,
,3807401340.89,300.0012,,,,,,,,
,3807401360.93,299.9988,,,,,,,,
,3807401380.95,299.9968,,,,,,,,
,3807401400.95,299.9998,,,,,,,,
,3807401420.97,299.9972,,,,,,,,
,3807401440.98,299.9984,,,,,,,,
,3807401461.00,299.9992,,,,,,,,
,3807401481.01,300.0027,,,,,,,,
,3807401501.01,299.9984,,,,,,,,
,3807401521.03,300.0026,,,,,,,,
,3807401541.05,299.9962,,,,,,,,
,3807401561.08,299.998,,,,,,,,
,3807401581.10,300.002,,,,,,,,
,3807401601.15,299.9978,,,,,,,,
,3807401621.17,300.001,,,,,,,,
,3807401641.22,299.999,,,,,,,,
,3807401661.25,299.997,,,,,,,,
,3807401681.27,300.001,,,,,,,,
,3807401701.31,300.0035,,,,,,,,
,3807401721.37,299.9978,,,,,,,,
,3807401741.39,300.0008,,,,,,,,
,3807401761.40,300.0024,,,,,,,,
,3807401781.44,299.9976,,,,,,,,
,3807401801.49,300.001,,,,,,,,
,3807401821.52,299.9966,,,,,,,,
,3807401841.54,300.003,,,,,,,,
,3807401861.58,300.0018,,,,,,,,
,3807401881.61,299.998,,,,,,,,
,3807401901.64,299.9956,,,,,,,,
,3807401921.72,299.9991,,,,,,,,
,3807401941.81,300.0019,,,,,,,,
,3807401961.85,299.9966,,,,,,,,
,3807401981.88,299.9999,,,,,,,,
,3807402001.93,300.0003,,,,,,,,
,3807402022.00,299.9982,,,,,,,,
,3807402042.01,300.0006,,,,,,,,
,3807402062.06,300.0008,,,,,,,,
,3807402082.07,299.9968,,,,,,,,
,3807402102.09,299.9972,,,,,,,,
,3807402122.11,299.9978,,,,,,,,
,3807402142.13,299.998,,,,,,,,
,3807402162.13,299.9998,,,,,,,,
,3807402182.17,299.9978,,,,,,,,
,3807402202.20,299.9979,,,,,,,,
,3807402222.22,299.9994,,,,,,,,
,3807402242.25,299.9992,,,,,,,,
,3807402262.27,300.001,,,,,,,,
,3807402282.27,299.997,,,,,,,,
,3807402302.31,299.9976,,,,,,,,
,3807402322.33,300.0006,,,,,,,,
,3807402342.38,299.9998,,,,,,,,
,3807402362.44,299.9976,,,,,,,,
,3807402382.46,299.9992,,,,,,,,
,3807402402.49,299.9976,,,,,,,,
,3807402422.54,299.9974,,,,,,,,
,3807402442.56,299.9976,,,,,,,,
,3807402462.60,299.998,,,,,,,,
,3807402482.64,299.9994,,,,,,,,
,3807402502.68,299.9986,,,,,,,,
,3807402522.68,299.9971,,,,,,,,
,3807402542.70,300.0007,,,,,,,,
,3807402562.73,299.9966,,,,,,,,
,3807402582.77,299.9998,,,,,,,,
,3807402602.79,299.9982,,,,,,,,
,3807402622.82,299.9998,,,,,,,,
,3807402642.84,300,,,,,,,,
,3807402662.87,299.9992,,,,,,,,
,3807402682.89,299.9976,,,,,,,,
,3807402702.91,300.0023,,,,,,,,
,3807402722.91,299.9976,,,,,,,,
,3807402742.95,300.0002,,,,,,,,
,3807402762.95,299.9982,,,,,,,,
,3807402782.98,299.9988,,,,,,,,
,3807402803.02,300.0008,,,,,,,,
,3807402823.03,299.9986,,,,,,,,
,3807402843.04,299.9998,,,,,,,,
,3807402863.05,299.9978,,,,,,,,
,3807402883.10,299.9962,,,,,,,,
,3807402903.13,300.0016,,,,,,,,
,3807402923.21,299.9978,,,,,,,,
,3807402943.23,299.9968,,,,,,,,
,3807402963.27,300.0002,,,,,,,,
,3807402983.29,299.9998,,,,,,,,
,3807403003.31,299.9978,,,,,,,,
,3807403023.31,299.9974,,,,,,,,
,3807403043.35,299.998,,,,,,,,
,3807403063.35,300.0004,,,,,,,,
,3807403083.38,299.9972,,,,,,,,
,3807403103.40,299.9984,,,,,,,,
,3807403123.45,300.0018,,,,,,,,
,3807403143.45,299.9982,,,,,,,,
,3807403163.49,299.998,,,,,,,,
,3807403183.49,299.9998,,,,,,,,
,3807403203.49,299.9993,,,,,,,,
,3807403223.51,300.0008,,,,,,,,
,3807403243.51,299.9992,,,,,,,,
,3807403263.55,299.9992,,,,,,,,
,3807403283.55,299.9982,,,,,,,,
,3807403303.57,299.9966,,,,,,,,
,3807403323.57,299.9995,,,,,,,,
,3807403343.60,299.9972,,,,,,,,
,3807403363.61,299.9988,,,,,,,,
,3807403383.64,300.0011,,,,,,,,
,3807403403.67,299.9987,,,,,,,,
,3807403423.68,299.9987,,,,,,,,
,3807403443.70,299.9995,,,,,,,,
,3807403463.73,299.9977,,,,,,,,
,3807403483.77,299.9998,,,,,,,,
,3807403503.77,299.9992,,,,,,,,
,3807403523.82,299.9972,,,,,,,,
,3807403543.85,299.9988,,,,,,,,
,3807403563.87,299.9988,,,,,,,,
,3807403583.89,299.9974,,,,,,,,
,3807403603.91,300.0008,,,,,,,,
,3807403623.94,299.9972,,,,,,,,
,3807403643.96,299.9998,,,,,,,,
,3807403663.99,299.9982,,,,,,,,
,3807403684.00,299.9972,,,,,,,,
,3807403704.01,300.0006,,,,,,,,
,3807403724.03,299.9978,,,,,,,,
,3807403744.05,299.9988,,,,,,,,
,3807403764.08,300.0008,,,,,,,,
,3807403784.10,299.9976,,,,,,,,
,3807403804.11,300.0018,,,,,,,,
,3807403824.14,299.9988,,,,,,,,
,3807403844.16,299.9982,,,,,,,,
,3807403864.20,300.0008,,,,,,,,
,3807403884.24,299.9968,,,,,,,,
,3807403904.24,300.0008,,,,,,,,
,3807403924.29,299.9982,,,,,,,,
,3807403944.35,299.9966,,,,,,,,
,3807403964.37,300.0008,,,,,,,,
,3807403984.40,299.9981,,,,,,,,
,3807404004.44,299.9979,,,,,,,,
,3807404024.46,300.0007,,,,,,,,
,3807404044.52,299.9995,,,,,,,,
,3807404064.52,299.9981,,,,,,,,
,3807404084.57,300.0003,,,,,,,,
,3807404104.59,299.9991,,,,,,,,
,3807404124.61,300.0018,,,,,,,,
,3807404144.63,299.9992,,,,,,,,
,3807404164.66,299.9978,,,,,,,,
,3807404184.73,300.0008,,,,,,,,
,3807404204.73,299.9978,,,,,,,,
,3807404224.78,300.0049,,,,,,,,
,3807404244.80,300.0018,,,,,,,,
,3807404264.83,299.9988,,,,,,,,
,3807404284.87,299.9988,,,,,,,,
,3807404304.93,300.0047,,,,,,,,
,3807404324.95,299.9972,,,,,,,,
,3807404344.95,299.9988,,,,,,,,
,3807404364.95,300.0014,,,,,,,,
,3807404384.97,299.9976,,,,,,,,
,3807404405.01,300.0018,,,,,,,,
,3807404425.03,299.998,,,,,,,,
,3807404445.03,300.0008,,,,,,,,
,3807404465.03,299.9991,,,,,,,,
,3807404485.08,299.9997,,,,,,,,
,3807404505.15,300.0002,,,,,,,,
,3807404525.15,299.9971,,,,,,,,
,3807404545.17,300.0007,,,,,,,,
,3807404565.20,299.9971,,,,,,,,
,3807404585.28,299.9976,,,,,,,,
,3807404605.30,299.999,,,,,,,,
,3807404625.34,299.9976,,,,,,,,
,3807404645.34,299.9982,,,,,,,,
,3807404665.36,299.9972,,,,,,,,
,3807404685.38,300.0006,,,,,,,,
,3807404705.41,299.997,,,,,,,,
,3807404725.46,300.0006,,,,,,,,
,3807404745.48,299.9982,,,,,,,,
,3807404765.50,299.9992,,,,,,,,
,3807404785.52,299.9988,,,,,,,,
,3807404805.52,299.9988,,,,,,,,
,3807404825.57,300.0006,,,,,,,,
,3807404845.60,299.9988,,,,,,,,
,3807404865.62,300.001,,,,,,,,
,3807404885.65,299.998,,,,,,,,
,3807404905.66,299.9978,,,,,,,,
,3807404925.67,300.0002,,,,,,,,
,3807404945.71,299.9994,,,,,,,,
,3807404965.74,299.9978,,,,,,,,
,3807404985.76,299.9994,,,,,,,,
,3807405005.78,299.9998,,,,,,,,
,3807405025.79,299.9986,,,,,,,,
,3807405045.81,300.0008,,,,,,,,
,3807405065.83,299.9986,,,,,,,,
,3807405085.85,299.9986,,,,,,,,
,3807405105.87,299.9982,,,,,,,,
,3807405125.90,299.9992,,,,,,,,
,3807405145.94,300.0006,,,,,,,,
,3807405165.95,299.9986,,,,,,,,
,3807405185.96,299.9992,,,,,,,,
,3807405205.99,299.9978,,,,,,,,
,3807405226.01,299.9998,,,,,,,,
,3807405246.05,299.9982,,,,,,,,
,3807405266.06,299.9988,,,,,,,,
,3807405286.07,299.9974,,,,,,,,
,3807405306.10,299.9994,,,,,,,,
,3807405326.17,300.0012,,,,,,,,
,3807405346.20,299.998,,,,,,,,
,3807405366.20,300.0014,,,,,,,,
,3807405386.20,299.9986,,,,,,,,
,3807405406.24,299.9998,,,,,,,,
,3807405426.28,299.9986,,,,,,,,
,3807405446.30,299.9978,,,,,,,,
,3807405466.32,299.9972,,,,,,,,
,3807405486.36,299.9992,,,,,,,,
,3807405506.36,300.0027,,,,,,,,
,3807405526.37,299.9992,,,,,,,,
,3807405546.41,300.0014,,,,,,,,
,3807405566.43,299.998,,,,,,,,
,3807405586.46,299.9992,,,,,,,,
,3807405606.48,299.9988,,,,,,,,
,3807405626.49,299.9992,,,,,,,,
,3807405646.52,299.9988,,,,,,,,
,3807405666.53,300.0032,,,,,,,,
,3807405686.55,300.0014,,,,,,,,
,3807405706.58,299.9978,,,,,,,,
,3807405726.63,299.9974,,,,,,,,
,3807405746.63,300.0018,,,,,,,,
,3807405766.65,299.9988,,,,,,,,
,3807405786.70,300.0034,,,,,,,,
,3807405806.72,299.9998,,,,,,,,
,3807405826.72,299.9976,,,,,,,,
,3807405846.74,300.0008,,,,,,,,
,3807405866.76,299.9988,,,,,,,,
,3807405886.77,299.9976,,,,,,,,
,3807405906.79,299.9982,,,,,,,,
,3807405926.81,300.0014,,,,,,,,
,3807405946.83,299.9988,,,,,,,,
,3807405966.85,299.9992,,,,,,,,
,3807405986.88,300.0018,,,,,,,,
,3807406006.92,299.9982,,,,,,,,
,3807406026.96,299.9978,,,,,,,,
,3807406047.01,299.9961,,,,,,,,
,3807406067.03,300.0006,,,,,,,,
,3807406087.04,299.9976,,,,,,,,
,3807406107.05,300.0008,,,,,,,,
,3807406127.07,299.9986,,,,,,,,
,3807406147.11,299.998,,,,,,,,
,3807406167.13,299.9976,,,,,,,,
,3807406187.16,299.9992,,,,,,,,
,3807406207.19,299.9988,,,,,,,,
,3807406227.22,300.0016,,,,,,,,
,3807406247.25,300.0046,,,,,,,,
,3807406267.33,299.9972,,,,,,,,
,3807406287.36,300.0008,,,,,,,,
,3807406307.39,299.9998,,,,,,,,
,3807406327.40,299.9982,,,,,,,,
,3807406347.43,299.9998,,,,,,,,
,3807406367.45,299.9982,,,,,,,,
,3807406387.47,299.9978,,,,,,,,
,3807406407.47,300.0003,,,,,,,,
,3807406427.49,299.9968,,,,,,,,
,3807406447.54,299.9977,,,,,,,,
,3807406467.57,300.0008,,,,,,,,
,3807406487.57,299.9982,,,,,,,,
,3807406507.59,300.0034,,,,,,,,
,3807406527.60,300.0002,,,,,,,,
,3807406547.64,299.9982,,,,,,,,
,3807406567.67,299.9992,,,,,,,,
,3807406587.69,299.9992,,,,,,,,
,3807406607.69,299.9978,,,,,,,,
,3807406627.73,299.9989,,,,,,,,
,3807406647.75,300.0001,,,,,,,,
,3807406667.78,299.9988,,,,,,,,
,3807406687.81,299.9982,,,,,,,,
,3807406707.84,299.9987,,,,,,,,
,3807406727.86,299.9994,,,,,,,,
,3807406747.88,299.9984,,,,,,,,
,3807406767.92,300.0008,,,,,,,,
,3807406787.95,299.9986,,,,,,,,
,3807406807.97,299.9974,,,,,,,,
,3807406828.01,299.9998,,,,,,,,
,3807406848.01,299.9988,,,,,,,,
,3807406868.05,299.9981,,,,,,,,
,3807406888.05,300.001,,,,,,,,
,3807406908.08,299.9991,,,,,,,,
,3807406928.12,299.9982,,,,,,,,
,3807406948.14,299.9998,,,,,,,,
,3807406968.16,300.0035,,,,,,,,
,3807406988.20,299.9996,,,,,,,,
,3807407008.20,299.9987,,,,,,,,
,3807407028.22,300.0045,,,,,,,,
,3807407048.26,299.9978,,,,,,,,
,3807407068.28,299.9997,,,,,,,,
,3807407088.28,299.9985,,,,,,,,
,3807407108.29,300.0006,,,,,,,,
,3807407128.30,299.9998,,,,,,,,
,3807407148.34,299.9988,,,,,,,,
,3807407168.36,299.9982,,,,,,,,
,3807407188.38,300.0008,,,,,,,,
,3807407208.38,299.9978,,,,,,,,
,3807407228.42,299.9982,,,,,,,,
,3807407248.44,299.9993,,,,,,,,
,3807407268.47,299.9983,,,,,,,,
,3807407288.48,299.9992,,,,,,,,
,3807407308.51,300.0017,,,,,,,,
,3807407328.53,299.9972,,,,,,,,
,3807407348.54,299.9997,,,,,,,,
,3807407368.61,300.0018,,,,,,,,
,3807407388.61,299.9987,,,,,,,,
,3807407408.64,299.9992,,,,,,,,
,3807407428.65,299.9988,,,,,,,,
,3807407448.68,299.9978,,,,,,,,
,3807407468.69,299.9982,,,,,,,,
,3807407488.71,300.0007,,,,,,,,
,3807407508.75,300.0049,,,,,,,,
,3807407528.76,299.9992,,,,,,,,
,3807407548.79,299.9976,,,,,,,,
,3807407568.79,300.0004,,,,,,,,
,3807407588.80,299.9985,,,,,,,,
,3807407608.85,299.9978,,,,,,,,
,3807407628.87,299.9997,,,,,,,,
,3807407648.91,299.998,,,,,,,,
,3807407668.95,300.0039,,,,,,,,
,3807407688.98,299.9998,,,,,,,,
,3807407709.02,299.9981,,,,,,,,
,3807407729.05,299.9993,,,,,,,,
,3807407749.09,299.9982,,,,,,,,
,3807407769.13,300.0008,,,,,,,,
,3807407789.21,300.0045,,,,,,,,
,3807407809.21,299.9976,,,,,,,,
,3807407829.24,299.9972,,,,,,,,
,3807407849.28,299.9998,,,,,,,,
,3807407869.31,300.0002,,,,,,,,
,3807407889.35,299.9982,,,,,,,,
,3807407909.38,300,,,,,,,,
,3807407929.43,299.9986,,,,,,,,
,3807407949.48,299.9988,,,,,,,,
,3807407969.49,299.9998,,,,,,,,
,3807407989.53,299.9988,,,,,,,,
,3807408009.57,300.0006,,,,,,,,
,3807408029.60,299.9972,,,,,,,,
,3807408049.63,299.9976,,,,,,,,
,3807408069.68,299.999,,,,,,,,
,3807408089.74,299.9972,,,,,,,,
,3807408109.74,300.001,,,,,,,,
,3807408129.82,299.9984,,,,,,,,
,3807408149.85,299.9988,,,,,,,,
,3807408169.86,300.003,,,,,,,,
,3807408189.91,299.9988,,,,,,,,
,3807408209.94,299.999,,,,,,,,
,3807408229.97,299.9998,,,,,,,,
,3807408250.02,299.9966,,,,,,,,
,3807408270.06,299.9984,,,,,,,,
,3807408290.11,300.0008,,,,,,,,
,3807408310.13,299.9998,,,,,,,,
,3807408330.16,299.9974,,,,,,,,
,3807408350.18,299.9972,,,,,,,,
,3807408370.19,300.0018,,,,,,,,
,3807408390.21,299.9988,,,,,,,,
,3807408410.25,300.0006,,,,,,,,
,3807408430.26,299.9993,,,,,,,,
,3807408450.29,299.9992,,,,,,,,
,3807408470.29,299.9982,,,,,,,,
,3807408490.34,300.0014,,,,,,,,
,3807408510.35,299.9976,,,,,,,,
,3807408530.40,300.0031,,,,,,,,
,3807408550.43,300.0014,,,,,,,,
,3807408570.45,299.9988,,,,,,,,
,3807408590.50,299.9978,,,,,,,,
,3807408610.50,300.0002,,,,,,,,
,3807408630.52,299.9978,,,,,,,,
,3807408650.54,299.9988,,,,,,,,
,3807408670.60,300.0018,,,,,,,,
,3807408690.65,299.9997,,,,,,,,
,3807408710.68,299.9997,,,,,,,,
,3807408730.71,299.9995,,,,,,,,
,3807408750.72,300.0042,,,,,,,,
,3807408770.74,299.9981,,,,,,,,
,3807408790.77,300.0008,,,,,,,,
,3807408810.80,299.9972,,,,,,,,
,3807408830.80,299.9968,,,,,,,,
,3807408850.82,299.9992,,,,,,,,
,3807408870.84,299.9968,,,,,,,,
,3807408890.87,299.9986,,,,,,,,
,3807408910.89,299.9982,,,,,,,,
,3807408930.91,299.9988,,,,,,,,
,3807408950.93,299.9982,,,,,,,,
,3807408970.94,299.9998,,,,,,,,
,3807408991.00,299.9986,,,,,,,,
,3807409011.04,299.9974,,,,,,,,
,3807409031.05,300.0002,,,,,,,,
,3807409051.07,300.0053,,,,,,,,
,3807409071.07,299.9986,,,,,,,,
,3807409091.09,299.9992,,,,,,,,
,3807409111.14,299.9966,,,,,,,,
,3807409131.16,299.9988,,,,,,,,
,3807409151.18,300.0004,,,,,,,,
,3807409171.20,299.9982,,,,,,,,
,3807409191.25,299.9982,,,,,,,,
,3807409211.25,300.001,,,,,,,,
,3807409231.32,299.9968,,,,,,,,
,3807409251.34,299.999,,,,,,,,
,3807409271.36,300.0012,,,,,,,,
,3807409291.40,299.999,,,,,,,,
,3807409311.41,300.0002,,,,,,,,
,3807409331.43,299.9998,,,,,,,,
,3807409351.48,300.0042,,,,,,,,
,3807409371.50,299.9988,,,,,,,,
,3807409391.50,300.0002,,,,,,,,
,3807409411.54,299.9972,,,,,,,,
,3807409431.54,299.9978,,,,,,,,
,3807409451.56,299.9992,,,,,,,,
,3807409471.56,299.9974,,,,,,,,
,3807409491.61,299.9974,,,,,,,,
,3807409511.62,300.0026,,,,,,,,
,3807409531.67,299.9966,,,,,,,,
,3807409551.69,300.0018,,,,,,,,
,3807409571.73,299.9962,,,,,,,,
,3807409591.75,300.0014,,,,,,,,
,3807409611.76,299.9982,,,,,,,,
,3807409631.79,299.9962,,,,,,,,
,3807409651.79,299.9978,,,,,,,,
,3807409671.84,300.0004,,,,,,,,
,3807409691.86,299.9972,,,,,,,,
,3807409711.88,299.9992,,,,,,,,
,3807409731.90,299.998,,,,,,,,
,3807409751.92,299.9998,,,,,,,,
,3807409771.94,299.9966,,,,,,,,
,3807409791.96,299.9996,,,,,,,,
,3807409811.99,299.9978,,,,,,,,
,3807409832.03,300.0049,,,,,,,,
,3807409852.03,299.9999,,,,,,,,
,3807409872.07,299.9978,,,,,,,,
,3807409892.09,299.9989,,,,,,,,
,3807409912.14,300.0038,,,,,,,,
,3807409932.17,299.9972,,,,,,,,
,3807409952.20,300.0023,,,,,,,,
,3807409972.25,299.9983,,,,,,,,
,3807409992.31,299.9991,,,,,,,,
,3807410012.36,299.9987,,,,,,,,
,3807410032.36,300.0003,,,,,,,,
,3807410052.38,300.0017,,,,,,,,
,3807410072.41,299.9994,,,,,,,,
,3807410092.45,299.9992,,,,,,,,
,3807410112.47,300.0004,,,,,,,,
,3807410132.52,299.9982,,,,,,,,
,3807410152.55,300.0006,,,,,,,,
,3807410172.56,299.9992,,,,,,,,
,3807410192.59,300.0004,,,,,,,,
,3807410212.60,299.9982,,,,,,,,
,3807410232.66,299.9986,,,,,,,,
,3807410252.71,299.9956,,,,,,,,
,3807410272.74,299.9982,,,,,,,,
,3807410292.77,299.9992,,,,,,,,
,3807410312.80,299.9982,,,,,,,,
,3807410332.84,299.998,,,,,,,,
,3807410352.86,299.998,,,,,,,,
,3807410372.89,300.0018,,,,,,,,
,3807410392.96,299.9988,,,,,,,,
,3807410412.99,299.9962,,,,,,,,
,3807410432.99,300.005,,,,,,,,
,3807410453.02,300.0008,,,,,,,,
,3807410473.06,299.9966,,,,,,,,
,3807410493.13,299.9988,,,,,,,,
,3807410513.13,300.0004,,,,,,,,
,3807410533.15,299.9998,,,,,,,,
,3807410553.17,299.9988,,,,,,,,
,3807410573.21,300.0058,,,,,,,,
,3807410593.23,300.0008,,,,,,,,
,3807410613.25,299.9988,,,,,,,,
,3807410633.31,299.9962,,,,,,,,
,3807410653.32,299.9998,,,,,,,,
,3807410673.34,299.9982,,,,,,,,
,3807410693.36,299.9978,,,,,,,,
,3807410713.40,300.0047,,,,,,,,
,3807410733.43,300.0004,,,,,,,,
,3807410753.43,299.9972,,,,,,,,
,3807410773.46,299.9962,,,,,,,,
,3807410793.48,300.0012,,,,,,,,
,3807410813.51,300.0012,,,,,,,,
,3807410833.55,299.9976,,,,,,,,
,3807410853.57,300.003,,,,,,,,
,3807410873.58,299.9988,,,,,,,,
,3807410893.62,299.9962,,,,,,,,
,3807410913.64,299.9966,,,,,,,,
,3807410933.66,299.996,,,,,,,,
,3807410953.69,299.9966,,,,,,,,
,3807410973.69,299.9981,,,,,,,,
,3807410993.70,299.9992,,,,,,,,
,3807411013.73,300.0018,,,,,,,,
,3807411033.75,299.9982,,,,,,,,
,3807411053.80,300.0043,,,,,,,,
,3807411073.83,300.0008,,,,,,,,
,3807411093.86,299.9998,,,,,,,,
,3807411113.88,299.9956,,,,,,,,
,3807411133.92,299.9982,,,,,,,,
,3807411153.94,300.0016,,,,,,,,
,3807411173.94,299.9988,,,,,,,,
,3807411193.98,300.0014,,,,,,,,
,3807411214.00,299.998,,,,,,,,
,3807411234.02,300.003,,,,,,,,
,3807411254.07,299.9996,,,,,,,,
,3807411274.14,300.001,,,,,,,,
,3807411294.14,300.0032,,,,,,,,
,3807411314.15,300.0028,,,,,,,,
,3807411334.19,300.0024,,,,,,,,
,3807411354.20,300.0031,,,,,,,,
,3807411374.26,300.003,,,,,,,,
,3807411394.29,300,,,,,,,,
,3807411414.34,300.003,,,,,,,,
,3807411434.36,300.0014,,,,,,,,
,3807411454.38,300.0006,,,,,,,,
,3807411474.40,300.0042,,,,,,,,
,3807411494.41,300.0008,,,,,,,,
,3807411514.45,300.0018,,,,,,,,
,3807411534.48,300.0014,,,,,,,,
,3807411554.50,300.0004,,,,,,,,
,3807411574.51,300.002,,,,,,,,
,3807411594.52,300.0031,,,,,,,,
,3807411614.55,300.0026,,,,,,,,
,3807411634.58,300.0017,,,,,,,,
,3807411654.58,300.0023,,,,,,,,
,3807411674.61,299.9986,,,,,,,,
,3807411694.67,300.003,,,,,,,,
,3807411714.67,299.9991,,,,,,,,
,3807411734.71,300.001,,,,,,,,
,3807411754.73,299.9981,,,,,,,,
,3807411774.73,300.0023,,,,,,,,
,3807411794.77,300.001,,,,,,,,
,3807411814.79,300.0023,,,,,,,,
,3807411834.82,299.9989,,,,,,,,
,3807411854.88,300.001,,,,,,,,
,3807411874.90,300.0008,,,,,,,,
,3807411894.93,300.0023,,,,,,,,
,3807411914.96,300.0008,,,,,,,,
,3807411934.98,300.0023,,,,,,,,
,3807411955.00,300.0008,,,,,,,,
,3807411975.07,300.0049,,,,,,,,
,3807411995.08,300.003,,,,,,,,
,3807412015.08,300.0018,,,,,,,,
,3807412035.11,300.001,,,,,,,,
,3807412055.13,300.0018,,,,,,,,
,3807412075.14,300.0012,,,,,,,,
,3807412095.15,300.003,,,,,,,,
,3807412115.17,300.0014,,,,,,,,
,3807412135.19,300.0033,,,,,,,,
,3807412155.21,300.0017,,,,,,,,
,3807412175.26,299.9986,,,,,,,,
,3807412195.28,300.0031,,,,,,,,
,3807412215.32,299.9988,,,,,,,,
,3807412235.35,300.0027,,,,,,,,
,3807412255.40,299.9988,,,,,,,,
,3807412275.43,300.0023,,,,,,,,
,3807412295.48,300.0022,,,,,,,,
,3807412315.49,300.003,,,,,,,,
,3807412335.54,300.0023,,,,,,,,
,3807412355.60,300.0018,,,,,,,,
,3807412375.62,300.0018,,,,,,,,
,3807412395.64,300.003,,,,,,,,
,3807412415.69,300.0008,,,,,,,,
,3807412435.71,299.9985,,,,,,,,
,3807412455.72,300.0018,,,,,,,,
,3807412475.74,299.9991,,,,,,,,
,3807412495.75,300.0031,,,,,,,,
,3807412515.85,299.9984,,,,,,,,
,3807412535.90,300.002,,,,,,,,
,3807412555.94,299.9988,,,,,,,,
,3807412575.97,300.0018,,,,,,,,
,3807412596.02,299.999,,,,,,,,
,3807412616.02,300.0025,,,,,,,,
,3807412636.07,300.0039,,,,,,,,
,3807412656.12,300.0017,,,,,,,,
,3807412676.16,300.0027,,,,,,,,
,3807412696.19,300.0029,,,,,,,,
,3807412716.21,300.0039,,,,,,,,
,3807412736.22,300.0028,,,,,,,,
,3807412756.26,300.0029,,,,,,,,
,3807412776.33,299.9988,,,,,,,,
,3807412796.35,300.0012,,,,,,,,
,3807412816.38,300.0002,,,,,,,,
,3807412836.42,300.0008,,,,,,,,
,3807412856.44,299.9978,,,,,,,,
,3807412876.47,300.0018,,,,,,,,
,3807412896.54,300.0042,,,,,,,,
,3807412916.58,300.002,,,,,,,,
,3807412936.61,300.0025,,,,,,,,
,3807412956.63,300.0031,,,,,,,,
,3807412976.65,300.003,,,,,,,,
,3807412996.70,300.0035,,,,,,,,
,3807413016.70,300.002,,,,,,,,
,3807413036.74,300.0013,,,,,,,,
,3807413056.75,300.0012,,,,,,,,
,3807413076.77,300.0027,,,,,,,,
,3807413096.81,300.0011,,,,,,,,
,3807413116.82,300.0033,,,,,,,,
,3807413136.84,300.0049,,,,,,,,
,3807413156.84,299.9986,,,,,,,,
,3807413176.90,300.0034,,,,,,,,
,3807413196.91,299.9992,,,,,,,,
,3807413216.93,300.0039,,,,,,,,
,3807413236.95,299.9992,,,,,,,,
,3807413256.98,300.0015,,,,,,,,
,3807413276.99,300.0006,,,,,,,,
,3807413297.01,300.0008,,,,,,,,
,3807413317.04,299.9981,,,,,,,,
,3807413337.06,300.0038,,,,,,,,
,3807413357.08,299.9997,,,,,,,,
,3807413377.09,300.0022,,,,,,,,
,3807413397.13,299.9998,,,,,,,,
,3807413417.13,300.0008,,,,,,,,
,3807413437.19,300.0039,,,,,,,,
,3807413457.21,300.002,,,,,,,,
,3807413477.23,300.0038,,,,,,,,
,3807413497.23,300.0043,,,,,,,,
,3807413517.27,300.0018,,,,,,,,
,3807413537.27,300.0039,,,,,,,,
,3807413557.29,300.0023,,,,,,,,
,3807413577.31,300.0027,,,,,,,,
,3807413597.37,300.001,,,,,,,,
,3807413617.39,299.9986,,,,,,,,
,3807413637.41,300.0018,,,,,,,,
,3807413657.43,299.9981,,,,,,,,
,3807413677.47,300.0032,,,,,,,,
,3807413697.50,299.999,,,,,,,,
,3807413717.52,300.0027,,,,,,,,
,3807413737.55,300.0004,,,,,,,,
,3807413757.58,300.0034,,,,,,,,
,3807413777.61,299.9987,,,,,,,,
,3807413797.62,300.0027,,,,,,,,
,3807413817.65,300.0012,,,,,,,,
,3807413837.67,300.0039,,,,,,,,
,3807413857.69,300.0023,,,,,,,,
,3807413877.71,300.0027,,,,,,,,
,3807413897.73,300.0039,,,,,,,,
,3807413917.79,300.0029,,,,,,,,
,3807413937.83,300.0035,,,,,,,,
,3807413957.88,299.9997,,,,,,,,
,3807413977.88,300.0023,,,,,,,,
,3807413997.91,299.9982,,,,,,,,
,3807414017.96,300.0027,,,,,,,,
,3807414037.98,299.9998,,,,,,,,
,3807414058.03,300.0023,,,,,,,,
,3807414078.03,299.9977,,,,,,,,
,3807414098.07,300.0023,,,,,,,,
,3807414118.09,299.9987,,,,,,,,
,3807414138.09,300.0014,,,,,,,,
,3807414158.12,300.0033,,,,,,,,
,3807414178.13,300.0014,,,,,,,,
,3807414198.16,300.0039,,,,,,,,
,3807414218.18,300.0022,,,,,,,,
,3807414238.21,300.0007,,,,,,,,
,3807414258.21,299.9992,,,,,,,,
,3807414278.28,300.0017,,,,,,,,
,3807414298.31,300.0021,,,,,,,,
,3807414318.35,299.9979,,,,,,,,
,3807414338.38,300.0006,,,,,,,,
,3807414358.40,299.9985,,,,,,,,
,3807414378.40,300.0021,,,,,,,,
,3807414398.45,300.0017,,,,,,,,
,3807414418.50,300.0027,,,,,,,,
,3807414438.54,300.0031,,,,,,,,
,3807414458.55,300.0025,,,,,,,,
,3807414478.59,299.9991,,,,,,,,
,3807414498.59,299.9991,,,,,,,,
,3807414518.59,299.9967,,,,,,,,
,3807414538.64,300.0025,,,,,,,,
,3807414558.65,300.0005,,,,,,,,
,3807414578.67,300.0027,,,,,,,,
,3807414598.71,300.0021,,,,,,,,
,3807414618.74,300.0029,,,,,,,,
,3807414638.75,300.0017,,,,,,,,
,3807414658.80,300.003,,,,,,,,
,3807414678.81,299.9987,,,,,,,,
,3807414698.83,299.9987,,,,,,,,
,3807414718.87,300.0023,,,,,,,,
,3807414738.87,299.9997,,,,,,,,
,3807414758.92,300.001,,,,,,,,
,3807414778.93,299.9981,,,,,,,,
,3807414798.96,300.0003,,,,,,,,
,3807414818.98,299.9987,,,,,,,,
,3807414839.04,300.0023,,,,,,,,
,3807414859.06,299.9985,,,,,,,,
,3807414879.06,300.001,,,,,,,,
,3807414899.10,300.0018,,,,,,,,
,3807414919.16,300.0003,,,,,,,,
,3807414939.17,299.9999,,,,,,,,
,3807414959.22,300.0005,,,,,,,,
,3807414979.23,300.0014,,,,,,,,
,3807414999.28,300.0008,,,,,,,,
,3807415019.33,300.0006,,,,,,,,
,3807415039.35,300.0004,,,,,,,,
,3807415059.40,300.0022,,,,,,,,
,3807415079.47,299.9983,,,,,,,,
,3807415099.47,300.0017,,,,,,,,
,3807415119.52,299.9981,,,,,,,,
,3807415139.54,300.0013,,,,,,,,
,3807415159.54,299.9995,,,,,,,,
,3807415179.57,300.0015,,,,,,,,
,3807415199.63,300.0017,,,,,,,,
,3807415219.64,300.0017,,,,,,,,
,3807415239.69,300.001,,,,,,,,
,3807415259.74,300.0039,,,,,,,,
,3807415279.76,300.0015,,,,,,,,
,3807415299.79,300.0017,,,,,,,,
,3807415319.81,300.0011,,,,,,,,
,3807415339.88,299.9998,,,,,,,,
,3807415359.94,300.0013,,,,,,,,
,3807415379.96,299.9987,,,,,,,,
,3807415399.98,300.0009,,,,,,,,
,3807415420.03,299.9995,,,,,,,,
,3807415440.03,300.0016,,,,,,,,
,3807415460.07,300.001,,,,,,,,
,3807415480.09,300.0012,,,,,,,,
,3807415500.13,300.003,,,,,,,,
,3807415520.16,300.0027,,,,,,,,
,3807415540.23,300.0014,,,,,,,,
,3807415560.25,300.0018,,,,,,,,
,3807415580.26,300.0026,,,,,,,,
,3807415600.27,299.9981,,,,,,,,
,3807415620.28,300.0017,,,,,,,,
,3807415640.31,300.0023,,,,,,,,
,3807415660.32,300.0023,,,,,,,,
,3807415680.35,299.9997,,,,,,,,
,3807415700.35,300.0017,,,,,,,,
,3807415720.38,299.9995,,,,,,,,
,3807415740.40,300.0017,,,,,,,,
,3807415760.43,299.9995,,,,,,,,
,3807415780.45,300.0029,,,,,,,,
,3807415800.46,299.9996,,,,,,,,
,3807415820.51,300.0001,,,,,,,,
,3807415840.52,299.9997,,,,,,,,
,3807415860.53,300.0013,,,,,,,,
,3807415880.53,299.9993,,,,,,,,
,3807415900.56,300.0006,,,,,,,,
,3807415920.57,299.9997,,,,,,,,
,3807415940.58,300.0022,,,,,,,,
,3807415960.59,300.0007,,,,,,,,
,3807415980.61,300.0003,,,,,,,,
,3807416000.64,300.0015,,,,,,,,
,3807416020.70,299.9997,,,,,,,,
,3807416040.74,299.9993,,,,,,,,
,3807416060.74,300.0017,,,,,,,,
,3807416080.76,300.0007,,,,,,,,
,3807416100.78,299.9977,,,,,,,,
,3807416120.80,300.0007,,,,,,,,
,3807416140.85,300.0013,,,,,,,,
,3807416160.88,299.9991,,,,,,,,
,3807416180.90,299.9977,,,,,,,,
,3807416200.93,299.9965,,,,,,,,
,3807416220.97,300.0013,,,,,,,,
,3807416240.99,300.0035,,,,,,,,
,3807416261.07,299.9955,,,,,,,,
,3807416281.10,299.9991,,,,,,,,
,3807416301.13,300.0008,,,,,,,,
,3807416321.13,299.9972,,,,,,,,
,3807416341.22,299.9982,,,,,,,,
,3807416361.31,300.0029,,,,,,,,
,3807416381.36,299.9991,,,,,,,,
,3807416401.37,300.0038,,,,,,,,
,3807416421.44,299.9981,,,,,,,,
,3807416441.45,300.0034,,,,,,,,
,3807416461.50,299.9977,,,,,,,,
,3807416481.52,300.0001,,,,,,,,
,3807416501.57,300.0021,,,,,,,,
,3807416521.57,299.9983,,,,,,,,
,3807416541.57,299.9971,,,,,,,,
,3807416561.59,300.0003,,,,,,,,
,3807416581.61,299.9971,,,,,,,,
,3807416601.61,299.9967,,,,,,,,
,3807416621.65,299.9972,,,,,,,,
,3807416641.66,300.0043,,,,,,,,
,3807416661.70,300.0005,,,,,,,,
,3807416681.71,299.9977,,,,,,,,
,3807416701.74,299.9971,,,,,,,,
,3807416721.75,300.0017,,,,,,,,
,3807416741.77,300.0007,,,,,,,,
,3807416761.79,300.0017,,,,,,,,
,3807416781.79,299.9981,,,,,,,,
,3807416801.81,300.0032,,,,,,,,
,3807416821.85,300.0031,,,,,,,,
,3807416841.85,299.9961,,,,,,,,
,3807416861.88,299.9981,,,,,,,,
,3807416881.92,299.9967,,,,,,,,
,3807416901.95,299.9962,,,,,,,,
,3807416921.95,300.0005,,,,,,,,
,3807416941.97,299.9977,,,,,,,,
,3807416962.02,299.9969,,,,,,,,
,3807416982.06,299.9981,,,,,,,,
,3807417002.06,299.9977,,,,,,,,
,3807417022.06,299.9972,,,,,,,,
,3807417042.10,299.9987,,,,,,,,
,3807417062.11,300.0017,,,,,,,,
,3807417082.11,299.9971,,,,,,,,
,3807417102.16,299.9989,,,,,,,,
,3807417122.20,299.9981,,,,,,,,
,3807417142.23,300.0007,,,,,,,,
,3807417162.27,299.9958,,,,,,,,
,3807417182.32,299.9971,,,,,,,,
,3807417202.36,299.9971,,,,,,,,
,3807417222.37,300.0006,,,,,,,,
,3807417242.42,299.997,,,,,,,,
,3807417262.45,300.0039,,,,,,,,
,3807417282.46,300.0013,,,,,,,,
,3807417302.54,300.0013,,,,,,,,
,3807417322.55,299.9971,,,,,,,,
,3807417342.58,299.9987,,,,,,,,
,3807417362.61,299.9991,,,,,,,,
,3807417382.62,300.0034,,,,,,,,
,3807417402.65,300.0049,,,,,,,,
,3807417422.68,299.9992,,,,,,,,
,3807417442.71,300.0014,,,,,,,,
,3807417462.75,299.998,,,,,,,,
,3807417482.75,299.9976,,,,,,,,
,3807417502.80,300.0014,,,,,,,,
,3807417522.83,299.9987,,,,,,,,
,3807417542.84,299.9989,,,,,,,,
,3807417562.85,299.9997,,,,,,,,
,3807417582.89,300.0015,,,,,,,,
,3807417602.89,299.9965,,,,,,,,
,3807417622.92,299.9972,,,,,,,,
,3807417642.95,299.9977,,,,,,,,
,3807417662.96,299.9975,,,,,,,,
,3807417682.99,300.0037,,,,,,,,
,3807417703.01,299.9977,,,,,,,,
,3807417723.05,300.001,,,,,,,,
,3807417743.08,299.9981,,,,,,,,
,3807417763.10,299.9977,,,,,,,,
,3807417783.15,299.9993,,,,,,,,
,3807417803.20,300.0025,,,,,,,,
,3807417823.22,299.9971,,,,,,,,
,3807417843.25,300.0051,,,,,,,,
,3807417863.30,300.0008,,,,,,,,
,3807417883.34,299.9968,,,,,,,,
,3807417903.40,300.0059,,,,,,,,
,3807417923.43,299.9981,,,,,,,,
,3807417943.51,300.0026,,,,,,,,
,3807417963.53,299.9977,,,,,,,,
,3807417983.57,299.9987,,,,,,,,
,3807418003.58,300.0003,,,,,,,,
,3807418023.60,299.9981,,,,,,,,
,3807418043.62,299.9971,,,,,,,,
,3807418063.64,300.0021,,,,,,,,
,3807418083.66,299.9975,,,,,,,,
,3807418103.69,299.9967,,,,,,,,
,3807418123.70,300.0017,,,,,,,,
,3807418143.70,299.9967,,,,,,,,
,3807418163.74,299.9977,,,,,,,,
,3807418183.76,299.9991,,,,,,,,
,3807418203.78,299.9966,,,,,,,,
,3807418223.78,299.9973,,,,,,,,
,3807418243.80,299.9971,,,,,,,,
,3807418263.88,300.0007,,,,,,,,
,3807418283.90,299.9961,,,,,,,,
,3807418303.90,299.9971,,,,,,,,
,3807418323.91,299.9961,,,,,,,,
,3807418343.93,300.0022,,,,,,,,
,3807418363.93,299.9967,,,,,,,,
,3807418383.95,299.9967,,,,,,,,
,3807418403.97,299.9966,,,,,,,,
,3807418424.00,300.001,,,,,,,,
,3807418444.05,299.9965,,,,,,,,
,3807418464.07,299.9969,,,,,,,,
,3807418484.09,300.0008,,,,,,,,
,3807418504.11,299.9975,,,,,,,,
,3807418524.14,299.9982,,,,,,,,
,3807418544.17,299.9966,,,,,,,,
,3807418564.18,299.9978,,,,,,,,
,3807418584.21,299.9968,,,,,,,,
,3807418604.21,299.9966,,,,,,,,
,3807418624.26,300.0014,,,,,,,,
,3807418644.30,299.9978,,,,,,,,
,3807418664.33,299.9973,,,,,,,,
,3807418684.34,300.0005,,,,,,,,
,3807418704.34,299.9971,,,,,,,,
,3807418724.38,299.9971,,,,,,,,
,3807418744.42,299.9982,,,,,,,,
,3807418764.45,299.9966,,,,,,,,
,3807418784.47,299.9962,,,,,,,,
,3807418804.50,299.9982,,,,,,,,
,3807418824.52,299.9984,,,,,,,,
,3807418844.54,299.9976,,,,,,,,
,3807418864.62,299.9981,,,,,,,,
,3807418884.63,299.999,,,,,,,,
,3807418904.64,299.9961,,,,,,,,
,3807418924.70,299.9987,,,,,,,,
,3807418944.70,299.9998,,,,,,,,
,3807418964.70,299.9971,,,,,,,,
,3807418984.74,299.9982,,,,,,,,
,3807419004.74,300.0017,,,,,,,,
,3807419024.77,299.9981,,,,,,,,
,3807419044.79,299.9991,,,,,,,,
,3807419064.79,300.0009,,,,,,,,
,3807419084.81,299.9973,,,,,,,,
,3807419104.84,299.9975,,,,,,,,
,3807419124.88,300.0009,,,,,,,,
,3807419144.91,299.9991,,,,,,,,
,3807419164.92,299.9977,,,,,,,,
,3807419184.92,299.9983,,,,,,,,
,3807419204.94,300.0013,,,,,,,,
,3807419224.94,299.9975,,,,,,,,
,3807419244.97,299.9966,,,,,,,,
,3807419264.97,300.0007,,,,,,,,
,3807419285.01,299.9981,,,,,,,,
,3807419305.01,299.9973,,,,,,,,
,3807419325.01,299.9997,,,,,,,,
,3807419345.05,299.9967,,,,,,,,
,3807419365.07,299.9981,,,,,,,,
,3807419385.12,300.0033,,,,,,,,
,3807419405.14,300.0007,,,,,,,,
,3807419425.14,299.9977,,,,,,,,
,3807419445.17,299.9982,,,,,,,,
,3807419465.19,300.0018,,,,,,,,
,3807419485.23,299.9979,,,,,,,,
,3807419505.27,299.9977,,,,,,,,
,3807419525.28,299.9987,,,,,,,,
,3807419545.30,300.0027,,,,,,,,
,3807419565.34,299.9973,,,,,,,,
,3807419585.35,299.9987,,,,,,,,
,3807419605.36,300.0017,,,,,,,,
,3807419625.37,299.9969,,,,,,,,
,3807419645.39,299.9991,,,,,,,,
,3807419665.42,299.9987,,,,,,,,
,3807419685.46,300.0007,,,,,,,,
,3807419705.52,299.9977,,,,,,,,
,3807419725.57,299.9971,,,,,,,,
,3807419745.59,299.9987,,,,,,,,
,3807419765.62,299.9967,,,,,,,,
,3807419785.66,299.9962,,,,,,,,
,3807419805.74,299.9974,,,,,,,,
,3807419825.76,300.0008,,,,,,,,
,3807419845.77,299.9974,,,,,,,,
,3807419865.79,299.9973,,,,,,,,
,3807419885.86,300.002,,,,,,,,
,3807419905.92,299.9966,,,,,,,,
,3807419925.94,299.9978,,,,,,,,
,3807419945.99,299.9978,,,,,,,,
,3807419966.02,300.0004,,,,,,,,
,3807419986.10,299.9987,,,,,,,,
,3807420006.10,299.9987,,,,,,,,
,3807420026.14,300.0003,,,,,,,,
,3807420046.16,299.9971,,,,,,,,
,3807420066.22,299.995,,,,,,,,
,3807420086.24,300.0003,,,,,,,,
,3807420106.30,300.0038,,,,,,,,
,3807420126.33,300.0039,,,,,,,,
,3807420146.35,300.0004,,,,,,,,
,3807420166.41,299.9992,,,,,,,,
,3807420186.43,299.998,,,,,,,,
,3807420206.43,300.0008,,,,,,,,
,3807420226.47,299.9979,,,,,,,,
,3807420246.53,299.9951,,,,,,,,
,3807420266.53,300.0045,,,,,,,,
,3807420286.57,299.9982,,,,,,,,
,3807420306.60,299.9972,,,,,,,,
,3807420326.64,299.9948,,,,,,,,
,3807420346.69,300.0014,,,,,,,,
,3807420366.70,300.0033,,,,,,,,
,3807420386.74,299.9973,,,,,,,,
,3807420406.80,300.0053,,,,,,,,
,3807420426.82,299.9996,,,,,,,,
,3807420446.85,299.9962,,,,,,,,
,3807420466.86,299.9982,,,,,,,,
,3807420486.94,299.9966,,,,,,,,
,3807420506.97,299.9952,,,,,,,,
,3807420527.04,300.0031,,,,,,,,
,3807420547.06,300.0046,,,,,,,,
,3807420567.07,299.9977,,,,,,,,
,3807420587.09,300.001,,,,,,,,
,3807420607.13,299.9978,,,,,,,,
,3807420627.15,299.9966,,,,,,,,
,3807420647.18,299.9962,,,,,,,,
,3807420667.22,299.9982,,,,,,,,
,3807420687.26,299.9985,,,,,,,,
,3807420707.28,299.9994,,,,,,,,
,3807420727.33,300.0032,,,,,,,,
,3807420747.37,299.9974,,,,,,,,
,3807420767.42,300.0006,,,,,,,,
,3807420787.45,300.0002,,,,,,,,
,3807420807.47,299.9972,,,,,,,,
,3807420827.50,299.9972,,,,,,,,
,3807420847.52,300.0018,,,,,,,,
,3807420867.59,299.9962,,,,,,,,
,3807420887.63,300.0047,,,,,,,,
,3807420907.65,299.9968,,,,,,,,
,3807420927.68,299.9978,,,,,,,,
,3807420947.70,299.9968,,,,,,,,
,3807420967.74,299.9974,,,,,,,,
,3807420987.76,299.9978,,,,,,,,
,3807421007.78,299.999,,,,,,,,
,3807421027.80,299.9988,,,,,,,,
,3807421047.81,300.0027,,,,,,,,
,3807421067.83,299.9976,,,,,,,,
,3807421087.90,300.0016,,,,,,,,
,3807421107.91,299.9972,,,,,,,,
,3807421127.93,299.9982,,,,,,,,
,3807421148.00,300.0026,,,,,,,,
,3807421168.02,299.9998,,,,,,,,
,3807421188.04,299.9998,,,,,,,,
,3807421208.05,300.0031,,,,,,,,
,3807421228.08,299.9974,,,,,,,,
,3807421248.10,300.0049,,,,,,,,
,3807421268.14,300.0019,,,,,,,,
,3807421288.16,300.0023,,,,,,,,
,3807421308.18,299.9985,,,,,,,,
,3807421328.20,299.9959,,,,,,,,
,3807421348.24,300.0014,,,,,,,,
,3807421368.28,299.9966,,,,,,,,
,3807421388.30,299.998,,,,,,,,
,3807421408.31,300.0008,,,,,,,,
,3807421428.33,299.9992,,,,,,,,
,3807421448.37,300.003,,,,,,,,
,3807421468.39,299.9962,,,,,,,,
,3807421488.39,300.0008,,,,,,,,
,3807421508.44,300.001,,,,,,,,
,3807421528.47,299.9986,,,,,,,,
,3807421548.49,299.9962,,,,,,,,
,3807421568.51,299.9956,,,,,,,,
,3807421588.53,300.0009,,,,,,,,
,3807421608.55,299.9966,,,,,,,,
,3807421628.60,300.0039,,,,,,,,
,3807421648.61,300.0004,,,,,,,,
,3807421668.65,299.9995,,,,,,,,
,3807421688.68,300.0014,,,,,,,,
,3807421708.70,299.9958,,,,,,,,
,3807421728.70,299.9967,,,,,,,,
,3807421748.75,300.0008,,,,,,,,
,3807421768.80,300.0039,,,,,,,,
,3807421788.81,300.0027,,,,,,,,
,3807421808.81,300.0047,,,,,,,,
,3807421828.84,299.9998,,,,,,,,
,3807421848.86,300,,,,,,,,
,3807421868.92,300.0001,,,,,,,,
,3807421888.94,300.0007,,,,,,,,
,3807421908.96,300.0007,,,,,,,,
,3807421929.00,300.0023,,,,,,,,
,3807421949.01,300.0023,,,,,,,,
,3807421969.05,300.0027,,,,,,,,
,3807421989.07,300.0031,,,,,,,,
,3807422009.07,300.0017,,,,,,,,
,3807422029.09,300.0013,,,,,,,,
,3807422049.11,300.0029,,,,,,,,
,3807422069.12,300.0018,,,,,,,,
,3807422089.16,300.0023,,,,,,,,
,3807422109.19,299.9993,,,,,,,,
,3807422129.21,300.001,,,,,,,,
,3807422149.24,300.0027,,,,,,,,
,3807422169.26,300.0014,,,,,,,,
,3807422189.31,299.9992,,,,,,,,
,3807422209.33,300.0017,,,,,,,,
,3807422229.35,299.9988,,,,,,,,
,3807422249.35,300.0014,,,,,,,,
,3807422269.38,300.0007,,,,,,,,
,3807422289.41,300.0023,,,,,,,,
,3807422309.41,300.0007,,,,,,,,
,3807422329.44,300.0013,,,,,,,,
,3807422349.48,299.9981,,,,,,,,
,3807422369.48,300.0017,,,,,,,,
,3807422389.51,299.9978,,,,,,,,
,3807422409.53,300.0008,,,,,,,,
,3807422429.55,299.9998,,,,,,,,
,3807422449.55,300.0016,,,,,,,,
,3807422469.56,299.9992,,,,,,,,
,3807422489.60,300.0018,,,,,,,,
,3807422509.61,299.9988,,,,,,,,
,3807422529.64,300.0034,,,,,,,,
,3807422549.70,300.0023,,,,,,,,
,3807422569.74,300.0023,,,,,,,,
,3807422589.76,300.0012,,,,,,,,
,3807422609.78,300.0018,,,,,,,,
,3807422629.79,300.0029,,,,,,,,
,3807422649.81,300.0013,,,,,,,,
,3807422669.87,300.001,,,,,,,,
,3807422689.87,300.0018,,,,,,,,
,3807422709.95,300.0014,,,,,,,,
,3807422729.98,299.9998,,,,,,,,
,3807422750.00,300.0014,,,,,,,,
,3807422770.02,299.9992,,,,,,,,
,3807422790.04,300.0018,,,,,,,,
,3807422810.07,299.9992,,,,,,,,
,3807422830.11,300.0018,,,,,,,,
,3807422850.13,299.9988,,,,,,,,
,3807422870.15,300.0043,,,,,,,,
,3807422890.21,299.9998,,,,,,,,
,3807422910.23,300.0025,,,,,,,,
,3807422930.25,300.0002,,,,,,,,
,3807422950.30,300.0038,,,,,,,,
,3807422970.30,300.0018,,,,,,,,
,3807422990.32,300.0031,,,,,,,,
,3807423010.40,300.001,,,,,,,,
,3807423030.42,300.0016,,,,,,,,
,3807423050.45,300.0017,,,,,,,,
,3807423070.47,300.0029,,,,,,,,
,3807423090.51,300.0026,,,,,,,,
,3807423110.52,300.0012,,,,,,,,
,3807423130.54,300.0022,,,,,,,,
,3807423150.59,300.0008,,,,,,,,
,3807423170.61,300.0023,,,,,,,,
,3807423190.66,299.9983,,,,,,,,
,3807423210.69,300.0023,,,,,,,,
,3807423230.71,299.9987,,,,,,,,
,3807423250.73,300.0017,,,,,,,,
,3807423270.75,300.0011,,,,,,,,
,3807423290.77,300.0009,,,,,,,,
,3807423310.77,300.0017,,,,,,,,
,3807423330.80,300.0018,,,,,,,,
,3807423350.81,299.9972,,,,,,,,
,3807423370.84,300.0014,,,,,,,,
,3807423390.86,300.0031,,,,,,,,
,3807423410.88,300.0013,,,,,,,,
,3807423430.90,300.0023,,,,,,,,
,3807423450.95,300.001,,,,,,,,
,3807423470.98,300.0008,,,,,,,,
,3807423491.00,300.0018,,,,,,,,
,3807423511.06,300.0018,,,,,,,,
,3807423531.06,300.0014,,,,,,,,
,3807423551.10,300.0013,,,,,,,,
,3807423571.13,299.9992,,,,,,,,
,3807423591.14,300.0023,,,,,,,,
,3807423611.16,299.9982,,,,,,,,
,3807423631.18,300.0023,,,,,,,,
,3807423651.19,299.9972,,,,,,,,
,3807423671.22,300.0031,,,,,,,,
,3807423691.24,300.0004,,,,,,,,
,3807423711.26,300.0008,,,,,,,,
,3807423731.26,300.001,,,,,,,,
,3807423751.28,300.0023,,,,,,,,
,3807423771.30,299.9982,,,,,,,,
,3807423791.32,300.0018,,,,,,,,
,3807423811.34,299.9982,,,,,,,,
,3807423831.36,300.0013,,,,,,,,
,3807423851.42,299.9997,,,,,,,,
,3807423871.42,300.0017,,,,,,,,
,3807423891.46,300.0017,,,,,,,,
,3807423911.46,300.0014,,,,,,,,
,3807423931.46,299.9992,,,,,,,,
,3807423951.51,300.0016,,,,,,,,
,3807423971.53,300.0009,,,,,,,,
,3807423991.61,299.9991,,,,,,,,
,3807424011.63,300.0013,,,,,,,,
,3807424031.64,300.0013,,,,,,,,
,3807424051.68,300.0018,,,,,,,,
,3807424071.71,299.9973,,,,,,,,
,3807424091.79,300.0016,,,,,,,,
,3807424111.80,300.0009,,,,,,,,
,3807424131.88,300.0014,,,,,,,,
,3807424151.92,299.998,,,,,,,,
,3807424171.95,300.0034,,,,,,,,
,3807424191.95,299.9998,,,,,,,,
,3807424212.00,300.0018,,,,,,,,
,3807424232.02,299.9988,,,,,,,,
,3807424252.07,300.0016,,,,,,,,
,3807424272.10,300.0018,,,,,,,,
,3807424292.14,300.0035,,,,,,,,
,3807424312.16,300.0018,,,,,,,,
,3807424332.18,300.0023,,,,,,,,
,3807424352.21,300.0005,,,,,,,,
,3807424372.23,300.0001,,,,,,,,
,3807424392.23,300.0013,,,,,,,,
,3807424412.24,300.0018,,,,,,,,
,3807424432.27,300.0035,,,,,,,,
,3807424452.27,300.0014,,,,,,,,
,3807424472.29,300.0008,,,,,,,,
,3807424492.32,300.0008,,,,,,,,
,3807424512.34,300.001,,,,,,,,
,3807424532.35,300.0017,,,,,,,,
,3807424552.36,300.0023,,,,,,,,
,3807424572.39,299.999,,,,,,,,
,3807424592.42,299.9998,,,,,,,,
,3807424612.43,299.9997,,,,,,,,
,3807424632.48,300.0023,,,,,,,,
,3807424652.50,300.0016,,,,,,,,
,3807424672.53,300.0014,,,,,,,,
,3807424692.54,300.0018,,,,,,,,
,3807424712.56,300.0017,,,,,,,,
,3807424732.56,300.0016,,,,,,,,
,3807424752.59,300.0016,,,,,,,,
,3807424772.63,299.9997,,,,,,,,
,3807424792.68,300.0008,,,,,,,,
,3807424812.69,299.9985,,,,,,,,
,3807424832.70,299.9988,,,,,,,,
,3807424852.71,299.9982,,,,,,,,
,3807424872.74,300.0007,,,,,,,,
,3807424892.75,300.0014,,,,,,,,
,3807424912.77,300.0023,,,,,,,,
,3807424932.77,300.0016,,,,,,,,
,3807424952.84,300.0018,,,,,,,,
,3807424972.85,300.0025,,,,,,,,
,3807424992.91,300.0009,,,,,,,,
,3807425012.91,300.0014,,,,,,,,
,3807425032.93,300.0008,,,,,,,,
,3807425052.95,300.0008,,,,,,,,
,3807425073.00,299.9997,,,,,,,,
,3807425093.01,300.0023,,,,,,,,
,3807425113.05,300.0003,,,,,,,,
,3807425133.13,300.0023,,,,,,,,
,3807425153.16,300.002,,,,,,,,
,3807425173.18,300.0023,,,,,,,,
,3807425193.20,300.0026,,,,,,,,
,3807425213.22,300.0006,,,,,,,,
,3807425233.25,300.0001,,,,,,,,
,3807425253.30,299.9992,,,,,,,,
,3807425273.35,299.9995,,,,,,,,
,3807425293.40,300.0008,,,,,,,,
,3807425313.45,300.0035,,,,,,,,
,3807425333.47,300.0023,,,,,,,,
,3807425353.49,300.0008,,,,,,,,
,3807425373.52,300.0014,,,,,,,,
,3807425393.57,300.0014,,,,,,,,
,3807425413.58,299.9992,,,,,,,,
,3807425433.63,300.0008,,,,,,,,
,3807425453.64,299.9998,,,,,,,,
,3807425473.66,300.0002,,,,,,,,
,3807425493.69,300.0002,,,,,,,,
,3807425513.72,299.9996,,,,,,,,
,3807425533.75,300.0018,,,,,,,,
,3807425553.76,300.0013,,,,,,,,
,3807425573.78,300.001,,,,,,,,
,3807425593.80,300.0008,,,,,,,,
,3807425613.80,299.9994,,,,,,,,
,3807425633.84,300.0017,,,,,,,,
,3807425653.87,299.9997,,,,,,,,
,3807425673.89,300.0003,,,,,,,,
,3807425693.91,300.0009,,,,,,,,
,3807425713.94,300.0016,,,,,,,,
,3807425733.98,299.9996,,,,,,,,
,3807425753.99,300.0007,,,,,,,,
,3807425774.05,299.9981,,,,,,,,
,3807425794.06,300.0001,,,,,,,,
,3807425814.08,300.0008,,,,,,,,
,3807425834.11,299.9998,,,,,,,,
,3807425854.11,300.0007,,,,,,,,
,3807425874.15,300.0008,,,,,,,,
,3807425894.16,299.9981,,,,,,,,
,3807425914.17,300.0003,,,,,,,,
,3807425934.21,300.0001,,,,,,,,
,3807425954.26,300.0018,,,,,,,,
,3807425974.29,300.0008,,,,,,,,
,3807425994.29,300.0008,,,,,,,,
,3807426014.33,300.0008,,,,,,,,
,3807426034.33,300.0016,,,,,,,,
,3807426054.36,300.0006,,,,,,,,
,3807426074.37,299.9991,,,,,,,,
,3807426094.39,300.001,,,,,,,,
,3807426114.40,300.0008,,,,,,,,
,3807426134.45,300.0013,,,,,,,,
,3807426154.47,300.0005,,,,,,,,
,3807426174.50,300.0013,,,,,,,,
,3807426194.51,299.9996,,,,,,,,
,3807426214.54,300.0013,,,,,,,,
,3807426234.56,300.0007,,,,,,,,
,3807426254.59,299.9996,,,,,,,,
,3807426274.61,300.0001,,,,,,,,
,3807426294.64,300.001,,,,,,,,
,3807426314.69,300.0004,,,,,,,,
,3807426334.73,300.0015,,,,,,,,
,3807426354.74,299.9999,,,,,,,,
,3807426374.76,299.9991,,,,,,,,
,3807426394.79,300.0008,,,,,,,,
,3807426414.80,300.0007,,,,,,,,
,3807426434.84,299.9991,,,,,,,,
,3807426454.86,300.0004,,,,,,,,
,3807426474.87,300.0007,,,,,,,,
,3807426494.91,299.9998,,,,,,,,
,3807426514.94,300.0005,,,,,,,,
,3807426534.98,299.9997,,,,,,,,
,3807426555.01,300.0016,,,,,,,,
,3807426575.04,300.0015,,,,,,,,
,3807426595.08,299.9995,,,,,,,,
,3807426615.10,300.0005,,,,,,,,
,3807426635.13,299.9991,,,,,,,,
,3807426655.13,299.9997,,,,,,,,
,3807426675.17,300.0015,,,,,,,,
,3807426695.19,299.9998,,,,,,,,
,3807426715.19,300.0008,,,,,,,,
,3807426735.21,300.0004,,,,,,,,
,3807426755.26,300.0006,,,,,,,,
,3807426775.27,300.0002,,,,,,,,
,3807426795.31,300.0012,,,,,,,,
,3807426815.34,300.0008,,,,,,,,
,3807426835.41,300.0014,,,,,,,,
,3807426855.43,300.0008,,,,,,,,
,3807426875.44,300.0008,,,,,,,,
,3807426895.48,300.0002,,,,,,,,
,3807426915.50,300.001,,,,,,,,
,3807426935.51,299.9982,,,,,,,,
,3807426955.53,300.0018,,,,,,,,
,3807426975.55,299.9997,,,,,,,,
,3807426995.57,299.9989,,,,,,,,
,3807427015.61,300.0005,,,,,,,,
,3807427035.61,299.9997,,,,,,,,
,3807427055.63,300.0003,,,,,,,,
,3807427075.66,300.0001,,,,,,,,
,3807427095.69,300.001,,,,,,,,
,3807427115.76,300.0003,,,,,,,,
,3807427135.79,299.9997,,,,,,,,
,3807427155.80,300.0007,,,,,,,,
,3807427175.85,300.0006,,,,,,,,
,3807427195.89,299.9995,,,,,,,,
,3807427215.92,300.0007,,,,,,,,
,3807427235.96,300.0008,,,,,,,,
,3807427255.98,299.9997,,,,,,,,
,3807427276.00,300.0007,,,,,,,,
,3807427296.02,300.0007,,,,,,,,
,3807427316.02,300.0003,,,,,,,,
,3807427336.04,299.9997,,,,,,,,
,3807427356.06,299.9979,,,,,,,,
,3807427376.09,300.0003,,,,,,,,
,3807427396.13,300.0013,,,,,,,,
,3807427416.18,299.9995,,,,,,,,
,3807427436.19,300.0003,,,,,,,,
,3807427456.23,300.0015,,,,,,,,
,3807427476.26,300.0018,,,,,,,,
,3807427496.29,300.0013,,,,,,,,
,3807427516.31,300.0008,,,,,,,,
,3807427536.33,300.0001,,,,,,,,
,3807427556.37,299.9997,,,,,,,,
,3807427576.40,300.0007,,,,,,,,
,3807427596.43,299.9998,,,,,,,,
,3807427616.45,299.9995,,,,,,,,
,3807427636.50,300.0017,,,,,,,,
,3807427656.50,299.9993,,,,,,,,
,3807427676.50,300.0011,,,,,,,,
,3807427696.53,299.9997,,,,,,,,
,3807427716.59,299.9991,,,,,,,,
,3807427736.64,300.0007,,,,,,,,
,3807427756.66,299.9995,,,,,,,,
,3807427776.66,300.0015,,,,,,,,
,3807427796.67,299.9995,,,,,,,,
,3807427816.70,300.0007,,,,,,,,
,3807427836.72,300.0007,,,,,,,,
,3807427856.77,300.0007,,,,,,,,
,3807427876.82,300.0007,,,,,,,,
,3807427896.83,300.0009,,,,,,,,
,3807427916.88,300.0007,,,,,,,,
,3807427936.92,299.9958,,,,,,,,
,3807427956.97,299.9966,,,,,,,,
,3807427976.99,300.0023,,,,,,,,
,3807427997.01,300.0027,,,,,,,,
,3807428017.02,299.9981,,,,,,,,
,3807428037.06,300.0034,,,,,,,,
,3807428057.12,299.9949,,,,,,,,
,3807428077.15,300.0029,,,,,,,,
,3807428097.18,299.9946,,,,,,,,
,3807428117.22,299.9966,,,,,,,,
,3807428137.24,300.0013,,,,,,,,
,3807428157.26,299.9971,,,,,,,,
,3807428177.29,299.9977,,,,,,,,
,3807428197.34,299.9959,,,,,,,,
,3807428217.36,299.9977,,,,,,,,
,3807428237.38,299.9974,,,,,,,,
,3807428257.43,299.9976,,,,,,,,
,3807428277.45,299.9959,,,,,,,,
,3807428297.47,300.0018,,,,,,,,
,3807428317.48,299.9987,,,,,,,,
,3807428337.52,300.0004,,,,,,,,
,3807428357.54,299.9971,,,,,,,,
,3807428377.55,299.9969,,,,,,,,
,3807428397.59,300.0038,,,,,,,,
,3807428417.59,299.9975,,,,,,,,
,3807428437.59,300.0005,,,,,,,,
,3807428457.63,300.0007,,,,,,,,
,3807428477.63,300.0009,,,,,,,,
,3807428497.68,299.9966,,,,,,,,
,3807428517.70,299.9962,,,,,,,,
,3807428537.72,299.9978,,,,,,,,
,3807428557.75,299.9979,,,,,,,,
,3807428577.78,299.9971,,,,,,,,
,3807428597.81,299.9966,,,,,,,,
,3807428617.85,300.0008,,,,,,,,
,3807428637.93,299.9992,,,,,,,,
,3807428657.97,300.0014,,,,,,,,
,3807428678.00,299.9979,,,,,,,,
,3807428698.02,299.9971,,,,,,,,
,3807428718.06,299.996,,,,,,,,
,3807428738.12,299.9977,,,,,,,,
,3807428758.14,299.9978,,,,,,,,
,3807428778.14,299.9976,,,,,,,,
,3807428798.16,300.0007,,,,,,,,
,3807428818.19,299.9997,,,,,,,,
,3807428838.24,300.0018,,,,,,,,
,3807428858.31,299.9961,,,,,,,,
,3807428878.34,299.9995,,,,,,,,
,3807428898.36,299.9973,,,,,,,,
,3807428918.40,299.9971,,,,,,,,
,3807428938.41,299.9977,,,,,,,,
,3807428958.43,299.9962,,,,,,,,
,3807428978.49,299.9991,,,,,,,,
,3807428998.54,300.0011,,,,,,,,
,3807429018.54,300.0017,,,,,,,,
,3807429038.59,299.9968,,,,,,,,
,3807429058.61,299.9992,,,,,,,,
,3807429078.63,299.9979,,,,,,,,
,3807429098.65,300.0001,,,,,,,,
,3807429118.68,300.0006,,,,,,,,
,3807429138.72,300.0006,,,,,,,,
,3807429158.73,299.9988,,,,,,,,
,3807429178.76,299.9997,,,,,,,,
,3807429198.78,300.0019,,,,,,,,
,3807429218.79,300.0011,,,,,,,,
,3807429238.84,300.0023,,,,,,,,
,3807429258.86,300.0008,,,,,,,,
,3807429278.88,299.9991,,,,,,,,
,3807429298.92,300.0005,,,,,,,,
,3807429318.93,300.0002,,,,,,,,
,3807429338.98,300.0009,,,,,,,,
,3807429359.00,299.9999,,,,,,,,
,3807429379.04,299.9985,,,,,,,,
,3807429399.07,299.9987,,,,,,,,
,3807429419.10,300.0007,,,,,,,,
,3807429439.15,300.0017,,,,,,,,
,3807429459.20,299.9997,,,,,,,,
,3807429479.20,300.0013,,,,,,,,
,3807429499.24,299.9997,,,,,,,,
,3807429519.26,300.0013,,,,,,,,
,3807429539.26,300.0006,,,,,,,,
,3807429559.26,300.0014,,,,,,,,
,3807429579.30,299.9984,,,,,,,,
,3807429599.33,299.9995,,,,,,,,
,3807429619.37,299.9997,,,,,,,,
,3807429639.38,300.002,,,,,,,,
,3807429659.41,300.0018,,,,,,,,
,3807429679.46,300.0006,,,,,,,,
,3807429699.50,300.0016,,,,,,,,
,3807429719.53,300.0013,,,,,,,,
,3807429739.56,300.0027,,,,,,,,
,3807429759.58,300.0005,,,,,,,,
,3807429779.59,300.0007,,,,,,,,
,3807429799.65,300.0015,,,,,,,,
,3807429819.67,300.0017,,,,,,,,
,3807429839.67,300.0009,,,,,,,,
,3807429859.71,300.0006,,,,,,,,
,3807429879.75,300.0009,,,,,,,,
,3807429899.78,300.0002,,,,,,,,
,3807429919.83,300.0003,,,,,,,,
,3807429939.89,300.0021,,,,,,,,
,3807429959.92,299.9987,,,,,,,,
,3807429979.93,300.0021,,,,,,,,
,3807429999.95,299.9982,,,,,,,,
,3807430019.97,300.0025,,,,,,,,
,3807430040.02,300.0017,,,,,,,,
,3807430060.07,300.0008,,,,,,,,
,3807430080.08,300.0006,,,,,,,,
,3807430100.12,300.0014,,,,,,,,
,3807430120.12,300.002,,,,,,,,
,3807430140.16,300.0008,,,,,,,,
,3807430160.18,299.9997,,,,,,,,
,3807430180.23,300.0008,,,,,,,,
,3807430200.26,300.0007,,,,,,,,
,3807430220.32,299.9996,,,,,,,,
,3807430240.36,300.0007,,,,,,,,
,3807430260.39,300,,,,,,,,
,3807430280.43,300.0023,,,,,,,,
,3807430300.44,299.9998,,,,,,,,
,3807430320.48,300.0008,,,,,,,,
,3807430340.50,299.9992,,,,,,,,
,3807430360.50,300.0007,,,,,,,,
,3807430380.53,300,,,,,,,,
,3807430400.57,299.9998,,,,,,,,
,3807430420.59,300.0004,,,,,,,,
,3807430440.61,300.0016,,,,,,,,
,3807430460.63,299.9981,,,,,,,,
,3807430480.66,300.0018,,,,,,,,
,3807430500.70,300.001,,,,,,,,
,3807430520.76,300.0018,,,,,,,,
,3807430540.82,300.0012,,,,,,,,
,3807430560.82,300.0027,,,,,,,,
,3807430580.85,300.0006,,,,,,,,
,3807430600.88,300.0005,,,,,,,,
,3807430620.93,300.0009,,,,,,,,
,3807430640.96,300.0022,,,,,,,,
,3807430660.96,300.0031,,,,,,,,
,3807430680.98,300.0001,,,,,,,,
,3807430700.98,300.0018,,,,,,,,
,3807430721.00,299.9992,,,,,,,,
,3807430741.03,300.0024,,,,,,,,
,3807430761.06,300,,,,,,,,
,3807430781.10,300.0023,,,,,,,,
,3807430801.11,299.9992,,,,,,,,
,3807430821.12,300.0009,,,,,,,,
,3807430841.16,299.9988,,,,,,,,
,3807430861.19,300.0001,,,,,,,,
,3807430881.20,299.9992,,,,,,,,
,3807430901.22,300.0014,,,,,,,,
,3807430921.25,299.9988,,,,,,,,
,3807430941.28,300.001,,,,,,,,
,3807430961.28,299.9982,,,,,,,,
,3807430981.33,300.0002,,,,,,,,
,3807431001.36,299.9991,,,,,,,,
,3807431021.38,299.9981,,,,,,,,
,3807431041.43,299.9998,,,,,,,,
,3807431061.45,300.0008,,,,,,,,
,3807431081.48,300.0018,,,,,,,,
,3807431101.49,300.0008,,,,,,,,
,3807431121.53,300.0008,,,,,,,,
,3807431141.53,300.0013,,,,,,,,
,3807431161.58,300.0018,,,,,,,,
,3807431181.60,300.0008,,,,,,,,
,3807431201.60,300.0008,,,,,,,,
,3807431221.62,300.0006,,,,,,,,
,3807431241.63,300.001,,,,,,,,
,3807431261.63,300.0002,,,,,,,,
,3807431281.67,299.9982,,,,,,,,
,3807431301.67,300.0013,,,,,,,,
,3807431321.69,300.0025,,,,,,,,
,3807431341.69,300.0002,,,,,,,,
,3807431361.73,299.9998,,,,,,,,
,3807431381.75,300.0026,,,,,,,,
,3807431401.75,300.0023,,,,,,,,
,3807431421.80,300.0003,,,,,,,,
,3807431441.87,300.0006,,,,,,,,
,3807431461.87,299.9994,,,,,,,,
,3807431481.93,300.0014,,,,,,,,
,3807431501.96,300.0009,,,,,,,,
,3807431522.01,300.0009,,,,,,,,
,3807431542.04,299.9991,,,,,,,,
,3807431562.07,300.0037,,,,,,,,
,3807431582.07,299.9987,,,,,,,,
,3807431602.08,300.0013,,,,,,,,
,3807431622.08,299.9998,,,,,,,,
,3807431642.12,300.0003,,,,,,,,
,3807431662.13,299.9999,,,,,,,,
,3807431682.19,300.0005,,,,,,,,
,3807431702.20,300.0023,,,,,,,,
,3807431722.24,300.0023,,,,,,,,
,3807431742.26,299.9983,,,,,,,,
,3807431762.30,300.0013,,,,,,,,
,3807431782.32,300.0011,,,,,,,,
,3807431802.35,300.0011,,,,,,,,
,3807431822.35,300.0004,,,,,,,,
,3807431842.38,299.9992,,,,,,,,
,3807431862.43,299.9997,,,,,,,,
,3807431882.43,299.9982,,,,,,,,
,3807431902.47,300.001,,,,,,,,
,3807431922.47,299.9996,,,,,,,,
,3807431942.51,300.0023,,,,,,,,
,3807431962.55,299.9998,,,,,,,,
,3807431982.55,300.0013,,,,,,,,
,3807432002.58,299.9994,,,,,,,,
,3807432022.63,299.9996,,,,,,,,
,3807432042.64,299.9998,,,,,,,,
,3807432062.68,300.0014,,,,,,,,
,3807432082.70,299.9988,,,,,,,,
,3807432102.73,300.0015,,,,,,,,
,3807432122.74,300,,,,,,,,
,3807432142.78,300.0014,,,,,,,,
,3807432162.79,300.0008,,,,,,,,
,3807432182.83,300.0007,,,,,,,,
,3807432202.87,300.0005,,,,,,,,
,3807432222.90,300.0007,,,,,,,,
,3807432243.00,300.0006,,,,,,,,
,3807432263.04,300.0006,,,,,,,,
,3807432283.06,300.0015,,,,,,,,
,3807432303.06,299.9988,,,,,,,,
,3807432323.09,300.0008,,,,,,,,
,3807432343.12,300.0004,,,,,,,,
,3807432363.17,300.0008,,,,,,,,
,3807432383.20,299.9988,,,,,,,,
,3807432403.23,300.0026,,,,,,,,
,3807432423.28,299.9974,,,,,,,,
,3807432443.32,299.9976,,,,,,,,
,3807432463.36,299.9972,,,,,,,,
,3807432483.39,299.9962,,,,,,,,
,3807432503.41,299.9945,,,,,,,,
,3807432523.45,300.0021,,,,,,,,
,3807432543.50,300.0016,,,,,,,,
,3807432563.52,300.0035,,,,,,,,
,3807432583.56,299.9967,,,,,,,,
,3807432603.60,300.0027,,,,,,,,
,3807432623.63,299.9955,,,,,,,,
,3807432643.65,300.0039,,,,,,,,
,3807432663.67,299.9972,,,,,,,,
,3807432683.69,300.0008,,,,,,,,
,3807432703.72,299.9991,,,,,,,,
,3807432723.77,299.9966,,,,,,,,
,3807432743.82,299.9962,,,,,,,,
,3807432763.86,299.9972,,,,,,,,
,3807432783.90,300.0038,,,,,,,,
,3807432803.94,299.9973,,,,,,,,
,3807432823.96,299.9988,,,,,,,,
,3807432843.98,300.0018,,,,,,,,
,3807432864.03,299.9948,,,,,,,,
,3807432884.07,299.9978,,,,,,,,
,3807432904.07,299.9958,,,,,,,,
,3807432924.11,299.9971,,,,,,,,
,3807432944.16,300.0025,,,,,,,,
,3807432964.16,299.9966,,,,,,,,
,3807432984.18,300.0016,,,,,,,,
,3807433004.20,300.0005,,,,,,,,
,3807433024.22,299.9956,,,,,,,,
,3807433044.23,300.0025,,,,,,,,
,3807433064.23,299.9951,,,,,,,,
,3807433084.25,299.9981,,,,,,,,
,3807433104.25,299.9966,,,,,,,,
,3807433124.26,299.9966,,,,,,,,
,3807433144.27,300.0014,,,,,,,,
,3807433164.30,300.0007,,,,,,,,
,3807433184.34,300.0003,,,,,,,,
,3807433204.35,299.9977,,,,,,,,
,3807433224.36,299.9959,,,,,,,,
,3807433244.39,299.9977,,,,,,,,
,3807433264.41,299.9958,,,,,,,,
,3807433284.44,300.0001,,,,,,,,
,3807433304.48,300.0014,,,,,,,,
,3807433324.51,300.0013,,,,,,,,
,3807433344.52,299.9977,,,,,,,,
,3807433364.55,299.9955,,,,,,,,
,3807433384.59,299.9958,,,,,,,,
,3807433404.60,299.9966,,,,,,,,
,3807433424.63,300.0003,,,,,,,,
,3807433444.68,300.0011,,,,,,,,
,3807433464.74,300.0023,,,,,,,,
,3807433484.75,299.9971,,,,,,,,
,3807433504.78,299.9973,,,,,,,,
,3807433524.81,300.003,,,,,,,,
,3807433544.86,299.9966,,,,,,,,
,3807433564.88,300.0017,,,,,,,,
,3807433584.89,300.0017,,,,,,,,
,3807433604.93,300.0029,,,,,,,,
,3807433624.93,299.9962,,,,,,,,
,3807433644.96,300.0039,,,,,,,,
,3807433664.98,299.9956,,,,,,,,
,3807433685.00,300.0039,,,,,,,,
,3807433705.05,300.0016,,,,,,,,
,3807433725.11,299.9966,,,,,,,,
,3807433745.12,299.9955,,,,,,,,
,3807433765.16,300.0049,,,,,,,,
,3807433785.17,299.9958,,,,,,,,
,3807433805.18,299.9974,,,,,,,,
,3807433825.22,299.9972,,,,,,,,
,3807433845.27,300.0009,,,,,,,,
,3807433865.27,299.9988,,,,,,,,
,3807433885.28,300.0014,,,,,,,,
,3807433905.33,299.9979,,,,,,,,
,3807433925.35,299.9936,,,,,,,,
,3807433945.39,299.9967,,,,,,,,
,3807433965.41,300.0049,,,,,,,,
,3807433985.43,299.9975,,,,,,,,
,3807434005.47,300.0017,,,,,,,,
,3807434025.50,300.0008,,,,,,,,
,3807434045.52,299.9962,,,,,,,,
,3807434065.54,300.0018,,,,,,,,
,3807434085.56,300.0008,,,,,,,,
,3807434105.58,299.9958,,,,,,,,
,3807434125.62,300.0035,,,,,,,,
,3807434145.64,300.0015,,,,,,,,
,3807434165.68,300.0008,,,,,,,,
,3807434185.69,299.9968,,,,,,,,
,3807434205.73,299.9986,,,,,,,,
,3807434225.76,299.9988,,,,,,,,
,3807434245.78,300.0014,,,,,,,,
,3807434265.83,299.9996,,,,,,,,
,3807434285.83,300.0003,,,,,,,,
,3807434305.84,299.9998,,,,,,,,
,3807434325.88,300.0014,,,,,,,,
,3807434345.92,300.0001,,,,,,,,
,3807434365.94,300,,,,,,,,
,3807434385.96,299.9992,,,,,,,,
,3807434405.97,300.0018,,,,,,,,
,3807434425.97,299.9992,,,,,,,,
,3807434446.00,300.0008,,,,,,,,
,3807434466.02,299.9998,,,,,,,,
,3807434486.04,300.0014,,,,,,,,
,3807434506.07,299.9982,,,,,,,,
,3807434526.09,300.0023,,,,,,,,
,3807434546.10,299.9996,,,,,,,,
,3807434566.12,300.0013,,,,,,,,
,3807434586.13,299.9996,,,,,,,,
,3807434606.15,300.0011,,,,,,,,
,3807434626.17,299.9992,,,,,,,,
,3807434646.18,299.9998,,,,,,,,
,3807434666.19,300.0008,,,,,,,,
,3807434686.21,300.0007,,,,,,,,
,3807434706.23,299.9988,,,,,,,,
,3807434726.24,299.9997,,,,,,,,
,3807434746.26,299.9992,,,,,,,,
,3807434766.27,300.0017,,,,,,,,
,3807434786.29,299.9992,,,,,,,,
,3807434806.30,300.0007,,,,,,,,
,3807434826.32,299.9982,,,,,,,,
,3807434846.34,300.0023,,,,,,,,
,3807434866.35,300.0003,,,,,,,,
,3807434886.38,300.0014,,,,,,,,
,3807434906.39,299.9988,,,,,,,,
,3807434926.41,300.0007,,,,,,,,
,3807434946.42,299.9991,,,,,,,,
,3807434966.44,300.0006,,,,,,,,
,3807434986.46,299.9998,,,,,,,,
,3807435006.47,300.0018,,,,,,,,
,3807435026.49,299.9987,,,,,,,,
,3807435046.50,300.0011,,,,,,,,
,3807435066.52,299.9987,,,,,,,,
,3807435086.54,299.9997,,,,,,,,
,3807435106.55,299.9987,,,,,,,,
,3807435126.57,300.0021,,,,,,,,
,3807435146.58,299.9976,,,,,,,,
,3807435166.60,300.0023,,,,,,,,
,3807435186.61,299.9981,,,,,,,,
,3807435206.63,300.0018,,,,,,,,
,3807435226.64,299.9991,,,,,,,,
,3807435246.66,299.9993,,,,,,,,
,3807435266.67,299.9982,,,,,,,,
,3807435286.69,300.0004,,,,,,,,
,3807435306.70,299.9978,,,,,,,,
,3807435326.72,300.003,,,,,,,,
,3807435346.74,300.0005,,,,,,,,
,3807435366.75,300.0007,,,,,,,,
,3807435386.77,300.0023,,,,,,,,
,3807435406.78,300.0017,,,,,,,,
,3807435426.80,300.0016,,,,,,,,
,3807435446.82,300.0015,,,,,,,,
,3807435466.83,300.0018,,,,,,,,
,3807435486.85,300.0011,,,,,,,,
,3807435506.86,300.0025,,,,,,,,
,3807435526.88,300.0015,,,,,,,,
,3807435546.89,299.9986,,,,,,,,
,3807435566.91,299.9979,,,,,,,,
,3807435586.92,299.9991,,,,,,,,
,3807435606.94,299.9992,,,,,,,,
,3807435626.96,300.0038,,,,,,,,
,3807435646.97,300.0024,,,,,,,,
,3807435666.99,300.0027,,,,,,,,
,3807435687.00,300.0018,,,,,,,,
,3807435707.02,300.0017,,,,,,,,
,3807435727.04,300.0014,,,,,,,,
,3807435747.05,300.0033,,,,,,,,
,3807435767.07,300.0023,,,,,,,,
,3807435787.08,300.0027,,,,,,,,
,3807435807.10,300.0031,,,,,,,,
,3807435827.11,300.0023,,,,,,,,
,3807435847.13,300.0029,,,,,,,,
,3807435867.15,300.0039,,,,,,,,
,3807435887.16,300.0017,,,,,,,,
,3807435907.18,300.0033,,,,,,,,
,3807435927.20,300.0025,,,,,,,,
,3807435947.21,299.9988,,,,,,,,
,3807435967.23,299.9994,,,,,,,,
,3807435987.25,300.003,,,,,,,,
,3807436007.27,300.0023,,,,,,,,
,3807436027.28,300.0016,,,,,,,,
,3807436047.30,299.998,,,,,,,,
,3807436067.31,299.9982,,,,,,,,
,3807436087.33,299.9996,,,,,,,,
,3807436107.35,299.997,,,,,,,,
,3807436127.36,299.9985,,,,,,,,
,3807436147.38,299.9982,,,,,,,,
,3807436167.40,300.001,,,,,,,,
,3807436187.41,299.9982,,,,,,,,
,3807436207.43,299.9974,,,,,,,,
,3807436227.45,299.9991,,,,,,,,
,3807436247.46,299.9996,,,,,,,,
,3807436267.48,299.9992,,,,,,,,
,3807436287.50,300.0004,,,,,,,,
,3807436307.51,299.9968,,,,,,,,
,3807436327.53,299.9986,,,,,,,,
,3807436347.54,299.9992,,,,,,,,
,3807436367.56,300.0004,,,,,,,,
,3807436387.57,300.0011,,,,,,,,
,3807436407.59,299.9978,,,,,,,,
,3807436427.60,300.0031,,,,,,,,
,3807436447.62,299.9992,,,,,,,,
,3807436467.63,299.9972,,,,,,,,
,3807436487.65,299.9991,,,,,,,,
,3807436507.67,300.0039,,,,,,,,
,3807436527.68,300.0007,,,,,,,,
,3807436547.69,299.9995,,,,,,,,
,3807436567.71,299.9976,,,,,,,,
,3807436587.72,299.9959,,,,,,,,
,3807436607.74,299.9982,,,,,,,,
,3807436627.76,300.0006,,,,,,,,
,3807436647.77,299.9998,,,,,,,,
,3807436667.79,299.9998,,,,,,,,
,3807436687.81,299.9994,,,,,,,,
,3807436707.82,300.003,,,,,,,,
,3807436727.84,299.9981,,,,,,,,
,3807436747.85,300.0039,,,,,,,,
,3807436767.87,299.998,,,,,,,,
,3807436787.88,299.9976,,,,,,,,
,3807436807.90,300.0049,,,,,,,,
,3807436827.92,299.9992,,,,,,,,
,3807436847.93,299.9996,,,,,,,,
,3807436867.95,300,,,,,,,,
,3807436887.96,300.0003,,,,,,,,
,3807436907.98,299.9977,,,,,,,,
,3807436927.99,300.0023,,,,,,,,
,3807436948.01,300.0045,,,,,,,,
,3807436968.02,299.9991,,,,,,,,
,3807436988.04,300.0061,,,,,,,,
,3807437008.05,300.0038,,,,,,,,
,3807437028.07,300.0008,,,,,,,,
,3807437048.09,299.9998,,,,,,,,
,3807437068.11,299.998,,,,,,,,
,3807437088.12,299.9986,,,,,,,,
,3807437108.14,299.9987,,,,,,,,
,3807437128.15,299.9991,,,,,,,,
,3807437148.17,299.9973,,,,,,,,
,3807437168.20,300.0013,,,,,,,,
,3807437188.21,299.9998,,,,,,,,
,3807437208.23,300.0014,,,,,,,,
,3807437228.25,300.0023,,,,,,,,
,3807437248.27,300.0025,,,,,,,,
,3807437268.28,300.0018,,,,,,,,
,3807437288.30,300.0027,,,,,,,,
,3807437308.31,300.0026,,,,,,,,
,3807437328.32,300.0014,,,,,,,,
,3807437348.34,300.0013,,,,,,,,
,3807437368.36,300.002,,,,,,,,
,3807437388.37,300.0021,,,,,,,,
,3807437408.39,300.0023,,,,,,,,
,3807437428.40,300.0027,,,,,,,,
,3807437448.42,300.0013,,,,,,,,
,3807437468.43,300.0037,,,,,,,,
,3807437488.45,300.0039,,,,,,,,
,3807437508.47,300.0029,,,,,,,,
,3807437528.48,300.0027,,,,,,,,
,3807437548.50,300.0034,,,,,,,,
,3807437568.51,300.0023,,,,,,,,
,3807437588.53,300.0039,,,,,,,,
,3807437608.55,300.0016,,,,,,,,
,3807437628.56,300.0023,,,,,,,,
,3807437648.58,300.003,,,,,,,,
,3807437668.59,300.0018,,,,,,,,
,3807437688.61,300.0035,,,,,,,,
,3807437708.63,300.0023,,,,,,,,
,3807437728.64,300.0027,,,,,,,,
,3807437748.66,300.0025,,,,,,,,
,3807437768.67,300.0023,,,,,,,,
,3807437788.69,300.0024,,,,,,,,
,3807437808.70,300.0032,,,,,,,,
,3807437828.72,300.0022,,,,,,,,
,3807437848.73,300.003,,,,,,,,
,3807437868.75,300.0016,,,,,,,,
,3807437888.77,300.0039,,,,,,,,
,3807437908.78,300.003,,,,,,,,
,3807437928.80,300.002,,,,,,,,
,3807437948.81,300.0033,,,,,,,,
,3807437968.83,300.0031,,,,,,,,
,3807437988.85,300.0034,,,,,,,,
,3807438008.86,300.0017,,,,,,,,
,3807438028.87,300.003,,,,,,,,
,3807438048.89,300.0029,,,,,,,,
,3807438068.91,300.0022,,,,,,,,
,3807438088.92,300.0029,,,,,,,,
,3807438108.94,299.9987,,,,,,,,
,3807438128.95,300.0038,,,,,,,,
,3807438148.97,300.0017,,,,,,,,
,3807438168.98,300.0045,,,,,,,,
,3807438189.00,300.0025,,,,,,,,
,3807438209.01,300.0039,,,,,,,,
,3807438229.03,299.9987,,,,,,,,
,3807438249.04,300.0019,,,,,,,,
,3807438269.05,300.0031,,,,,,,,
,3807438289.07,300.0045,,,,,,,,
,3807438309.08,299.9987,,,,,,,,
,3807438329.10,300.0017,,,,,,,,
,3807438349.11,300.0009,,,,,,,,
,3807438369.11,300.0059,,,,,,,,
,3807438389.14,300.0045,,,,,,,,
,3807438409.14,300.0025,,,,,,,,
,3807438429.15,300.0025,,,,,,,,
,3807438449.17,300.0029,,,,,,,,
,3807438469.18,300.003,,,,,,,,
,3807438489.18,300.0043,,,,,,,,
,3807438509.18,300.0022,,,,,,,,
,3807438529.18,300.0017,,,,,,,,
,3807438549.19,300.0039,,,,,,,,
,3807438569.19,300.0039,,,,,,,,
,3807438589.19,300.0031,,,,,,,,
,3807438609.21,300.0045,,,,,,,,
,3807438629.21,300.0027,,,,,,,,
,3807438649.25,300.0031,,,,,,,,
,3807438669.26,300.0037,,,,,,,,
,3807438689.28,300.0027,,,,,,,,
,3807438709.30,300.0027,,,,,,,,
,3807438729.32,300.0023,,,,,,,,
,3807438749.34,300.0041,,,,,,,,
,3807438769.34,300.0017,,,,,,,,
,3807438789.36,300.0013,,,,,,,,
,3807438809.41,300.0037,,,,,,,,
,3807438829.43,300.0003,,,,,,,,
,3807438849.43,300.0042,,,,,,,,
,3807438869.45,299.9977,,,,,,,,
,3807438889.49,300.0023,,,,,,,,
,3807438909.52,299.9985,,,,,,,,
,3807438929.56,300.0025,,,,,,,,
,3807438949.61,299.999,,,,,,,,
,3807438969.62,300.0027,,,,,,,,
,3807438989.70,299.9981,,,,,,,,
,3807439009.70,300.0023,,,,,,,,
,3807439029.74,300.0027,,,,,,,,
,3807439049.76,300.0017,,,,,,,,
,3807439069.79,300.0041,,,,,,,,
,3807439089.82,300.0029,,,,,,,,
,3807439109.86,300.0024,,,,,,,,
,3807439129.89,300.0037,,,,,,,,
,3807439149.92,300.0023,,,,,,,,
,3807439169.96,300.0027,,,,,,,,
,3807439190.00,300.0049,,,,,,,,
,3807439210.03,299.9981,,,,,,,,
,3807439230.06,299.9983,,,,,,,,
,3807439250.10,300.0037,,,,,,,,
,3807439270.13,300.0032,,,,,,,,
,3807439290.16,300.0039,,,,,,,,
,3807439310.20,300.0025,,,,,,,,
,3807439330.23,300.0048,,,,,,,,
,3807439350.27,299.9985,,,,,,,,
,3807439370.30,299.9991,,,,,,,,
,3807439390.35,300.0023,,,,,,,,
,3807439410.37,300.0023,,,,,,,,
,3807439430.40,300.0024,,,,,,,,
,3807439450.43,299.9997,,,,,,,,
,3807439470.44,299.9981,,,,,,,,
,3807439490.44,299.9982,,,,,,,,
,3807439510.44,300.0033,,,,,,,,
,3807439530.45,300.0023,,,,,,,,
,3807439550.45,300.0013,,,,,,,,
,3807439570.47,300.0035,,,,,,,,
,3807439590.47,300.0034,,,,,,,,
,3807439610.49,300.0023,,,,,,,,
,3807439630.49,299.9983,,,,,,,,
,3807439650.49,299.9981,,,,,,,,
,3807439670.51,299.9982,,,,,,,,
,3807439690.51,300.0034,,,,,,,,
,3807439710.53,300.0033,,,,,,,,
,3807439730.53,300.0017,,,,,,,,
,3807439750.54,300.0014,,,,,,,,
,3807439770.54,300.0047,,,,,,,,
,3807439790.55,300.0025,,,,,,,,
,3807439810.57,300.0018,,,,,,,,
,3807439830.57,299.9991,,,,,,,,
,3807439850.60,299.9977,,,,,,,,
,3807439870.61,300.0023,,,,,,,,
,3807439890.65,300.0023,,,,,,,,
,3807439910.65,300.0031,,,,,,,,
,3807439930.67,300.0027,,,,,,,,
,3807439950.69,300.0023,,,,,,,,
,3807439970.73,300.0027,,,,,,,,
,3807439990.73,299.9977,,,,,,,,
,3807440010.75,299.9998,,,,,,,,
,3807440030.75,299.9966,,,,,,,,
,3807440050.80,300.0016,,,,,,,,
,3807440070.80,300.0035,,,,,,,,
,3807440090.83,300.0034,,,,,,,,
,3807440110.85,300.0018,,,,,,,,
,3807440130.89,300.0017,,,,,,,,
,3807440150.89,300.003,,,,,,,,
,3807440170.91,299.9999,,,,,,,,
,3807440190.94,299.9987,,,,,,,,
,3807440210.95,299.9971,,,,,,,,
,3807440230.96,300.004,,,,,,,,
,3807440250.97,300.0023,,,,,,,,
,3807440270.97,300.0035,,,,,,,,
,3807440291.00,300.0013,,,,,,,,
,3807440311.00,300.0026,,,,,,,,
,3807440331.01,300.0035,,,,,,,,
,3807440351.04,299.9987,,,,,,,,
,3807440371.05,299.9985,,,,,,,,
,3807440391.06,299.9977,,,,,,,,
,3807440411.08,300.0013,,,,,,,,
,3807440431.12,300.0031,,,,,,,,
,3807440451.15,300.0018,,,,,,,,
,3807440471.18,300.003,,,,,,,,
,3807440491.22,300.0027,,,,,,,,
,3807440511.25,300.0018,,,,,,,,
,3807440531.29,299.9988,,,,,,,,
,3807440551.34,299.9978,,,,,,,,
,3807440571.35,300.003,,,,,,,,
,3807440591.39,300.0035,,,,,,,,
,3807440611.42,300.0026,,,,,,,,
,3807440631.46,300.0029,,,,,,,,
,3807440651.49,300.0001,,,,,,,,
,3807440671.52,299.9977,,,,,,,,
,3807440691.57,300.0025,,,,,,,,
,3807440711.60,300.0017,,,,,,,,
,3807440731.63,300.0039,,,,,,,,
,3807440751.67,300.0033,,,,,,,,
,3807440771.68,300.0049,,,,,,,,
,3807440791.70,299.9979,,,,,,,,
,3807440811.70,299.9995,,,,,,,,
,3807440831.72,300.0022,,,,,,,,
,3807440851.72,300.0034,,,,,,,,
,3807440871.74,300.0033,,,,,,,,
,3807440891.74,300.0021,,,,,,,,
,3807440911.74,300.0035,,,,,,,,
,3807440931.76,300.0009,,,,,,,,
,3807440951.79,299.9982,,,,,,,,
,3807440971.81,299.9981,,,,,,,,
,3807440991.82,300.0025,,,,,,,,
,3807441011.82,300.0007,,,,,,,,
,3807441031.82,300.0023,,,,,,,,
,3807441051.82,300.0025,,,,,,,,
,3807441071.84,300.0035,,,,,,,,
,3807441091.86,300.0016,,,,,,,,
,3807441111.90,300.0023,,,,,,,,
,3807441131.90,299.9985,,,,,,,,
,3807441151.90,299.9992,,,,,,,,
,3807441171.93,299.9993,,,,,,,,
,3807441191.94,300.0039,,,,,,,,
,3807441211.94,300.0013,,,,,,,,
,3807441231.94,300.0005,,,,,,,,
,3807441251.94,300.0049,,,,,,,,
,3807441271.95,300.0035,,,,,,,,
,3807441291.95,300.0031,,,,,,,,
,3807441311.97,300.0035,,,,,,,,
,3807441331.97,300.0026,,,,,,,,
,3807441351.98,300.0006,,,,,,,,
,3807441371.99,300.0012,,,,,,,,
,3807441392.03,300.0027,,,,,,,,
,3807441412.03,299.9999,,,,,,,,
,3807441432.05,300.0019,,,,,,,,
,3807441452.08,299.9991,,,,,,,,
,3807441472.09,300.0016,,,,,,,,
,3807441492.10,299.9981,,,,,,,,
,3807441512.14,300.0023,,,,,,,,
,3807441532.14,299.9995,,,,,,,,
,3807441552.16,300.0005,,,,,,,,
,3807441572.16,299.9977,,,,,,,,
,3807441592.17,300.0017,,,,,,,,
,3807441612.18,299.9987,,,,,,,,
,3807441632.18,300.0011,,,,,,,,
,3807441652.23,299.9977,,,,,,,,
,3807441672.24,300.0029,,,,,,,,
,3807441692.29,299.9986,,,,,,,,
,3807441712.32,300.0015,,,,,,,,
,3807441732.35,299.9987,,,,,,,,
,3807441752.39,300.0025,,,,,,,,
,3807441772.42,299.9843,,,,,,,,
,3807441792.46,299.9932,,,,,,,,
,3807441812.51,299.9946,,,,,,,,
,3807441832.53,300.0005,,,,,,,,
,3807441852.56,299.9987,,,,,,,,
,3807441872.61,300.0031,,,,,,,,
