sample_id,scan_dir,excel_id,R,N,L_cm,S_cm2,T,T_C,sigma,R2,rb_ohm,Ea,sigma0,ln_sigma0,T_break,T_arc,data_valid,R_high_freq_ohm,R_low_freq_ohm,delta_R_ohm,R_ratio,arc_diameter_ohm,median_zimag_ohm,arc_visible,semicircle_visible,semicircle_quality,characteristic_frequency,peak_neg_zimag_ohm,nyquist_peak_ratio,nyquist_rising_ratio,nyquist_falling_ratio,inv_T_1000,ln_sigma
S8-2-1-1,300-120K 3K-min,S8-2-1,1.0408163265306123,4.656000000000001,0.12,3.919348,198.14999999999998,-75.0,1.4339844005231452e-06,0.95,21351.234617539285,1.171877358978562,9.200531071439635e+23,55.178718346408495,254.67049407032292,,True,4409.134,72531.89,68122.756,16.450370979879494,68122.756,1055.863,False,False,0.6920593151966233,4.734848,4636.64,0.06806301260037102,0.5813953488372093,0.0,5.046681806712088,-13.455053694142286
S8-2-1-1,300-120K 3K-min,S8-2-1,1.0408163265306123,4.656000000000001,0.12,3.919348,208.14999999999998,-65.0,3.877514762111271e-05,0.8998973878273878,789.6124,1.171877358978562,9.200531071439635e+23,55.178718346408495,254.67049407032292,,True,616.0246,4409.489,3793.4644,7.157975509419591,3793.4644,54.91423,False,False,0.6418239213386757,4.734848,1891.619,0.4986521028113509,0.7209302325581395,0.0,4.804227720393947,-10.157731041788024
S8-2-1-1,300-120K 3K-min,S8-2-1,1.0408163265306123,4.656000000000001,0.12,3.919348,216.14999999999998,-57.0,0.00016553768674464753,0.8999662039534728,184.9569,1.171877358978562,9.200531071439635e+23,55.178718346408495,254.67049407032292,,True,170.1717,1775.379,1605.2073,10.432868684981111,1605.2073,40.63786,False,False,0.6044089196454564,4.734848,1315.23,0.8193521173246591,0.8372093023255814,0.0,4.626416840157298,-8.706311674600991
S8-2-1-1,300-120K 3K-min,S8-2-1,1.0408163265306123,4.656000000000001,0.12,3.919348,224.14999999999998,-49.0,0.00045196586010602224,0.95,67.74258871295915,0.41396533632436633,827825.1713163025,13.626557265319736,254.67049407032292,,True,66.33393,1339.71,1273.37607,20.19645149925536,1273.37607,32.11392,False,False,0.5977021899482269,4.734848,1116.545,0.8768383718723403,1.0,0.0,4.461298237787196,-7.701903911723521
S8-2-1-1,300-120K 3K-min,S8-2-1,1.0408163265306123,4.656000000000001,0.12,3.919348,233.14999999999998,-40.0,0.0009890818523789048,0.95,30.955312039970558,0.41396533632436633,827825.1713163025,13.626557265319736,254.67049407032292,,True,30.54517,1148.433,1117.88783,37.59785917053335,1117.88783,26.36174,False,False,0.5983438108753124,4.734848,974.059,0.8713387639258934,1.0,0.0,4.2890842805061125,-6.918733466996843
S8-2-1-1,300-120K 3K-min,S8-2-1,1.0408163265306123,4.656000000000001,0.12,3.919348,241.14999999999998,-32.0,0.0018792425052480426,0.95,16.292382323174355,0.41396533632436633,827825.1713163025,13.626557265319736,254.67049407032292,,True,15.93175,977.141,961.20925,61.33293580429017,961.20925,22.63975,False,False,0.5973582564531779,4.734848,845.6588,0.8797863732584753,1.0,0.0,4.146796599626788,-6.2768865060758605
S8-2-1-1,300-120K 3K-min,S8-2-1,1.0408163265306123,4.656000000000001,0.12,3.919348,249.14999999999998,-24.0,0.0032443066954399085,0.95,9.437251236603439,0.41396533632436633,827825.1713163025,13.626557265319736,254.67049407032292,,True,9.227367,809.2039,799.976533,87.69607841543531,799.976533,20.3261,False,False,0.5928407837016724,4.734848,734.7845,0.9185075682713796,1.0,0.0,4.013646397752359,-5.730853604830399
S8-2-1-1,300-120K 3K-min,S8-2-1,1.0408163265306123,4.656000000000001,0.12,3.919348,258.15,-15.0,0.00511971412341184,0.95,5.980282616455415,0.15058694877509418,5.076499100561286,1.6246218705821889,254.67049407032292,,True,5.857711,693.2654,687.407689,118.35090532803683,687.407689,18.783,False,False,0.5911006410539779,4.734848,641.6422,0.9334230766801898,1.0,0.0,3.873716831299632,-5.274656676760692
S8-2-1-1,300-120K 3K-min,S8-2-1,1.0408163265306123,4.656000000000001,0.12,3.919348,266.15,-7.0,0.007341623475542286,0.95,4.170376957557001,0.15058694877509418,5.076499100561286,1.6246218705821889,254.67049407032292,,True,4.099593,673.1796,669.080007,164.2064468350883,669.080007,17.58448,False,False,0.6020061562433346,4.734848,561.9919,0.8399472321999888,1.0,0.0,3.7572797294758598,-4.914195278858845
S8-2-1-1,300-120K 3K-min,S8-2-1,1.0408163265306123,4.656000000000001,0.12,3.919348,273.15,0.0,0.00953125262568435,0.95,3.2123099214635236,0.15058694877509418,5.076499100561286,1.6246218705821889,254.67049407032292,,True,3.169294,751.5723,748.403006,237.14186818894052,748.403006,16.64223,False,False,0.6204696785161408,4.734848,510.1777,0.6816884698616501,1.0,0.0,3.660992128866923,-4.6531791296928535
S8-2-1-1,300-120K 3K-min,S8-2-1,1.0408163265306123,4.656000000000001,0.12,3.919348,282.15,9.0,0.011375811787005911,0.95,2.6914419776559533,0.15058694877509418,5.076499100561286,1.6246218705821889,254.67049407032292,,True,2.664607,861.4487,858.784093,323.2929659045405,858.784093,15.87737,False,False,0.6357062109284629,4.734848,473.267,0.5510896206131748,1.0,0.0,3.5442140705298604,-4.476265950800918
S8-2-1-1,300-120K 3K-min,S8-2-1,1.0408163265306123,4.656000000000001,0.12,3.919348,291.15,18.0,0.012634083056286681,0.95,2.4233921240707694,0.15058694877509418,5.076499100561286,1.6246218705821889,254.67049407032292,,True,2.414273,942.7779,940.3636270000001,390.5017783821465,940.3636270000001,15.39484,False,False,0.6441787090020373,4.734848,449.9341,0.47846820855396555,1.0,0.0,3.4346556757685045,-4.371357112497897
S8-2-1-1,300-120K 3K-min,S8-2-1,1.0408163265306123,4.656000000000001,0.12,3.919348,299.15,26.0,0.013112043571475138,0.95,2.335054578377714,0.15058694877509418,5.076499100561286,1.6246218705821889,254.67049407032292,,True,2.316483,964.953,962.636517,416.5594998970422,962.636517,15.15583,False,False,0.646284103687983,4.734848,443.219,0.4604219683887179,1.0,0.0,3.342804613070366,-4.334224114523316
S8-2-1-2,300-120K 3K-min,S8-2-1,1.0408163265306123,4.656000000000001,0.12,3.919348,199.14999999999998,-74.0,2.3567298010199856e-06,0.8989759519792138,12991.45,1.0114213753919017,9.313729079947752e+19,45.98060632362308,260.8838948743092,,True,3534.364,38372.8,34838.436,10.857059431343234,34838.436,435.3423,False,False,0.6890409886176674,4.734848,3272.527,0.09393438327713678,0.5348837209302325,0.0,5.021340697966358,-12.958235577399577
S8-2-1-2,300-120K 3K-min,S8-2-1,1.0408163265306123,4.656000000000001,0.12,3.919348,209.14999999999998,-64.0,3.946020825700122e-05,0.8998888150365754,775.9041,1.0114213753919017,9.313729079947752e+19,45.98060632362308,260.8838948743092,,True,613.3936,3731.729,3118.3354,6.083742966995417,3118.3354,46.68618,False,False,0.639333124119148,4.734848,1621.54,0.5200017932644447,0.7906976744186046,0.0,4.781257470714799,-10.140217779710108
S8-2-1-2,300-120K 3K-min,S8-2-1,1.0408163265306123,4.656000000000001,0.12,3.919348,217.14999999999998,-56.0,0.0001662823557745027,0.8999667780944121,184.1286,0.3845939516560927,164202.57644578395,12.008856166777388,260.8838948743092,,True,170.2152,1577.379,1407.1637999999998,9.266969107341763,1407.1637999999998,35.18516,False,False,0.6005760025947228,4.734848,1199.193,0.8522056920452327,0.8604651162790697,0.0,4.605111673958094,-8.701823276164543
S8-2-1-2,300-120K 3K-min,S8-2-1,1.0408163265306123,4.656000000000001,0.12,3.919348,225.14999999999998,-48.0,0.0004339402506934692,0.95,70.55657391664471,0.3845939516560927,164202.57644578395,12.008856166777388,260.8838948743092,,True,68.96676,1211.33,1142.36324,17.56396849728768,1142.36324,28.58175,False,False,0.5944389031052271,4.734848,1033.621,0.9048094019551954,1.0,0.0,4.4414834554741285,-7.742603704554625
S8-2-1-2,300-120K 3K-min,S8-2-1,1.0408163265306123,4.656000000000001,0.12,3.919348,233.14999999999998,-40.0,0.0009197494992640228,0.95,33.288778518456255,0.3845939516560927,164202.57644578395,12.008856166777388,260.8838948743092,,True,32.82103,1017.12,984.29897,30.989886667176503,984.29897,24.01194,False,False,0.5931561803151469,4.734848,901.4251,0.9158041687273116,1.0,0.0,4.2890842805061125,-6.991409208405717
S8-2-1-2,300-120K 3K-min,S8-2-1,1.0408163265306123,4.656000000000001,0.12,3.919348,242.14999999999998,-31.0,0.0017195256725844401,0.95,17.80568784846542,0.3845939516560927,164202.57644578395,12.008856166777388,260.8838948743092,,True,17.39641,866.6873,849.2908900000001,49.819893874655754,849.2908900000001,20.95124,False,False,0.5920531907899464,4.734848,785.8135,0.9252583646576015,1.0,0.0,4.129671691100558,-6.36570679794203
S8-2-1-2,300-120K 3K-min,S8-2-1,1.0408163265306123,4.656000000000001,0.12,3.919348,250.14999999999998,-23.0,0.002922407160315004,0.95,10.476752791065868,0.3845939516560927,164202.57644578395,12.008856166777388,260.8838948743092,,True,10.23758,782.0945,771.8569200000001,76.39447017752244,771.8569200000001,18.91285,False,False,0.5962887901555641,4.734848,686.1447,0.888953227238021,1.0,0.0,3.9976014391365187,-5.835347632337351
S8-2-1-2,300-120K 3K-min,S8-2-1,1.0408163265306123,4.656000000000001,0.12,3.919348,258.15,-15.0,0.004543185556231158,0.95,6.7391782691922435,0.3845939516560927,164202.57644578395,12.008856166777388,260.8838948743092,,True,6.601506,807.716,801.114494,122.35329332428086,801.114494,17.44506,False,False,0.6117593774721213,4.734848,605.9215,0.7563481930961035,1.0,0.0,3.873716831299632,-5.394126848612136
S8-2-1-2,300-120K 3K-min,S8-2-1,1.0408163265306123,4.656000000000001,0.12,3.919348,267.15,-6.0,0.00635881277108932,0.95,4.814945568560289,0.1067415330674011,0.7039181216493418,-0.35109323406335147,260.8838948743092,,True,4.738552,938.9235,934.184948,198.1456571543374,934.184948,16.27926,False,False,0.6322857604709198,4.734848,542.2082,0.5804077673921154,1.0,0.0,3.7432154220475393,-5.057913590267717
S8-2-1-2,300-120K 3K-min,S8-2-1,1.0408163265306123,4.656000000000001,0.12,3.919348,274.15,1.0,0.008071376874122365,0.95,3.7933227317910676,0.1067415330674011,0.7039181216493418,-0.35109323406335147,260.8838948743092,,True,3.746401,1059.445,1055.6985989999998,282.7900697229154,1055.6985989999998,15.37611,False,False,0.6450059104101042,4.734848,497.633,0.47137791077053387,1.0,0.0,3.647638154295094,-4.819431194881557
S8-2-1-2,300-120K 3K-min,S8-2-1,1.0408163265306123,4.656000000000001,0.12,3.919348,283.15,10.0,0.009421220528491713,0.95,3.2498270559390847,0.1067415330674011,0.7039181216493418,-0.35109323406335147,260.8838948743092,,True,3.221813,1097.709,1094.487187,340.71158071557846,1094.487187,14.73059,False,False,0.6506211959580178,4.734848,463.2383,0.42324689178841857,1.0,0.0,3.531696980399082,-4.664790631006609
S8-2-1-2,300-120K 3K-min,S8-2-1,1.0408163265306123,4.656000000000001,0.12,3.919348,291.15,18.0,0.010119317975256902,0.95,3.025632502933955,0.1067415330674011,0.7039181216493418,-0.35109323406335147,260.8838948743092,,True,3.009482,1077.188,1074.1785180000002,357.9313649325698,1074.1785180000002,14.54839,False,False,0.651784043218038,4.734848,443.9361,0.41327962955967396,1.0,0.0,3.4346556757685045,-4.593309011143196
S8-2-1-2,300-120K 3K-min,S8-2-1,1.0408163265306123,4.656000000000001,0.12,3.919348,299.15,26.0,0.01061075200677162,0.95,2.8855011740846996,0.1067415330674011,0.7039181216493418,-0.35109323406335147,260.8838948743092,,True,2.855784,1067.707,1064.851216,373.8752650760702,1064.851216,14.46684,False,False,0.6519053295297798,4.734848,438.9743,0.4122400326018876,1.0,0.0,3.342804613070366,-4.54588745169811
S8-2-2-1,300-120K 3K-min,S8-2-2,1.040816326530612,4.1386666666666665,0.12,3.919348,208.14999999999998,-65.0,1.4610227043203676e-05,0.95,2095.6099643710563,0.3139665207649121,2233.6530742416553,7.71139367403434,,,True,1210.289,8105.052,6894.763,6.696790601253089,6894.763,81.05304,False,False,0.6686641851697199,4.734848,1851.883,0.2685926985452582,0.5813953488372093,0.0,4.804227720393947,-11.133788792062067
S8-2-2-1,300-120K 3K-min,S8-2-2,1.040816326530612,4.1386666666666665,0.12,3.919348,217.14999999999998,-56.0,0.00010216584865746702,0.8999716276406652,299.6827,0.3139665207649121,2233.6530742416553,7.71139367403434,,,True,244.0963,2246.755,2002.6587000000002,9.204379582976063,2002.6587000000002,34.23045,False,False,0.6180263882873969,4.734848,1407.13,0.7026309575365984,0.7906976744186046,0.0,4.605111673958094,-9.188913097903502
S8-2-2-1,300-120K 3K-min,S8-2-2,1.040816326530612,4.1386666666666665,0.12,3.919348,225.14999999999998,-48.0,0.00033712515004874645,0.95,90.81890618078775,0.3139665207649121,2233.6530742416553,7.71139367403434,,,True,85.76158,1523.731,1437.96942,17.76705839607899,1437.96942,29.22206,False,False,0.6059589065067414,4.734848,1159.099,0.8060665156565008,1.0,0.0,4.4414834554741285,-7.995056331421064
S8-2-2-1,300-120K 3K-min,S8-2-2,1.040816326530612,4.1386666666666665,0.12,3.919348,233.14999999999998,-40.0,0.000780355279313676,0.95,39.235125570482595,0.3139665207649121,2233.6530742416553,7.71139367403434,,,True,37.45755,1116.643,1079.18545,29.81089259708657,1079.18545,25.7979,False,False,0.5958364076041488,4.734848,963.53,0.8928307919644387,1.0,0.0,4.2890842805061125,-7.155761255683448
S8-2-2-1,300-120K 3K-min,S8-2-2,1.040816326530612,4.1386666666666665,0.12,3.919348,241.14999999999998,-32.0,0.001562295848745376,0.95,19.597656486157078,0.3139665207649121,2233.6530742416553,7.71139367403434,,,True,19.13923,840.8746,821.73537,43.934609699554265,821.73537,23.37762,False,False,0.584309825517997,4.734848,814.8575,0.9916300669885962,1.0,0.0,4.146796599626788,-6.461598841693021
S8-2-2-1,300-120K 3K-min,S8-2-2,1.040816326530612,4.1386666666666665,0.12,3.919348,250.14999999999998,-23.0,0.002546814509088142,0.95,12.021816769224895,0.3139665207649121,2233.6530742416553,7.71139367403434,,,True,11.82645,679.1733,667.34685,57.428332255241436,667.34685,21.49335,False,False,0.5764030628650355,4.734848,706.9888,1.059402318299695,1.0,0.0,3.9976014391365187,-5.972911912849984
S8-2-2-1,300-120K 3K-min,S8-2-2,1.040816326530612,4.1386666666666665,0.12,3.919348,258.15,-15.0,0.0023683203322326955,0.8999764893660428,12.92787,0.3139665207649121,2233.6530742416553,7.71139367403434,,,True,11.83235,607.58,595.74765,51.349055766605964,595.74765,19.90639,False,False,0.5764393195676056,4.734848,630.9513,1.0590915465633794,0.9069767441860465,0.0,3.873716831299632,-6.04557429567317
S8-2-2-1,300-120K 3K-min,S8-2-2,1.040816326530612,4.1386666666666665,0.12,3.919348,266.15,-7.0,0.0014052824015739931,0.8999030575031831,21.78732,0.3139665207649121,2233.6530742416553,7.71139367403434,,,True,16.63853,610.6469,594.00837,36.70077224370181,594.00837,18.61474,False,False,0.5870238113535899,4.734848,575.2183,0.9683673312549435,0.7674418604651163,0.0,3.7572797294758598,-6.56751699883217
S8-2-2-1,300-120K 3K-min,S8-2-2,1.040816326530612,4.1386666666666665,0.12,3.919348,274.15,1.0,0.0018195698246928598,0.8999179837286324,16.82669,0.3139665207649121,2233.6530742416553,7.71139367403434,,,True,13.91975,656.4634,642.54365,47.16057400456186,642.54365,17.30651,False,False,0.6032333808502091,4.734848,532.9438,0.8294281641410652,0.7674418604651163,0.0,3.647638154295094,-6.3091551658897425
S8-2-2-1,300-120K 3K-min,S8-2-2,1.040816326530612,4.1386666666666665,0.12,3.919348,282.15,9.0,0.001938742403670956,0.8999123174515377,15.79237,0.3139665207649121,2233.6530742416553,7.71139367403434,,,True,12.96601,748.8637,735.89769,57.75590948950371,735.89769,16.29515,False,False,0.6205323908544951,4.734848,501.2574,0.6811509355328991,0.7906976744186046,0.0,3.5442140705298604,-6.245715761639316
S8-2-2-1,300-120K 3K-min,S8-2-2,1.040816326530612,4.1386666666666665,0.12,3.919348,291.15,18.0,0.01079250248150523,0.95,2.836908068905155,0.3139665207649121,2233.6530742416553,7.71139367403434,,,True,2.761682,769.45,766.6883180000001,278.6164373740351,766.6883180000001,15.42321,False,False,0.6270721638933333,4.734848,479.2536,0.6250957380571427,1.0,0.0,3.4346556757685045,-4.528903600605992
S8-2-2-1,300-120K 3K-min,S8-2-2,1.040816326530612,4.1386666666666665,0.12,3.919348,299.15,26.0,0.013144712090216438,0.95,2.3292512733123667,0.3139665207649121,2233.6530742416553,7.71139367403434,,,True,2.302447,794.4172,792.114753,345.0316988838397,792.114753,14.98723,False,False,0.6311357816190891,4.734848,467.5574,0.5902647289792359,1.0,0.0,3.342804613070366,-4.331735723648265
S8-2-2-2,300-120K 3K-min,S8-2-2,1.040816326530612,4.1386666666666665,0.12,3.919348,216.14999999999998,-57.0,1.0276085009409766e-05,0.95,2979.474901718401,0.841473760640406,475824471006654.25,33.79607014376249,237.21300377306667,,True,1360.256,8887.675,7527.418999999999,6.533825250541073,7527.418999999999,100.1594,False,False,0.6715236966792114,4.734848,1837.312,0.2440825998924731,0.5813953488372093,0.0,4.626416840157298,-11.485691206134101
S8-2-2-2,300-120K 3K-min,S8-2-2,1.040816326530612,4.1386666666666665,0.12,3.919348,225.14999999999998,-48.0,8.589195236723069e-05,0.8999474135756619,356.4634,0.841473760640406,475824471006654.25,33.79607014376249,237.21300377306667,,True,295.8923,2297.636,2001.7437,7.7651091292338466,2001.7437,33.05431,False,False,0.6181664465835461,4.734848,1404.084,0.7014304578553185,0.7209302325581395,0.0,4.4414834554741285,-9.362420419425383
S8-2-2-2,300-120K 3K-min,S8-2-2,1.040816326530612,4.1386666666666665,0.12,3.919348,234.14999999999998,-39.0,0.0003284282288494379,0.8999903653941791,93.22383,0.841473760640406,475824471006654.25,33.79607014376249,237.21300377306667,,True,100.6122,1688.807,1588.1948,16.78531033015877,1588.1948,28.79137,False,False,0.6134071483758374,4.734848,1178.797,0.7422244424928223,1.0,0.0,4.270766602605168,-8.021192225342611
S8-2-2-2,300-120K 3K-min,S8-2-2,1.040816326530612,4.1386666666666665,0.12,3.919348,242.14999999999998,-31.0,0.0006543048654929621,0.95,46.79368745086984,0.2890118358744416,869.6466216939458,6.76808694717341,237.21300377306667,,True,45.30219,1292.939,1247.63681,28.540320015434133,1247.63681,25.99499,False,False,0.6062357204203789,4.734848,1002.718,0.8036938249681806,1.0,0.0,4.129671691100558,-7.331937159935636
S8-2-2-2,300-120K 3K-min,S8-2-2,1.040816326530612,4.1386666666666665,0.12,3.919348,250.14999999999998,-23.0,0.0012920574443238276,0.95,23.696575959503154,0.2890118358744416,869.6466216939458,6.76808694717341,237.21300377306667,,True,23.19782,973.445,950.2471800000001,41.962779261154715,950.2471800000001,23.85619,False,False,0.5962249959005405,4.734848,845.2449,0.8895000351382248,1.0,0.0,3.9976014391365187,-6.651519413059162
S8-2-2-2,300-120K 3K-min,S8-2-2,1.040816326530612,4.1386666666666665,0.12,3.919348,258.15,-15.0,0.002253879625141859,0.95,13.584282422151999,0.2890118358744416,869.6466216939458,6.76808694717341,237.21300377306667,,True,13.2828,764.524,751.2412,57.5574427078628,751.2412,22.1156,False,False,0.5884082568953887,4.734848,718.5627,0.956500655182382,1.0,0.0,3.873716831299632,-6.0951022697853885
S8-2-2-2,300-120K 3K-min,S8-2-2,1.040816326530612,4.1386666666666665,0.12,3.919348,267.15,-6.0,0.003581717004799311,0.95,8.548229056744429,0.2890118358744416,869.6466216939458,6.76808694717341,237.21300377306667,,True,8.378225,701.8111,693.432875,83.76608410492676,693.432875,20.60116,False,False,0.5941728714549337,4.734848,629.0058,0.9070896732434255,1.0,0.0,3.7432154220475393,-5.6319129832666395
S8-2-2-2,300-120K 3K-min,S8-2-2,1.040816326530612,4.1386666666666665,0.12,3.919348,274.15,1.0,0.005162195219334878,0.95,5.9310692588270575,0.2890118358744416,869.6466216939458,6.76808694717341,237.21300377306667,,True,5.835101,747.1608,741.325699,128.04590700315214,741.325699,19.31925,False,False,0.6104754674548702,4.734848,568.8586,0.7673531361011123,1.0,0.0,3.647638154295094,-5.266393359854735
S8-2-2-2,300-120K 3K-min,S8-2-2,1.040816326530612,4.1386666666666665,0.12,3.919348,283.15,10.0,0.006812258379947777,0.95,4.494447460123468,0.2890118358744416,869.6466216939458,6.76808694717341,237.21300377306667,,True,4.436599,860.4121,855.975501,193.93506151896983,855.975501,18.27991,False,False,0.6281548966512615,4.734848,527.1227,0.6158151715606162,1.0,0.0,3.531696980399082,-4.989031586785378
S8-2-2-2,300-120K 3K-min,S8-2-2,1.040816326530612,4.1386666666666665,0.12,3.919348,291.15,18.0,0.008206969670449371,0.95,3.730650727722825,0.2890118358744416,869.6466216939458,6.76808694717341,237.21300377306667,,True,3.698519,954.659,950.960481,258.1192634132743,950.960481,17.48143,False,False,0.6389841346449531,4.734848,497.3458,0.5229931316146874,1.0,0.0,3.4346556757685045,-4.802771525912322
S8-2-2-2,300-120K 3K-min,S8-2-2,1.040816326530612,4.1386666666666665,0.12,3.919348,299.15,26.0,0.009055959498809954,0.95,3.380904848070989,0.2890118358744416,869.6466216939458,6.76808694717341,237.21300377306667,,True,3.355189,1011.92,1008.564811,301.59850905567464,1008.564811,17.05201,False,False,0.6446341480577394,4.734848,478.629,0.47456444521937574,1.0,0.0,3.342804613070366,-4.704332229835865
S8-3-1-1,300-120K 3K-min,S8-3-1,0.3865699438677833,3.8920000000000003,0.12,3.919348,190.14999999999998,-83.0,2.5608516428230615e-06,0.8989426299661064,11955.92,1.2086589922176374,2.7837182151833676e+26,60.89099993938412,275.8664443609677,,True,3083.016,37018.7,33935.683999999994,12.007300643266204,33935.683999999994,375.1046,False,False,0.6907081161725417,4.734848,2702.798,0.07964471852107063,0.627906976744186,0.0,5.259006047856956,-12.87517068181843
S8-3-1-1,300-120K 3K-min,S8-3-1,0.3865699438677833,3.8920000000000003,0.12,3.919348,199.14999999999998,-74.0,7.180725971548788e-05,0.8999794799531973,426.3822,1.2086589922176374,2.7837182151833676e+26,60.89099993938412,275.8664443609677,,True,387.8161,2544.406,2156.5899,6.560857066016599,2156.5899,40.23556,False,False,0.6004655992623663,4.734848,1839.899,0.8531520063225739,0.813953488372093,0.0,5.021340697966358,-9.541524976777827
S8-3-1-1,300-120K 3K-min,S8-3-1,0.3865699438677833,3.8920000000000003,0.12,3.919348,207.14999999999998,-66.0,0.0002877839775680148,0.8999960410372313,106.39,0.2607502339827305,703.8005469160908,6.556495001977394,275.8664443609677,,True,115.7785,1433.453,1317.6745,12.380994744274629,1317.6745,34.27777,False,False,0.5629208756284905,4.734848,1548.22,1.1749639231843667,0.9767441860465116,0.0,4.827419744146754,-8.153300437166333
S8-3-1-1,300-120K 3K-min,S8-3-1,0.3865699438677833,3.8920000000000003,0.12,3.919348,216.14999999999998,-57.0,0.0005867637842173985,0.95,52.18000530536705,0.2607502339827305,703.8005469160908,6.556495001977394,275.8664443609677,,True,50.82972,1088.506,1037.6762800000001,21.41475498979731,1037.6762800000001,30.56577,False,False,0.5488110698004328,4.734848,1344.73,1.29590511599629,1.0,0.0,4.626416840157298,-7.440888231020976
S8-3-1-1,300-120K 3K-min,S8-3-1,0.3865699438677833,3.8920000000000003,0.12,3.919348,224.14999999999998,-49.0,0.0011083908524004852,0.95,27.62323173919375,0.2607502339827305,703.8005469160908,6.556495001977394,275.8664443609677,,True,27.50995,945.1191,917.60915,34.35553681486153,917.60915,27.78863,False,False,0.5483513741480601,4.734848,1192.75,1.2998453644451984,1.0,0.0,4.461298237787196,-6.804845997986334
S8-3-1-1,300-120K 3K-min,S8-3-1,0.3865699438677833,3.8920000000000003,0.12,3.919348,232.14999999999998,-41.0,0.0018038182941603682,0.95,16.973626153244382,0.2607502339827305,703.8005469160908,6.556495001977394,275.8664443609677,,True,16.95095,906.8041,889.8531499999999,53.49576867373215,889.8531499999999,25.57479,False,False,0.558661754095793,4.734848,1078.031,1.2114706791789172,1.0,0.0,4.307559767391773,-6.317849586272582
S8-3-1-1,300-120K 3K-min,S8-3-1,0.3865699438677833,3.8920000000000003,0.12,3.919348,241.14999999999998,-32.0,0.002474857249867731,0.95,12.371354903438347,0.2607502339827305,703.8005469160908,6.556495001977394,275.8664443609677,,True,12.6025,905.4714,892.8689,71.84855385836144,892.8689,23.75585,False,False,0.5711109212113896,4.734848,986.409,1.104763532473803,1.0,0.0,4.146796599626788,-6.001572561445974
S8-3-1-1,300-120K 3K-min,S8-3-1,0.3865699438677833,3.8920000000000003,0.12,3.919348,249.14999999999998,-24.0,0.003109796987946682,0.95,9.845445696980022,0.2607502339827305,703.8005469160908,6.556495001977394,275.8664443609677,,True,10.69876,900.3702,889.67144,84.15650037948322,889.67144,22.16276,False,False,0.5816665528418747,4.734848,902.3819,1.014286689926788,1.0,0.0,4.013646397752359,-5.773197832109204
S8-3-1-1,300-120K 3K-min,S8-3-1,0.3865699438677833,3.8920000000000003,0.12,3.919348,257.15,-16.0,0.0045319206449246805,0.95,6.755929719941058,0.2607502339827305,703.8005469160908,6.556495001977394,275.8664443609677,,True,7.113101,880.571,873.457899,123.79565536887498,873.457899,20.78834,False,False,0.5892107716039253,4.734848,829.4548,0.9496219576806403,1.0,0.0,3.888780867198134,-5.396609445915688
S8-3-1-1,300-120K 3K-min,S8-3-1,0.3865699438677833,3.8920000000000003,0.12,3.919348,266.15,-7.0,0.009362106720181165,0.95,3.2703469730228223,0.2607502339827305,703.8005469160908,6.556495001977394,275.8664443609677,,True,3.222939,858.5438,855.320861,266.38537061979764,855.320861,19.51197,False,False,0.595444923173301,4.734848,766.5269,0.8961863728002759,1.0,0.0,3.7572797294758598,-4.671084936876219
S8-3-1-1,300-120K 3K-min,S8-3-1,0.3865699438677833,3.8920000000000003,0.12,3.919348,273.15,0.0,0.011286216743553923,0.95,2.712807849534528,0.2607502339827305,703.8005469160908,6.556495001977394,275.8664443609677,,True,2.68663,859.7872,857.10057,320.02441720668645,857.10057,18.52561,False,False,0.6033005348874443,4.734848,710.41,0.8288525581076199,1.0,0.0,3.660992128866923,-4.484173054980758
S8-3-1-1,300-120K 3K-min,S8-3-1,0.3865699438677833,3.8920000000000003,0.12,3.919348,282.15,9.0,0.01251924293233936,0.95,2.4456221146065666,0.03878968609705224,0.0619814177068022,-2.7809206532668007,275.8664443609677,,True,2.428756,908.3387,905.909944,373.9933941491035,905.909944,17.74982,False,False,0.6142940838867019,4.734848,665.5015,0.7346221381139837,1.0,0.0,3.5442140705298604,-4.380488383801478
S8-3-1-1,300-120K 3K-min,S8-3-1,0.3865699438677833,3.8920000000000003,0.12,3.919348,291.15,18.0,0.013325770794786798,0.95,2.2976034816266666,0.03878968609705224,0.0619814177068022,-2.7809206532668007,275.8664443609677,,True,2.284672,911.2728,908.988128,398.8637318617289,908.988128,17.10752,False,False,0.6187290797414391,4.734848,633.2083,0.6966078879305224,1.0,0.0,3.4346556757685045,-4.318055464840619
S8-3-1-1,300-120K 3K-min,S8-3-1,0.3865699438677833,3.8920000000000003,0.12,3.919348,299.15,26.0,0.013696514446059809,0.95,2.235410877273892,0.03878968609705224,0.0619814177068022,-2.7809206532668007,275.8664443609677,,True,2.225104,923.6733,921.448196,415.11466430333144,921.448196,16.6722,False,False,0.621662013144072,4.734848,618.7234,0.6714684587650972,1.0,0.0,3.342804613070366,-4.29061389851395
S8-3-1-2,300-150K 1K-min,S8-3-1,0.3865699438677833,3.8920000000000003,0.12,3.919348,215.14999999999998,-58.0,2.7041385762058762e-05,0.95,1132.239954078821,0.7629912258116134,20251899935190.266,30.639269729039917,262.52275964077717,,True,767.0978,2925.179,2158.0812,3.8133064649644415,2158.0812,66.89938,False,False,0.6121583330599423,4.734848,1624.881,0.7529285737719227,0.627906976744186,0.0,4.6479200557750415,-10.518142059505827
S8-3-1-2,300-150K 1K-min,S8-3-1,0.3865699438677833,3.8920000000000003,0.12,3.919348,220.14999999999998,-53.0,6.695872733938613e-05,0.95,457.25685941243273,0.7629912258116134,20251899935190.266,30.639269729039917,262.52275964077717,,True,373.7318,1751.843,1378.1112,4.687433608807171,1378.1112,30.56939,False,False,0.5745749133548392,4.734848,1481.569,1.0750721712442355,0.6744186046511628,0.0,4.542357483533954,-9.611434138245246
S8-3-1-2,300-150K 1K-min,S8-3-1,0.3865699438677833,3.8920000000000003,0.12,3.919348,224.14999999999998,-49.0,0.00015304454302583143,0.95,200.0550739551255,0.7629912258116134,20251899935190.266,30.639269729039917,262.52275964077717,,True,209.491,1319.839,1110.348,6.300218147796325,1110.348,28.74927,False,False,0.556954441310292,4.734848,1361.403,1.2261047887689256,0.8604651162790697,0.0,4.461298237787196,-8.784781548054426
S8-3-1-2,300-150K 1K-min,S8-3-1,0.3865699438677833,3.8920000000000003,0.12,3.919348,227.14999999999998,-46.0,0.00022729887925435424,0.95,134.70078459647564,0.7629912258116134,20251899935190.266,30.639269729039917,262.52275964077717,,True,131.2293,1142.833,1011.6037000000001,8.708672529686588,1011.6037000000001,27.39783,False,False,0.5533757010444572,4.734848,1271.363,1.2567797053332235,0.9302325581395349,0.0,4.402377283733216,-8.389244757807091
S8-3-1-2,300-150K 1K-min,S8-3-1,0.3865699438677833,3.8920000000000003,0.12,3.919348,230.14999999999998,-43.0,0.00032414038754257594,0.95,94.4570271097103,0.3889742016393215,116090.83336393941,11.662128209908602,262.52275964077717,,True,91.76818,1075.617,983.8488199999999,11.721023561761822,983.8488199999999,26.44534,False,False,0.5568613248256307,4.734848,1207.087,1.2269029300660226,1.0,0.0,4.344992396263307,-8.034333841132572
S8-3-1-2,300-150K 1K-min,S8-3-1,0.3865699438677833,3.8920000000000003,0.12,3.919348,233.14999999999998,-40.0,0.00044301885212502873,0.95,69.11068733666501,0.3889742016393215,116090.83336393941,11.662128209908602,262.52275964077717,,True,67.4136,1055.281,987.8674,15.653829494345354,987.8674,25.69366,False,False,0.5632776018319868,4.734848,1157.688,1.171906270011541,1.0,0.0,4.2890842805061125,-7.72189823323763
S8-3-1-2,300-150K 1K-min,S8-3-1,0.3865699438677833,3.8920000000000003,0.12,3.919348,236.14999999999998,-37.0,0.0005826872837169146,0.95,52.5450584371013,0.3889742016393215,116090.83336393941,11.662128209908602,262.52275964077717,,True,51.51925,1053.856,1002.3367499999999,20.455577284219007,1002.3367499999999,25.04683,False,False,0.5701179685037656,4.734848,1115.876,1.113274555682009,1.0,0.0,4.2345966546686435,-7.447859907089386
S8-3-1-2,300-150K 1K-min,S8-3-1,0.3865699438677833,3.8920000000000003,0.12,3.919348,239.14999999999998,-34.0,0.0007506620029823887,0.95,40.787114908997744,0.3889742016393215,116090.83336393941,11.662128209908602,262.52275964077717,,True,40.04501,1058.488,1018.44299,26.432456877898147,1018.44299,24.45494,False,False,0.5763504670988016,4.734848,1079.4,1.0598531391531292,1.0,0.0,4.181476061049551,-7.194555070115385
S8-3-1-2,300-150K 1K-min,S8-3-1,0.3865699438677833,3.8920000000000003,0.12,3.919348,242.14999999999998,-31.0,0.0009638099349650867,0.95,31.766986687650387,0.3889742016393215,116090.83336393941,11.662128209908602,262.52275964077717,,True,31.29862,1063.453,1032.15438,33.9776322406547,1032.15438,23.88047,False,False,0.5819036321549754,4.734848,1044.803,1.0122545815287818,1.0,0.0,4.129671691100558,-6.9446164456921755
S8-3-1-2,300-150K 1K-min,S8-3-1,0.3865699438677833,3.8920000000000003,0.12,3.919348,245.14999999999998,-28.0,0.0012051268164130517,0.95,25.405904969064387,0.3889742016393215,116090.83336393941,11.662128209908602,262.52275964077717,,True,25.06529,1062.685,1037.61971,42.39667683876787,1037.61971,23.37548,False,False,0.5860839552350704,4.734848,1013.156,0.9764232408422534,1.0,0.0,4.079135223332654,-6.721170475740495
S8-3-1-2,300-150K 1K-min,S8-3-1,0.3865699438677833,3.8920000000000003,0.12,3.919348,247.14999999999998,-26.0,0.0014809027800968295,0.95,20.67477878018378,0.3889742016393215,116090.83336393941,11.662128209908602,262.52275964077717,,True,20.409,1060.129,1039.7199999999998,51.944191288157185,1039.7199999999998,22.87504,False,False,0.5897339988971391,4.734848,982.678,0.9451371523102368,1.0,0.0,4.046125834513454,-6.515103390620378
S8-3-1-2,300-150K 1K-min,S8-3-1,0.3865699438677833,3.8920000000000003,0.12,3.919348,250.14999999999998,-23.0,0.001783595474562413,0.95,17.166077067431868,0.3889742016393215,116090.83336393941,11.662128209908602,262.52275964077717,,True,16.94932,1054.959,1038.0096800000001,62.241966049375435,1038.0096800000001,22.41601,False,False,0.5927834340298895,4.734848,953.93,0.9189991368866608,1.0,0.0,3.9976014391365187,-6.329124022463323
S8-3-1-2,300-150K 1K-min,S8-3-1,0.3865699438677833,3.8920000000000003,0.12,3.919348,253.14999999999998,-20.0,0.002120722343534921,0.95,14.437221103837038,0.3889742016393215,116090.83336393941,11.662128209908602,262.52275964077717,,True,14.26613,1048.165,1033.89887,73.47227313924658,1033.89887,21.98378,False,False,0.595435532297274,4.734848,926.6493,0.8962668660233657,1.0,0.0,3.950227138060439,-6.155998520250337
S8-3-1-2,300-150K 1K-min,S8-3-1,0.3865699438677833,3.8920000000000003,0.12,3.919348,256.15,-17.0,0.002490764500656846,0.95,12.29234532826645,0.3889742016393215,116090.83336393941,11.662128209908602,262.52275964077717,,True,12.14514,1042.666,1030.5208599999999,85.8504718759932,1030.5208599999999,21.5713,False,False,0.5982778168443221,4.734848,898.5157,0.8719044270486668,1.0,0.0,3.9039625219597895,-5.995165587252844
S8-3-1-2,300-150K 1K-min,S8-3-1,0.3865699438677833,3.8920000000000003,0.12,3.919348,258.15,-15.0,0.002892822900336333,0.95,10.583896224653566,0.3889742016393215,116090.83336393941,11.662128209908602,262.52275964077717,,True,10.47004,1039.514,1029.04396,99.28462546465916,1029.04396,21.18335,False,False,0.6011595286949647,4.734848,871.8102,0.8472040397574456,1.0,0.0,3.873716831299632,-5.845522471475733
S8-3-1-2,300-150K 1K-min,S8-3-1,0.3865699438677833,3.8920000000000003,0.12,3.919348,261.15,-12.0,0.0033231101748039723,0.95,9.213458405804191,0.3889742016393215,116090.83336393941,11.662128209908602,262.52275964077717,,True,9.11977,1039.35,1030.23023,113.96668994941756,1030.23023,20.81669,False,False,0.6042762121239639,4.734848,845.2932,0.820489610366024,1.0,0.0,3.8292169251388093,-5.706854134936921
S8-3-1-2,300-150K 1K-min,S8-3-1,0.3865699438677833,3.8920000000000003,0.12,3.919348,264.15,-9.0,0.0037792766335676504,0.95,8.101375036036519,0.17905827404913688,10.832496068879129,2.3825505117312504,262.52275964077717,,True,8.025007,1045.001,1036.975993,130.21807956055363,1036.975993,20.46555,False,False,0.6078868678624592,4.734848,818.7352,0.7895411326074925,1.0,0.0,3.7857278061707365,-5.5782226544446445
S8-3-1-2,300-150K 1K-min,S8-3-1,0.3865699438677833,3.8920000000000003,0.12,3.919348,267.15,-6.0,0.004258334412095042,0.95,7.189979557852007,0.17905827404913688,10.832496068879129,2.3825505117312504,262.52275964077717,,True,7.128718,1057.126,1049.997282,148.2911794238459,1049.997282,20.12855,False,False,0.6117575938004507,4.734848,794.1796,0.7563634817104216,1.0,0.0,3.7432154220475393,-5.458877178230951
S8-3-1-2,300-150K 1K-min,S8-3-1,0.3865699438677833,3.8920000000000003,0.12,3.919348,269.15,-4.0,0.004755721206057012,0.95,6.438000893422022,0.17905827404913688,10.832496068879129,2.3825505117312504,262.52275964077717,,True,6.386378,1075.532,1069.145622,168.4103258529326,1069.145622,19.80516,False,False,0.6158529968708042,4.734848,771.132,0.7212600268216777,1.0,0.0,3.7154003343860302,-5.34840692128789
S8-3-1-2,300-150K 1K-min,S8-3-1,0.3865699438677833,3.8920000000000003,0.12,3.919348,272.15,-1.0,0.005271527434902235,0.95,5.808058053676604,0.17905827404913688,10.832496068879129,2.3825505117312504,262.52275964077717,,True,5.764896,1100.127,1094.362104,190.83206357929092,1094.362104,19.49148,False,False,0.620285869718554,4.734848,747.7382,0.6832639738409649,1.0,0.0,3.6744442403086537,-5.245435122578334
S8-3-1-2,300-150K 1K-min,S8-3-1,0.3865699438677833,3.8920000000000003,0.12,3.919348,274.15,1.0,0.005800509274738404,0.95,5.27838779722353,0.17905827404913688,10.832496068879129,2.3825505117312504,262.52275964077717,,True,5.241784,1130.902,1125.660216,215.74753938735364,1125.660216,19.18602,False,False,0.6248392405949019,4.734848,725.1898,0.6442350806151254,1.0,0.0,3.647638154295094,-5.149809559295104
S8-3-1-2,300-150K 1K-min,S8-3-1,0.3865699438677833,3.8920000000000003,0.12,3.919348,277.15,4.0,0.006338229468517853,0.95,4.8305820301297375,0.17905827404913688,10.832496068879129,2.3825505117312504,262.52275964077717,,True,4.800801,1166.063,1161.262199,242.88925952148404,1161.262199,18.89078,False,False,0.6292638116203189,4.734848,704.0851,0.6063101861115514,1.0,0.0,3.608154429009562,-5.061155813175072
S8-3-1-2,300-150K 1K-min,S8-3-1,0.3865699438677833,3.8920000000000003,0.12,3.919348,280.15,7.0,0.0068729215308032075,0.95,4.4547776715098015,0.17905827404913688,10.832496068879129,2.3825505117312504,262.52275964077717,,True,4.429186,1206.166,1201.7368139999999,272.32227321227873,1201.7368139999999,18.60281,False,False,0.6336678041830658,4.734848,683.2615,0.5685616784308644,1.0,0.0,3.5695163305372124,-4.980166003930511
S8-3-1-2,300-150K 1K-min,S8-3-1,0.3865699438677833,3.8920000000000003,0.12,3.919348,283.15,10.0,0.0073977273137275255,0.95,4.138749115102731,0.17905827404913688,10.832496068879129,2.3825505117312504,262.52275964077717,,True,4.114119,1244.493,1240.3788809999999,302.49319477633003,1240.3788809999999,18.32994,False,False,0.6375745391029974,4.734848,663.6962,0.5350753791171647,1.0,0.0,3.531696980399082,-4.906582445709497
S8-3-1-2,300-150K 1K-min,S8-3-1,0.3865699438677833,3.8920000000000003,0.12,3.919348,285.15,12.0,0.007910741435961925,0.95,3.8703499060500017,0.17905827404913688,10.832496068879129,2.3825505117312504,262.52275964077717,,True,3.85108,1278.461,1274.60992,331.97466684670275,1274.60992,18.0706,False,False,0.640987766411442,4.734848,644.7221,0.5058191450447831,1.0,0.0,3.506926179203928,-4.83953376759256
S8-3-1-2,300-150K 1K-min,S8-3-1,0.3865699438677833,3.8920000000000003,0.12,3.919348,288.15,15.0,0.008399154283000055,0.95,3.6452881256665086,0.17905827404913688,10.832496068879129,2.3825505117312504,262.52275964077717,,True,3.629093,1301.802,1298.172907,358.71276927871503,1298.172907,17.82457,False,False,0.6436968953782056,4.734848,626.4957,0.4825980396153805,1.0,0.0,3.47041471455839,-4.779624258796732
S8-3-1-2,300-150K 1K-min,S8-3-1,0.3865699438677833,3.8920000000000003,0.12,3.919348,291.15,18.0,0.00884513264517986,0.95,3.4614899065584916,0.17905827404913688,10.832496068879129,2.3825505117312504,262.52275964077717,,True,3.448689,1316.115,1312.666311,381.6276271939859,1312.666311,17.5788,False,False,0.6460506316495744,4.734848,607.0073,0.462423157289362,1.0,0.0,3.4346556757685045,-4.727887954854249
S8-3-1-2,300-150K 1K-min,S8-3-1,0.3865699438677833,3.8920000000000003,0.12,3.919348,294.15,21.0,0.009195584175497708,0.95,3.3295695835228374,0.17905827404913688,10.832496068879129,2.3825505117312504,262.52275964077717,,True,3.32053,1316.717,1313.3964700000001,396.5382032386396,1313.3964700000001,17.36168,False,False,0.6475176067741373,4.734848,590.8302,0.4498490847931086,1.0,0.0,3.3996260411354755,-4.689031891079021
S8-3-1-2,300-150K 1K-min,S8-3-1,0.3865699438677833,3.8920000000000003,0.12,3.919348,297.15,24.0,0.00936840194828418,0.95,3.268149417849076,0.17905827404913688,10.832496068879129,2.3825505117312504,262.52275964077717,,True,3.262299,1308.462,1305.199701,401.08586000240933,1305.199701,17.19516,False,False,0.6482290386049259,4.734848,579.1838,0.4437510976720639,1.0,0.0,3.365303718660609,-4.670412747086664
S8-3-1-2,300-150K 1K-min,S8-3-1,0.3865699438677833,3.8920000000000003,0.12,3.919348,299.15,26.0,0.009242690332144634,0.95,3.31260014922049,0.17905827404913688,10.832496068879129,2.3825505117312504,262.52275964077717,,True,3.311671,1296.367,1293.055329,391.454042385249,1293.055329,17.17266,False,False,0.647828168302611,4.734848,578.2377,0.4471871288347628,1.0,0.0,3.342804613070366,-4.6839222742203095
S8-3-10-1,300-150K 1K-min,S8-3-10,0.458644786705142,4.926666666666667,0.12,3.919348,188.14999999999998,-85.0,4.2018244219499637e-07,0.7554795113587054,72866.77,1.015453898988118,7.825675255679037e+20,48.10911188723943,242.13584038878062,188.14999999999998,True,4942.021,80928.9,75986.879,16.37566898238595,75986.879,3244.698,True,True,0.9819762786502477,11953.13,11739.14,0.1544890401407327,0.6666666666666666,0.68,5.314908317831518,-14.682576833808797
S8-3-10-1,300-150K 1K-min,S8-3-10,0.458644786705142,4.926666666666667,0.12,3.919348,193.14999999999998,-80.0,2.793012425831964e-06,0.8988222397196162,10962.12,1.015453898988118,7.825675255679037e+20,48.10911188723943,242.13584038878062,188.14999999999998,True,4375.642,16914.32,12538.678,3.8655630419490445,12538.678,588.7953,False,False,0.6813330958813999,4.734848,2006.214,0.16000203530228624,0.5348837209302325,0.0,5.177323323841574,-12.788389822091702
S8-3-10-1,300-150K 1K-min,S8-3-10,0.458644786705142,4.926666666666667,0.12,3.919348,197.14999999999998,-76.0,1.072209924080662e-05,0.95,2855.535719809078,1.015453898988118,7.825675255679037e+20,48.10911188723943,242.13584038878062,188.14999999999998,True,1939.971,5358.669,3418.698,2.76224180670742,3418.698,137.2717,False,False,0.6399048750918235,4.734848,1760.975,0.5151010706415131,0.5581395348837209,0.0,5.07227998985544,-11.443203596790662
S8-3-10-1,300-150K 1K-min,S8-3-10,0.458644786705142,4.926666666666667,0.12,3.919348,201.14999999999998,-72.0,2.6485196475018185e-05,0.8998638447759647,1156.017,1.015453898988118,7.825675255679037e+20,48.10911188723943,242.13584038878062,188.14999999999998,True,962.676,2877.177,1914.5010000000002,2.9887282948780274,1914.5010000000002,53.55273,False,False,0.6031271682107592,4.734848,1589.684,0.8303385581934922,0.627906976744186,0.0,4.971414367387522,-10.538924604644604
S8-3-10-1,300-150K 1K-min,S8-3-10,0.458644786705142,4.926666666666667,0.12,3.919348,204.14999999999998,-69.0,5.942048417634066e-05,0.8999351900626479,515.2657,1.015453898988118,7.825675255679037e+20,48.10911188723943,242.13584038878062,188.14999999999998,True,477.8894,2014.732,1536.8426,4.215895979278887,1536.8426,32.29736,False,False,0.5900237625722591,4.734848,1448.71,0.9426534636663503,0.7441860465116279,0.0,4.898359049718345,-9.730871539589725
S8-3-10-1,300-150K 1K-min,S8-3-10,0.458644786705142,4.926666666666667,0.12,3.919348,207.14999999999998,-66.0,0.00010165338021391929,0.8999548571137654,301.1935,0.4406007165533412,6696220.2554369625,15.717053784194242,242.13584038878062,188.14999999999998,True,277.3228,1713.863,1436.5402000000001,6.180029193416481,1436.5402000000001,30.64725,False,False,0.5901505854134816,4.734848,1352.598,0.9415664107415852,0.813953488372093,0.0,4.827419744146754,-9.193941764985652
S8-3-10-1,300-150K 1K-min,S8-3-10,0.458644786705142,4.926666666666667,0.12,3.919348,210.14999999999998,-63.0,0.0001683687617081242,0.8999713948084164,181.8469,0.4406007165533412,6696220.2554369625,15.717053784194242,242.13584038878062,188.14999999999998,True,173.1656,1529.769,1356.6034,8.834139113080196,1356.6034,29.14986,False,False,0.5912544865114349,4.734848,1264.496,0.9321044013305578,0.7906976744186046,0.0,4.758505829169641,-8.689353973908982
S8-3-10-1,300-150K 1K-min,S8-3-10,0.458644786705142,4.926666666666667,0.12,3.919348,213.14999999999998,-60.0,0.0002591943904631627,0.899989405320844,118.125,0.4406007165533412,6696220.2554369625,15.717053784194242,242.13584038878062,188.14999999999998,True,117.3325,1393.758,1276.4255,11.87870368397503,1276.4255,28.00655,False,False,0.5910494580373081,4.734848,1192.005,0.9338617882516443,0.9767441860465116,0.0,4.691531785127845,-8.257932235451966
S8-3-10-1,300-150K 1K-min,S8-3-10,0.458644786705142,4.926666666666667,0.12,3.919348,216.14999999999998,-57.0,0.0003687008500659231,0.95,83.04113583678141,0.4406007165533412,6696220.2554369625,15.717053784194242,242.13584038878062,188.14999999999998,True,81.96474,1260.124,1178.15926,15.373976663623894,1178.15926,26.96008,False,False,0.5889049742448799,4.734848,1121.894,0.9522430779010295,1.0,0.0,4.626416840157298,-7.905524947150693
S8-3-10-1,300-150K 1K-min,S8-3-10,0.458644786705142,4.926666666666667,0.12,3.919348,218.14999999999998,-55.0,0.0005113089003702633,0.95,59.880313742416014,0.4406007165533412,6696220.2554369625,15.717053784194242,242.13584038878062,188.14999999999998,True,58.8098,1123.464,1064.6542,19.10334672112471,1064.6542,25.98087,False,False,0.5843510409295338,4.734848,1055.367,0.9912767920325671,1.0,0.0,4.584001833600734,-7.578536648695065
S8-3-10-1,300-150K 1K-min,S8-3-10,0.458644786705142,4.926666666666667,0.12,3.919348,221.14999999999998,-52.0,0.0006956676292306248,0.95,44.01144467124683,0.4406007165533412,6696220.2554369625,15.717053784194242,242.13584038878062,188.14999999999998,True,43.19012,997.476,954.28588,23.095004135204995,954.28588,25.0613,False,False,0.5786860215655013,4.734848,992.299,1.039834100867131,1.0,0.0,4.52181777074384,-7.270638555899277
S8-3-10-1,300-150K 1K-min,S8-3-10,0.458644786705142,4.926666666666667,0.12,3.919348,224.14999999999998,-49.0,0.0009278892045865292,0.95,32.99675998181732,0.4406007165533412,6696220.2554369625,15.717053784194242,242.13584038878062,188.14999999999998,True,32.48017,886.0321,853.55193,27.279170644734926,853.55193,24.19195,False,False,0.5724721607350437,4.734848,933.014,1.0930957651281967,1.0,0.0,4.461298237787196,-6.982598223915162
S8-3-10-1,300-150K 1K-min,S8-3-10,0.458644786705142,4.926666666666667,0.12,3.919348,227.14999999999998,-46.0,0.0012081749676791662,0.95,25.341807430653212,0.4406007165533412,6696220.2554369625,15.717053784194242,242.13584038878062,188.14999999999998,True,24.93985,791.5535,766.61365,31.738502837827813,766.61365,23.37723,False,False,0.566370924476321,4.734848,878.0732,1.1453920759172485,1.0,0.0,4.402377283733216,-6.718644349163917
S8-3-10-1,300-150K 1K-min,S8-3-10,0.458644786705142,4.926666666666667,0.12,3.919348,230.14999999999998,-43.0,0.001551770929921656,0.95,19.730578001617076,0.4406007165533412,6696220.2554369625,15.717053784194242,242.13584038878062,188.14999999999998,True,19.42274,712.1384,692.7156600000001,36.66518730107081,692.7156600000001,22.62993,False,False,0.5605424771254632,4.734848,828.0378,1.1953501960674582,1.0,0.0,4.344992396263307,-6.468358464814539
S8-3-10-1,300-150K 1K-min,S8-3-10,0.458644786705142,4.926666666666667,0.12,3.919348,232.14999999999998,-41.0,0.001940618674684744,0.95,15.7771012785059,0.4406007165533412,6696220.2554369625,15.717053784194242,242.13584038878062,188.14999999999998,True,15.54212,650.3552,634.81308,41.84469042833281,634.81308,21.93765,False,False,0.5558197136286692,4.734848,784.5217,1.235831026039978,1.0,0.0,4.307559767391773,-6.2447484522694525
S8-3-10-1,300-150K 1K-min,S8-3-10,0.458644786705142,4.926666666666667,0.12,3.919348,235.14999999999998,-38.0,0.0023826112646981074,0.95,12.850328472421,0.4406007165533412,6696220.2554369625,15.717053784194242,242.13584038878062,188.14999999999998,True,12.66872,601.0968,588.42808,47.44731906617243,588.42808,21.29818,False,False,0.5518048543842438,4.734848,747.4473,1.2702441052779105,1.0,0.0,4.25260472039124,-6.039558222708693
S8-3-10-1,300-150K 1K-min,S8-3-10,0.458644786705142,4.926666666666667,0.12,3.919348,238.14999999999998,-35.0,0.002873946905392263,0.95,10.653410929761822,0.4406007165533412,6696220.2554369625,15.717053784194242,242.13584038878062,188.14999999999998,True,10.51422,562.4149,551.90068,53.49088187235953,551.90068,20.71665,False,False,0.5487982837781612,4.734848,715.2714,1.2960147104729036,1.0,0.0,4.199034222128911,-5.852068965611379
S8-3-10-1,300-150K 1K-min,S8-3-10,0.458644786705142,4.926666666666667,0.12,3.919348,241.14999999999998,-32.0,0.003415730726749403,0.95,8.963627353201298,0.4406007165533412,6696220.2554369625,15.717053784194242,242.13584038878062,188.14999999999998,True,8.854992,531.8846,523.0296079999999,60.06607346454972,523.0296079999999,20.16898,False,False,0.5465440379683696,4.734848,687.9601,1.3153368174139746,1.0,0.0,4.146796599626788,-5.679363833226822
S8-3-10-1,300-150K 1K-min,S8-3-10,0.458644786705142,4.926666666666667,0.12,3.919348,243.14999999999998,-30.0,0.003998288425135301,0.95,7.657610986987517,0.15308030911914675,6.936042525849628,1.936731370637304,242.13584038878062,188.14999999999998,True,7.570316,508.8953,501.32498400000003,67.22246468971704,501.32498400000003,19.66096,False,False,0.5456174554694315,4.734848,663.3928,1.3232789531191578,1.0,0.0,4.112687641373638,-5.52188890315106
S8-3-10-1,300-150K 1K-min,S8-3-10,0.458644786705142,4.926666666666667,0.12,3.919348,246.14999999999998,-27.0,0.0046167358753579375,0.95,6.631814814636179,0.15308030911914675,6.936042525849628,1.936731370637304,242.13584038878062,188.14999999999998,True,6.564144,493.208,486.643856,75.1366819496952,486.643856,19.18274,False,False,0.5459876031668907,4.734848,642.4216,1.3201062585695085,1.0,0.0,4.062563477554337,-5.378067344077003
S8-3-10-1,300-150K 1K-min,S8-3-10,0.458644786705142,4.926666666666667,0.12,3.919348,249.14999999999998,-24.0,0.005271977795458053,0.95,5.807561898276341,0.15308030911914675,6.936042525849628,1.936731370637304,242.13584038878062,188.14999999999998,True,5.751629,483.5383,477.786671,84.0698000514289,477.786671,18.72496,False,False,0.547775982292594,4.734848,623.4052,1.3047772946349077,1.0,0.0,4.013646397752359,-5.2453496935779675
S8-3-10-1,300-150K 1K-min,S8-3-10,0.458644786705142,4.926666666666667,0.12,3.919348,252.14999999999998,-21.0,0.005959728007653745,0.95,5.137371593827933,0.15308030911914675,6.936042525849628,1.936731370637304,242.13584038878062,188.14999999999998,True,5.092477,480.0677,474.975223,94.2699790298513,474.975223,18.28912,False,False,0.5510410720939861,4.734848,606.444,1.2767908106229757,1.0,0.0,3.9658933174697606,-5.122730435245954
S8-3-10-1,300-150K 1K-min,S8-3-10,0.458644786705142,4.926666666666667,0.12,3.919348,255.14999999999998,-18.0,0.006647818664456111,0.95,4.605621620993184,0.15308030911914675,6.936042525849628,1.936731370637304,242.13584038878062,188.14999999999998,True,4.567222,482.1523,477.585078,105.56795794029719,477.585078,17.87163,False,False,0.555579156097503,4.734848,591.1992,1.2378929477356886,1.0,0.0,3.919263178522438,-5.013466498507367
S8-3-10-1,300-150K 1K-min,S8-3-10,0.458644786705142,4.926666666666667,0.12,3.919348,257.15,-16.0,0.007338981749063469,0.95,4.171878118836879,0.15308030911914675,6.936042525849628,1.936731370637304,242.13584038878062,188.14999999999998,True,4.139138,489.5962,485.457062,118.28458002608272,485.457062,17.47237,False,False,0.5614516189693417,4.734848,576.5082,1.187557551691356,1.0,0.0,3.888780867198134,-4.914555172264725
S8-3-10-1,300-150K 1K-min,S8-3-10,0.458644786705142,4.926666666666667,0.12,3.919348,260.15,-13.0,0.008022086970904002,0.95,3.816629947357807,0.15308030911914675,6.936042525849628,1.936731370637304,242.13584038878062,188.14999999999998,True,3.789027,501.5644,497.775373,132.3728756749424,497.775373,17.08892,False,False,0.5679697137206506,4.734848,563.3265,1.131688168108708,1.0,0.0,3.8439361906592353,-4.825556670144304
S8-3-10-1,300-150K 1K-min,S8-3-10,0.458644786705142,4.926666666666667,0.12,3.919348,263.15,-10.0,0.008700752480426855,0.95,3.518929821568608,0.15308030911914675,6.936042525849628,1.936731370637304,242.13584038878062,188.14999999999998,True,3.495448,517.9781,514.482652,148.18646994605555,514.482652,16.71549,False,False,0.5751631376678569,4.734848,550.512,1.070030248561226,1.0,0.0,3.800114003420103,-4.74434576505873
S8-3-10-1,300-150K 1K-min,S8-3-10,0.458644786705142,4.926666666666667,0.12,3.919348,266.15,-7.0,0.009366536688660863,0.95,3.268800239743519,0.15308030911914675,6.936042525849628,1.936731370637304,242.13584038878062,188.14999999999998,True,3.248626,538.0037,534.755074,165.6096146493933,534.755074,16.35544,False,False,0.5825491431116995,4.734848,538.3495,1.0067216304711473,1.0,0.0,3.7572797294758598,-4.670611868062252
S8-3-10-1,300-150K 1K-min,S8-3-10,0.458644786705142,4.926666666666667,0.12,3.919348,269.15,-4.0,0.010019880550504602,0.95,3.0556589191993115,0.15308030911914675,6.936042525849628,1.936731370637304,242.13584038878062,188.14999999999998,True,3.036221,561.0884,558.052179,184.79827390693893,558.052179,16.00313,False,False,0.5898308037965749,4.734848,526.9728,0.9443073960293578,1.0,0.0,3.7154003343860302,-4.6031841045038
S8-3-10-1,300-150K 1K-min,S8-3-10,0.458644786705142,4.926666666666667,0.12,3.919348,271.15,-2.0,0.01065887424882099,0.95,2.8724738334208015,0.15308030911914675,6.936042525849628,1.936731370637304,242.13584038878062,188.14999999999998,True,2.85484,586.1431,583.28826,205.31556934889522,583.28826,15.66173,False,False,0.5968122268281782,4.734848,515.899,0.884466627187043,1.0,0.0,3.6879955744053112,-4.541362470997325
S8-3-10-1,300-150K 1K-min,S8-3-10,0.458644786705142,4.926666666666667,0.12,3.919348,273.15,0.0,0.01127074591109298,0.95,2.716531595599779,0.15308030911914675,6.936042525849628,1.936731370637304,242.13584038878062,188.14999999999998,True,2.701289,612.5141,609.812811,226.7488225065885,609.812811,15.32845,False,False,0.6032951222578804,4.734848,505.4732,0.8288989520753102,1.0,0.0,3.660992128866923,-4.485544767575545
S8-3-10-1,300-150K 1K-min,S8-3-10,0.458644786705142,4.926666666666667,0.12,3.919348,276.15,3.0,0.011851497716825216,0.95,2.5834150336960855,0.15308030911914675,6.936042525849628,1.936731370637304,242.13584038878062,188.14999999999998,True,2.569216,638.3689,635.7996840000001,248.46836544689123,635.7996840000001,15.00226,False,False,0.6091939283400674,4.734848,494.8669,0.7783377570851374,1.0,0.0,3.6212203512583745,-4.435301029781987
S8-3-10-1,300-150K 1K-min,S8-3-10,0.458644786705142,4.926666666666667,0.12,3.919348,279.15,6.0,0.01259922274109053,0.95,2.4300973165278767,0.15308030911914675,6.936042525849628,1.936731370637304,242.13584038878062,188.14999999999998,True,2.420235,665.3976,662.977365,274.93098810652685,662.977365,14.67487,False,False,0.6146828891611809,4.734848,484.8284,0.7312895214755926,1.0,0.0,3.5823034210997675,-4.374120154142477
S8-3-10-1,300-150K 1K-min,S8-3-10,0.458644786705142,4.926666666666667,0.12,3.919348,282.15,9.0,0.013254680326903334,0.95,2.3099265028154905,0.15308030911914675,6.936042525849628,1.936731370637304,242.13584038878062,188.14999999999998,True,2.298137,692.463,690.164863,301.3149346622938,690.164863,14.34241,False,False,0.6196554939656498,4.734848,475.2939,0.6886671945801438,1.0,0.0,3.5442140705298604,-4.3234045567026
S8-3-10-1,300-150K 1K-min,S8-3-10,0.458644786705142,4.926666666666667,0.12,3.919348,285.15,12.0,0.013811438811236212,0.95,2.2168101232546853,0.15308030911914675,6.936042525849628,1.936731370637304,242.13584038878062,188.14999999999998,True,2.205551,717.9648,715.759249,325.52627438676325,715.759249,14.01563,False,False,0.6241097663179946,4.734848,465.5926,0.6504877172743309,1.0,0.0,3.506926179203928,-4.282258130801393
S8-3-10-1,300-150K 1K-min,S8-3-10,0.458644786705142,4.926666666666667,0.12,3.919348,288.15,15.0,0.01432135124173465,0.95,2.1378804874387414,0.15308030911914675,6.936042525849628,1.936731370637304,242.13584038878062,188.14999999999998,True,2.127024,741.3055,739.178476,348.5176942056131,739.178476,13.69667,False,False,0.6280797555762885,4.734848,455.6734,0.6164592379175274,1.0,0.0,3.47041471455839,-4.2460037614449755
S8-3-10-1,300-150K 1K-min,S8-3-10,0.458644786705142,4.926666666666667,0.12,3.919348,291.15,18.0,0.014814841138811626,0.95,2.0666666005111862,0.15308030911914675,6.936042525849628,1.936731370637304,242.13584038878062,188.14999999999998,True,2.055691,761.1198,759.064109,370.2501008176813,759.064109,13.38243,False,False,0.631459711088338,4.734848,445.9412,0.5874881906713881,1.0,0.0,3.4346556757685045,-4.212125821010278
S8-3-10-1,300-150K 1K-min,S8-3-10,0.458644786705142,4.926666666666667,0.12,3.919348,293.15,20.0,0.015287157242020502,0.95,2.0028143158822123,0.15308030911914675,6.936042525849628,1.936731370637304,242.13584038878062,188.14999999999998,True,1.992054,777.2559,775.263846,390.1781277013575,775.263846,13.06643,False,False,0.6344612758669346,4.734848,435.5126,0.5617604925691317,1.0,0.0,3.4112229234180456,-4.180742199020163
S8-3-10-1,300-150K 1K-min,S8-3-10,0.458644786705142,4.926666666666667,0.12,3.919348,296.15,23.0,0.01574957411535013,0.95,1.9440104950914376,0.15308030911914675,6.936042525849628,1.936731370637304,242.13584038878062,188.14999999999998,True,1.933077,787.8356,785.902523,407.555208613004,785.902523,12.72802,False,False,0.6369756635836631,4.734848,424.5513,0.5402085978543162,1.0,0.0,3.3766672294445383,-4.15094195437132
S8-3-10-1,300-150K 1K-min,S8-3-10,0.458644786705142,4.926666666666667,0.12,3.919348,299.15,26.0,0.01614586525443994,0.95,1.896295855995804,0.15308030911914675,6.936042525849628,1.936731370637304,242.13584038878062,188.14999999999998,True,1.885733,789.85,787.9642670000001,418.85569165942366,787.9642670000001,12.37996,False,False,0.6383228799807155,4.734848,416.566,0.5286610287367249,1.0,0.0,3.342804613070366,-4.126091283489452
S8-3-11-1,300-140K 0.3K-min,S8-3-11,0.30793441143316214,4.492933333333334,0.12,3.919348,208.14999999999998,-65.0,1.3963941153635453e-07,0.8049979616088436,219260.0,0.956682959116511,2.389656744161619e+16,37.71251122184387,262.7054960647117,208.14999999999998,True,1933.444,226548.3,224614.856,117.17344800263157,224614.856,12286.11,True,True,0.956493311822616,5928.309,83762.13,0.3729144700918625,1.0,0.9565217391304348,4.804227720393947,-15.78420236886659
S8-3-11-1,300-140K 0.3K-min,S8-3-11,0.30793441143316214,4.492933333333334,0.12,3.919348,210.14999999999998,-63.0,2.2862476719958166e-07,0.7824315804919488,133919.6,0.956682959116511,2.389656744161619e+16,37.71251122184387,262.7054960647117,208.14999999999998,True,2468.102,138711.8,136243.69799999997,56.20181013588579,136243.69799999997,6656.558,True,True,0.9570276026027029,9515.62,50183.3,0.36833483483397533,1.0,0.7916666666666666,4.758505829169641,-15.291183748499074
S8-3-11-1,300-140K 0.3K-min,S8-3-11,0.30793441143316214,4.492933333333334,0.12,3.919348,211.14999999999998,-62.0,3.6180587525357673e-07,0.7488638824258486,84623.66,0.956682959116511,2.389656744161619e+16,37.71251122184387,262.7054960647117,208.14999999999998,True,3398.034,87921.34,84523.306,25.87417901056905,84523.306,5087.174,True,True,0.9580804573198622,15046.87,30370.1,0.3593103658297511,1.0,0.76,4.735969689793986,-14.832158025163013
S8-3-11-1,300-140K 0.3K-min,S8-3-11,0.30793441143316214,4.492933333333334,0.12,3.919348,213.14999999999998,-60.0,5.51513486298167e-07,0.7084060734269844,55515.12,0.956682959116511,2.389656744161619e+16,37.71251122184387,262.7054960647117,208.14999999999998,True,4126.223,57809.54,53683.317,14.010280103620188,53683.317,2909.941,True,True,0.9372169237729231,751.7689,21220.13,0.39528351051780203,0.47619047619047616,0.5882352941176471,4.691531785127845,-14.410599544702041
S8-3-11-1,300-140K 0.3K-min,S8-3-11,0.30793441143316214,4.492933333333334,0.12,3.919348,215.14999999999998,-58.0,8.54071064598189e-07,0.6440800206386441,35848.7,0.956682959116511,2.389656744161619e+16,37.71251122184387,262.7054960647117,208.14999999999998,True,4936.229,37614.35,32678.121,7.6200577404330305,32678.121,2425.188,False,False,0.9144389335196679,18984.38,9960.59,0.3048091412599886,0.42857142857142855,0.7307692307692307,4.6479200557750415,-13.973251432804709
S8-3-11-1,300-140K 0.3K-min,S8-3-11,0.30793441143316214,4.492933333333334,0.12,3.919348,216.14999999999998,-57.0,1.4335328548916234e-06,0.8978979545622373,21357.96,0.956682959116511,2.389656744161619e+16,37.71251122184387,262.7054960647117,208.14999999999998,True,5442.474,24989.25,19546.775999999998,4.591524001768313,19546.775999999998,1261.481,False,False,0.8186757422298183,18984.38,5248.185,0.2684936380301284,0.2857142857142857,0.6923076923076923,4.626416840157298,-13.45536863253326
S8-3-11-1,300-140K 0.3K-min,S8-3-11,0.30793441143316214,4.492933333333334,0.12,3.919348,218.14999999999998,-55.0,1.9894965572907935e-06,0.8986388488637623,15389.49,0.956682959116511,2.389656744161619e+16,37.71251122184387,262.7054960647117,208.14999999999998,True,5717.938,18421.08,12703.142000000002,3.2216298952524496,12703.142000000002,924.8079,False,False,0.7241922588915404,18984.38,2810.052,0.22120920950108244,0.14285714285714285,0.5769230769230769,4.584001833600734,-13.127628937520335
S8-3-11-1,300-140K 0.3K-min,S8-3-11,0.30793441143316214,4.492933333333334,0.12,3.919348,219.14999999999998,-54.0,2.780398932780096e-06,0.95,11011.850498319352,0.956682959116511,2.389656744161619e+16,37.71251122184387,262.7054960647117,208.14999999999998,True,5600.727,13656.78,8056.053000000001,2.4383941584726414,8056.053000000001,617.7512,False,False,0.661325483117857,4.734848,2108.498,0.26172841712933115,0.4883720930232558,0.0,4.56308464522017,-12.792916139556977
S8-3-11-1,300-140K 0.3K-min,S8-3-11,0.30793441143316214,4.492933333333334,0.12,3.919348,221.14999999999998,-52.0,3.8760936482696265e-06,0.8990512907845792,7899.019,0.956682959116511,2.389656744161619e+16,37.71251122184387,262.7054960647117,208.14999999999998,True,4963.603,10266.92,5303.317,2.068441009484441,5303.317,384.6419,False,False,0.6555700800084174,4.734848,2019.651,0.38082788564213677,0.5581395348837209,0.0,4.52181777074384,-12.460682703167352
S8-3-11-1,300-140K 0.3K-min,S8-3-11,0.30793441143316214,4.492933333333334,0.12,3.919348,222.14999999999998,-51.0,5.269412242728275e-06,0.95,5810.389463400335,0.956682959116511,2.389656744161619e+16,37.71251122184387,262.7054960647117,208.14999999999998,True,4227.647,7882.648,3655.001,1.8645473474961367,3655.001,255.676,False,False,0.6379112618573839,4.734848,1945.152,0.5321891840795665,0.5116279069767442,0.0,4.501462975467027,-12.153591730524878
S8-3-11-1,300-140K 0.3K-min,S8-3-11,0.30793441143316214,4.492933333333334,0.12,3.919348,223.14999999999998,-50.0,7.031606483663895e-06,0.8995610472130761,4354.245,0.956682959116511,2.389656744161619e+16,37.71251122184387,262.7054960647117,208.14999999999998,True,3423.257,6259.7,2836.4429999999998,1.8285802088478895,2836.4429999999998,281.4409,False,False,0.6231748237728263,4.734848,1867.802,0.6585015105186318,0.5348837209302325,0.0,4.481290611696169,-11.865095359945911
S8-3-11-1,300-140K 0.3K-min,S8-3-11,0.30793441143316214,4.492933333333334,0.12,3.919348,225.14999999999998,-48.0,9.356124508229368e-06,0.8996953770269503,3272.438,0.956682959116511,2.389656744161619e+16,37.71251122184387,262.7054960647117,208.14999999999998,True,2741.349,5032.207,2290.858,1.835668132733191,2290.858,195.6029,False,False,0.6082170595762229,4.734848,1802.243,0.7867109179180897,0.5581395348837209,0.0,4.4414834554741285,-11.579479401482518
S8-3-11-1,300-140K 0.3K-min,S8-3-11,0.30793441143316214,4.492933333333334,0.12,3.919348,226.14999999999998,-47.0,1.2188503264733305e-05,0.899738288714304,2511.985,0.956682959116511,2.389656744161619e+16,37.71251122184387,262.7054960647117,208.14999999999998,True,2161.129,4051.191,1890.062,1.8745715780964487,1890.062,139.5974,False,False,0.5931851089188256,4.734848,1730.458,0.9155562092672089,0.5813953488372093,0.0,4.421843908910016,-11.31501740587074
S8-3-11-1,300-140K 0.3K-min,S8-3-11,0.30793441143316214,4.492933333333334,0.12,3.919348,227.14999999999998,-46.0,1.5823346775628013e-05,0.8997744365717776,1934.947,0.956682959116511,2.389656744161619e+16,37.71251122184387,262.7054960647117,208.14999999999998,True,1775.747,3443.087,1667.34,1.9389513258363944,1667.34,110.1049,False,False,0.5825176028884331,4.734848,1678.998,1.0069919752420018,0.6046511627906976,0.0,4.402377283733216,-11.054024064545944
S8-3-11-1,300-140K 0.3K-min,S8-3-11,0.30793441143316214,4.492933333333334,0.12,3.919348,229.14999999999998,-44.0,1.9290886357511686e-05,0.899824562352328,1587.14,0.956682959116511,2.389656744161619e+16,37.71251122184387,262.7054960647117,208.14999999999998,True,1462.748,3018.876,1556.1280000000002,2.06383874734404,1556.1280000000002,87.21356,False,False,0.577532792932201,4.734848,1633.497,1.0497189177239912,0.6046511627906976,0.0,4.3639537420903345,-10.855877783034783
S8-3-11-1,300-140K 0.3K-min,S8-3-11,0.30793441143316214,4.492933333333334,0.12,3.919348,230.14999999999998,-43.0,2.3816064697478634e-05,0.8998281575513907,1285.575,0.956682959116511,2.389656744161619e+16,37.71251122184387,262.7054960647117,208.14999999999998,True,1211.389,2667.273,1455.8840000000002,2.2018302956358364,1455.8840000000002,68.74986,False,False,0.5725835986933026,4.734848,1590.03,1.0921405826288348,0.6511627906976745,0.0,4.344992396263307,-10.645150217699289
S8-3-11-1,300-140K 0.3K-min,S8-3-11,0.30793441143316214,4.492933333333334,0.12,3.919348,231.14999999999998,-42.0,2.9008084857885063e-05,0.8998493029243223,1055.476,0.956682959116511,2.389656744161619e+16,37.71251122184387,262.7054960647117,208.14999999999998,True,1014.094,2400.066,1385.9719999999998,2.3667095949685133,1385.9719999999998,54.45223,False,False,0.5692713489161397,4.734848,1553.025,1.1205312950045163,0.6744186046511628,0.0,4.3261951113995245,-10.447935978629078
S8-3-11-1,300-140K 0.3K-min,S8-3-11,0.30793441143316214,4.492933333333334,0.12,3.919348,232.14999999999998,-41.0,3.529650707514544e-05,0.8998795510005657,867.4325,0.956682959116511,2.389656744161619e+16,37.71251122184387,262.7054960647117,208.14999999999998,True,837.4961,2152.173,1314.6769,2.5697707726638965,1314.6769,43.03312,False,False,0.5657246633501104,4.734848,1513.103,1.1509314569990536,0.6511627906976745,0.0,4.307559767391773,-10.251726548633462
S8-3-11-1,300-140K 0.3K-min,S8-3-11,0.30793441143316214,4.492933333333334,0.12,3.919348,233.14999999999998,-40.0,4.20685243098913e-05,0.8999186702003977,727.7968,0.5537340621763314,44717673.6962918,17.615879366144377,262.7054960647117,208.14999999999998,True,705.7582,1966.097,1260.3388,2.7857940580782485,1260.3388,34.22907,False,False,0.5632687099690973,4.734848,1477.095,1.171982485979166,0.7209302325581395,0.0,4.2890842805061125,-10.076210737994142
S8-3-11-1,300-140K 0.3K-min,S8-3-11,0.30793441143316214,4.492933333333334,0.12,3.919348,234.14999999999998,-39.0,4.890358650587844e-05,0.8999229777018039,626.0755,0.5537340621763314,44717673.6962918,17.615879366144377,262.7054960647117,208.14999999999998,True,611.8936,1831.127,1219.2334,2.992557856463934,1219.2334,33.58048,False,False,0.5611825266597849,4.734848,1450.722,1.189864057201844,0.7441860465116279,0.0,4.270766602605168,-9.925659820494468
S8-3-11-1,300-140K 0.3K-min,S8-3-11,0.30793441143316214,4.492933333333334,0.12,3.919348,235.14999999999998,-38.0,5.653589718188008e-05,0.8999270702287555,541.5557,0.5537340621763314,44717673.6962918,17.615879366144377,262.7054960647117,208.14999999999998,True,531.377,1711.808,1180.431,3.2214567058792536,1180.431,32.97722,False,False,0.5593712381325127,4.734848,1422.879,1.2053893874356052,0.7209302325581395,0.0,4.25260472039124,-9.780634773208334
S8-3-11-1,300-140K 0.3K-min,S8-3-11,0.30793441143316214,4.492933333333334,0.12,3.919348,236.14999999999998,-37.0,6.645104164546631e-05,0.8999378284429315,460.7503,0.5537340621763314,44717673.6962918,17.615879366144377,262.7054960647117,208.14999999999998,True,459.5418,1600.851,1141.3092000000001,3.4835808189809936,1141.3092000000001,32.36924,False,False,0.5574329083360292,4.734848,1394.684,1.2220036428340355,0.7674418604651163,0.0,4.2345966546686435,-9.619045097300097
S8-3-11-1,300-140K 0.3K-min,S8-3-11,0.30793441143316214,4.492933333333334,0.12,3.919348,237.14999999999998,-36.0,7.531201088370686e-05,0.8999786703190903,406.5399,0.5537340621763314,44717673.6962918,17.615879366144377,262.7054960647117,208.14999999999998,True,403.0864,1512.767,1109.6806000000001,3.752959663238452,1109.6806000000001,31.86604,False,False,0.555828304709181,4.734848,1371.296,1.2357573882070199,0.7906976744186046,0.0,4.2167404596247104,-9.493870928790589
S8-3-11-1,300-140K 0.3K-min,S8-3-11,0.30793441143316214,4.492933333333334,0.12,3.919348,238.14999999999998,-35.0,8.53457790680643e-05,0.8999648427401418,358.7446,0.5537340621763314,44717673.6962918,17.615879366144377,262.7054960647117,208.14999999999998,True,354.7283,1436.143,1081.4147,4.048571822434241,1081.4147,31.37982,False,False,0.5547322317701064,4.734848,1346.526,1.2451522991133734,0.7441860465116279,0.0,4.199034222128911,-9.368799564333795
S8-3-11-1,300-140K 0.3K-min,S8-3-11,0.30793441143316214,4.492933333333334,0.12,3.919348,239.14999999999998,-34.0,9.610812185341293e-05,0.8999504591909919,318.5718,0.5537340621763314,44717673.6962918,17.615879366144377,262.7054960647117,208.14999999999998,True,312.614,1366.581,1053.9669999999999,4.371464489754138,1053.9669999999999,31.075,False,False,0.553556721099111,4.734848,1322.969,1.2552281048647624,0.7674418604651163,0.0,4.181476061049551,-9.250036730955513
S8-3-11-1,300-140K 0.3K-min,S8-3-11,0.30793441143316214,4.492933333333334,0.12,3.919348,240.14999999999998,-33.0,0.00010854833009454345,0.8999530172680296,282.0618,0.5537340621763314,44717673.6962918,17.615879366144377,262.7054960647117,208.14999999999998,True,276.1852,1310.055,1033.8698,4.743393201373571,1033.8698,30.65377,False,False,0.552998188617819,4.734848,1302.692,1.2600155261329802,0.813953488372093,0.0,4.16406412658755,-9.128315045502722
S8-3-11-1,300-140K 0.3K-min,S8-3-11,0.30793441143316214,4.492933333333334,0.12,3.919348,241.14999999999998,-32.0,0.00012297181231897973,0.8999571346584316,248.9785,0.5537340621763314,44717673.6962918,17.615879366144377,262.7054960647117,208.14999999999998,True,244.0892,1258.424,1014.3348,5.155590661118968,1014.3348,30.23097,False,False,0.5526435420205111,4.734848,1281.161,1.263055354109904,0.8604651162790697,0.0,4.146796599626788,-9.003555396993264
S8-3-11-1,300-140K 0.3K-min,S8-3-11,0.30793441143316214,4.492933333333334,0.12,3.919348,242.14999999999998,-31.0,0.0001382654592305463,0.8999667298053696,221.4388,0.5537340621763314,44717673.6962918,17.615879366144377,262.7054960647117,208.14999999999998,True,218.1702,1209.541,991.3707999999999,5.544024802654074,991.3707999999999,29.79347,False,False,0.5519591256873817,4.734848,1257.972,1.2689217798224426,0.8372093023255814,0.0,4.129671691100558,-8.886335102977535
S8-3-11-1,300-140K 0.3K-min,S8-3-11,0.30793441143316214,4.492933333333334,0.12,3.919348,243.14999999999998,-30.0,0.00015276953730785438,0.8999683047927747,200.4152,0.5537340621763314,44717673.6962918,17.615879366144377,262.7054960647117,208.14999999999998,True,197.7334,1175.774,978.0405999999999,5.946258952711075,978.0405999999999,29.45919,False,False,0.5519677165412834,4.734848,1240.985,1.268848143931856,0.7906976744186046,0.0,4.112687641373638,-8.786580064275824
S8-3-11-1,300-140K 0.3K-min,S8-3-11,0.30793441143316214,4.492933333333334,0.12,3.919348,244.14999999999998,-29.0,0.00016825153414265089,0.8999735849513352,181.9736,0.5537340621763314,44717673.6962918,17.615879366144377,262.7054960647117,208.14999999999998,True,179.6092,1146.071,966.4617999999999,6.380914786102271,966.4617999999999,29.14384,False,False,0.5522164214526294,4.734848,1224.233,1.266716387548891,0.8372093023255814,0.0,4.095842719639566,-8.690050471248313
S8-3-11-1,300-140K 0.3K-min,S8-3-11,0.30793441143316214,4.492933333333334,0.12,3.919348,245.14999999999998,-28.0,0.00020394141652003254,0.899980786588285,150.1281,0.5537340621763314,44717673.6962918,17.615879366144377,262.7054960647117,208.14999999999998,True,149.2967,1098.257,948.9603000000001,7.356204122395205,948.9603000000001,28.53159,False,False,0.5533379636640228,4.734848,1192.941,1.2571031685940905,0.8837209302325582,0.0,4.079135223332654,-8.497677779283793
S8-3-11-1,300-140K 0.3K-min,S8-3-11,0.30793441143316214,4.492933333333334,0.12,3.919348,245.14999999999998,-28.0,0.0001853454060880007,0.8999757168303387,165.1907,0.5537340621763314,44717673.6962918,17.615879366144377,262.7054960647117,208.14999999999998,True,149.2967,1098.257,948.9603000000001,7.356204122395205,948.9603000000001,28.53159,False,False,0.5533379636640228,4.734848,1192.941,1.2571031685940905,0.8837209302325582,0.0,4.079135223332654,-8.593289413740775
S8-3-11-1,300-140K 0.3K-min,S8-3-11,0.30793441143316214,4.492933333333334,0.12,3.919348,246.14999999999998,-27.0,0.00022307193838439542,0.899983840769716,137.2532,0.5537340621763314,44717673.6962918,17.615879366144377,262.7054960647117,208.14999999999998,True,136.4826,1079.251,942.7683999999999,7.9076087354725075,942.7683999999999,28.24677,False,False,0.5541487849331113,4.734848,1178.605,1.2501532720019028,0.9534883720930233,0.0,4.062563477554337,-8.408016244874302
S8-3-11-1,300-140K 0.3K-min,S8-3-11,0.30793441143316214,4.492933333333334,0.12,3.919348,247.14999999999998,-26.0,0.000243986371382907,0.899987397271119,125.4879,0.5537340621763314,44717673.6962918,17.615879366144377,262.7054960647117,208.14999999999998,True,125.1174,1062.969,937.8516000000001,8.495772770214215,937.8516000000001,27.96123,False,False,0.5552405305914072,4.734848,1163.682,1.2407954520736528,0.9767441860465116,0.0,4.046125834513454,-8.318398189219106
S8-3-11-1,300-140K 0.3K-min,S8-3-11,0.30793441143316214,4.492933333333334,0.12,3.919348,248.14999999999998,-25.0,0.000269416360798192,0.8999974153804995,113.6432,0.5537340621763314,44717673.6962918,17.615879366144377,262.7054960647117,208.14999999999998,True,114.7762,1049.201,934.4248,9.141276675826521,934.4248,27.695,False,False,0.5563915648072126,4.734848,1150.211,1.230929444509605,1.0,0.0,4.029820672980053,-8.219252565326494
S8-3-11-1,300-140K 0.3K-min,S8-3-11,0.30793441143316214,4.492933333333334,0.12,3.919348,249.14999999999998,-24.0,0.0002901072443985445,0.95,105.5379966016964,0.5537340621763314,44717673.6962918,17.615879366144377,262.7054960647117,208.14999999999998,True,105.5016,1037.586,932.0844,9.834789235423917,932.0844,27.43109,False,False,0.5576695415136227,4.734848,1137.12,1.2199753584546622,0.9767441860465116,0.0,4.013646397752359,-8.145259895075137
S8-3-11-1,300-140K 0.3K-min,S8-3-11,0.30793441143316214,4.492933333333334,0.12,3.919348,250.14999999999998,-23.0,0.00034088843897342724,0.95,89.81629727797181,0.5537340621763314,44717673.6962918,17.615879366144377,262.7054960647117,208.14999999999998,True,89.58307,1021.039,931.45593,11.39767815503532,931.45593,26.92292,False,False,0.5605932077394866,4.734848,1113.011,1.194915362232971,1.0,0.0,3.9976014391365187,-7.983955292644451
S8-3-11-1,300-140K 0.3K-min,S8-3-11,0.30793441143316214,4.492933333333334,0.12,3.919348,250.14999999999998,-23.0,0.00031475485863106234,0.95,97.27359732149199,0.5537340621763314,44717673.6962918,17.615879366144377,262.7054960647117,208.14999999999998,True,89.58307,1021.039,931.45593,11.39767815503532,931.45593,26.92292,False,False,0.5605932077394866,4.734848,1113.011,1.194915362232971,1.0,0.0,3.9976014391365187,-8.063716448682191
S8-3-11-1,300-140K 0.3K-min,S8-3-11,0.30793441143316214,4.492933333333334,0.12,3.919348,251.14999999999998,-22.0,0.0003689482121466366,0.95,82.98546073803006,0.5537340621763314,44717673.6962918,17.615879366144377,262.7054960647117,208.14999999999998,True,82.76128,1015.419,932.6577199999999,12.269251998035797,932.6577199999999,26.6789,False,False,0.5621503395693761,4.734848,1101.999,1.181568517976776,1.0,0.0,3.981684252438782,-7.9048542702593165
S8-3-11-1,300-140K 0.3K-min,S8-3-11,0.30793441143316214,4.492933333333334,0.12,3.919348,252.14999999999998,-21.0,0.00039882606762101227,0.95,76.76864643299965,0.5537340621763314,44717673.6962918,17.615879366144377,262.7054960647117,208.14999999999998,True,76.56466,1011.271,934.70634,13.208064921858204,934.70634,26.44116,False,False,0.5637957421650385,4.734848,1091.237,1.167465067156813,1.0,0.0,3.9658933174697606,-7.826985156864825
S8-3-11-1,300-140K 0.3K-min,S8-3-11,0.30793441143316214,4.492933333333334,0.12,3.919348,253.14999999999998,-20.0,0.0004300821835834309,0.95,71.18950410444448,0.5537340621763314,44717673.6962918,17.615879366144377,262.7054960647117,208.14999999999998,True,70.91924,1008.635,937.71576,14.222304130726725,937.71576,26.21039,False,False,0.5655911111770872,4.734848,1080.32,1.152076189910681,1.0,0.0,3.950227138060439,-7.751534242926018
S8-3-11-1,300-140K 0.3K-min,S8-3-11,0.30793441143316214,4.492933333333334,0.12,3.919348,254.14999999999998,-19.0,0.00046353676483354666,0.95,66.05158359867227,0.5537340621763314,44717673.6962918,17.615879366144377,262.7054960647117,208.14999999999998,True,65.80637,1006.735,940.92863,15.298442992676849,940.92863,25.98241,False,False,0.5674000740452901,4.734848,1069.432,1.1365707938975125,1.0,0.0,3.9346842415896126,-7.676624856074804
S8-3-11-1,300-140K 0.3K-min,S8-3-11,0.30793441143316214,4.492933333333334,0.12,3.919348,255.14999999999998,-18.0,0.0005364242544698763,0.95,57.07672074544582,0.5537340621763314,44717673.6962918,17.615879366144377,262.7054960647117,208.14999999999998,True,56.87493,1006.651,949.77607,17.69938002561058,949.77607,25.54283,False,False,0.5709113085992997,4.734848,1050.903,1.1064744977202878,1.0,0.0,3.919263178522438,-7.530585190446508
S8-3-11-1,300-140K 0.3K-min,S8-3-11,0.30793441143316214,4.492933333333334,0.12,3.919348,255.14999999999998,-18.0,0.0004988905218945562,0.95,61.370853984538655,0.5537340621763314,44717673.6962918,17.615879366144377,262.7054960647117,208.14999999999998,True,56.87493,1006.651,949.77607,17.69938002561058,949.77607,25.54283,False,False,0.5709113085992997,4.734848,1050.903,1.1064744977202878,1.0,0.0,3.919263178522438,-7.603123881284248
S8-3-11-1,300-140K 0.3K-min,S8-3-11,0.30793441143316214,4.492933333333334,0.12,3.919348,256.15,-17.0,0.0005754034007145865,0.95,53.21021275758502,0.5537340621763314,44717673.6962918,17.615879366144377,262.7054960647117,208.14999999999998,True,52.99415,1008.013,955.01885,19.021212718762357,955.01885,25.33291,False,False,0.5728531902799616,4.734848,1040.808,1.0898297976003288,1.0,0.0,3.9039625219597895,-7.46043919668948
S8-3-11-1,300-140K 0.3K-min,S8-3-11,0.30793441143316214,4.492933333333334,0.12,3.919348,257.15,-16.0,0.000616406098157451,0.95,49.670724324405356,0.5537340621763314,44717673.6962918,17.615879366144377,262.7054960647117,208.14999999999998,True,49.47739,1009.986,960.50861,20.413081611620985,960.50861,25.12809,False,False,0.5746284880604385,4.734848,1032.175,1.074612959481955,1.0,0.0,3.888780867198134,-7.391604561385143
S8-3-11-1,300-140K 0.3K-min,S8-3-11,0.30793441143316214,4.492933333333334,0.12,3.919348,258.15,-15.0,0.0006597111311199179,0.95,46.410217941124415,0.5537340621763314,44717673.6962918,17.615879366144377,262.7054960647117,208.14999999999998,True,46.23857,1012.676,966.4374300000001,21.901109831035,966.4374300000001,24.92723,False,False,0.5764707923202024,4.734848,1023.285,1.058821780112551,1.0,0.0,3.873716831299632,-7.323708498875041
S8-3-11-1,300-140K 0.3K-min,S8-3-11,0.30793441143316214,4.492933333333334,0.12,3.919348,259.15,-14.0,0.0007525359777630674,0.95,40.685546310319836,0.5537340621763314,44717673.6962918,17.615879366144377,262.7054960647117,208.14999999999998,True,40.51567,1017.712,977.19633,25.118972486447834,977.19633,24.53802,False,False,0.57976936698756,4.734848,1007.048,1.0305482829637713,1.0,0.0,3.858769052672198,-7.192061751503331
S8-3-11-1,300-140K 0.3K-min,S8-3-11,0.30793441143316214,4.492933333333334,0.12,3.919348,259.15,-14.0,0.0007050347597713398,0.95,43.426706200118495,0.5537340621763314,44717673.6962918,17.615879366144377,262.7054960647117,208.14999999999998,True,40.51567,1017.712,977.19633,25.118972486447834,977.19633,24.53802,False,False,0.57976936698756,4.734848,1007.048,1.0305482829637713,1.0,0.0,3.858769052672198,-7.2572634517272405
S8-3-11-1,300-140K 0.3K-min,S8-3-11,0.30793441143316214,4.492933333333334,0.12,3.919348,260.15,-13.0,0.0008023918539646111,0.95,38.15758749566201,0.5537340621763314,44717673.6962918,17.615879366144377,262.7054960647117,208.14999999999998,True,38.01595,1022.109,984.0930500000001,26.88632008406998,984.0930500000001,24.35018,False,False,0.5815188936317218,4.734848,999.398,1.0155523402995266,1.0,0.0,3.8439361906592353,-7.127913473456053
S8-3-11-1,300-140K 0.3K-min,S8-3-11,0.30793441143316214,4.492933333333334,0.12,3.919348,261.15,-12.0,0.0008543837857081421,0.95,35.83557867742587,0.5537340621763314,44717673.6962918,17.615879366144377,262.7054960647117,208.14999999999998,True,35.69027,1027.058,991.3677299999999,28.776974788927067,991.3677299999999,24.16562,False,False,0.5833869647945874,4.734848,990.912,0.9995403017606788,1.0,0.0,3.8292169251388093,-7.065130067339936
S8-3-11-1,300-140K 0.3K-min,S8-3-11,0.30793441143316214,4.492933333333334,0.12,3.919348,262.15,-11.0,0.0009086629445173333,0.95,33.69493337237882,0.5537340621763314,44717673.6962918,17.615879366144377,262.7054960647117,208.14999999999998,True,33.55768,1031.634,998.07632,30.742113280775072,998.07632,23.98639,False,False,0.5851025240234135,4.734848,982.941,0.9848355083707416,1.0,0.0,3.814609956131986,-7.0035363306601575
S8-3-11-1,300-140K 0.3K-min,S8-3-11,0.30793441143316214,4.492933333333334,0.12,3.919348,263.15,-10.0,0.0009655037602817581,0.95,31.71125647871759,0.3303865224696488,2320.2018631822434,7.749409470867552,262.7054960647117,208.14999999999998,True,31.5825,1037.349,1005.7665,32.84568985989076,1005.7665,23.80869,False,False,0.5868190081892766,4.734848,975.717,0.9701227869490573,1.0,0.0,3.800114003420103,-6.9428605614562064
S8-3-11-1,300-140K 0.3K-min,S8-3-11,0.30793441143316214,4.492933333333334,0.12,3.919348,264.15,-9.0,0.0010864079960470196,0.95,28.182172337523905,0.3303865224696488,2320.2018631822434,7.749409470867552,262.7054960647117,208.14999999999998,True,28.06583,1049.624,1021.55817,37.39864454391693,1021.55817,23.46782,False,False,0.5902355376068958,4.734848,961.121,0.9408382490837492,1.0,0.0,3.7857278061707365,-6.824878441055283
S8-3-11-1,300-140K 0.3K-min,S8-3-11,0.30793441143316214,4.492933333333334,0.12,3.919348,264.15,-9.0,0.0010246474421191534,0.95,29.880850832105715,0.3303865224696488,2320.2018631822434,7.749409470867552,262.7054960647117,208.14999999999998,True,28.06583,1049.624,1021.55817,37.39864454391693,1021.55817,23.46782,False,False,0.5902355376068958,4.734848,961.121,0.9408382490837492,1.0,0.0,3.7857278061707365,-6.883406684467341
S8-3-11-1,300-140K 0.3K-min,S8-3-11,0.30793441143316214,4.492933333333334,0.12,3.919348,265.15,-8.0,0.0011509705240658709,0.95,26.6013218699151,0.3303865224696488,2320.2018631822434,7.749409470867552,262.7054960647117,208.14999999999998,True,26.48694,1056.423,1029.93606,39.88467523994844,1029.93606,23.30163,False,False,0.5919769511387598,4.734848,953.63,0.925911847382059,1.0,0.0,3.7714501225721295,-6.767149758548699
S8-3-11-1,300-140K 0.3K-min,S8-3-11,0.30793441143316214,4.492933333333334,0.12,3.919348,266.15,-7.0,0.0012192671263552362,0.95,25.111262914949343,0.3303865224696488,2320.2018631822434,7.749409470867552,262.7054960647117,208.14999999999998,True,25.00283,1062.948,1037.9451700000002,42.51310751622917,1037.9451700000002,23.16418,False,False,0.5936233452485742,4.734848,946.3983,0.9117998978693633,1.0,0.0,3.7572797294758598,-6.709505316841446
S8-3-11-1,300-140K 0.3K-min,S8-3-11,0.30793441143316214,4.492933333333334,0.12,3.919348,267.15,-6.0,0.0012907993514674194,0.95,23.719672107562175,0.3303865224696488,2320.2018631822434,7.749409470867552,262.7054960647117,208.14999999999998,True,23.59871,1070.378,1046.77929,45.35747928594402,1046.77929,23.00172,False,False,0.5953414095534886,4.734848,939.0381,0.8970736323986686,1.0,0.0,3.7432154220475393,-6.652493600213446
S8-3-11-1,300-140K 0.3K-min,S8-3-11,0.30793441143316214,4.492933333333334,0.12,3.919348,268.15,-5.0,0.0013642638777704174,0.95,22.442386603021586,0.3303865224696488,2320.2018631822434,7.749409470867552,262.7054960647117,208.14999999999998,True,22.34767,1077.444,1055.0963299999999,48.21281144745738,1055.0963299999999,22.84286,False,False,0.5968690170056163,4.734848,932.6839,0.8839798542375741,1.0,0.0,3.729256013425322,-6.597140279495637
S8-3-11-1,300-140K 0.3K-min,S8-3-11,0.30793441143316214,4.492933333333334,0.12,3.919348,269.15,-4.0,0.0015160304658678324,0.95,20.195726974348492,0.3303865224696488,2320.2018631822434,7.749409470867552,262.7054960647117,208.14999999999998,True,20.10843,1091.588,1071.47957,54.28509336631453,1071.47957,22.54312,False,False,0.5999124313681501,4.734848,919.2153,0.8578934454158554,1.0,0.0,3.7154003343860302,-6.491659895744997
S8-3-11-1,300-140K 0.3K-min,S8-3-11,0.30793441143316214,4.492933333333334,0.12,3.919348,269.15,-4.0,0.0014392943179408922,0.95,21.27246456253881,0.3303865224696488,2320.2018631822434,7.749409470867552,262.7054960647117,208.14999999999998,True,20.10843,1091.588,1071.47957,54.28509336631453,1071.47957,22.54312,False,False,0.5999124313681501,4.734848,919.2153,0.8578934454158554,1.0,0.0,3.7154003343860302,-6.5436023424968885
S8-3-11-1,300-140K 0.3K-min,S8-3-11,0.30793441143316214,4.492933333333334,0.12,3.919348,270.15,-3.0,0.0015953504335095214,0.95,19.191606264278715,0.3303865224696488,2320.2018631822434,7.749409470867552,262.7054960647117,208.14999999999998,True,19.11185,1098.434,1079.32215,57.47397557013057,1079.32215,22.39898,False,False,0.6013618871807643,4.734848,912.534,0.8454695384505907,1.0,0.0,3.7016472330186936,-6.440661859348014
S8-3-11-1,300-140K 0.3K-min,S8-3-11,0.30793441143316214,4.492933333333334,0.12,3.919348,271.15,-2.0,0.0016769518369891046,0.95,18.25773209350676,0.3303865224696488,2320.2018631822434,7.749409470867552,262.7054960647117,208.14999999999998,True,18.18315,1106.469,1088.28585,60.8513376395179,1088.28585,22.25842,False,False,0.6028601600091251,4.734848,906.1364,0.8326271999217846,1.0,0.0,3.6879955744053112,-6.390777516297609
S8-3-11-1,300-140K 0.3K-min,S8-3-11,0.30793441143316214,4.492933333333334,0.12,3.919348,272.15,-1.0,0.0017614009469307961,0.95,17.382378172789764,0.3303865224696488,2320.2018631822434,7.749409470867552,262.7054960647117,208.14999999999998,True,17.31287,1114.06,1096.74713,64.34866085172476,1096.74713,22.11885,False,False,0.604330072572578,4.734848,899.3633,0.8200279493779019,1.0,0.0,3.6744442403086537,-6.341645793991836
S8-3-11-1,300-140K 0.3K-min,S8-3-11,0.30793441143316214,4.492933333333334,0.12,3.919348,273.15,-0.0,0.0018480503226831154,0.95,16.567372109764264,0.3303865224696488,2320.2018631822434,7.749409470867552,262.7054960647117,208.14999999999998,True,16.49684,1121.341,1104.8441599999999,67.97307848048474,1104.8441599999999,21.98284,False,False,0.6056894247118677,4.734848,893.1299,0.8083763596125624,1.0,0.0,3.660992128866923,-6.293624075244267
S8-3-11-1,300-140K 0.3K-min,S8-3-11,0.30793441143316214,4.492933333333334,0.12,3.919348,273.15,0.0,0.0019370941809066114,0.95,15.805807314506191,0.3303865224696488,2320.2018631822434,7.749409470867552,262.7054960647117,208.14999999999998,True,16.49684,1121.341,1104.8441599999999,67.97307848048474,1104.8441599999999,21.98284,False,False,0.6056894247118677,4.734848,893.1299,0.8083763596125624,1.0,0.0,3.660992128866923,-6.24656627369148
S8-3-11-1,300-140K 0.3K-min,S8-3-11,0.30793441143316214,4.492933333333334,0.12,3.919348,274.15,1.0,0.0020285895787563253,0.95,15.092918594322946,0.3303865224696488,2320.2018631822434,7.749409470867552,262.7054960647117,208.14999999999998,True,15.02974,1136.833,1121.8032600000001,75.63889994105021,1121.8032600000001,21.71777,False,False,0.6084274783322225,4.734848,880.5116,0.7849073285809485,1.0,0.0,3.647638154295094,-6.200414516196017
S8-3-11-1,300-140K 0.3K-min,S8-3-11,0.30793441143316214,4.492933333333334,0.12,3.919348,274.15,1.0,0.0021226922478432835,0.95,14.42382305045359,0.3303865224696488,2320.2018631822434,7.749409470867552,262.7054960647117,208.14999999999998,True,15.02974,1136.833,1121.8032600000001,75.63889994105021,1121.8032600000001,21.71777,False,False,0.6084274783322225,4.734848,880.5116,0.7849073285809485,1.0,0.0,3.647638154295094,-6.155070067747075
S8-3-11-1,300-140K 0.3K-min,S8-3-11,0.30793441143316214,4.492933333333334,0.12,3.919348,275.15,2.0,0.0022194038779599938,0.95,13.79529777230253,0.3303865224696488,2320.2018631822434,7.749409470867552,262.7054960647117,208.14999999999998,True,13.73835,1152.439,1138.70065,83.88481877372465,1138.70065,21.46204,False,False,0.6110736376003065,4.734848,867.9472,0.7622259634259445,1.0,0.0,3.634381246592768,-6.1105166425982675
S8-3-11-1,300-140K 0.3K-min,S8-3-11,0.30793441143316214,4.492933333333334,0.12,3.919348,276.15,3.0,0.002318690334386743,0.95,13.204582310711576,0.3303865224696488,2320.2018631822434,7.749409470867552,262.7054960647117,208.14999999999998,True,13.1532,1159.879,1146.7258,88.1822674330201,1146.7258,21.33313,False,False,0.6122946653855699,4.734848,862.0626,0.7517600109808285,1.0,0.0,3.6212203512583745,-6.066752763740463
S8-3-11-1,300-140K 0.3K-min,S8-3-11,0.30793441143316214,4.492933333333334,0.12,3.919348,277.15,4.0,0.0024199781845657326,0.95,12.651906355492791,0.3303865224696488,2320.2018631822434,7.749409470867552,262.7054960647117,208.14999999999998,True,12.60149,1167.91,1155.30851,92.68031002683017,1155.30851,21.20975,False,False,0.6135701568290765,4.734848,855.884,0.7408272271793439,1.0,0.0,3.608154429009562,-6.023996753496434
S8-3-11-1,300-140K 0.3K-min,S8-3-11,0.30793441143316214,4.492933333333334,0.12,3.919348,278.15,5.0,0.0025237546247397122,0.95,12.131661720726443,0.3303865224696488,2320.2018631822434,7.749409470867552,262.7054960647117,208.14999999999998,True,12.08575,1175.681,1163.59525,97.27828227457957,1163.59525,21.0892,False,False,0.6148233803807639,4.734848,849.5238,0.7300853110220237,1.0,0.0,3.5951824555096175,-5.9820075558516494
S8-3-11-1,300-140K 0.3K-min,S8-3-11,0.30793441143316214,4.492933333333334,0.12,3.919348,279.15,6.0,0.0026296304030877763,0.95,11.643209379352122,0.3303865224696488,2320.2018631822434,7.749409470867552,262.7054960647117,208.14999999999998,True,11.59882,1183.518,1171.91918,102.03779349968359,1171.91918,20.96994,False,False,0.6160248789511236,4.734848,843.5319,0.7197867518475115,1.0,0.0,3.5823034210997675,-5.940911973813223
S8-3-11-1,300-140K 0.3K-min,S8-3-11,0.30793441143316214,4.492933333333334,0.12,3.919348,279.15,6.0,0.0027377529103025117,0.95,11.18338227611563,0.3303865224696488,2320.2018631822434,7.749409470867552,262.7054960647117,208.14999999999998,True,11.59882,1183.518,1171.91918,102.03779349968359,1171.91918,20.96994,False,False,0.6160248789511236,4.734848,843.5319,0.7197867518475115,1.0,0.0,3.5823034210997675,-5.900617800781846
S8-3-11-1,300-140K 0.3K-min,S8-3-11,0.30793441143316214,4.492933333333334,0.12,3.919348,280.15,7.0,0.0028479088624249384,0.95,10.75081361535953,0.3303865224696488,2320.2018631822434,7.749409470867552,262.7054960647117,208.14999999999998,True,10.70912,1199.919,1189.20988,112.04646133389112,1189.20988,20.73606,False,False,0.6184254647015435,4.734848,831.5078,0.6992103025581988,1.0,0.0,3.5695163305372124,-5.861170286497478
S8-3-11-1,300-140K 0.3K-min,S8-3-11,0.30793441143316214,4.492933333333334,0.12,3.919348,281.15,8.0,0.0029604150616944387,0.95,10.342244832363741,0.3303865224696488,2320.2018631822434,7.749409470867552,262.7054960647117,208.14999999999998,True,10.30449,1207.38,1197.0755100000001,117.17028208091814,1197.0755100000001,20.62211,False,False,0.6194804302695993,4.734848,826.1829,0.6901677405462913,1.0,0.0,3.5568202027387517,-5.822425796931152
S8-3-11-1,300-140K 0.3K-min,S8-3-11,0.30793441143316214,4.492933333333334,0.12,3.919348,282.15,9.0,0.0030745072232560232,0.95,9.958453550496506,0.3303865224696488,2320.2018631822434,7.749409470867552,262.7054960647117,208.14999999999998,True,9.92347,1215.255,1205.3315300000002,122.46270709741654,1205.3315300000002,20.51006,False,False,0.6206205297447638,4.734848,820.1021,0.6803954593305953,1.0,0.0,3.5442140705298604,-5.784610643165143
S8-3-11-1,300-140K 0.3K-min,S8-3-11,0.30793441143316214,4.492933333333334,0.12,3.919348,283.15,10.0,0.0031905163278242235,0.95,9.596358152581725,0.3303865224696488,2320.2018631822434,7.749409470867552,262.7054960647117,208.14999999999998,True,9.56344,1222.99,1213.42656,127.88180821963645,1213.42656,20.39957,False,False,0.6217581174971699,4.734848,813.7781,0.6706447071671147,1.0,0.0,3.531696980399082,-5.7475725170309095
S8-3-11-1,300-140K 0.3K-min,S8-3-11,0.30793441143316214,4.492933333333334,0.12,3.919348,284.15,11.0,0.0033085008300152642,0.95,9.254142267608207,0.3303865224696488,2320.2018631822434,7.749409470867552,262.7054960647117,208.14999999999998,True,9.221506,1230.97,1221.748494,133.48904181160864,1221.748494,20.28944,False,False,0.6228338070699517,4.734848,808.0944,0.6614245108289852,1.0,0.0,3.519267992257611,-5.711260113638604
S8-3-11-1,300-140K 0.3K-min,S8-3-11,0.30793441143316214,4.492933333333334,0.12,3.919348,284.15,11.0,0.0034286269132425833,0.95,8.92991222089694,0.3303865224696488,2320.2018631822434,7.749409470867552,262.7054960647117,208.14999999999998,True,9.221506,1230.97,1221.748494,133.48904181160864,1221.748494,20.28944,False,False,0.6228338070699517,4.734848,808.0944,0.6614245108289852,1.0,0.0,3.519267992257611,-5.675595414791362
S8-3-11-1,300-140K 0.3K-min,S8-3-11,0.30793441143316214,4.492933333333334,0.12,3.919348,285.15,12.0,0.003550067672596743,0.95,8.624437671934757,0.3303865224696488,2320.2018631822434,7.749409470867552,262.7054960647117,208.14999999999998,True,8.596153,1245.992,1237.395847,144.9476294803036,1237.395847,20.0741,False,False,0.6248651510950157,4.734848,796.899,0.6440129906141502,1.0,0.0,3.506926179203928,-5.6407886129731954
S8-3-11-1,300-140K 0.3K-min,S8-3-11,0.30793441143316214,4.492933333333334,0.12,3.919348,286.15,13.0,0.0036734494286438197,0.95,8.334764903722803,0.3303865224696488,2320.2018631822434,7.749409470867552,262.7054960647117,208.14999999999998,True,8.306536,1252.78,1244.473464,150.8185843051785,1244.473464,19.96778,False,False,0.6258391231286766,4.734848,791.0678,0.6356646588970575,1.0,0.0,3.494670627293378,-5.6066241595309405
S8-3-11-1,300-140K 0.3K-min,S8-3-11,0.30793441143316214,4.492933333333334,0.12,3.919348,287.15,14.0,0.0037986577151027717,0.95,8.060041117085158,0.3303865224696488,2320.2018631822434,7.749409470867552,262.7054960647117,208.14999999999998,True,8.034226,1259.486,1251.4517740000001,156.76506983995722,1251.4517740000001,19.86215,False,False,0.6267750062469979,4.734848,785.4647,0.62764280359716,1.0,0.0,3.482500435312555,-5.573107507518913
S8-3-11-1,300-140K 0.3K-min,S8-3-11,0.30793441143316214,4.492933333333334,0.12,3.919348,288.15,15.0,0.003925031498883038,0.95,7.80053290837895,0.3303865224696488,2320.2018631822434,7.749409470867552,262.7054960647117,208.14999999999998,True,7.774304,1265.763,1257.988696,162.81367438165526,1257.988696,19.75661,False,False,0.6276896191866363,4.734848,779.7055,0.6198032641145446,1.0,0.0,3.47041471455839,-5.540380902586836
S8-3-11-1,300-140K 0.3K-min,S8-3-11,0.30793441143316214,4.492933333333334,0.12,3.919348,289.15,16.0,0.0040536418248352975,0.95,7.553044569917103,0.3303865224696488,2320.2018631822434,7.749409470867552,262.7054960647117,208.14999999999998,True,7.52977,1271.86,1264.3302299999998,168.91086978752338,1264.3302299999998,19.65247,False,False,0.6285931163200403,4.734848,773.8447,0.6120590029710826,1.0,0.0,3.458412588621823,-5.508139585907487
S8-3-11-1,300-140K 0.3K-min,S8-3-11,0.30793441143316214,4.492933333333334,0.12,3.919348,289.15,16.0,0.004183270395427957,0.95,7.318995541603971,0.3303865224696488,2320.2018631822434,7.749409470867552,262.7054960647117,208.14999999999998,True,7.52977,1271.86,1264.3302299999998,168.91086978752338,1264.3302299999998,19.65247,False,False,0.6285931163200403,4.734848,773.8447,0.6120590029710826,1.0,0.0,3.458412588621823,-5.476661947103249
S8-3-11-1,300-140K 0.3K-min,S8-3-11,0.30793441143316214,4.492933333333334,0.12,3.919348,290.15,17.0,0.004314777176177339,0.95,7.095925495876108,0.3303865224696488,2320.2018631822434,7.749409470867552,262.7054960647117,208.14999999999998,True,7.073485,1282.005,1274.9315150000002,181.24093003660857,1274.9315150000002,19.44489,False,False,0.6302127939528318,4.734848,762.6335,0.5981760518328699,1.0,0.0,3.446493193175944,-5.445709595136456
S8-3-11-1,300-140K 0.3K-min,S8-3-11,0.30793441143316214,4.492933333333334,0.12,3.919348,291.15,18.0,0.004448460934980468,0.95,6.88268095886865,0.3303865224696488,2320.2018631822434,7.749409470867552,262.7054960647117,208.14999999999998,True,6.862106,1285.939,1279.076894,187.39713434913423,1279.076894,19.34022,False,False,0.6309367465857243,4.734848,757.1761,0.5919707435509342,1.0,0.0,3.4346556757685045,-5.415197099934181
S8-3-11-1,300-140K 0.3K-min,S8-3-11,0.30793441143316214,4.492933333333334,0.12,3.919348,292.15,19.0,0.004583755045704211,0.95,6.6795317524995035,0.3303865224696488,2320.2018631822434,7.749409470867552,262.7054960647117,208.14999999999998,True,6.659651,1288.853,1282.1933490000001,193.5316129929331,1282.1933490000001,19.23563,False,False,0.6316786283428668,4.734848,750.8675,0.5856117570611414,1.0,0.0,3.4228991956186894,-5.385236737798496
S8-3-11-1,300-140K 0.3K-min,S8-3-11,0.30793441143316214,4.492933333333334,0.12,3.919348,293.15,20.0,0.0047202720910008685,0.95,6.486350105078183,0.3303865224696488,2320.2018631822434,7.749409470867552,262.7054960647117,208.14999999999998,True,6.46741,1291.631,1285.16359,199.71379578532984,1285.16359,19.12996,False,False,0.6323267048049501,4.734848,745.4679,0.5800568159575695,1.0,0.0,3.4112229234180456,-5.355888834647674
S8-3-11-1,300-140K 0.3K-min,S8-3-11,0.30793441143316214,4.492933333333334,0.12,3.919348,294.15,21.0,0.004858163770106086,0.95,6.302244803244357,0.3303865224696488,2320.2018631822434,7.749409470867552,262.7054960647117,208.14999999999998,True,6.283408,1293.35,1287.066592,205.83575028073938,1287.066592,19.02291,False,False,0.6329728296866036,4.734848,739.4437,0.5745186026862544,1.0,0.0,3.3996260411354755,-5.327094737544666
S8-3-11-1,300-140K 0.3K-min,S8-3-11,0.30793441143316214,4.492933333333334,0.12,3.919348,294.15,21.0,0.004997351037608694,0.95,6.126713361347524,0.3303865224696488,2320.2018631822434,7.749409470867552,262.7054960647117,208.14999999999998,True,6.283408,1293.35,1287.066592,205.83575028073938,1287.066592,19.02291,False,False,0.6329728296866036,4.734848,739.4437,0.5745186026862544,1.0,0.0,3.3996260411354755,-5.29884729941592
S8-3-11-1,300-140K 0.3K-min,S8-3-11,0.30793441143316214,4.492933333333334,0.12,3.919348,295.15,22.0,0.005137273423135175,0.95,5.9598418950369885,0.3303865224696488,2320.2018631822434,7.749409470867552,262.7054960647117,208.14999999999998,True,5.942616,1291.565,1285.622384,217.33946800533639,1285.622384,18.80691,False,False,0.6339134587853702,4.734848,728.2486,0.5664560675539696,1.0,0.0,3.3881077418261905,-5.271232802685094
S8-3-11-1,300-140K 0.3K-min,S8-3-11,0.30793441143316214,4.492933333333334,0.12,3.919348,296.15,23.0,0.005276806607727793,0.95,5.802247391182108,0.3303865224696488,2320.2018631822434,7.749409470867552,262.7054960647117,208.14999999999998,True,5.785863,1288.714,1282.9281369999999,222.7349662444479,1282.9281369999999,18.69687,False,False,0.6343141150547547,4.734848,722.3166,0.5630218709592457,1.0,0.0,3.3766672294445383,-5.244434173377258
S8-3-11-1,300-140K 0.3K-min,S8-3-11,0.30793441143316214,4.492933333333334,0.12,3.919348,297.15,24.0,0.005414483945780397,0.95,5.654710158910293,0.3303865224696488,2320.2018631822434,7.749409470867552,262.7054960647117,208.14999999999998,True,5.639163,1283.793,1278.1538369999998,227.65665755715872,1278.1538369999998,18.58344,False,False,0.6346179471926378,4.734848,716.2999,0.560417595491676,1.0,0.0,3.365303718660609,-5.218677703942179
S8-3-11-1,300-140K 0.3K-min,S8-3-11,0.30793441143316214,4.492933333333334,0.12,3.919348,298.15,25.0,0.005543214784619707,0.95,5.523390047669171,0.3303865224696488,2320.2018631822434,7.749409470867552,262.7054960647117,208.14999999999998,True,5.508228,1277.068,1271.559772,231.84733820023428,1271.559772,18.46627,False,False,0.6347576534268236,4.734848,711.0818,0.5592201134843698,1.0,0.0,3.3540164346805303,-5.195180660491341
S8-3-11-1,300-140K 0.3K-min,S8-3-11,0.30793441143316214,4.492933333333334,0.12,3.919348,299.15,26.0,0.0056417780208523755,0.95,5.4268950781646215,0.3303865224696488,2320.2018631822434,7.749409470867552,262.7054960647117,208.14999999999998,True,5.414749,1266.586,1261.171251,233.9140743181263,1261.171251,18.35453,False,False,0.6347514860216235,4.734848,705.339,0.559272976957512,1.0,0.0,3.342804613070366,-5.177556011229436
S8-3-11-1,300-140K 0.3K-min,S8-3-11,0.30793441143316214,4.492933333333334,0.12,3.919348,299.15,26.0,0.005642104154042319,0.95,5.426581384805724,0.3303865224696488,2320.2018631822434,7.749409470867552,262.7054960647117,208.14999999999998,True,5.414749,1266.586,1261.171251,233.9140743181263,1261.171251,18.35453,False,False,0.6347514860216235,4.734848,705.339,0.559272976957512,1.0,0.0,3.342804613070366,-5.177498206090216
S8-3-11-2,300-150K 1K-min,S8-3-11,0.30793441143316214,4.492933333333334,0.12,3.919348,182.14999999999998,-91.0,4.886084232671419e-07,0.7445182645679196,62662.32,0.844272533479554,1.3275872340532518e+17,39.42730976590819,239.58932196112252,182.14999999999998,True,5375.187,69496.09,64120.903,12.929055305424722,64120.903,2833.325,True,True,0.9819052766614969,15046.87,9945.0,0.15509762861574175,0.625,0.68,5.489980785067253,-14.531704438674273
S8-3-11-2,300-150K 1K-min,S8-3-11,0.30793441143316214,4.492933333333334,0.12,3.919348,187.14999999999998,-86.0,2.7830982862242016e-06,0.8990103207433892,11001.17,0.844272533479554,1.3275872340532518e+17,39.42730976590819,239.58932196112252,182.14999999999998,True,4743.745,16476.58,11732.835000000003,3.473327508118586,11732.835000000003,440.1798,False,False,0.680671224530701,4.734848,1943.84,0.1656752183082775,0.5116279069767442,0.0,5.343307507347048,-12.79194575939872
S8-3-11-2,300-150K 1K-min,S8-3-11,0.30793441143316214,4.492933333333334,0.12,3.919348,192.14999999999998,-81.0,9.377078451207799e-06,0.95,3265.1254367523693,0.844272533479554,1.3275872340532518e+17,39.42730976590819,239.58932196112252,182.14999999999998,True,2133.469,5727.867,3594.398,2.6847669218535635,3594.398,148.7089,False,False,0.643691423895369,4.734848,1734.818,0.4826449380396938,0.627906976744186,0.0,5.204267499349467,-11.577242309217771
S8-3-11-2,300-150K 1K-min,S8-3-11,0.30793441143316214,4.492933333333334,0.12,3.919348,195.14999999999998,-78.0,2.673330845469532e-05,0.8998516227192216,1145.288,0.844272533479554,1.3275872340532518e+17,39.42730976590819,239.58932196112252,182.14999999999998,True,991.682,2689.495,1697.8129999999999,2.712053864041094,1697.8129999999999,51.09824,False,False,0.5924256774254094,4.734848,1565.495,0.9220656220679186,0.5813953488372093,0.0,5.124263387138099,-10.529600262382717
S8-3-11-2,300-150K 1K-min,S8-3-11,0.30793441143316214,4.492933333333334,0.12,3.919348,199.14999999999998,-74.0,5.5390650890345734e-05,0.8999290522534305,552.7528,0.844272533479554,1.3275872340532518e+17,39.42730976590819,239.58932196112252,182.14999999999998,True,508.223,1795.62,1287.397,3.5331340769701485,1287.397,30.94133,False,False,0.5687824087415667,4.734848,1447.964,1.1247222107865709,0.7906976744186046,0.0,5.021340697966358,-9.80109973494397
S8-3-11-2,300-150K 1K-min,S8-3-11,0.30793441143316214,4.492933333333334,0.12,3.919348,202.14999999999998,-71.0,9.9774290320404e-05,0.8999591005050585,306.866,0.844272533479554,1.3275872340532518e+17,39.42730976590819,239.58932196112252,182.14999999999998,True,284.5561,1457.607,1173.0509,5.122388871649562,1173.0509,29.28326,False,False,0.565245503555444,4.734848,1354.919,1.1550385409533372,0.7441860465116279,0.0,4.946821667078902,-9.212600019854532
S8-3-11-2,300-150K 1K-min,S8-3-11,0.30793441143316214,4.492933333333334,0.12,3.919348,205.14999999999998,-68.0,0.0001630260596734781,0.8999729487172436,187.8064,0.3922017135532004,846087.9589212683,13.648378603539927,239.58932196112252,182.14999999999998,True,180.6678,1308.318,1127.6502,7.241567119320654,1127.6502,27.95419,False,False,0.5673191976258832,4.734848,1282.436,1.1372640203495719,0.8372093023255814,0.0,4.874482086278333,-8.721600494638793
S8-3-11-2,300-150K 1K-min,S8-3-11,0.30793441143316214,4.492933333333334,0.12,3.919348,208.14999999999998,-65.0,0.00024551812175503066,0.8999888098165395,124.705,0.3922017135532004,846087.9589212683,13.648378603539927,239.58932196112252,182.14999999999998,True,123.2338,1225.512,1102.2782,9.944609352304319,1102.2782,26.93247,False,False,0.5705062236859383,4.734848,1223.47,1.1099466541205287,0.9767441860465116,0.0,4.804227720393947,-8.312139797751172
S8-3-11-2,300-150K 1K-min,S8-3-11,0.30793441143316214,4.492933333333334,0.12,3.919348,210.14999999999998,-63.0,0.0003487130916984701,0.95,87.80094037861849,0.3922017135532004,846087.9589212683,13.648378603539927,239.58932196112252,182.14999999999998,True,86.73039,1155.879,1069.14861,13.327266255807219,1069.14861,26.03231,False,False,0.572257827032421,4.734848,1170.646,1.0949329111506763,1.0,0.0,4.758505829169641,-7.961261060684398
S8-3-11-2,300-150K 1K-min,S8-3-11,0.30793441143316214,4.492933333333334,0.12,3.919348,213.14999999999998,-60.0,0.0004800604714173948,0.95,63.77808462976002,0.3922017135532004,846087.9589212683,13.648378603539927,239.58932196112252,182.14999999999998,True,62.69478,1087.368,1024.67322,17.343836281106654,1024.67322,25.20169,False,False,0.5724755716103651,4.734848,1120.036,1.0930665290540131,1.0,0.0,4.691531785127845,-7.641598479877846
S8-3-11-2,300-150K 1K-min,S8-3-11,0.30793441143316214,4.492933333333334,0.12,3.919348,216.14999999999998,-57.0,0.0006467742235198283,0.95,47.33852441867212,0.3922017135532004,846087.9589212683,13.648378603539927,239.58932196112252,182.14999999999998,True,46.47227,1017.391,970.91873,21.892431766298483,970.91873,24.43863,False,False,0.5712371631763661,4.734848,1071.585,1.1036814584882908,1.0,0.0,4.626416840157298,-7.343513283374822
S8-3-11-2,300-150K 1K-min,S8-3-11,0.30793441143316214,4.492933333333334,0.12,3.919348,219.14999999999998,-54.0,0.0008563264467606947,0.95,35.75428213069926,0.3922017135532004,846087.9589212683,13.648378603539927,239.58932196112252,182.14999999999998,True,35.12091,945.4991,910.37819,26.92125858925637,910.37819,23.71926,False,False,0.5686451030496094,4.734848,1024.994,1.1258991167176344,0.9767441860465116,0.0,4.56308464522017,-7.062858891484738
S8-3-11-2,300-150K 1K-min,S8-3-11,0.30793441143316214,4.492933333333334,0.12,3.919348,221.14999999999998,-52.0,0.0011106863967472146,0.95,27.566140598397382,0.3922017135532004,846087.9589212683,13.648378603539927,239.58932196112252,182.14999999999998,True,27.14022,878.6267,851.48648,32.37360271950633,851.48648,23.05083,False,False,0.5658783362792406,4.734848,978.881,1.1496142604636526,1.0,0.0,4.52181777074384,-6.802777079325267
S8-3-11-2,300-150K 1K-min,S8-3-11,0.30793441143316214,4.492933333333334,0.12,3.919348,224.14999999999998,-49.0,0.0014161917964082274,0.95,21.6194850521754,0.3922017135532004,846087.9589212683,13.648378603539927,239.58932196112252,182.14999999999998,True,21.28942,817.0476,795.75818,38.378105180883274,795.75818,22.4394,False,False,0.5627800491685386,4.734848,935.9477,1.1761710071268119,1.0,0.0,4.461298237787196,-6.559783843442218
S8-3-11-2,300-150K 1K-min,S8-3-11,0.30793441143316214,4.492933333333334,0.12,3.919348,227.14999999999998,-46.0,0.0017637698230061538,0.95,17.359032326155333,0.3922017135532004,846087.9589212683,13.648378603539927,239.58932196112252,182.14999999999998,True,17.10516,763.5342,746.4290400000001,44.63765319938545,746.4290400000001,21.85557,False,False,0.5597768271002248,4.734848,897.1427,1.2019129105695012,1.0,0.0,4.402377283733216,-6.340301815735729
S8-3-11-2,300-150K 1K-min,S8-3-11,0.30793441143316214,4.492933333333334,0.12,3.919348,230.14999999999998,-43.0,0.0021596807616300786,0.95,14.176788494588346,0.3922017135532004,846087.9589212683,13.648378603539927,239.58932196112252,182.14999999999998,True,13.97796,719.1022,705.12424,51.44543266685554,705.12424,21.30952,False,False,0.5575681168848582,4.734848,860.8472,1.220844712415501,1.0,0.0,4.344992396263307,-6.137794863750531
S8-3-11-2,300-150K 1K-min,S8-3-11,0.30793441143316214,4.492933333333334,0.12,3.919348,232.14999999999998,-41.0,0.002601753607527324,0.95,11.767961918023225,0.3922017135532004,846087.9589212683,13.648378603539927,239.58932196112252,182.14999999999998,True,11.61438,682.9054,671.29102,58.79826559833585,671.29102,20.79698,False,False,0.5561388819611105,4.734848,827.7658,1.2330952974761955,1.0,0.0,4.307559767391773,-5.951569596870031
S8-3-11-2,300-150K 1K-min,S8-3-11,0.30793441143316214,4.492933333333334,0.12,3.919348,235.14999999999998,-38.0,0.0030883652340569553,0.95,9.913768305583917,0.3922017135532004,846087.9589212683,13.648378603539927,239.58932196112252,182.14999999999998,True,9.79489,654.4638,644.66891,66.81686062834804,644.66891,20.31948,False,False,0.555768542232529,4.734848,796.9846,1.2362696380068938,1.0,0.0,4.25260472039124,-5.780113378536065
S8-3-11-2,300-150K 1K-min,S8-3-11,0.30793441143316214,4.492933333333334,0.12,3.919348,238.14999999999998,-35.0,0.003613872628082875,0.95,8.472168370168404,0.3922017135532004,846087.9589212683,13.648378603539927,239.58932196112252,182.14999999999998,True,8.377517,632.3277,623.950183,75.47913063023329,623.950183,19.87333,False,False,0.5561063354422748,4.734848,769.5641,1.2333742676376436,1.0,0.0,4.199034222128911,-5.622975331461167
S8-3-11-2,300-150K 1K-min,S8-3-11,0.30793441143316214,4.492933333333334,0.12,3.919348,241.14999999999998,-32.0,0.00417528863305854,0.95,7.3329870253862826,0.3922017135532004,846087.9589212683,13.648378603539927,239.58932196112252,182.14999999999998,True,7.25641,615.0065,607.75009,84.7535489312208,607.75009,19.45216,False,False,0.5569809892308424,4.734848,745.027,1.2258772351642084,1.0,0.0,4.146796599626788,-5.478571789402224
S8-3-11-2,300-150K 1K-min,S8-3-11,0.30793441143316214,4.492933333333334,0.12,3.919348,244.14999999999998,-29.0,0.004779933571241602,0.95,6.405389722917875,0.13591510535244358,3.4365868755993723,1.2344787915158744,239.58932196112252,182.14999999999998,True,6.345208,602.3365,595.991292,94.92777856927621,595.991292,19.04825,False,False,0.5586025733409543,4.734848,722.3283,1.2119779427918198,1.0,0.0,4.095842719639566,-5.34332862980513
S8-3-11-2,300-150K 1K-min,S8-3-11,0.30793441143316214,4.492933333333334,0.12,3.919348,246.14999999999998,-27.0,0.005413348063835186,0.95,5.655896685824721,0.13591510535244358,3.4365868755993723,1.2344787915158744,239.58932196112252,182.14999999999998,True,5.606455,592.0129,586.406445,105.59487233911624,586.406445,18.66593,False,False,0.5608054634642816,4.734848,699.6392,1.193096027449014,1.0,0.0,4.062563477554337,-5.218887511768597
S8-3-11-2,300-150K 1K-min,S8-3-11,0.30793441143316214,4.492933333333334,0.12,3.919348,249.14999999999998,-24.0,0.006054601513390946,0.95,5.056870762798314,0.13591510535244358,3.4365868755993723,1.2344787915158744,239.58932196112252,182.14999999999998,True,5.017074,586.3959,581.378826,116.88005797801667,581.378826,18.30568,False,False,0.5634646668974722,4.734848,680.3893,1.1703028551645238,1.0,0.0,4.013646397752359,-5.106936715308554
S8-3-11-2,300-150K 1K-min,S8-3-11,0.30793441143316214,4.492933333333334,0.12,3.919348,252.14999999999998,-21.0,0.006708483666555276,0.95,4.563972858144071,0.13591510535244358,3.4365868755993723,1.2344787915158744,239.58932196112252,182.14999999999998,True,4.530307,585.0275,580.497193,129.1363918604192,580.497193,17.96033,False,False,0.5669615731745093,4.734848,661.958,1.1403293727899193,1.0,0.0,3.9658933174697606,-5.004382334675435
S8-3-11-2,300-150K 1K-min,S8-3-11,0.30793441143316214,4.492933333333334,0.12,3.919348,255.14999999999998,-18.0,0.0073619324017824795,0.95,4.158872386012129,0.13591510535244358,3.4365868755993723,1.2344787915158744,239.58932196112252,182.14999999999998,True,4.129362,588.4723,584.342938,142.5092544562574,584.342938,17.62909,False,False,0.5711315791298798,4.734848,645.4573,1.1045864646010302,1.0,0.0,3.919263178522438,-4.911432826112766
S8-3-11-2,300-150K 1K-min,S8-3-11,0.30793441143316214,4.492933333333334,0.12,3.919348,258.15,-15.0,0.008012056737405283,0.95,3.8214079576496567,0.13591510535244358,3.4365868755993723,1.2344787915158744,239.58932196112252,182.14999999999998,True,3.796692,597.4911,593.694408,157.37149602864807,593.694408,17.31175,False,False,0.5761320038125295,4.734848,630.3406,1.0617256816068898,1.0,0.0,3.873716831299632,-4.826807779650309
S8-3-11-2,300-150K 1K-min,S8-3-11,0.30793441143316214,4.492933333333334,0.12,3.919348,260.15,-13.0,0.008656962840217773,0.95,3.5367296751259816,0.13591510535244358,3.4365868755993723,1.2344787915158744,239.58932196112252,182.14999999999998,True,3.516215,611.7192,608.202985,173.9709318116213,608.202985,17.0046,False,False,0.5818923641641341,4.734848,615.715,1.0123511643074212,1.0,0.0,3.8439361906592353,-4.7493913292126315
S8-3-11-2,300-150K 1K-min,S8-3-11,0.30793441143316214,4.492933333333334,0.12,3.919348,263.15,-10.0,0.009304360599189002,0.95,3.2906438918682714,0.13591510535244358,3.4365868755993723,1.2344787915158744,239.58932196112252,182.14999999999998,True,3.272398,631.6588,628.3864020000001,193.02627614367202,628.3864020000001,16.69905,False,False,0.5881519161199165,4.734848,602.4327,0.9586978618292872,1.0,0.0,3.800114003420103,-4.677272107080345
S8-3-11-2,300-150K 1K-min,S8-3-11,0.30793441143316214,4.492933333333334,0.12,3.919348,266.15,-7.0,0.009926549254658992,0.95,3.0843888029962634,0.13591510535244358,3.4365868755993723,1.2344787915158744,239.58932196112252,182.14999999999998,True,3.068935,657.459,654.3900649999999,214.23034375117098,654.3900649999999,16.4096,False,False,0.5948081421947221,4.734848,590.0272,0.9016444954738106,1.0,0.0,3.7572797294758598,-4.6125423684033215
S8-3-11-2,300-150K 1K-min,S8-3-11,0.30793441143316214,4.492933333333334,0.12,3.919348,269.15,-4.0,0.010540714544720367,0.95,2.9046738002023504,0.13591510535244358,3.4365868755993723,1.2344787915158744,239.58932196112252,182.14999999999998,True,2.890396,689.0506,686.160204,238.39314751335112,686.160204,16.12317,False,False,0.6016816171013809,4.734848,578.2471,0.8427289962738777,1.0,0.0,3.7154003343860302,-4.552509944550071
S8-3-11-2,300-150K 1K-min,S8-3-11,0.30793441143316214,4.492933333333334,0.12,3.919348,272.15,-1.0,0.011128744487208296,0.95,2.751194207815047,0.13591510535244358,3.4365868755993723,1.2344787915158744,239.58932196112252,182.14999999999998,True,2.738778,725.5527,722.8139219999999,264.9184052157568,722.8139219999999,15.84523,False,False,0.6085064938746435,4.734848,566.8524,0.7842300525030552,1.0,0.0,3.6744442403086537,-4.498223924441377
S8-3-11-2,300-150K 1K-min,S8-3-11,0.30793441143316214,4.492933333333334,0.12,3.919348,274.15,1.0,0.01169498047234127,0.95,2.6179896106600062,0.13591510535244358,3.4365868755993723,1.2344787915158744,239.58932196112252,182.14999999999998,True,2.607043,765.4729,762.865857,293.6172897800305,762.865857,15.5768,False,False,0.6150072745576641,4.734848,555.7547,0.7285090752200215,1.0,0.0,3.647638154295094,-4.448595548691616
S8-3-11-2,300-150K 1K-min,S8-3-11,0.30793441143316214,4.492933333333334,0.12,3.919348,276.15,3.0,0.01224346081214219,0.95,2.500709386278838,0.13591510535244358,3.4365868755993723,1.2344787915158744,239.58932196112252,182.14999999999998,True,2.490749,807.6617,805.170951,324.2645886839661,805.170951,15.31099,False,False,0.6209202427704905,4.734848,545.7662,0.6778264905386525,1.0,0.0,3.6212203512583745,-4.402763295773052
S8-3-11-2,300-150K 1K-min,S8-3-11,0.30793441143316214,4.492933333333334,0.12,3.919348,279.15,6.0,0.012761907889164856,0.95,2.399119131666504,0.13591510535244358,3.4365868755993723,1.2344787915158744,239.58932196112252,182.14999999999998,True,2.389653,851.1234,848.733747,356.1702891591373,848.733747,15.05444,False,False,0.6263623837028836,4.734848,535.7034,0.6311795682609983,1.0,0.0,3.5823034210997675,-4.3612904911482335
S8-3-11-2,300-150K 1K-min,S8-3-11,0.30793441143316214,4.492933333333334,0.12,3.919348,282.15,9.0,0.013273618754859091,0.95,2.306630764293495,0.13591510535244358,3.4365868755993723,1.2344787915158744,239.58932196112252,182.14999999999998,True,2.296922,893.9843,891.687378,389.2096901853872,891.687378,14.79794,False,False,0.6311697482986389,4.734848,526.072,0.5899735860116654,1.0,0.0,3.5442140705298604,-4.321976765865751
S8-3-11-2,300-150K 1K-min,S8-3-11,0.30793441143316214,4.492933333333334,0.12,3.919348,285.15,12.0,0.013752002345831571,0.95,2.2263912267831785,0.13591510535244358,3.4365868755993723,1.2344787915158744,239.58932196112252,182.14999999999998,True,2.218253,932.608,930.3897469999999,420.4245412944331,930.3897469999999,14.54714,False,False,0.6352061629429514,4.734848,516.7159,0.5553757462032731,1.0,0.0,3.506926179203928,-4.286570840320483
S8-3-11-2,300-150K 1K-min,S8-3-11,0.30793441143316214,4.492933333333334,0.12,3.919348,288.15,15.0,0.014197706667263154,0.95,2.1564987987854454,0.13591510535244358,3.4365868755993723,1.2344787915158744,239.58932196112252,182.14999999999998,True,2.148546,965.825,963.676454,449.5249345371242,963.676454,14.30994,False,False,0.6385641469662805,4.734848,507.4653,0.5265930260033099,1.0,0.0,3.47041471455839,-4.2546748297232355
S8-3-11-2,300-150K 1K-min,S8-3-11,0.30793441143316214,4.492933333333334,0.12,3.919348,291.15,18.0,0.014613343986495322,0.95,2.095162982665405,0.13591510535244358,3.4365868755993723,1.2344787915158744,239.58932196112252,182.14999999999998,True,2.086599,991.347,989.260401,475.10182838197466,989.260401,14.08644,False,False,0.6412934316640727,4.734848,497.795,0.5031991571650906,1.0,0.0,3.4346556757685045,-4.225820196007879
S8-3-11-2,300-150K 1K-min,S8-3-11,0.30793441143316214,4.492933333333334,0.12,3.919348,294.15,21.0,0.0149752543644375,0.95,2.0445287023751426,0.13591510535244358,3.4365868755993723,1.2344787915158744,239.58932196112252,182.14999999999998,True,2.036749,1008.153,1006.116251,494.98146310615596,1006.116251,13.87767,False,False,0.6433442491262705,4.734848,488.5909,0.48562072177482346,1.0,0.0,3.3996260411354755,-4.201356149185818
S8-3-11-2,300-150K 1K-min,S8-3-11,0.30793441143316214,4.492933333333334,0.12,3.919348,297.15,24.0,0.015248653420946529,0.95,2.0078715495889727,0.13591510535244358,3.4365868755993723,1.2344787915158744,239.58932196112252,182.14999999999998,True,2.000878,1014.397,1012.3961220000001,506.9759375634097,1012.3961220000001,13.70621,False,False,0.6445264008363452,4.734848,481.3822,0.4754879928313272,1.0,0.0,3.365303718660609,-4.183264080093216
S8-3-11-2,300-150K 1K-min,S8-3-11,0.30793441143316214,4.492933333333334,0.12,3.919348,299.15,26.0,0.015394615165363347,0.95,1.988834215378612,0.13591510535244358,3.4365868755993723,1.2344787915158744,239.58932196112252,182.14999999999998,True,1.982151,1010.557,1008.574849,509.82846412811136,1008.574849,13.58728,False,False,0.6448856439475487,4.734848,476.4596,0.47240876616386807,1.0,0.0,3.342804613070366,-4.173737495296265
S8-3-2-1,300-140K 1K-min,S8-3-2,0.29412726488993274,4.2860000000000005,0.12,3.919348,203.14999999999998,-70.0,1.9514465270830475e-07,0.795315205956021,156895.6,0.994015008811645,1.0109178454661601e+18,41.45739034996282,259.31965810803047,203.14999999999998,True,3437.754,173080.7,169642.94600000003,50.34702890317342,169642.94600000003,6134.822,True,True,0.9694516829482553,2390.625,44419.77,0.26184271758638283,0.625,0.75,4.922471080482403,-15.449524744626254
S8-3-2-1,300-140K 1K-min,S8-3-2,0.29412726488993274,4.2860000000000005,0.12,3.919348,208.14999999999998,-65.0,8.001388571617766e-07,0.6602398590258841,38265.03,0.994015008811645,1.0109178454661601e+18,41.45739034996282,259.31965810803047,203.14999999999998,True,5691.219,42133.12,36441.901000000005,7.4031802325652905,36441.901000000005,1709.331,False,False,0.9323176142759402,18984.38,5523.255,0.1515633062062267,0.42857142857142855,0.7692307692307693,4.804227720393947,-14.038480552888045
S8-3-2-1,300-140K 1K-min,S8-3-2,0.29412726488993274,4.2860000000000005,0.12,3.919348,212.14999999999998,-61.0,3.5044953110981335e-06,0.95,8736.589624332286,0.994015008811645,1.0109178454661601e+18,41.45739034996282,259.31965810803047,203.14999999999998,True,4650.57,13618.24,8967.67,2.9282948111736844,8967.67,400.4007,False,False,0.6706630168891883,4.734848,2255.009,0.25145985523552933,0.5813953488372093,0.0,4.713646005185011,-12.561464038972932
S8-3-2-1,300-140K 1K-min,S8-3-2,0.29412726488993274,4.2860000000000005,0.12,3.919348,217.14999999999998,-56.0,8.394185142353827e-06,0.95,3647.446042019945,0.994015008811645,1.0109178454661601e+18,41.45739034996282,259.31965810803047,203.14999999999998,True,2330.967,6201.811,3870.8439999999996,2.660617245975597,3870.8439999999996,173.8246,False,False,0.6392195819137463,4.734848,2016.613,0.5209750121678889,0.6046511627906976,0.0,4.605111673958094,-11.687971336785058
S8-3-2-1,300-140K 1K-min,S8-3-2,0.29412726488993274,4.2860000000000005,0.12,3.919348,221.14999999999998,-52.0,2.1016987605256144e-05,0.8997990780816101,1456.79,0.994015008811645,1.0109178454661601e+18,41.45739034996282,259.31965810803047,203.14999999999998,True,1253.904,3414.752,2160.848,2.723296201304087,2160.848,78.08132,False,False,0.6009447062758078,4.734848,1834.658,0.8490453747787902,0.627906976744186,0.0,4.52181777074384,-10.770179513667655
S8-3-2-1,300-140K 1K-min,S8-3-2,0.29412726488993274,4.2860000000000005,0.12,3.919348,224.14999999999998,-49.0,4.2063698349111924e-05,0.8999088922216786,727.8803,0.994015008811645,1.0109178454661601e+18,41.45739034996282,259.31965810803047,203.14999999999998,True,676.5803,2368.673,1692.0926999999997,3.5009488156838144,1692.0926999999997,38.46488,False,False,0.5829525809470525,4.734848,1697.615,1.0032635918824067,0.6976744186046512,0.0,4.461298237787196,-10.076325461238866
S8-3-2-1,300-140K 1K-min,S8-3-2,0.29412726488993274,4.2860000000000005,0.12,3.919348,227.14999999999998,-46.0,7.176829382990067e-05,0.8999648298591689,426.6137,0.994015008811645,1.0109178454661601e+18,41.45739034996282,259.31965810803047,203.14999999999998,True,418.8068,1910.27,1491.4632,4.561220113904549,1491.4632,36.17472,False,False,0.5749159326671062,4.734848,1599.071,1.0721491485676609,0.7906976744186046,0.0,4.402377283733216,-9.542067769552526
S8-3-2-1,300-140K 1K-min,S8-3-2,0.29412726488993274,4.2860000000000005,0.12,3.919348,231.14999999999998,-42.0,0.00010594285707079928,0.8999530529007237,288.9986,0.48199261567754537,3905217.444096971,15.177824023213201,259.31965810803047,203.14999999999998,True,271.3767,1631.279,1359.9023,6.011124020595725,1359.9023,34.62517,False,False,0.5701749873256827,4.734848,1513.28,1.1127858229227194,0.7906976744186046,0.0,4.3261951113995245,-9.1526106934481
S8-3-2-1,300-140K 1K-min,S8-3-2,0.29412726488993274,4.2860000000000005,0.12,3.919348,233.14999999999998,-40.0,0.00015648939221155352,0.8999690129078377,195.6512,0.48199261567754537,3905217.444096971,15.177824023213201,259.31965810803047,203.14999999999998,True,188.7336,1437.303,1248.5694,7.615512023296329,1248.5694,33.15558,False,False,0.5661977326477274,4.734848,1431.955,1.1468765773051932,0.813953488372093,0.0,4.2890842805061125,-8.762522331677152
S8-3-2-1,300-140K 1K-min,S8-3-2,0.29412726488993274,4.2860000000000005,0.12,3.919348,236.14999999999998,-37.0,0.00021609700912853593,0.8999795526243058,141.6833,0.48199261567754537,3905217.444096971,15.177824023213201,259.31965810803047,203.14999999999998,True,137.6344,1317.239,1179.6046000000001,9.570565207535326,1179.6046000000001,32.0321,False,False,0.5648239559820865,4.734848,1366.751,1.1586518058678297,0.9069767441860465,0.0,4.2345966546686435,-8.43978313476685
S8-3-2-1,300-140K 1K-min,S8-3-2,0.29412726488993274,4.2860000000000005,0.12,3.919348,239.14999999999998,-34.0,0.00029616449463830934,0.899991376446861,103.3795,0.48199261567754537,3905217.444096971,15.177824023213201,259.31965810803047,203.14999999999998,True,102.932,1229.107,1126.175,11.940961022811177,1126.175,31.02565,False,False,0.5644777084674526,4.734848,1308.187,1.1616196417075488,1.0,0.0,4.181476061049551,-8.124595532868815
S8-3-2-1,300-140K 1K-min,S8-3-2,0.29412726488993274,4.2860000000000005,0.12,3.919348,242.14999999999998,-31.0,0.0003882347815623339,0.95,78.86294280551282,0.48199261567754537,3905217.444096971,15.177824023213201,259.31965810803047,203.14999999999998,True,78.54008,1164.554,1086.01392,14.827512271441536,1086.01392,30.12518,False,False,0.5650817784484138,4.734848,1255.912,1.1564418990135954,1.0,0.0,4.129671691100558,-7.853900294225076
S8-3-2-1,300-140K 1K-min,S8-3-2,0.29412726488993274,4.2860000000000005,0.12,3.919348,245.14999999999998,-28.0,0.0004968753216440004,0.95,61.61975859891408,0.48199261567754537,3905217.444096971,15.177824023213201,259.31965810803047,203.14999999999998,True,61.15502,1116.525,1055.3699800000002,18.25729106130617,1055.3699800000002,29.31056,False,False,0.5661986292238482,4.734848,1210.371,1.1468688923670152,1.0,0.0,4.079135223332654,-7.60717142522205
S8-3-2-1,300-140K 1K-min,S8-3-2,0.29412726488993274,4.2860000000000005,0.12,3.919348,247.14999999999998,-26.0,0.0006273849233209993,0.95,48.801519187600626,0.48199261567754537,3905217.444096971,15.177824023213201,259.31965810803047,203.14999999999998,True,48.36477,1080.214,1031.84923,22.334728357025163,1031.84923,28.56298,False,False,0.567790116326717,4.734848,1169.32,1.133227574342425,1.0,0.0,4.046125834513454,-7.373950292906059
S8-3-2-1,300-140K 1K-min,S8-3-2,0.29412726488993274,4.2860000000000005,0.12,3.919348,250.14999999999998,-23.0,0.0007815098951257881,0.95,39.177158938637724,0.48199261567754537,3905217.444096971,15.177824023213201,259.31965810803047,203.14999999999998,True,38.80617,1052.284,1013.4778300000002,27.116409581259887,1013.4778300000002,27.87868,False,False,0.5695475821771718,4.734848,1133.234,1.1181635813385267,1.0,0.0,3.9976014391365187,-7.15428274647364
S8-3-2-1,300-140K 1K-min,S8-3-2,0.29412726488993274,4.2860000000000005,0.12,3.919348,253.14999999999998,-20.0,0.0009653497650831628,0.95,31.716315143893446,0.48199261567754537,3905217.444096971,15.177824023213201,259.31965810803047,203.14999999999998,True,31.58175,1030.832,999.25025,32.640116522991924,999.25025,27.24825,False,False,0.5716058698342417,4.734848,1099.696,1.1005211157064996,1.0,0.0,3.950227138060439,-6.943020071431354
S8-3-2-1,300-140K 1K-min,S8-3-2,0.29412726488993274,4.2860000000000005,0.12,3.919348,256.15,-17.0,0.0011709716795675331,0.95,26.146949501604333,0.48199261567754537,3905217.444096971,15.177824023213201,259.31965810803047,203.14999999999998,True,25.99787,1013.841,987.84313,38.99707937611812,987.84313,26.66312,False,False,0.5735960401593994,4.734848,1070.291,1.0834625129194337,1.0,0.0,3.9039625219597895,-6.749921379486057
S8-3-2-1,300-140K 1K-min,S8-3-2,0.29412726488993274,4.2860000000000005,0.12,3.919348,258.15,-15.0,0.0014093904123824083,0.95,21.723815562010316,0.48199261567754537,3905217.444096971,15.177824023213201,259.31965810803047,203.14999999999998,True,21.58807,997.967,976.37893,46.227708174005365,976.37893,26.14514,False,False,0.575472015767485,4.734848,1042.17,1.067382721992986,1.0,0.0,3.873716831299632,-6.5645979997180115
S8-3-2-1,300-140K 1K-min,S8-3-2,0.29412726488993274,4.2860000000000005,0.12,3.919348,261.15,-12.0,0.0016707025791573309,0.95,18.32602508395233,0.26387244451332637,225.0826360916941,5.416467606295385,259.31965810803047,203.14999999999998,True,18.19025,988.05,969.85975,54.31756023144267,969.85975,25.64749,False,False,0.577690150560429,4.734848,1016.772,1.048370138053465,1.0,0.0,3.8292169251388093,-6.39451103494323
S8-3-2-1,300-140K 1K-min,S8-3-2,0.29412726488993274,4.2860000000000005,0.12,3.919348,264.15,-9.0,0.0019657612551661325,0.95,15.575308188111345,0.26387244451332637,225.0826360916941,5.416467606295385,259.31965810803047,203.14999999999998,True,15.47428,981.175,965.7007199999999,63.40682732896134,965.7007199999999,25.18147,False,False,0.5800177795594202,4.734848,993.145,1.0284190323478262,1.0,0.0,3.7857278061707365,-6.231875701474482
S8-3-2-1,300-140K 1K-min,S8-3-2,0.29412726488993274,4.2860000000000005,0.12,3.919348,267.15,-6.0,0.0022834615505556233,0.95,13.408299940943227,0.26387244451332637,225.0826360916941,5.416467606295385,259.31965810803047,203.14999999999998,True,13.32158,976.134,962.81242,73.27464159656736,962.81242,24.7428,False,False,0.5823304370474712,4.734848,971.089,1.0085962538788178,1.0,0.0,3.7432154220475393,-6.082062763424653
S8-3-2-1,300-140K 1K-min,S8-3-2,0.29412726488993274,4.2860000000000005,0.12,3.919348,270.15,-3.0,0.0026331307302945054,0.95,11.627731590081995,0.26387244451332637,225.0826360916941,5.416467606295385,259.31965810803047,203.14999999999998,True,11.55558,974.714,963.1584200000001,84.3500715671563,963.1584200000001,24.33045,False,False,0.5849488851480944,4.734848,949.821,0.9861524130163332,1.0,0.0,3.7016472330186936,-5.939581748999986
S8-3-2-1,300-140K 1K-min,S8-3-2,0.29412726488993274,4.2860000000000005,0.12,3.919348,272.15,-1.0,0.003005969371566428,0.95,10.185512089069032,0.26387244451332637,225.0826360916941,5.416467606295385,259.31965810803047,203.14999999999998,True,10.124,975.456,965.332,96.35084946661398,965.332,23.94059,False,False,0.5874738777263505,4.734848,931.072,0.9645096194884237,1.0,0.0,3.6744442403086537,-5.8071551768029215
S8-3-2-1,300-140K 1K-min,S8-3-2,0.29412726488993274,4.2860000000000005,0.12,3.919348,274.15,1.0,0.003405491959286066,0.95,8.99057690915229,0.26387244451332637,225.0826360916941,5.416467606295385,259.31965810803047,203.14999999999998,True,8.938367,978.757,969.818633,109.50065039844526,969.818633,23.57375,False,False,0.5901916007354474,4.734848,912.8077,0.9412148508390218,1.0,0.0,3.647638154295094,-5.6823658683821305
S8-3-2-1,300-140K 1K-min,S8-3-2,0.29412726488993274,4.2860000000000005,0.12,3.919348,277.15,4.0,0.0038338871995502533,0.95,7.985977620064764,0.26387244451332637,225.0826360916941,5.416467606295385,259.31965810803047,203.14999999999998,True,7.943289,983.22,975.276711,123.77996066868523,975.276711,23.22341,False,False,0.592992328410065,4.734848,894.5322,0.9172086136280138,1.0,0.0,3.608154429009562,-5.563876055879064
S8-3-2-1,300-140K 1K-min,S8-3-2,0.29412726488993274,4.2860000000000005,0.12,3.919348,280.15,7.0,0.004275994719803409,0.95,7.16028418642873,0.26387244451332637,225.0826360916941,5.416467606295385,259.31965810803047,203.14999999999998,True,7.125098,989.919,982.793902,138.93408904691555,982.793902,22.88883,False,False,0.5957543033269656,4.734848,878.1603,0.8935345429117234,1.0,0.0,3.5695163305372124,-5.454738520664954
S8-3-2-1,300-140K 1K-min,S8-3-2,0.29412726488993274,4.2860000000000005,0.12,3.919348,283.15,10.0,0.004740901344334933,0.95,6.45812581821531,0.26387244451332637,225.0826360916941,5.416467606295385,259.31965810803047,203.14999999999998,True,6.427968,998.918,992.490032,155.4018314963609,992.490032,22.56813,False,False,0.5987188333460932,4.734848,861.6047,0.8681242856049148,1.0,0.0,3.531696980399082,-5.351528004320023
S8-3-2-1,300-140K 1K-min,S8-3-2,0.29412726488993274,4.2860000000000005,0.12,3.919348,285.15,12.0,0.005218491105298415,0.95,5.867086243066476,0.26387244451332637,225.0826360916941,5.416467606295385,259.31965810803047,203.14999999999998,True,5.84099,1010.122,1004.2810099999999,172.9367795527813,1004.2810099999999,22.26014,False,False,0.6016451547427615,4.734848,846.6506,0.8430415307763305,1.0,0.0,3.506926179203928,-5.2555469791612275
S8-3-2-1,300-140K 1K-min,S8-3-2,0.29412726488993274,4.2860000000000005,0.12,3.919348,288.15,15.0,0.005708143269521857,0.95,5.363799737988315,0.26387244451332637,225.0826360916941,5.416467606295385,259.31965810803047,203.14999999999998,True,5.341743,1021.878,1016.5362570000001,191.3004800118613,1016.5362570000001,21.95837,False,False,0.6045901091422328,4.734848,831.3224,0.8177990644951477,1.0,0.0,3.47041471455839,-5.165861479906463
S8-3-2-1,300-140K 1K-min,S8-3-2,0.29412726488993274,4.2860000000000005,0.12,3.919348,291.15,18.0,0.00619589041905192,0.95,4.941555660719075,0.26387244451332637,225.0826360916941,5.416467606295385,259.31965810803047,203.14999999999998,True,4.922213,1033.347,1028.424787,209.93544976619256,1028.424787,21.6546,False,False,0.6072970564253816,4.734848,817.1829,0.7945966592110146,1.0,0.0,3.4346556757685045,-5.08386904234054
S8-3-2-1,300-140K 1K-min,S8-3-2,0.29412726488993274,4.2860000000000005,0.12,3.919348,294.15,21.0,0.006651502525246465,0.95,4.603070848616508,0.26387244451332637,225.0826360916941,5.416467606295385,259.31965810803047,203.14999999999998,True,4.585763,1047.756,1043.170237,228.4801896652749,1043.170237,21.35993,False,False,0.6102252457508844,4.734848,802.7173,0.7694978935638472,1.0,0.0,3.3996260411354755,-5.012912506189711
S8-3-2-1,300-140K 1K-min,S8-3-2,0.29412726488993274,4.2860000000000005,0.12,3.919348,297.15,24.0,0.007014837453058913,0.95,4.364653860954397,0.26387244451332637,225.0826360916941,5.416467606295385,259.31965810803047,203.14999999999998,True,4.353816,1062.118,1057.764184,243.95105351259676,1057.764184,21.09342,False,False,0.613005488628519,4.734848,788.7401,0.7456672403269795,1.0,0.0,3.365303718660609,-4.959727737034887
S8-3-2-1,300-140K 1K-min,S8-3-2,0.29412726488993274,4.2860000000000005,0.12,3.919348,299.15,26.0,0.007163016325867086,0.95,4.274363756912819,0.26387244451332637,225.0826360916941,5.416467606295385,259.31965810803047,203.14999999999998,True,4.270302,1078.043,1073.772698,252.45123178641694,1073.772698,20.90786,False,False,0.6155167133271006,4.734848,777.5644,0.7241424571962802,1.0,0.0,3.342804613070366,-4.938824112158356
S8-3-2-2,300-140K 1K-min,S8-3-2,0.29412726488993274,4.2860000000000005,0.12,3.919348,235.14999999999998,-38.0,9.246830412051611e-06,0.8997044016538679,3311.117,0.3901276580440211,2196.132907012822,7.6944533231171555,279.6094005177522,,True,2913.846,146124.9,143211.054,50.148463577004414,143211.054,6301.26,False,False,0.6425096298781516,4.734848,70570.77,0.4927746010444138,0.8604651162790697,0.0,4.25260472039124,-11.591229723317243
S8-3-2-2,300-140K 1K-min,S8-3-2,0.29412726488993274,4.2860000000000005,0.12,3.919348,240.14999999999998,-33.0,1.4751198758835997e-05,0.8997784166507231,2075.583,0.3901276580440211,2196.132907012822,7.6944533231171555,279.6094005177522,,True,1971.948,121007.6,119035.652,61.36449845533452,119035.652,5209.57,False,False,0.6444236406865174,4.734848,56704.87,0.47636879411556465,0.9302325581395349,0.0,4.16406412658755,-11.124186206695327
S8-3-2-2,300-140K 1K-min,S8-3-2,0.29412726488993274,4.2860000000000005,0.12,3.919348,245.14999999999998,-28.0,2.1207504156645168e-05,0.8998211338197558,1443.703,0.3901276580440211,2196.132907012822,7.6944533231171555,279.6094005177522,,True,1406.297,103187.4,101781.10299999999,73.37525430261175,101781.10299999999,4453.137,False,False,0.6456447431111058,4.734848,47420.04,0.46590220190480747,0.9767441860465116,0.0,4.079135223332654,-10.761155469265711
S8-3-2-2,300-140K 1K-min,S8-3-2,0.29412726488993274,4.2860000000000005,0.12,3.919348,249.14999999999998,-24.0,2.85260631573338e-05,0.8998472342156612,1073.311,0.3901276580440211,2196.132907012822,7.6944533231171555,279.6094005177522,,True,1061.652,89328.37,88266.718,84.14091434858126,88266.718,3899.287,False,False,0.646719721318591,4.734848,40310.36,0.4566881029835051,1.0,0.0,4.013646397752359,-10.46469239183851
S8-3-2-2,300-140K 1K-min,S8-3-2,0.29412726488993274,4.2860000000000005,0.12,3.919348,253.14999999999998,-20.0,3.653474595816956e-05,0.8998605690295275,838.0334,0.3901276580440211,2196.132907012822,7.6944533231171555,279.6094005177522,,True,838.0334,78264.23,77426.1966,93.39034697185099,77426.1966,3480.844,False,False,0.6476273533842507,4.734848,34757.27,0.44890839956356576,1.0,0.0,3.950227138060439,-10.21724680612779
S8-3-2-2,300-140K 1K-min,S8-3-2,0.29412726488993274,4.2860000000000005,0.12,3.919348,257.15,-16.0,4.4178637141450015e-05,0.8998653377402498,693.0349,0.21318226258252979,0.7034842177057644,-0.3517098366441367,279.6094005177522,,True,693.0349,69185.38,68492.3451,99.82957568226362,68492.3451,3146.769,False,False,0.6483929749885777,4.734848,30297.31,0.44234592866933387,1.0,0.0,3.888780867198134,-10.027269208310262
S8-3-2-2,300-140K 1K-min,S8-3-2,0.29412726488993274,4.2860000000000005,0.12,3.919348,260.15,-13.0,5.269683838539695e-05,0.8998675938723076,581.009,0.21318226258252979,0.7034842177057644,-0.3517098366441367,279.6094005177522,,True,587.097,61961.42,61374.323,105.5386418257971,61374.323,2878.454,False,False,0.6490317962448238,4.734848,26812.62,0.4368703179015107,1.0,0.0,3.8439361906592353,-9.850955096903556
S8-3-2-2,300-140K 1K-min,S8-3-2,0.29412726488993274,4.2860000000000005,0.12,3.919348,264.15,-9.0,6.068319798031667e-05,0.899866277359449,504.5439,0.21318226258252979,0.7034842177057644,-0.3517098366441367,279.6094005177522,,True,509.671,55826.67,55316.998999999996,109.53471945627669,55316.998999999996,2659.347,False,False,0.6496539150048011,4.734848,23871.38,0.43153787138741934,1.0,0.0,3.7857278061707365,-9.709843702494341
S8-3-2-2,300-140K 1K-min,S8-3-2,0.29412726488993274,4.2860000000000005,0.12,3.919348,267.15,-6.0,6.794590967215154e-05,0.8998647221087532,450.6134,0.21318226258252979,0.7034842177057644,-0.3517098366441367,279.6094005177522,,True,454.6302,51075.95,50621.3198,112.34614418487817,50621.3198,2480.856,False,False,0.6501654340509707,4.734848,21623.07,0.42715342242025073,1.0,0.0,3.7432154220475393,-9.596798615320976
S8-3-2-2,300-140K 1K-min,S8-3-2,0.29412726488993274,4.2860000000000005,0.12,3.919348,270.15,-3.0,7.91788101287895e-05,0.8998587721748652,386.686,0.21318226258252979,0.7034842177057644,-0.3517098366441367,279.6094005177522,,True,410.5693,47309.57,46899.0007,115.22919516875714,46899.0007,2334.091,False,False,0.6505588221769225,4.734848,19874.93,0.4237815241978067,1.0,0.0,3.7016472330186936,-9.4438018438204
S8-3-2-2,300-140K 1K-min,S8-3-2,0.29412726488993274,4.2860000000000005,0.12,3.919348,273.15,-0.0,8.523945090513154e-05,0.8998609108059706,359.1921,0.21318226258252979,0.7034842177057644,-0.3517098366441367,279.6094005177522,,True,379.8146,44050.95,43671.1354,115.98013873084395,43671.1354,2205.807,False,False,0.6510442580951689,4.734848,18325.31,0.4196206448985524,1.0,0.0,3.660992128866923,-9.370046192505761
S8-3-2-2,300-140K 1K-min,S8-3-2,0.29412726488993274,4.2860000000000005,0.12,3.919348,275.15,2.0,8.762536747030607e-05,0.8998469077493338,349.4118,0.21318226258252979,0.7034842177057644,-0.3517098366441367,279.6094005177522,,True,366.3757,41025.7,40659.3243,111.97713167112337,40659.3243,2092.657,False,False,0.6513904817482009,4.734848,16940.83,0.41665301358684903,1.0,0.0,3.634381246592768,-9.34244001894863
S8-3-2-2,300-140K 1K-min,S8-3-2,0.29412726488993274,4.2860000000000005,0.12,3.919348,278.15,5.0,8.861780774706561e-05,0.8998283617138645,345.4987,0.21318226258252979,0.7034842177057644,-0.3517098366441367,279.6094005177522,,True,359.3788,38346.09,37986.7112,106.70103523079268,37986.7112,1998.993,False,False,0.651599964603762,4.734848,15759.07,0.4148574462534677,1.0,0.0,3.5951824555096175,-9.331177730175897
S8-3-2-2,300-140K 1K-min,S8-3-2,0.29412726488993274,4.2860000000000005,0.12,3.919348,281.15,8.0,9.0200380021916e-05,0.8998007389614388,339.4369,-0.19774580475596332,2.755216277421886e-08,-17.407184800827324,279.6094005177522,,True,356.3887,35851.55,35495.1613,100.59676415105194,35495.1613,1917.575,False,False,0.6518515452790274,4.734848,14648.89,0.41270104046547884,1.0,0.0,3.5568202027387517,-9.313476917801289
S8-3-2-2,300-140K 1K-min,S8-3-2,0.29412726488993274,4.2860000000000005,0.12,3.919348,285.15,12.0,8.605287448751956e-05,0.8997529284896214,355.7968,-0.19774580475596332,2.755216277421886e-08,-17.407184800827324,279.6094005177522,,True,368.9432,33312.73,32943.7868,90.29229973611115,32943.7868,1857.234,False,False,0.6520723687215378,4.734848,13533.58,0.41080826810110366,1.0,0.0,3.506926179203928,-9.360548631012598
S8-3-2-2,300-140K 1K-min,S8-3-2,0.29412726488993274,4.2860000000000005,0.12,3.919348,288.15,15.0,8.394921747551659e-05,0.899712429229226,364.7126,-0.19774580475596332,2.755216277421886e-08,-17.407184800827324,279.6094005177522,,True,379.6771,30801.97,30422.2929,81.1267521796811,30422.2929,1824.369,False,False,0.6519512986259275,4.734848,12529.3,0.4118460117777644,1.0,0.0,3.47041471455839,-9.38529849580023
S8-3-2-2,300-140K 1K-min,S8-3-2,0.29412726488993274,4.2860000000000005,0.12,3.919348,292.15,19.0,7.721441390490023e-05,0.8996358193533994,396.5236,-0.19774580475596332,2.755216277421886e-08,-17.407184800827324,279.6094005177522,,True,405.658,28070.23,27664.572,69.19678645558574,27664.572,1830.448,False,False,0.6517784093436665,4.734848,11434.54,0.4133279199114304,1.0,0.0,3.4228991956186894,-9.46892440974873
S8-3-2-2,300-140K 1K-min,S8-3-2,0.29412726488993274,4.2860000000000005,0.12,3.919348,295.15,22.0,6.68936939530032e-05,0.8994696794661182,457.7014,-0.19774580475596332,2.755216277421886e-08,-17.407184800827324,279.6094005177522,,True,463.7578,25417.66,24953.9022,54.80804851152908,24953.9022,1888.419,False,False,0.6522154294569609,4.734848,10220.67,0.4095820332260499,1.0,0.0,3.3881077418261905,-9.612405856065099
S8-3-2-2,300-140K 1K-min,S8-3-2,0.29412726488993274,4.2860000000000005,0.12,3.919348,299.15,26.0,5.4009023525534965e-05,0.8992309295158721,566.893,-0.19774580475596332,2.755216277421886e-08,-17.407184800827324,279.6094005177522,,True,569.0056,22847.8,22278.7944,40.153910611776055,22278.7944,2000.351,False,False,0.8051350184370838,4.734848,8567.466,0.3845569848249958,1.0,0.25,3.342804613070366,-9.826359423035317
S8-3-2-3,300-140K 3K-min,S8-3-2,0.29412726488993274,4.2860000000000005,0.12,3.919348,197.14999999999998,-76.0,5.0676186561782135e-06,0.95,6041.760331775125,1.0599593323453196,6.340664433148958e+21,50.20127051601416,252.5337464358427,299.15,True,1899.604,17919.59,16019.986,9.433329262309407,16019.986,165.9099,False,False,0.6840972343338294,4.734848,2183.675,0.1363094199957478,0.5581395348837209,0.0,5.07227998985544,-12.192639543763017
S8-3-2-3,300-140K 3K-min,S8-3-2,0.29412726488993274,4.2860000000000005,0.12,3.919348,206.14999999999998,-67.0,7.723363838512944e-05,0.8999678992249472,396.4249,1.0599593323453196,6.340664433148958e+21,50.20127051601416,252.5337464358427,299.15,True,349.4884,1884.671,1535.1826,5.392656809210263,1535.1826,33.80883,False,False,0.5753816104134236,4.734848,1639.817,1.0681576250277973,0.813953488372093,0.0,4.850836769342712,-9.468675465459134
S8-3-2-3,300-140K 3K-min,S8-3-2,0.29412726488993274,4.2860000000000005,0.12,3.919348,215.14999999999998,-58.0,0.0002618162096752247,0.8999898106337547,116.9421,0.300822982515687,3265.281103221533,8.091101133937578,252.5337464358427,299.15,True,115.4088,1118.203,1002.7941999999999,9.689061839305149,1002.7941999999999,29.88807,False,False,0.5319522589979082,4.734848,1444.434,1.4404092085893583,0.9767441860465116,0.0,4.6479200557750415,-8.247867790151483
S8-3-2-3,300-140K 3K-min,S8-3-2,0.29412726488993274,4.2860000000000005,0.12,3.919348,223.14999999999998,-50.0,0.0005604650052732431,0.95,54.628455096022,0.300822982515687,3265.281103221533,8.091101133937578,252.5337464358427,299.15,True,53.34857,1002.84,949.49143,18.797879680748707,949.49143,27.28638,False,False,0.5404075291829299,4.734848,1298.843,1.3679354641463153,1.0,0.0,4.481290611696169,-7.486743752239298
S8-3-2-3,300-140K 3K-min,S8-3-2,0.29412726488993274,4.2860000000000005,0.12,3.919348,231.14999999999998,-42.0,0.0010249031253332808,0.95,29.873396437838814,0.300822982515687,3265.281103221533,8.091101133937578,252.5337464358427,299.15,True,30.02169,1047.507,1017.48531,34.891673320189504,1017.48531,25.26982,False,False,0.5656378472268395,4.734848,1171.813,1.1516755951985183,1.0,0.0,4.3261951113995245,-6.883157182728263
S8-3-2-3,300-140K 3K-min,S8-3-2,0.29412726488993274,4.2860000000000005,0.12,3.919348,240.14999999999998,-33.0,0.0016025104146367782,0.95,19.105858591502983,0.300822982515687,3265.281103221533,8.091101133937578,252.5337464358427,299.15,True,19.44468,1111.438,1091.99332,57.15897613126058,1091.99332,23.69189,False,False,0.5871964253407704,4.734848,1055.835,0.9668877827933958,1.0,0.0,4.16406412658755,-6.436183870197258
S8-3-2-3,300-140K 3K-min,S8-3-2,0.29412726488993274,4.2860000000000005,0.12,3.919348,248.14999999999998,-25.0,0.0023108961857531175,0.95,13.249118485815039,0.300822982515687,3265.281103221533,8.091101133937578,252.5337464358427,299.15,True,13.79381,1126.723,1112.92919,81.68323327637542,1112.92919,22.42583,False,False,0.6014368320533792,4.734848,940.2328,0.8448271538281776,1.0,0.0,4.029820672980053,-6.070119870484663
S8-3-2-3,300-140K 3K-min,S8-3-2,0.29412726488993274,4.2860000000000005,0.12,3.919348,256.15,-17.0,0.003354477385449404,0.95,9.127304749845333,0.10538469678899362,0.41056729733683067,-0.8902154236071365,252.5337464358427,299.15,True,9.432571,1187.864,1178.431429,125.93215571873247,1178.431429,21.16551,False,False,0.6183865467548275,4.734848,824.3645,0.6995438849586211,1.0,0.0,3.9039625219597895,-5.697459292540352
S8-3-2-3,300-140K 3K-min,S8-3-2,0.29412726488993274,4.2860000000000005,0.12,3.919348,265.15,-8.0,0.003955782233281131,0.95,7.739894556345558,0.10538469678899362,0.41056729733683067,-0.8902154236071365,252.5337464358427,299.15,True,8.521676,1360.865,1352.343324,159.6945248798476,1352.343324,20.47326,False,False,0.6383038413007811,4.734848,715.1519,0.5288242174218768,1.0,0.0,3.7714501225721295,-5.5325769139357295
S8-3-2-3,300-140K 3K-min,S8-3-2,0.29412726488993274,4.2860000000000005,0.12,3.919348,273.15,-0.0,0.004849781557828601,0.95,6.313137408021618,0.10538469678899362,0.41056729733683067,-0.8902154236071365,252.5337464358427,299.15,True,6.995187,1401.334,1394.338813,200.32831145185972,1394.338813,21.2454,False,False,0.649004254917297,4.734848,609.4744,0.43710638642316807,1.0,0.0,3.660992128866923,-5.328821614670028
S8-3-2-3,300-140K 3K-min,S8-3-2,0.29412726488993274,4.2860000000000005,0.12,3.919348,281.15,8.0,0.005699267646482771,0.95,5.372152927816294,0.10538469678899362,0.41056729733683067,-0.8902154236071365,252.5337464358427,299.15,True,5.916154,1213.286,1207.369846,205.08019230060611,1207.369846,21.50699,False,False,0.6523701221097638,4.734848,492.9161,0.4082560962020246,1.0,0.0,3.5568202027387517,-5.167417595469487
S8-3-2-3,300-140K 3K-min,S8-3-2,0.29412726488993274,4.2860000000000005,0.12,3.919348,290.15,17.0,0.006256016608598953,0.95,4.894062674222648,0.10538469678899362,0.41056729733683067,-0.8902154236071365,252.5337464358427,299.15,True,5.340781,974.052,968.711219,182.38006763430295,968.711219,22.47746,False,False,0.7033124002493186,4.734848,387.6583,0.4001794264344115,0.14285714285714285,1.0,3.446493193175944,-5.074211620915452
S8-3-2-3,300-140K 3K-min,S8-3-2,0.29412726488993274,4.2860000000000005,0.12,3.919348,299.15,26.0,0.006354549614389573,0.95,4.818175831711126,0.10538469678899362,0.41056729733683067,-0.8902154236071365,252.5337464358427,299.15,True,5.232668,835.7689,830.536232,159.72136967222073,830.536232,23.32531,True,True,0.9015836193726305,4.734848,344.6705,0.41499754823459595,0.42857142857142855,1.0,3.342804613070366,-5.058584247915989
S8-3-2-4,300-140K 3K-min,S8-3-2,0.29412726488993274,4.2860000000000005,0.12,3.919348,207.14999999999998,-66.0,5.983113211726259e-06,0.8995707698276919,5117.292,0.9953342386491991,9.858302219515238e+18,43.734845638991054,262.2418737084874,,True,1987.796,18403.42,16415.624,9.258203558111596,16415.624,171.1787,False,False,0.6845593502872629,4.734848,2172.582,0.13234842610917502,0.5813953488372093,0.0,4.827419744146754,-12.026569521501363
S8-3-2-4,300-140K 3K-min,S8-3-2,0.29412726488993274,4.2860000000000005,0.12,3.919348,217.14999999999998,-56.0,7.800839968605665e-05,0.899969049600838,392.4877,0.9953342386491991,9.858302219515238e+18,43.734845638991054,262.2418737084874,,True,352.5942,2139.104,1786.5097999999998,6.06675889733864,1786.5097999999998,33.08225,False,False,0.6048935807684905,4.734848,1456.359,0.815197879127223,0.813953488372093,0.0,4.605111673958094,-9.458694048789871
S8-3-2-4,300-140K 3K-min,S8-3-2,0.29412726488993274,4.2860000000000005,0.12,3.919348,225.14999999999998,-48.0,0.00029234180587332624,0.8999930334198017,104.7313,0.9953342386491991,9.858302219515238e+18,43.734845638991054,262.2418737084874,,True,113.3406,1268.702,1155.3614,11.19371169730882,1155.3614,28.64987,False,False,0.5738931962472233,4.734848,1248.848,1.080915460738085,0.9767441860465116,0.0,4.4414834554741285,-8.137586872217266
S8-3-2-4,300-140K 3K-min,S8-3-2,0.29412726488993274,4.2860000000000005,0.12,3.919348,233.14999999999998,-40.0,0.0005850529719225991,0.95,52.33259011204832,0.36089932171251193,36266.51518636511,10.498650147880596,262.2418737084874,,True,50.21942,1096.859,1046.63958,21.841331500841704,1046.63958,25.78251,False,False,0.5758273757110033,4.734848,1113.977,1.064336779619971,1.0,0.0,4.2890842805061125,-7.443808164536807
S8-3-2-4,300-140K 3K-min,S8-3-2,0.29412726488993274,4.2860000000000005,0.12,3.919348,242.14999999999998,-31.0,0.0011448055085335528,0.95,26.744575515434587,0.36089932171251193,36266.51518636511,10.498650147880596,262.2418737084874,,True,25.88318,1043.513,1017.6298199999999,40.316259439527904,1017.6298199999999,23.62245,False,False,0.5843096336675093,4.734848,1009.114,0.9916317114213488,1.0,0.0,4.129671691100558,-6.772520517946789
S8-3-2-4,300-140K 3K-min,S8-3-2,0.29412726488993274,4.2860000000000005,0.12,3.919348,250.14999999999998,-23.0,0.002005249891925496,0.95,15.26858946445896,0.36089932171251193,36266.51518636511,10.498650147880596,262.2418737084874,,True,14.81619,1011.407,996.59081,68.26363592799498,996.59081,22.00943,False,False,0.5925986216282021,4.734848,917.4448,0.9205832431868392,1.0,0.0,3.9976014391365187,-6.211986591613018
S8-3-2-4,300-140K 3K-min,S8-3-2,0.29412726488993274,4.2860000000000005,0.12,3.919348,258.15,-15.0,0.0031183747313202224,0.95,9.818363734783944,0.36089932171251193,36266.51518636511,10.498650147880596,262.2418737084874,,True,9.57761,1010.442,1000.86439,105.500432780203,1000.86439,20.81222,False,False,0.6022482839391792,4.734848,838.5961,0.8378718519498922,1.0,0.0,3.873716831299632,-5.7704433323350655
S8-3-2-4,300-140K 3K-min,S8-3-2,0.29412726488993274,4.2860000000000005,0.12,3.919348,267.15,-6.0,0.004456619744182313,0.95,6.870080718335702,0.15784719826028493,4.5397892021111454,1.5128805797222409,262.2418737084874,,True,6.736888,1070.54,1063.803112,158.90719869470888,1063.803112,19.83368,False,False,0.6158485509926452,4.734848,767.3192,0.7212981343487547,1.0,0.0,3.7432154220475393,-5.413364705197136
S8-3-2-4,300-140K 3K-min,S8-3-2,0.29412726488993274,4.2860000000000005,0.12,3.919348,274.15,1.0,0.005955859100512223,0.95,5.140708814086604,0.15784719826028493,4.5397892021111454,1.5128805797222409,262.2418737084874,,True,5.068476,1198.735,1193.666524,236.50797596752946,1193.666524,18.97727,False,False,0.6313901495769294,4.734848,701.9767,0.588084432197748,1.0,0.0,3.647638154295094,-5.123379821170854
S8-3-2-4,300-140K 3K-min,S8-3-2,0.29412726488993274,4.2860000000000005,0.12,3.919348,283.15,10.0,0.00744011513417447,0.95,4.115169835588612,0.15784719826028493,4.5397892021111454,1.5128805797222409,262.2418737084874,,True,4.076603,1326.596,1322.519397,325.4170200041554,1322.519397,18.24237,False,False,0.6435897637222581,4.734848,639.4597,0.4835163109520726,1.0,0.0,3.531696980399082,-4.900868955233423
S8-3-2-4,300-140K 3K-min,S8-3-2,0.29412726488993274,4.2860000000000005,0.12,3.919348,291.15,18.0,0.008714050285207829,0.95,3.513559868415526,0.15784719826028493,4.5397892021111454,1.5128805797222409,262.2418737084874,,True,3.498209,1341.993,1338.4947909999999,383.62287673492347,1338.4947909999999,17.62252,False,False,0.6495252711322157,4.734848,579.0871,0.43264053315243695,1.0,0.0,3.4346556757685045,-4.742818580680651
S8-3-2-4,300-140K 3K-min,S8-3-2,0.29412726488993274,4.2860000000000005,0.12,3.919348,299.15,26.0,0.009291202449182958,0.95,3.295304083719917,0.15784719826028493,4.5397892021111454,1.5128805797222409,262.2418737084874,,True,3.29386,1247.706,1244.41214,378.79752023461833,1244.41214,17.20401,False,False,0.6504450604818647,4.734848,528.5723,0.4247566244411596,1.0,0.0,3.342804613070366,-4.6786872997440865
S8-3-2-5,300-140K 3K-min,S8-3-2,0.29412726488993274,4.2860000000000005,0.12,3.919348,198.14999999999998,-75.0,1.2652252384988006e-06,0.8977452461681601,24199.12,1.102539158117964,1.3988965031447062e+22,50.99255575964828,253.63896863666915,,True,4778.954,73276.42,68497.466,15.333150308624022,68497.466,846.122,False,False,0.6552481400830101,4.734848,2380.298,0.034750161414730286,0.4418604651162791,0.0,5.046681806712088,-13.580260397485299
S8-3-2-5,300-140K 3K-min,S8-3-2,0.29412726488993274,4.2860000000000005,0.12,3.919348,208.14999999999998,-65.0,2.814797207892147e-05,0.8998818246256002,1087.728,1.102539158117964,1.3988965031447062e+22,50.99255575964828,253.63896863666915,,True,759.8161,3964.709,3204.8929,5.217984983471658,3204.8929,35.79497,False,False,0.6385803916671703,4.734848,1687.228,0.5264537857099686,0.627906976744186,0.0,4.804227720393947,-10.478035245798738
S8-3-2-5,300-140K 3K-min,S8-3-2,0.29412726488993274,4.2860000000000005,0.12,3.919348,217.14999999999998,-56.0,0.00014723724557509798,0.8999736426599557,207.9456,0.39965010657621497,320055.70729080494,12.67625034490859,253.63896863666915,,True,185.868,1524.611,1338.7430000000002,8.202654572061894,1338.7430000000002,29.92171,False,False,0.5762630567131506,4.734848,1419.874,1.060602371030137,0.7906976744186046,0.0,4.605111673958094,-8.82346535667069
S8-3-2-5,300-140K 3K-min,S8-3-2,0.29412726488993274,4.2860000000000005,0.12,3.919348,225.14999999999998,-48.0,0.0004020310902045664,0.95,76.15664091521381,0.39965010657621497,320055.70729080494,12.67625034490859,253.63896863666915,,True,73.70908,1194.159,1120.44992,16.20097551075119,1120.44992,27.08941,False,False,0.5691170567147408,4.734848,1256.981,1.121853799587936,1.0,0.0,4.4414834554741285,-7.818981133518416
S8-3-2-5,300-140K 3K-min,S8-3-2,0.29412726488993274,4.2860000000000005,0.12,3.919348,233.14999999999998,-40.0,0.0008360531900279502,0.95,36.62127929018191,0.39965010657621497,320055.70729080494,12.67625034490859,253.63896863666915,,True,35.00096,1119.448,1084.44704,31.98335131379254,1084.44704,25.02902,False,False,0.5789279742051766,4.734848,1125.396,1.0377602210984862,0.9767441860465116,0.0,4.2890842805061125,-7.086818322468174
S8-3-2-5,300-140K 3K-min,S8-3-2,0.29412726488993274,4.2860000000000005,0.12,3.919348,242.14999999999998,-31.0,0.001558365242866153,0.95,19.64708691599765,0.39965010657621497,320055.70729080494,12.67625034490859,253.63896863666915,,True,19.02243,1074.562,1055.53957,56.489207740546284,1055.53957,23.43335,False,False,0.5878513384391644,4.734848,1014.663,0.9612742419500192,1.0,0.0,4.129671691100558,-6.464117928413689
S8-3-2-5,300-140K 3K-min,S8-3-2,0.29412726488993274,4.2860000000000005,0.12,3.919348,250.14999999999998,-23.0,0.0025534668739587325,0.95,11.99049718862964,0.39965010657621497,320055.70729080494,12.67625034490859,253.63896863666915,,True,11.66318,1001.532,989.86882,85.87126324038556,989.86882,22.14283,False,False,0.5917926720835596,4.734848,918.0948,0.9274913821409174,1.0,0.0,3.9976014391365187,-5.970303284759339
S8-3-2-5,300-140K 3K-min,S8-3-2,0.29412726488993274,4.2860000000000005,0.12,3.919348,258.15,-15.0,0.0038017098061988836,0.95,8.053570349724735,0.1513017408193424,3.7180351402204947,1.3131953406318058,253.63896863666915,,True,7.880264,929.5582,921.677936,117.96028660968719,921.677936,21.09745,False,False,0.5945679220425648,4.734848,832.9236,0.9037035253494438,1.0,0.0,3.873716831299632,-5.572304364446787
S8-3-2-5,300-140K 3K-min,S8-3-2,0.29412726488993274,4.2860000000000005,0.12,3.919348,267.15,-6.0,0.005226959209696339,0.95,5.857581080155362,0.1513017408193424,3.7180351402204947,1.3131953406318058,253.63896863666915,,True,5.763109,909.8864,904.123291,157.8811714302124,904.123291,20.20279,False,False,0.6021310726673155,4.734848,758.4478,0.8388765199944387,1.0,0.0,3.7432154220475393,-5.2539255830513945
S8-3-2-5,300-140K 3K-min,S8-3-2,0.29412726488993274,4.2860000000000005,0.12,3.919348,274.15,1.0,0.006717807747193943,0.95,4.5576382245011535,0.1513017408193424,3.7180351402204947,1.3131953406318058,253.63896863666915,,True,4.508181,962.904,958.395819,213.59035939328965,958.395819,19.41475,False,False,0.6155741830296946,4.734848,693.543,0.7236498597454747,1.0,0.0,3.647638154295094,-5.002993405767179
S8-3-2-5,300-140K 3K-min,S8-3-2,0.29412726488993274,4.2860000000000005,0.12,3.919348,283.15,10.0,0.008085075608788468,0.95,3.786895615444843,0.1513017408193424,3.7180351402204947,1.3131953406318058,253.63896863666915,,True,3.763806,1057.738,1053.9741940000001,281.0288309227415,1053.9741940000001,18.75899,False,False,0.6290317222573921,4.734848,641.132,0.6082995235080674,1.0,0.0,3.531696980399082,-4.817735434260435
S8-3-2-5,300-140K 3K-min,S8-3-2,0.29412726488993274,4.2860000000000005,0.12,3.919348,291.15,18.0,0.009129648159575105,0.95,3.353616353917195,0.1513017408193424,3.7180351402204947,1.3131953406318058,253.63896863666915,,True,3.347173,1130.462,1127.1148269999999,337.73635243831137,1127.1148269999999,18.23905,False,False,0.6380237266041513,4.734848,598.7518,0.5312252005358453,1.0,0.0,3.4346556757685045,-4.6962281218565805
S8-3-2-5,300-140K 3K-min,S8-3-2,0.29412726488993274,4.2860000000000005,0.12,3.919348,299.15,26.0,0.009481433313681184,0.95,3.229188706024222,0.1513017408193424,3.7180351402204947,1.3131953406318058,253.63896863666915,,True,3.228945,1155.204,1151.9750549999999,357.7651523949773,1151.9750549999999,17.94555,False,False,0.6422891988461215,4.734848,569.8406,0.49466400989038745,1.0,0.0,3.342804613070366,-4.658419780717495
S8-3-20-1-1,300-140K 1K-min,S8-3-20,0.40793878581793563,4.591600000000001,0.12,3.919348,189.14999999999998,-84.0,5.006837556094474e-07,0.732500068643187,61151.05,0.922616371821352,2.7935815077799337e+18,42.47385614103948,246.9815541704705,189.14999999999998,True,4796.927,67995.35,63198.42300000001,14.174772724287864,63198.42300000001,2934.768,True,True,0.9819108619213488,18984.38,9798.9,0.15504975495986661,0.5714285714285714,0.7307692307692307,5.2868094105207515,-14.50729116149721
S8-3-20-1-1,300-140K 1K-min,S8-3-20,0.40793878581793563,4.591600000000001,0.12,3.919348,193.14999999999998,-80.0,3.355838040916846e-06,0.8990005790332167,9123.604,0.922616371821352,2.7935815077799337e+18,42.47385614103948,246.9815541704705,189.14999999999998,True,4116.754,14455.4,10338.646,3.5113587063982936,10338.646,470.8972,False,False,0.6682782877853854,4.734848,2089.781,0.20213294855051614,0.4883720930232558,0.0,5.177323323841574,-12.604809030083784
S8-3-20-1-1,300-140K 1K-min,S8-3-20,0.40793878581793563,4.591600000000001,0.12,3.919348,198.14999999999998,-75.0,1.1091168631020334e-05,0.899597983102187,2760.515,0.922616371821352,2.7935815077799337e+18,42.47385614103948,246.9815541704705,189.14999999999998,True,1873.058,5385.98,3512.9219999999996,2.875500918818317,3512.9219999999996,155.9478,False,False,0.6379289662565807,4.734848,1869.006,0.532037432086451,0.5581395348837209,0.0,5.046681806712088,-11.409361385145619
S8-3-20-1-1,300-140K 1K-min,S8-3-20,0.40793878581793563,4.591600000000001,0.12,3.919348,202.14999999999998,-71.0,3.0060054031766183e-05,0.8998615334284558,1018.539,0.922616371821352,2.7935815077799337e+18,42.47385614103948,246.9815541704705,189.14999999999998,True,888.1295,2608.038,1719.9085,2.9365514826385115,1719.9085,55.05674,False,False,0.5857735261304113,4.734848,1683.935,0.9790840617393304,0.627906976744186,0.0,4.946821667078902,-10.412313376177115
S8-3-20-1-1,300-140K 1K-min,S8-3-20,0.40793878581793563,4.591600000000001,0.12,3.919348,205.14999999999998,-68.0,6.029661617051108e-05,0.8999448433144223,507.7787,0.922616371821352,2.7935815077799337e+18,42.47385614103948,246.9815541704705,189.14999999999998,True,468.564,1768.881,1300.317,3.775110763951136,1300.317,33.3944,False,False,0.5601596508133531,4.734848,1558.601,1.198631564456974,0.7441860465116279,0.0,4.874482086278333,-9.716234572381001
S8-3-20-1-1,300-140K 1K-min,S8-3-20,0.40793878581793563,4.591600000000001,0.12,3.919348,208.14999999999998,-65.0,0.00010317955941482833,0.8999443454984137,296.7384,0.922616371821352,2.7935815077799337e+18,42.47385614103948,246.9815541704705,189.14999999999998,True,274.3796,1407.095,1132.7154,5.128278487176161,1132.7154,31.70733,False,False,0.5490659554318176,4.734848,1465.417,1.2937203820129917,0.7674418604651163,0.0,4.804227720393947,-9.179039792220578
S8-3-20-1-1,300-140K 1K-min,S8-3-20,0.40793878581793563,4.591600000000001,0.12,3.919348,211.14999999999998,-62.0,0.00016872244933043048,0.8999701243434555,181.4657,0.4274753240049041,3522986.1185135855,15.074819517069681,246.9815541704705,189.14999999999998,True,173.1689,1210.696,1037.5270999999998,6.991417050059219,1037.5270999999998,30.26649,False,False,0.544533329940651,4.734848,1382.579,1.332571457651563,0.8372093023255814,0.0,4.735969689793986,-8.687255504767604
S8-3-20-1-1,300-140K 1K-min,S8-3-20,0.40793878581793563,4.591600000000001,0.12,3.919348,213.14999999999998,-60.0,0.0002609993459399743,0.8999861602312282,117.3081,0.4274753240049041,3522986.1185135855,15.074819517069681,246.9815541704705,189.14999999999998,True,115.839,1112.22,996.3810000000001,9.601429570351954,996.3810000000001,29.14113,False,False,0.5457633509002414,4.734848,1317.244,1.322028420855073,0.9767441860465116,0.0,4.691531785127845,-8.25099265662183
S8-3-20-1-1,300-140K 1K-min,S8-3-20,0.40793878581793563,4.591600000000001,0.12,3.919348,216.14999999999998,-57.0,0.000379752133762486,0.95,80.62453019055464,0.4274753240049041,3522986.1185135855,15.074819517069681,246.9815541704705,189.14999999999998,True,79.92599,1064.208,984.2820100000001,13.314917963480967,984.2820100000001,28.138,False,False,0.5508531106852194,4.734848,1258.308,1.2784019084124056,1.0,0.0,4.626416840157298,-7.875991797643121
S8-3-20-1-1,300-140K 1K-min,S8-3-20,0.40793878581793563,4.591600000000001,0.12,3.919348,219.14999999999998,-54.0,0.0005313575011578697,0.95,57.62097515654435,0.4274753240049041,3522986.1185135855,15.074819517069681,246.9815541704705,189.14999999999998,True,56.68547,1044.978,988.29253,18.434671177640407,988.29253,27.20665,False,False,0.5574085987813077,4.734848,1207.903,1.2222120104459342,1.0,0.0,4.56308464522017,-7.540075503075987
S8-3-20-1-1,300-140K 1K-min,S8-3-20,0.40793878581793563,4.591600000000001,0.12,3.919348,221.14999999999998,-52.0,0.0007294254132715561,0.95,41.97459646509826,0.4274753240049041,3522986.1185135855,15.074819517069681,246.9815541704705,189.14999999999998,True,41.18458,1035.424,994.23942,25.14106007636839,994.23942,26.32924,False,False,0.5636534984031647,4.734848,1161.952,1.1686842994014448,1.0,0.0,4.52181777074384,-7.223253438859162
S8-3-20-1-1,300-140K 1K-min,S8-3-20,0.40793878581793563,4.591600000000001,0.12,3.919348,224.14999999999998,-49.0,0.0009842702277662015,0.95,31.10663769943246,0.4274753240049041,3522986.1185135855,15.074819517069681,246.9815541704705,189.14999999999998,True,30.62208,1019.966,989.34392,33.30818807866742,989.34392,25.49515,False,False,0.5680285348429022,4.734848,1119.13,1.1311839870608382,1.0,0.0,4.461298237787196,-6.923610076900042
S8-3-20-1-1,300-140K 1K-min,S8-3-20,0.40793878581793563,4.591600000000001,0.12,3.919348,227.14999999999998,-46.0,0.0013000824254727178,0.95,23.550304791120034,0.4274753240049041,3522986.1185135855,15.074819517069681,246.9815541704705,189.14999999999998,True,23.17249,990.424,967.2515099999999,42.74137134162103,967.2515099999999,24.73698,False,False,0.5698157628102334,4.734848,1079.322,1.115864890197999,1.0,0.0,4.402377283733216,-6.6453276123148255
S8-3-20-1-1,300-140K 1K-min,S8-3-20,0.40793878581793563,4.591600000000001,0.12,3.919348,230.14999999999998,-43.0,0.0016755018557444482,0.95,18.2735323559862,0.4274753240049041,3522986.1185135855,15.074819517069681,246.9815541704705,189.14999999999998,True,17.98309,945.6263,927.6432100000001,52.58419437371442,927.6432100000001,23.99676,False,False,0.5689546993683776,4.734848,1041.971,1.1232454339853344,1.0,0.0,4.344992396263307,-6.391642543211009
S8-3-20-1-1,300-140K 1K-min,S8-3-20,0.40793878581793563,4.591600000000001,0.12,3.919348,233.14999999999998,-40.0,0.0021216382528105636,0.95,14.430988568810864,0.4274753240049041,3522986.1185135855,15.074819517069681,246.9815541704705,189.14999999999998,True,14.20614,894.6802,880.47406,62.978416374891424,880.47406,23.31652,False,False,0.5669624255218453,4.734848,1004.024,1.1403220669556111,1.0,0.0,4.2890842805061125,-6.155566727964381
S8-3-20-1-1,300-140K 1K-min,S8-3-20,0.40793878581793563,4.591600000000001,0.12,3.919348,235.14999999999998,-38.0,0.0026395841319360454,0.95,11.599303467173185,0.4274753240049041,3522986.1185135855,15.074819517069681,246.9815541704705,189.14999999999998,True,11.42799,840.6046,829.17661,73.55664469429883,829.17661,22.68255,False,False,0.5637584177231757,4.734848,968.3,1.1677849909442077,1.0,0.0,4.25260472039124,-5.937133900014202
S8-3-20-1-1,300-140K 1K-min,S8-3-20,0.40793878581793563,4.591600000000001,0.12,3.919348,238.14999999999998,-35.0,0.0032279996583633847,0.95,9.484925840724616,0.4274753240049041,3522986.1185135855,15.074819517069681,246.9815541704705,189.14999999999998,True,9.353782,786.5915,777.237718,84.09341804202835,777.237718,22.09838,False,False,0.560158924591288,4.734848,931.6265,1.198637789217531,1.0,0.0,4.199034222128911,-5.735892634409823
S8-3-20-1-1,300-140K 1K-min,S8-3-20,0.40793878581793563,4.591600000000001,0.12,3.919348,241.14999999999998,-32.0,0.0038852193351970564,0.95,7.880465613895181,0.4274753240049041,3522986.1185135855,15.074819517069681,246.9815541704705,189.14999999999998,True,7.778126,734.7215,726.943374,94.45996374962297,726.943374,21.55415,False,False,0.5559752078662825,4.734848,897.4103,1.2344982182890063,1.0,0.0,4.146796599626788,-5.55057583981998
S8-3-20-1-1,300-140K 1K-min,S8-3-20,0.40793878581793563,4.591600000000001,0.12,3.919348,244.14999999999998,-29.0,0.004606726853941883,0.95,6.646223738501548,0.4274753240049041,3522986.1185135855,15.074819517069681,246.9815541704705,189.14999999999998,True,6.567356,686.7324,680.165044,104.56756113114622,680.165044,21.04603,False,False,0.551727519338184,4.734848,864.4265,1.2709069771012795,1.0,0.0,4.095842719639566,-5.380237684140961
S8-3-20-1-1,300-140K 1K-min,S8-3-20,0.40793878581793563,4.591600000000001,0.12,3.919348,246.14999999999998,-27.0,0.00539753460011464,0.95,5.672467087623821,0.4274753240049041,3522986.1185135855,15.074819517069681,246.9815541704705,189.14999999999998,True,5.609594,643.4817,637.872106,114.71092203820811,637.872106,20.56353,False,False,0.5476577084665101,4.734848,832.9277,1.3057910702870563,1.0,0.0,4.062563477554337,-5.221812985199445
S8-3-20-1-1,300-140K 1K-min,S8-3-20,0.40793878581793563,4.591600000000001,0.12,3.919348,249.14999999999998,-24.0,0.006240545296408119,0.95,4.906195840142939,0.15304265935694808,8.844783890458372,2.17982789435208,246.9815541704705,189.14999999999998,True,4.856042,605.4102,600.554158,124.67153290684058,600.554158,20.11289,False,False,0.5436986566219619,4.734848,804.5779,1.3397258003831831,1.0,0.0,4.013646397752359,-5.0766877131739525
S8-3-20-1-1,300-140K 1K-min,S8-3-20,0.40793878581793563,4.591600000000001,0.12,3.919348,252.14999999999998,-21.0,0.007127069698940996,0.95,4.295922260730872,0.15304265935694808,8.844783890458372,2.17982789435208,246.9815541704705,189.14999999999998,True,4.255491,573.2144,568.958909,134.69994414275578,568.958909,19.69086,False,False,0.5405124689476186,4.734848,777.7873,1.367035980448983,1.0,0.0,3.9658933174697606,-4.9438551109478555
S8-3-20-1-1,300-140K 1K-min,S8-3-20,0.40793878581793563,4.591600000000001,0.12,3.919348,255.14999999999998,-18.0,0.008042184478203868,0.95,3.8070921472195747,0.15304265935694808,8.844783890458372,2.17982789435208,246.9815541704705,189.14999999999998,True,3.773588,547.5938,543.820212,145.11223800796483,543.820212,19.29624,False,False,0.5384045228045578,4.734848,753.2476,1.385104090246647,1.0,0.0,3.919263178522438,-4.823054531426229
S8-3-20-1-1,300-140K 1K-min,S8-3-20,0.40793878581793563,4.591600000000001,0.12,3.919348,258.15,-15.0,0.008986813193606873,0.95,3.4069181937866424,0.15304265935694808,8.844783890458372,2.17982789435208,246.9815541704705,189.14999999999998,True,3.378684,527.006,523.627316,155.97966545554422,523.627316,18.92516,False,False,0.5371988676007119,4.734848,730.6896,1.3954382777081833,1.0,0.0,3.873716831299632,-4.711996976812483
S8-3-20-1-1,300-140K 1K-min,S8-3-20,0.40793878581793563,4.591600000000001,0.12,3.919348,260.15,-13.0,0.009944532045840084,0.95,3.0788112736052464,0.15304265935694808,8.844783890458372,2.17982789435208,246.9815541704705,189.14999999999998,True,3.056275,511.651,508.594725,167.4100007361903,508.594725,18.57151,False,False,0.5372291120400435,4.734848,709.5807,1.3951790396567691,1.0,0.0,3.8439361906592353,-4.610732421997455
S8-3-20-1-1,300-140K 1K-min,S8-3-20,0.40793878581793563,4.591600000000001,0.12,3.919348,263.15,-10.0,0.01090337763361917,0.95,2.8080598877045633,0.15304265935694808,8.844783890458372,2.17982789435208,246.9815541704705,189.14999999999998,True,2.789778,500.8073,498.017522,179.5151083706302,498.017522,18.23934,False,False,0.5381913926581352,4.734848,690.7159,1.3869309200731268,1.0,0.0,3.800114003420103,-4.51868266310431
S8-3-20-1-1,300-140K 1K-min,S8-3-20,0.40793878581793563,4.591600000000001,0.12,3.919348,266.15,-7.0,0.011852405527683931,0.95,2.5832171622838493,0.15304265935694808,8.844783890458372,2.17982789435208,246.9815541704705,189.14999999999998,True,2.566054,494.3315,491.765446,192.6426723677678,491.765446,17.92151,False,False,0.5404025218965876,4.734848,672.7245,1.367978383743535,1.0,0.0,3.7572797294758598,-4.435224433885539
S8-3-20-1-1,300-140K 1K-min,S8-3-20,0.40793878581793563,4.591600000000001,0.12,3.919348,269.15,-4.0,0.012792666849137,0.95,2.3933506386533123,0.15304265935694808,8.844783890458372,2.17982789435208,246.9815541704705,189.14999999999998,True,2.37465,493.2369,490.86225,207.7093045290885,490.86225,17.61591,False,False,0.5438987855893722,4.734848,656.7788,1.3380104092339524,1.0,0.0,3.7154003343860302,-4.35888317463903
S8-3-20-1-1,300-140K 1K-min,S8-3-20,0.40793878581793563,4.591600000000001,0.12,3.919348,272.15,-1.0,0.013746929308353629,0.95,2.227212833258391,0.15304265935694808,8.844783890458372,2.17982789435208,246.9815541704705,189.14999999999998,True,2.214103,496.8924,494.678297,224.42153775140542,494.678297,17.3152,False,False,0.5487701594072565,4.734848,641.2296,1.2962557765092304,1.0,0.0,3.6744442403086537,-4.286939802838685
S8-3-20-1-1,300-140K 1K-min,S8-3-20,0.40793878581793563,4.591600000000001,0.12,3.919348,274.15,1.0,0.014657334619593431,0.95,2.0888748307985594,0.15304265935694808,8.844783890458372,2.17982789435208,246.9815541704705,189.14999999999998,True,2.076475,505.009,502.932525,243.20495069769683,502.932525,17.03224,False,False,0.5546060130034345,4.734848,626.7717,1.2462341742562757,1.0,0.0,3.647638154295094,-4.222814412178237
S8-3-20-1-1,300-140K 1K-min,S8-3-20,0.40793878581793563,4.591600000000001,0.12,3.919348,277.15,4.0,0.015523046737461355,0.95,1.9723793847488131,0.15304265935694808,8.844783890458372,2.17982789435208,246.9815541704705,189.14999999999998,True,1.960413,517.9744,516.0139869999999,264.21697876926953,516.0139869999999,16.759,False,False,0.5613536774795476,4.734848,613.2295,1.1883970501753063,1.0,0.0,3.608154429009562,-4.165429473089993
S8-3-20-1-1,300-140K 1K-min,S8-3-20,0.40793878581793563,4.591600000000001,0.12,3.919348,280.15,7.0,0.016368848704780645,0.95,1.8704637036885234,0.15304265935694808,8.844783890458372,2.17982789435208,246.9815541704705,189.14999999999998,True,1.860633,535.6163,533.755667,287.8677847807709,533.755667,16.49456,False,False,0.568663361657573,4.734848,600.8715,1.1257426143636593,1.0,0.0,3.5695163305372124,-4.112375219652014
S8-3-20-1-1,300-140K 1K-min,S8-3-20,0.40793878581793563,4.591600000000001,0.12,3.919348,282.15,9.0,0.017164219902208094,0.95,1.7837884592426085,0.15304265935694808,8.844783890458372,2.17982789435208,246.9815541704705,189.14999999999998,True,1.774358,557.716,555.941642,314.3198835860632,555.941642,16.23757,False,False,0.5763063336061451,4.734848,589.4268,1.0602314262330412,1.0,0.0,3.5442140705298604,-4.064928300107378
S8-3-20-1-1,300-140K 1K-min,S8-3-20,0.40793878581793563,4.591600000000001,0.12,3.919348,285.15,12.0,0.017930825782454946,0.95,1.707525227500661,0.15304265935694808,8.844783890458372,2.17982789435208,246.9815541704705,189.14999999999998,True,1.697986,584.0466,582.348614,343.9643200827333,582.348614,15.98755,False,False,0.584097966903836,4.734848,578.5319,0.9934459979671196,1.0,0.0,3.506926179203928,-4.0212339365162695
S8-3-20-1-1,300-140K 1K-min,S8-3-20,0.40793878581793563,4.591600000000001,0.12,3.919348,288.15,15.0,0.018655676513339173,0.95,1.6411807608032387,0.15304265935694808,8.844783890458372,2.17982789435208,246.9815541704705,189.14999999999998,True,1.631657,613.8225,612.190843,376.19579360122873,612.190843,15.74382,False,False,0.5917293508096463,4.734848,568.134,0.9280341359173173,1.0,0.0,3.47041471455839,-3.9816048085152462
S8-3-20-1-1,300-140K 1K-min,S8-3-20,0.40793878581793563,4.591600000000001,0.12,3.919348,291.15,18.0,0.019355623327138825,0.95,1.581831639104696,0.15304265935694808,8.844783890458372,2.17982789435208,246.9815541704705,189.14999999999998,True,1.572893,646.428,644.855107,410.98027647144465,644.855107,15.5061,False,False,0.5991190228205276,4.734848,557.6024,0.8646940901097634,1.0,0.0,3.4346556757685045,-3.944772290503963
S8-3-20-1-1,300-140K 1K-min,S8-3-20,0.40793878581793563,4.591600000000001,0.12,3.919348,294.15,21.0,0.020011759719488,0.95,1.5299672693773698,0.15304265935694808,8.844783890458372,2.17982789435208,246.9815541704705,189.14999999999998,True,1.521322,680.9197,679.398378,447.5842063678827,679.398378,15.27218,False,False,0.6059514509664217,4.734848,547.6837,0.8061304202878141,1.0,0.0,3.3996260411354755,-3.911435192249768
S8-3-20-1-1,300-140K 1K-min,S8-3-20,0.40793878581793563,4.591600000000001,0.12,3.919348,297.15,24.0,0.020603216325624084,0.95,1.4860464934002813,0.15304265935694808,8.844783890458372,2.17982789435208,246.9815541704705,189.14999999999998,True,1.477126,714.6108,713.133674,483.7845925127579,713.133674,15.04737,False,False,0.611989749437448,4.734848,537.9692,0.7543735762504453,1.0,0.0,3.365303718660609,-3.8823080830621337
S8-3-20-1-1,300-140K 1K-min,S8-3-20,0.40793878581793563,4.591600000000001,0.12,3.919348,299.15,26.0,0.020978949954292978,0.95,1.4594313557240643,0.15304265935694808,8.844783890458372,2.17982789435208,246.9815541704705,189.14999999999998,True,1.451547,741.3792,739.927653,510.7510814324304,739.927653,14.86214,False,False,0.6165059114232078,4.734848,529.5393,0.7156636163725041,1.0,0.0,3.342804613070366,-3.864235727109563
S8-3-21-1-1,300-140K 1K-min,S8-3-21,0.5511248511687172,4.690266666666666,0.12,3.919348,195.14999999999998,-78.0,2.3505889169891342e-07,0.7971555656998559,130253.9,0.9810297726069506,6.5790841642944e+18,43.33042722478526,253.399229535373,195.14999999999998,True,3840.894,144626.8,140785.906,37.65446273706069,140785.906,6582.963,True,True,0.9795300023379707,15046.87,24701.89,0.1754571228173934,1.0,0.88,5.124263387138099,-15.263429751223832
S8-3-21-1-1,300-140K 1K-min,S8-3-21,0.5511248511687172,4.690266666666666,0.12,3.919348,200.14999999999998,-73.0,1.6188180634704356e-06,0.8977274428450964,18913.39,0.9810297726069506,6.5790841642944e+18,43.33042722478526,253.399229535373,195.14999999999998,True,5266.045,27410.03,22143.985,5.20505046956492,22143.985,962.646,False,False,0.7329758856261267,18984.38,3231.272,0.14592098034748488,0.14285714285714285,0.6923076923076923,4.996252810392207,-13.333814265450968
S8-3-21-1-1,300-140K 1K-min,S8-3-21,0.5511248511687172,4.690266666666666,0.12,3.919348,205.14999999999998,-68.0,5.9702412394609174e-06,0.95,5128.324994824779,0.9810297726069506,6.5790841642944e+18,43.33042722478526,253.399229535373,195.14999999999998,True,2870.662,8363.429,5492.767,2.9134147454489594,5492.767,265.9505,False,False,0.6622725243336676,4.734848,1776.242,0.32337836285427723,0.5348837209302325,0.0,4.874482086278333,-12.02872322275625
S8-3-21-1-1,300-140K 1K-min,S8-3-21,0.5511248511687172,4.690266666666666,0.12,3.919348,209.14999999999998,-64.0,1.6626348360142764e-05,0.8997180227636805,1841.495,0.9810297726069506,6.5790841642944e+18,43.33042722478526,253.399229535373,195.14999999999998,True,1354.967,3560.657,2205.69,2.627855143335594,2205.69,91.02567,False,False,0.6154176848665649,4.734848,1599.106,0.7249912725723013,0.627906976744186,0.0,4.781257470714799,-11.004521870341648
S8-3-21-1-1,300-140K 1K-min,S8-3-21,0.5511248511687172,4.690266666666666,0.12,3.919348,213.14999999999998,-60.0,3.970993580939064e-05,0.8998941641437372,771.0246,0.9810297726069506,6.5790841642944e+18,43.33042722478526,253.399229535373,195.14999999999998,True,675.9527,2082.247,1406.2942999999998,3.080462582662958,1406.2942999999998,32.85983,False,False,0.5783565668532777,4.734848,1466.284,1.0426579984004767,0.6744186046511628,0.0,4.691531785127845,-10.133909129307169
S8-3-21-1-1,300-140K 1K-min,S8-3-21,0.5511248511687172,4.690266666666666,0.12,3.919348,216.14999999999998,-57.0,7.562360909978121e-05,0.8999493272304828,404.8648,0.9810297726069506,6.5790841642944e+18,43.33042722478526,253.399229535373,195.14999999999998,True,385.7613,1574.718,1188.9567000000002,4.082104659021006,1188.9567000000002,29.50378,False,False,0.5654044480061106,4.734848,1371.671,1.1536761599476237,0.813953488372093,0.0,4.626416840157298,-9.489742033851414
S8-3-21-1-1,300-140K 1K-min,S8-3-21,0.5511248511687172,4.690266666666666,0.12,3.919348,219.14999999999998,-54.0,0.0001241747153647781,0.8999567545561202,246.5666,0.4567351057625416,4787073.141302292,15.38142974741027,253.399229535373,195.14999999999998,True,229.8063,1329.545,1099.7387,5.785502834343532,1099.7387,28.13732,False,False,0.5627630515018403,4.734848,1293.641,1.1763167014127982,0.7441860465116279,0.0,4.56308464522017,-8.99382098918385
S8-3-21-1-1,300-140K 1K-min,S8-3-21,0.5511248511687172,4.690266666666666,0.12,3.919348,222.14999999999998,-51.0,0.00019161248464188817,0.8999750284835302,159.7878,0.4567351057625416,4787073.141302292,15.38142974741027,253.399229535373,195.14999999999998,True,154.9171,1194.403,1039.4859000000001,7.70994938583281,1039.4859000000001,26.89551,False,False,0.5626098086884425,4.734848,1224.13,1.1776302112419215,0.813953488372093,0.0,4.501462975467027,-8.560035534623982
S8-3-21-1-1,300-140K 1K-min,S8-3-21,0.5511248511687172,4.690266666666666,0.12,3.919348,225.14999999999998,-48.0,0.00029220593026780964,0.899993030646242,104.78,0.4567351057625416,4787073.141302292,15.38142974741027,253.399229535373,195.14999999999998,True,108.2819,1123.4,1015.1181000000001,10.374771776261777,1015.1181000000001,25.9489,False,False,0.5658126248233253,4.734848,1167.566,1.1501775015143545,0.9534883720930233,0.0,4.4414834554741285,-8.138051763618133
S8-3-21-1-1,300-140K 1K-min,S8-3-21,0.5511248511687172,4.690266666666666,0.12,3.919348,227.14999999999998,-46.0,0.0003889730937650089,0.95,78.71325257257514,0.4567351057625416,4787073.141302292,15.38142974741027,253.399229535373,195.14999999999998,True,77.9137,1076.748,998.8343,13.819751853653464,998.8343,25.11384,False,False,0.5693130582319812,4.734848,1118.868,1.1201737865830186,1.0,0.0,4.402377283733216,-7.852000384437229
S8-3-21-1-1,300-140K 1K-min,S8-3-21,0.5511248511687172,4.690266666666666,0.12,3.919348,230.14999999999998,-43.0,0.0005257743421080974,0.95,58.23284805169568,0.4567351057625416,4787073.141302292,15.38142974741027,253.399229535373,195.14999999999998,True,57.31041,1038.887,981.5765899999999,18.127369879224386,981.5765899999999,24.35734,False,False,0.5723750804475347,4.734848,1073.774,1.0939278818782738,1.0,0.0,4.344992396263307,-7.550638444675621
S8-3-21-1-1,300-140K 1K-min,S8-3-21,0.5511248511687172,4.690266666666666,0.12,3.919348,233.14999999999998,-40.0,0.0006982368758366702,0.95,43.849499264520404,0.4567351057625416,4787073.141302292,15.38142974741027,253.399229535373,195.14999999999998,True,43.08275,998.276,955.1932499999999,23.171129976614772,955.1932499999999,23.66308,False,False,0.573930467298982,4.734848,1032.178,1.0805959945801533,1.0,0.0,4.2890842805061125,-7.266952149109874
S8-3-21-1-1,300-140K 1K-min,S8-3-21,0.5511248511687172,4.690266666666666,0.12,3.919348,236.14999999999998,-37.0,0.0009137609109925905,0.95,33.50694585983375,0.4567351057625416,4787073.141302292,15.38142974741027,253.399229535373,195.14999999999998,True,33.01592,955.641,922.6250799999999,28.944854482322466,922.6250799999999,23.01801,False,False,0.5745479221816372,4.734848,992.102,1.0753035241573956,1.0,0.0,4.2345966546686435,-6.997941606076814
S8-3-21-1-1,300-140K 1K-min,S8-3-21,0.5511248511687172,4.690266666666666,0.12,3.919348,239.14999999999998,-34.0,0.0011703285370725431,0.95,26.16131829960092,0.4567351057625416,4787073.141302292,15.38142974741027,253.399229535373,195.14999999999998,True,25.76372,909.1942,883.43048,35.28970971583296,883.43048,22.4149,False,False,0.5738376863187545,4.734848,955.334,1.0813912601249607,1.0,0.0,4.181476061049551,-6.750470768672967
S8-3-21-1-1,300-140K 1K-min,S8-3-21,0.5511248511687172,4.690266666666666,0.12,3.919348,241.14999999999998,-32.0,0.0014788760343872331,0.95,20.703112811039148,0.4567351057625416,4787073.141302292,15.38142974741027,253.399229535373,195.14999999999998,True,20.39136,861.361,840.96964,42.24146893586303,840.96964,21.86882,False,False,0.5725444733851115,4.734848,918.7391,1.09247594241333,1.0,0.0,4.146796599626788,-6.516472915948729
S8-3-21-1-1,300-140K 1K-min,S8-3-21,0.5511248511687172,4.690266666666666,0.12,3.919348,244.14999999999998,-29.0,0.0018329874365754018,0.95,16.70351730869685,0.4567351057625416,4787073.141302292,15.38142974741027,253.399229535373,195.14999999999998,True,16.45857,816.5201,800.06153,49.61063445973738,800.06153,21.334,False,False,0.570885582595962,4.734848,885.4241,1.106695006320325,1.0,0.0,4.095842719639566,-6.301808164171297
S8-3-21-1-1,300-140K 1K-min,S8-3-21,0.5511248511687172,4.690266666666666,0.12,3.919348,247.14999999999998,-26.0,0.002238022878653551,0.95,13.680529214196966,0.4567351057625416,4787073.141302292,15.38142974741027,253.399229535373,195.14999999999998,True,13.4877,774.74,761.2523,57.440482810264164,761.2523,20.827,False,False,0.5692572685823085,4.734848,853.0989,1.1206519835802122,1.0,0.0,4.046125834513454,-6.102162446332525
S8-3-21-1-1,300-140K 1K-min,S8-3-21,0.5511248511687172,4.690266666666666,0.12,3.919348,250.14999999999998,-23.0,0.002700714752898656,0.95,11.336753480018483,0.4567351057625416,4787073.141302292,15.38142974741027,253.399229535373,195.14999999999998,True,11.18524,737.7047,726.51946,65.9534082415755,726.51946,20.34697,False,False,0.568075582357193,4.734848,821.5342,1.1307807226526305,1.0,0.0,3.9976014391365187,-5.9142388177090846
S8-3-21-1-1,300-140K 1K-min,S8-3-21,0.5511248511687172,4.690266666666666,0.12,3.919348,252.14999999999998,-21.0,0.003214886698519839,0.95,9.523613192202879,0.4567351057625416,4787073.141302292,15.38142974741027,253.399229535373,195.14999999999998,True,9.402955,705.5914,696.188445,75.03932540355665,696.188445,19.88639,False,False,0.567282844661405,4.734848,791.967,1.1375756171879567,1.0,0.0,3.9658933174697606,-5.7399631634314865
S8-3-21-1-1,300-140K 1K-min,S8-3-21,0.5511248511687172,4.690266666666666,0.12,3.919348,255.14999999999998,-18.0,0.0037730038589990616,0.95,8.114843906251279,0.20922599349585197,57.171767127101774,4.0460601948401855,253.399229535373,195.14999999999998,True,8.018738,679.2683,671.249562,84.71012520922866,671.249562,19.45535,False,False,0.5671005464283642,4.734848,764.646,1.1391381734711639,1.0,0.0,3.919263178522438,-5.579883815207203
S8-3-21-1-1,300-140K 1K-min,S8-3-21,0.5511248511687172,4.690266666666666,0.12,3.919348,258.15,-15.0,0.0043771817017845775,0.95,6.994760432489793,0.20922599349585197,57.171767127101774,4.0460601948401855,253.399229535373,195.14999999999998,True,6.919504,658.7869,651.867396,95.20724317812375,651.867396,19.04416,False,False,0.5677001838167305,4.734848,739.2166,1.1339984244280241,1.0,0.0,3.873716831299632,-5.431350208775846
S8-3-21-1-1,300-140K 1K-min,S8-3-21,0.5511248511687172,4.690266666666666,0.12,3.919348,261.15,-12.0,0.005025048629785577,0.95,6.0929434974975685,0.20922599349585197,57.171767127101774,4.0460601948401855,253.399229535373,195.14999999999998,True,6.032573,643.9754,637.9428270000001,106.74970696583365,637.9428270000001,18.64993,False,False,0.5691523313159432,4.734848,715.4857,1.1215514458633433,1.0,0.0,3.8292169251388093,-5.293320147514556
S8-3-21-1-1,300-140K 1K-min,S8-3-21,0.5511248511687172,4.690266666666666,0.12,3.919348,263.15,-10.0,0.005714891411549025,0.95,5.357466164901679,0.20922599349585197,57.171767127101774,4.0460601948401855,253.399229535373,195.14999999999998,True,5.306942,634.6149,629.307958,119.58203048007685,629.307958,18.2705,False,False,0.571462897237561,4.734848,693.3379,1.1017465951066185,1.0,0.0,3.800114003420103,-5.164679982519722
S8-3-21-1-1,300-140K 1K-min,S8-3-21,0.5511248511687172,4.690266666666666,0.12,3.919348,266.15,-7.0,0.006437853748679524,0.95,4.755829903675749,0.20922599349585197,57.171767127101774,4.0460601948401855,253.399229535373,195.14999999999998,True,4.7125,631.2457,626.5332000000001,133.95134217506632,626.5332000000001,17.90825,False,False,0.5747921844631166,4.734848,672.4016,1.0732098474589995,1.0,0.0,3.7572797294758598,-5.045560063250859
S8-3-21-1-1,300-140K 1K-min,S8-3-21,0.5511248511687172,4.690266666666666,0.12,3.919348,269.15,-4.0,0.007184208144687452,0.95,4.26175533292446,0.20922599349585197,57.171767127101774,4.0460601948401855,253.399229535373,195.14999999999998,True,4.224024,633.152,628.9279760000001,149.8930877286682,628.9279760000001,17.56143,False,False,0.5786461122537188,4.734848,654.1959,1.0401761806824108,1.0,0.0,3.7154003343860302,-4.9358699750323245
S8-3-21-1-1,300-140K 1K-min,S8-3-21,0.5511248511687172,4.690266666666666,0.12,3.919348,272.15,-1.0,0.007951969500874798,0.95,3.8502835517783205,0.20922599349585197,57.171767127101774,4.0460601948401855,253.399229535373,195.14999999999998,True,3.818451,640.7163,636.8978490000001,167.79482046515722,636.8978490000001,17.22974,False,False,0.5833937732454174,4.734848,636.5679,0.9994819436107075,1.0,0.0,3.6744442403086537,-4.834335645038288
S8-3-21-1-1,300-140K 1K-min,S8-3-21,0.5511248511687172,4.690266666666666,0.12,3.919348,274.15,1.0,0.008734773217023048,0.95,3.505224075399176,0.20922599349585197,57.171767127101774,4.0460601948401855,253.399229535373,195.14999999999998,True,3.47771,653.7742,650.29649,187.9898553933479,650.29649,16.91003,False,False,0.5887094638939234,4.734848,620.3301,0.9539188809092282,1.0,0.0,3.647638154295094,-4.740443298294908
S8-3-21-1-1,300-140K 1K-min,S8-3-21,0.5511248511687172,4.690266666666666,0.12,3.919348,277.15,4.0,0.009534461434007819,0.95,3.2112288235027315,0.20922599349585197,57.171767127101774,4.0460601948401855,253.399229535373,195.14999999999998,True,3.189407,672.6055,669.416093,210.88732168707224,669.416093,16.60251,False,False,0.5944655288809538,4.734848,605.5412,0.9045811810203956,1.0,0.0,3.608154429009562,-4.652842524586564
S8-3-21-1-1,300-140K 1K-min,S8-3-21,0.5511248511687172,4.690266666666666,0.12,3.919348,279.15,6.0,0.010335329165817643,0.95,2.962395960713353,0.20922599349585197,57.171767127101774,4.0460601948401855,253.399229535373,195.14999999999998,True,2.94266,697.9636,695.02094,237.1879863796701,695.02094,16.30196,False,False,0.6005128368266623,4.734848,592.6771,0.8527471129143233,1.0,0.0,3.5823034210997675,-4.572187236736083
S8-3-21-1-1,300-140K 1K-min,S8-3-21,0.5511248511687172,4.690266666666666,0.12,3.919348,282.15,9.0,0.011135500641030319,0.95,2.749524997614136,0.20922599349585197,57.171767127101774,4.0460601948401855,253.399229535373,195.14999999999998,True,2.734435,726.5579,723.823465,265.7067730628082,723.823465,16.01017,False,False,0.6065590092928714,4.734848,579.7267,0.8009227774896731,1.0,0.0,3.5442140705298604,-4.497617018257001
S8-3-21-1-1,300-140K 1K-min,S8-3-21,0.5511248511687172,4.690266666666666,0.12,3.919348,285.15,12.0,0.011919773030681854,0.95,2.5686174807734297,0.20922599349585197,57.171767127101774,4.0460601948401855,253.399229535373,195.14999999999998,True,2.553807,758.8506,756.296793,297.1448508050922,756.296793,15.72706,False,False,0.6124945229449537,4.734848,567.2581,0.7500469461861109,1.0,0.0,3.506926179203928,-4.429556658576397
S8-3-21-1-1,300-140K 1K-min,S8-3-21,0.5511248511687172,4.690266666666666,0.12,3.919348,288.15,15.0,0.012700647052945283,0.95,2.410691143988678,0.20922599349585197,57.171767127101774,4.0460601948401855,253.399229535373,195.14999999999998,True,2.396704,794.5421,792.145396,331.5144882305032,792.145396,15.44983,False,False,0.6181347237588861,4.734848,555.8503,0.7017023677809764,1.0,0.0,3.47041471455839,-4.366102337764641
S8-3-21-1-1,300-140K 1K-min,S8-3-21,0.5511248511687172,4.690266666666666,0.12,3.919348,291.15,18.0,0.013496627348899407,0.95,2.268517651260321,0.20922599349585197,57.171767127101774,4.0460601948401855,253.399229535373,195.14999999999998,True,2.257138,833.1622,830.9050619999999,369.1232879868223,830.9050619999999,15.17122,False,False,0.6235632570178438,4.734848,544.3858,0.6551720827041964,1.0,0.0,3.4346556757685045,-4.30531545075692
S8-3-21-1-1,300-140K 1K-min,S8-3-21,0.5511248511687172,4.690266666666666,0.12,3.919348,294.15,21.0,0.01425052059706049,0.95,2.148506587175254,0.20922599349585197,57.171767127101774,4.0460601948401855,253.399229535373,195.14999999999998,True,2.138024,870.8228,868.684776,407.3026308404396,868.684776,14.89873,False,False,0.6283056197284311,4.734848,533.827,0.6145232594705899,1.0,0.0,3.3996260411354755,-4.250961839807744
S8-3-21-1-1,300-140K 1K-min,S8-3-21,0.5511248511687172,4.690266666666666,0.12,3.919348,297.15,24.0,0.014944193418848478,0.95,2.04877817860981,0.20922599349585197,57.171767127101774,4.0460601948401855,253.399229535373,195.14999999999998,True,2.039352,904.8491,902.809748,443.6944186192477,902.809748,14.63459,False,False,0.63222309742569,4.734848,524.4827,0.5809448792083705,1.0,0.0,3.365303718660609,-4.203432454669313
S8-3-21-1-1,300-140K 1K-min,S8-3-21,0.5511248511687172,4.690266666666666,0.12,3.919348,299.15,26.0,0.015421160834106796,0.95,1.98541067710967,0.20922599349585197,57.171767127101774,4.0460601948401855,253.399229535373,195.14999999999998,True,1.977639,926.3931,924.415461,468.43387493875275,924.415461,14.41167,False,False,0.6346164819283566,4.734848,518.0703,0.5604301548997993,1.0,0.0,3.342804613070366,-4.172014632609952
S8-3-22-1-1,300-140K 1K-min,S8-3-22,0.20404514559525858,4.344933333333333,0.12,3.919348,196.14999999999998,-77.0,3.171749023992307e-07,0.7400485562894572,96531.4,0.9376051209164645,4.773985503472731e+17,40.707128072252935,251.57156947148093,196.14999999999998,True,4370.853,106828.2,102457.347,24.441041599889083,102457.347,5764.45,True,True,0.9771270933519942,15046.87,20087.12,0.1960534855543351,1.0,0.72,5.098139179199593,-14.963812472638782
S8-3-22-1-1,300-140K 1K-min,S8-3-22,0.20404514559525858,4.344933333333333,0.12,3.919348,201.14999999999998,-72.0,1.7490124460004624e-06,0.8985636280892877,17505.5,0.9376051209164645,4.773985503472731e+17,40.707128072252935,251.57156947148093,196.14999999999998,True,5354.876,26304.96,20950.084,4.912337839382275,20950.084,1043.876,False,False,0.6833124678640906,4.734848,2996.616,0.14303598973636575,0.5348837209302325,0.0,4.971414367387522,-13.256459245886541
S8-3-22-1-1,300-140K 1K-min,S8-3-22,0.20404514559525858,4.344933333333333,0.12,3.919348,205.14999999999998,-68.0,5.054150702304295e-06,0.8997545939057721,6057.86,0.9376051209164645,4.773985503472731e+17,40.707128072252935,251.57156947148093,196.14999999999998,True,3316.018,10390.16,7074.142,3.133324366755548,7074.142,380.1028,False,False,0.6569692692060747,4.734848,2609.19,0.3688348353765022,0.5581395348837209,0.0,4.874482086278333,-12.195300731020929
S8-3-22-1-1,300-140K 1K-min,S8-3-22,0.20404514559525858,4.344933333333333,0.12,3.919348,209.14999999999998,-64.0,1.3515565384898726e-05,0.8998532244004968,2265.339,0.9376051209164645,4.773985503472731e+17,40.707128072252935,251.57156947148093,196.14999999999998,True,1699.031,4779.767,3080.736,2.8132311888364603,3080.736,134.0864,False,False,0.6144065898538531,4.734848,2260.206,0.7336578012526875,0.5813953488372093,0.0,4.781257470714799,-11.211668545230097
S8-3-22-1-1,300-140K 1K-min,S8-3-22,0.20404514559525858,4.344933333333333,0.12,3.919348,213.14999999999998,-60.0,3.126943006810128e-05,0.8998826411361267,979.146,0.9376051209164645,4.773985503472731e+17,40.707128072252935,251.57156947148093,196.14999999999998,True,867.9124,2745.052,1877.1396,3.1628215013404577,1877.1396,54.91819,False,False,0.576350858508339,4.734848,1989.486,1.059849784214237,0.6744186046511628,0.0,4.691531785127845,-10.372869612816642
S8-3-22-1-1,300-140K 1K-min,S8-3-22,0.20404514559525858,4.344933333333333,0.12,3.919348,216.14999999999998,-57.0,5.672365779257807e-05,0.8999458939724683,539.7631,0.9376051209164645,4.773985503472731e+17,40.707128072252935,251.57156947148093,196.14999999999998,True,495.504,1891.518,1396.0140000000001,3.817361716555265,1396.0140000000001,40.93796,False,False,0.5492538040449452,4.734848,1803.804,1.2921102510433267,0.7209302325581395,0.0,4.626416840157298,-9.777319189234051
S8-3-22-1-1,300-140K 1K-min,S8-3-22,0.20404514559525858,4.344933333333333,0.12,3.919348,219.14999999999998,-54.0,9.270460712162012e-05,0.8999482413429885,330.2677,0.4606196669044425,4211331.377537463,15.253289397360058,251.57156947148093,196.14999999999998,True,308.8687,1484.235,1175.3663,4.805391417129673,1175.3663,38.40522,False,False,0.5334409026360549,4.734848,1678.011,1.427649405976672,0.7674418604651163,0.0,4.56308464522017,-9.286092387365079
S8-3-22-1-1,300-140K 1K-min,S8-3-22,0.20404514559525858,4.344933333333333,0.12,3.919348,222.14999999999998,-51.0,0.000144300244952168,0.899969776835357,212.178,0.4606196669044425,4211331.377537463,15.253289397360058,251.57156947148093,196.14999999999998,True,202.928,1257.809,1054.8809999999999,6.198301860758495,1054.8809999999999,36.52515,False,False,0.5247325211722145,4.734848,1584.74,1.502292675666733,0.8372093023255814,0.0,4.501462975467027,-8.843614394665668
S8-3-22-1-1,300-140K 1K-min,S8-3-22,0.20404514559525858,4.344933333333333,0.12,3.919348,225.14999999999998,-48.0,0.0002079001976884614,0.8999805333877121,147.2694,0.4606196669044425,4211331.377537463,15.253289397360058,251.57156947148093,196.14999999999998,True,143.129,1133.88,990.7510000000001,7.922084273627289,990.7510000000001,34.90211,False,False,0.5214086250396587,4.734848,1516.625,1.5307832139457829,0.8604651162790697,0.0,4.4414834554741285,-8.478452412218308
S8-3-22-1-1,300-140K 1K-min,S8-3-22,0.20404514559525858,4.344933333333333,0.12,3.919348,228.14999999999998,-45.0,0.0003036208333883154,0.8999998127241976,100.8407,0.4606196669044425,4211331.377537463,15.253289397360058,251.57156947148093,196.14999999999998,True,103.818,1051.466,947.6479999999999,10.127973954420234,947.6479999999999,33.48423,False,False,0.5204139617241846,4.734848,1458.723,1.5393088995069883,1.0,0.0,4.38308130615823,-8.099730893623489
S8-3-22-1-1,300-140K 1K-min,S8-3-22,0.20404514559525858,4.344933333333333,0.12,3.919348,231.14999999999998,-42.0,0.00039397518294688114,0.95,77.7138731034974,0.4606196669044425,4211331.377537463,15.253289397360058,251.57156947148093,196.14999999999998,True,76.9884,990.762,913.7736,12.868977664167588,913.7736,32.20405,False,False,0.5201855288151611,4.734848,1408.369,1.5412668958700475,1.0,0.0,4.3261951113995245,-7.839222638094597
S8-3-22-1-1,300-140K 1K-min,S8-3-22,0.20404514559525858,4.344933333333333,0.12,3.919348,233.14999999999998,-40.0,0.0005186818949471652,0.95,59.029122997593525,0.4606196669044425,4211331.377537463,15.253289397360058,251.57156947148093,196.14999999999998,True,58.2729,941.5737,883.3008,16.158003119803546,883.3008,31.02977,False,False,0.5202156803963801,4.734848,1361.174,1.5410084537453135,1.0,0.0,4.2890842805061125,-7.564219781887077
S8-3-22-1-1,300-140K 1K-min,S8-3-22,0.20404514559525858,4.344933333333333,0.12,3.919348,236.14999999999998,-37.0,0.00067192792228338,0.95,45.566401332773445,0.4606196669044425,4211331.377537463,15.253289397360058,251.57156947148093,196.14999999999998,True,44.92171,900.5396,855.61789,20.04686820693157,855.61789,29.95242,False,False,0.5202693221698144,4.734848,1318.121,1.5405486671158763,1.0,0.0,4.2345966546686435,-7.305359481700605
S8-3-22-1-1,300-140K 1K-min,S8-3-22,0.20404514559525858,4.344933333333333,0.12,3.919348,239.14999999999998,-34.0,0.0008563070685302248,0.95,35.755091250166885,0.4606196669044425,4211331.377537463,15.253289397360058,251.57156947148093,196.14999999999998,True,35.25663,867.8183,832.56167,24.61432927650771,832.56167,28.95934,False,False,0.520894128679581,4.734848,1278.143,1.5351931827464484,0.9767441860465116,0.0,4.181476061049551,-7.062881521230445
S8-3-22-1-1,300-140K 1K-min,S8-3-22,0.20404514559525858,4.344933333333333,0.12,3.919348,242.14999999999998,-31.0,0.0010764938021891742,0.95,28.44172192278043,0.4606196669044425,4211331.377537463,15.253289397360058,251.57156947148093,196.14999999999998,True,28.10103,843.3611,815.2600699999999,30.01175045896894,815.2600699999999,28.04551,False,False,0.5224079791699682,4.734848,1241.003,1.5222173214002723,1.0,0.0,4.129671691100558,-6.834045998548307
S8-3-22-1-1,300-140K 1K-min,S8-3-22,0.20404514559525858,4.344933333333333,0.12,3.919348,244.14999999999998,-29.0,0.001331771770903681,0.95,22.989928186182784,0.4606196669044425,4211331.377537463,15.253289397360058,251.57156947148093,196.14999999999998,True,22.70998,827.573,804.86302,36.44093918180465,804.86302,27.23693,False,False,0.5252638898314235,4.734848,1205.474,1.4977380871592267,1.0,0.0,4.095842719639566,-6.621245064710261
S8-3-22-1-1,300-140K 1K-min,S8-3-22,0.20404514559525858,4.344933333333333,0.12,3.919348,247.14999999999998,-26.0,0.0016238126638637707,0.95,18.855215293498738,0.4606196669044425,4211331.377537463,15.253289397360058,251.57156947148093,196.14999999999998,True,18.62984,819.7881,801.1582599999999,44.00403331429577,801.1582599999999,26.47214,False,False,0.5292280603834755,4.734848,1172.703,1.4637594824273528,1.0,0.0,4.046125834513454,-6.422978398660211
S8-3-22-1-1,300-140K 1K-min,S8-3-22,0.20404514559525858,4.344933333333333,0.12,3.919348,250.14999999999998,-23.0,0.0019503799741265036,0.95,15.698139736680472,0.4606196669044425,4211331.377537463,15.253289397360058,251.57156947148093,196.14999999999998,True,15.51619,820.1204,804.60421,52.85578482862095,804.60421,25.78954,False,False,0.534212256151796,4.734848,1143.373,1.4210378044131768,1.0,0.0,3.9976014391365187,-6.239731066862526
S8-3-22-1-1,300-140K 1K-min,S8-3-22,0.20404514559525858,4.344933333333333,0.12,3.919348,253.14999999999998,-20.0,0.002313506508600375,0.95,13.234169542917764,0.22117399139769373,67.19098849059155,4.2075391386945284,251.57156947148093,196.14999999999998,True,13.08742,827.2208,814.1333800000001,63.20732428545887,814.1333800000001,25.17666,False,False,0.5399796193919316,4.734848,1116.668,1.3716032623548715,1.0,0.0,3.950227138060439,-6.068990936307853
S8-3-22-1-1,300-140K 1K-min,S8-3-22,0.20404514559525858,4.344933333333333,0.12,3.919348,255.14999999999998,-18.0,0.0027168344886997213,0.95,11.269489363746473,0.22117399139769373,67.19098849059155,4.2075391386945284,251.57156947148093,196.14999999999998,True,11.15276,840.827,829.67424,75.39183125970611,829.67424,24.62151,False,False,0.5463408562216742,4.734848,1092.746,1.3170783752427926,1.0,0.0,3.919263178522438,-5.9082878673239785
S8-3-22-1-1,300-140K 1K-min,S8-3-22,0.20404514559525858,4.344933333333333,0.12,3.919348,258.15,-15.0,0.0031475646952564564,0.95,9.727309948419174,0.22117399139769373,67.19098849059155,4.2075391386945284,251.57156947148093,196.14999999999998,True,9.63103,861.5229,851.89187,89.4528311094452,851.89187,24.11047,False,False,0.5536129552060014,4.734848,1068.908,1.254746098234273,1.0,0.0,3.873716831299632,-5.7611262377672725
S8-3-22-1-1,300-140K 1K-min,S8-3-22,0.20404514559525858,4.344933333333333,0.12,3.919348,261.15,-12.0,0.003609824599239374,0.95,8.481668992978904,0.22117399139769373,67.19098849059155,4.2075391386945284,251.57156947148093,196.14999999999998,True,8.40121,889.1907,880.78949,105.84078960054562,880.78949,23.65395,False,False,0.5612031576353166,4.734848,1047.864,1.1896872202687145,1.0,0.0,3.8292169251388093,-5.624096095286074
S8-3-22-1-1,300-140K 1K-min,S8-3-22,0.20404514559525858,4.344933333333333,0.12,3.919348,264.15,-9.0,0.004102124843256158,0.95,7.463775127126035,0.22117399139769373,67.19098849059155,4.2075391386945284,251.57156947148093,196.14999999999998,True,7.40057,924.0942,916.69363,124.86797638560273,916.69363,23.23139,False,False,0.5692024837131247,4.734848,1027.725,1.121121568173217,1.0,0.0,3.7857278061707365,-5.496250185066612
S8-3-22-1-1,300-140K 1K-min,S8-3-22,0.20404514559525858,4.344933333333333,0.12,3.919348,267.15,-6.0,0.004617880060127804,0.95,6.63017163174518,0.22117399139769373,67.19098849059155,4.2075391386945284,251.57156947148093,196.14999999999998,True,6.578414,964.539,957.960586,146.62181492377948,957.960586,22.83966,False,False,0.5771533487704473,4.734848,1008.705,1.0529712962533084,1.0,0.0,3.7432154220475393,-5.377819540641816
S8-3-22-1-1,300-140K 1K-min,S8-3-22,0.20404514559525858,4.344933333333333,0.12,3.919348,269.15,-4.0,0.005164125387897262,0.95,5.9288524336021045,0.22117399139769373,67.19098849059155,4.2075391386945284,251.57156947148093,196.14999999999998,True,5.885602,1015.14,1009.254398,172.47853320696848,1009.254398,22.46569,False,False,0.5855122650652052,4.734848,990.405,0.981323442298241,1.0,0.0,3.7154003343860302,-5.266019525135037
S8-3-22-1-1,300-140K 1K-min,S8-3-22,0.20404514559525858,4.344933333333333,0.12,3.919348,272.15,-1.0,0.005728402680458166,0.95,5.3448298035871105,0.22117399139769373,67.19098849059155,4.2075391386945284,251.57156947148093,196.14999999999998,True,5.308638,1076.125,1070.816362,202.71207040299225,1070.816362,22.11332,False,False,0.5940491534999538,4.734848,972.462,0.9081501128575388,1.0,0.0,3.6744442403086537,-5.162318551435431
S8-3-22-1-1,300-140K 1K-min,S8-3-22,0.20404514559525858,4.344933333333333,0.12,3.919348,274.15,1.0,0.006306835972926978,0.95,4.854627186261149,0.22117399139769373,67.19098849059155,4.2075391386945284,251.57156947148093,196.14999999999998,True,4.823017,1145.901,1141.0779830000001,237.59008106336762,1141.0779830000001,21.77826,False,False,0.6022834679184821,4.734848,955.733,0.837570274984439,1.0,0.0,3.647638154295094,-5.066121158785322
S8-3-22-1-1,300-140K 1K-min,S8-3-22,0.20404514559525858,4.344933333333333,0.12,3.919348,277.15,4.0,0.006897280323243977,0.95,4.439044947945647,0.22117399139769373,67.19098849059155,4.2075391386945284,251.57156947148093,196.14999999999998,True,4.411944,1223.962,1219.550056,277.42011231330224,1219.550056,21.46012,False,False,0.6102271685134779,4.734848,938.4211,0.769481412741618,1.0,0.0,3.608154429009562,-4.976628101130435
S8-3-22-1-1,300-140K 1K-min,S8-3-22,0.20404514559525858,4.344933333333333,0.12,3.919348,280.15,7.0,0.007493006709667982,0.95,4.08612170785281,0.22117399139769373,67.19098849059155,4.2075391386945284,251.57156947148093,196.14999999999998,True,4.060881,1307.403,1303.342119,321.950581659497,1303.342119,21.1605,False,False,0.6174385284073418,4.734848,922.3358,0.7076697565084976,1.0,0.0,3.5695163305372124,-4.893785132142206
S8-3-22-1-1,300-140K 1K-min,S8-3-22,0.20404514559525858,4.344933333333333,0.12,3.919348,283.15,10.0,0.008081790847040216,0.95,3.788434760678575,0.22117399139769373,67.19098849059155,4.2075391386945284,251.57156947148093,196.14999999999998,True,3.766264,1395.904,1392.137736,370.6336040171374,1392.137736,20.88743,False,False,0.6240823790154051,4.734848,905.8953,0.6507224655822414,1.0,0.0,3.531696980399082,-4.818141791522359
S8-3-22-1-1,300-140K 1K-min,S8-3-22,0.20404514559525858,4.344933333333333,0.12,3.919348,285.15,12.0,0.00866097290471347,0.95,3.535092155385747,0.22117399139769373,67.19098849059155,4.2075391386945284,251.57156947148093,196.14999999999998,True,3.515615,1482.868,1479.352385,421.7947642162182,1479.352385,20.63705,False,False,0.629772387079589,4.734848,890.4976,0.6019509678892359,1.0,0.0,3.506926179203928,-4.748928218062846
S8-3-22-1-1,300-140K 1K-min,S8-3-22,0.20404514559525858,4.344933333333333,0.12,3.919348,288.15,15.0,0.009243012361165561,0.95,3.3124847373459745,0.22117399139769373,67.19098849059155,4.2075391386945284,251.57156947148093,196.14999999999998,True,3.297153,1563.962,1560.664847,474.3371023425361,1560.664847,20.38932,False,False,0.6345791153070035,4.734848,875.1435,0.5607504402256839,1.0,0.0,3.47041471455839,-4.683887433346116
S8-3-22-1-1,300-140K 1K-min,S8-3-22,0.20404514559525858,4.344933333333333,0.12,3.919348,291.15,18.0,0.009823792470349339,0.95,3.116651483209959,0.22117399139769373,67.19098849059155,4.2075391386945284,251.57156947148093,196.14999999999998,True,3.101961,1632.925,1629.8230389999999,526.4169987952781,1629.8230389999999,20.11683,False,False,0.6385188027970522,4.734848,858.8869,0.5269816903109807,1.0,0.0,3.4346556757685045,-4.622948032561339
S8-3-22-1-1,300-140K 1K-min,S8-3-22,0.20404514559525858,4.344933333333333,0.12,3.919348,294.15,21.0,0.010387397912670423,0.95,2.947546404871468,0.22117399139769373,67.19098849059155,4.2075391386945284,251.57156947148093,196.14999999999998,True,2.935184,1687.267,1684.3318160000001,574.8419860560701,1684.3318160000001,19.833,False,False,0.6415294654348163,4.734848,844.1467,0.5011760105587173,1.0,0.0,3.3996260411354755,-4.567161946750629
S8-3-22-1-1,300-140K 1K-min,S8-3-22,0.20404514559525858,4.344933333333333,0.12,3.919348,297.15,24.0,0.010897739068204775,0.95,2.809512797272802,0.22117399139769373,67.19098849059155,4.2075391386945284,251.57156947148093,196.14999999999998,True,2.799048,1719.597,1716.797952,614.3506649403654,1716.797952,19.55388,False,False,0.6435361065326651,4.734848,830.8894,0.48397622972001286,1.0,0.0,3.365303718660609,-4.519199936197908
S8-3-22-1-1,300-140K 1K-min,S8-3-22,0.20404514559525858,4.344933333333333,0.12,3.919348,299.15,26.0,0.011267082455792556,0.95,2.7174148670333302,0.22117399139769373,67.19098849059155,4.2075391386945284,251.57156947148093,196.14999999999998,True,2.709746,1727.315,1724.605254,637.4453546568571,1724.605254,19.30068,False,False,0.6441602603784407,4.734848,825.4415,0.47862633961336615,1.0,0.0,3.342804613070366,-4.485869861481937
S8-3-23-2-1,300-140K 1K-min,S8-3-23,0.15219021469526195,3.881733333333334,0.12,3.919348,215.14999999999998,-58.0,3.8797907130186664e-07,0.8965009387339093,78914.92,0.8126481907800511,4909980333057.318,29.222291052239648,268.78844407624814,,True,3828.514,156765.1,152936.586,40.94672240979137,152936.586,12831.24,False,False,0.6779096339533388,4.734848,28957.93,0.18934599468566662,0.5813953488372093,0.0,4.6479200557750415,-14.762314438721592
S8-3-23-2-1,300-140K 1K-min,S8-3-23,0.15219021469526195,3.881733333333334,0.12,3.919348,220.14999999999998,-53.0,1.1790757384013957e-06,0.95,25967.235501743453,0.8126481907800511,4909980333057.318,29.222291052239648,268.78844407624814,,True,5168.368,64575.36,59406.992,12.494342508118615,59406.992,4543.016,False,False,0.6611633705787807,4.734848,19775.72,0.3328853950390217,0.6046511627906976,0.0,4.542357483533954,-13.650779698946105
S8-3-23-2-1,300-140K 1K-min,S8-3-23,0.15219021469526195,3.881733333333334,0.12,3.919348,224.14999999999998,-49.0,3.289099658338007e-06,0.8991496837253634,9308.729,0.8126481907800511,4909980333057.318,29.222291052239648,268.78844407624814,,True,4827.239,35427.63,30600.390999999996,7.339108339156192,30600.390999999996,1624.752,False,False,0.6446334525594787,4.734848,14522.04,0.4745704066330395,0.6046511627906976,0.0,4.461298237787196,-12.62489669071838
S8-3-23-2-1,300-140K 1K-min,S8-3-23,0.15219021469526195,3.881733333333334,0.12,3.919348,229.14999999999998,-44.0,7.2717580620245835e-06,0.8995141464128836,4210.445,0.8126481907800511,4909980333057.318,29.222291052239648,268.78844407624814,,True,2876.927,22419.07,19542.143,7.792714239881651,19542.143,739.3497,False,False,0.6336778554259206,4.734848,11109.23,0.5684755249206803,0.627906976744186,0.0,4.3639537420903345,-11.831512471441147
S8-3-23-2-1,300-140K 1K-min,S8-3-23,0.15219021469526195,3.881733333333334,0.12,3.919348,234.14999999999998,-39.0,1.569168707658286e-05,0.8997003571854524,1951.182,0.8126481907800511,4909980333057.318,29.222291052239648,268.78844407624814,,True,1706.979,14728.23,13021.251,8.628243229705813,13021.251,419.0031,False,False,0.6236568603636214,4.734848,8520.713,0.6543697683118157,0.7441860465116279,0.0,4.270766602605168,-11.062379471404967
S8-3-23-2-1,300-140K 1K-min,S8-3-23,0.15219021469526195,3.881733333333334,0.12,3.919348,238.14999999999998,-35.0,2.9144213935859155e-05,0.8998324365559283,1050.546,0.8126481907800511,4909980333057.318,29.222291052239648,268.78844407624814,,True,987.032,10654.7,9667.668000000001,10.794685481321782,9667.668000000001,331.6906,False,False,0.6176126324707606,4.734848,6827.089,0.7061774359649088,0.813953488372093,0.0,4.199034222128911,-10.44325415763648
S8-3-23-2-1,300-140K 1K-min,S8-3-23,0.15219021469526195,3.881733333333334,0.12,3.919348,241.14999999999998,-32.0,4.740300060375355e-05,0.8998946410990262,645.8945,0.8126481907800511,4909980333057.318,29.222291052239648,268.78844407624814,,True,632.743,8551.172,7918.429,13.514447413878937,7918.429,277.516,False,False,0.6141555035727415,4.734848,5826.459,0.7358099693765012,0.8604651162790697,0.0,4.146796599626788,-9.956825027390192
S8-3-23-2-1,300-140K 1K-min,S8-3-23,0.15219021469526195,3.881733333333334,0.12,3.919348,244.14999999999998,-29.0,6.991693131025744e-05,0.8999501298046823,437.9102,0.4773083622779481,512812.60908748,13.147665772990434,268.78844407624814,,True,433.7737,7309.625,6875.8513,16.851240635382,6875.8513,240.2764,False,False,0.6122767144969137,4.734848,5170.048,0.751913875740739,0.9302325581395349,0.0,4.095842719639566,-9.5682027161634
S8-3-23-2-1,300-140K 1K-min,S8-3-23,0.15219021469526195,3.881733333333334,0.12,3.919348,247.14999999999998,-26.0,9.364136755647291e-05,0.8999299876052392,326.9638,0.4773083622779481,512812.60908748,13.147665772990434,268.78844407624814,,True,319.3329,6558.783,6239.4501,20.5390143013764,6239.4501,214.6198,False,False,0.6115255338500636,4.734848,4731.703,0.758352566999454,0.9069767441860465,0.0,4.046125834513454,-9.276038311043328
S8-3-23-2-1,300-140K 1K-min,S8-3-23,0.15219021469526195,3.881733333333334,0.12,3.919348,251.14999999999998,-22.0,0.0001302824395038671,0.8999483036994667,235.0074,0.4773083622779481,512812.60908748,13.147665772990434,268.78844407624814,,True,232.624,5995.673,5763.049,25.774094676387648,5763.049,192.2028,False,False,0.6119153709549696,4.734848,4351.166,0.7550111061002603,0.9767441860465116,0.0,3.981684252438782,-8.94580585264814
S8-3-23-2-1,300-140K 1K-min,S8-3-23,0.15219021469526195,3.881733333333334,0.12,3.919348,253.14999999999998,-20.0,0.00017094544274343334,0.8999624855814309,179.1059,0.4773083622779481,512812.60908748,13.147665772990434,268.78844407624814,,True,179.1059,5589.083,5409.9771,31.205465593260747,5409.9771,173.6317,False,False,0.6131887206448002,4.734848,4025.546,0.7440966801874261,1.0,0.0,3.950227138060439,-8.674166100652362
S8-3-23-2-1,300-140K 1K-min,S8-3-23,0.15219021469526195,3.881733333333334,0.12,3.919348,256.15,-17.0,0.00021835136355569335,0.899974868422169,140.2205,0.4773083622779481,512812.60908748,13.147665772990434,268.78844407624814,,True,141.7024,5326.896,5185.1936,37.592136759857276,5185.1936,159.1437,False,False,0.6150928327922027,4.734848,3773.658,0.7277757189239761,1.0,0.0,3.9039625219597895,-8.429405033235655
S8-3-23-2-1,300-140K 1K-min,S8-3-23,0.15219021469526195,3.881733333333334,0.12,3.919348,259.15,-14.0,0.00027475389237236874,0.8999896551272256,111.4355,0.4773083622779481,512812.60908748,13.147665772990434,268.78844407624814,,True,114.054,5116.597,5002.543,44.86117979202834,5002.543,146.5647,False,False,0.6169857743684894,4.734848,3559.562,0.7115505054129468,1.0,0.0,3.858769052672198,-8.199634797820497
S8-3-23-2-1,300-140K 1K-min,S8-3-23,0.15219021469526195,3.881733333333334,0.12,3.919348,262.15,-11.0,0.0003363210349205281,0.95,91.03604649853644,0.4773083622779481,512812.60908748,13.147665772990434,268.78844407624814,,True,93.16328,4933.034,4839.87072,52.950411363790536,4839.87072,135.8857,False,False,0.6187083279502694,4.734848,3372.353,0.6967857604262618,1.0,0.0,3.814609956131986,-7.99744439309046
S8-3-23-2-1,300-140K 1K-min,S8-3-23,0.15219021469526195,3.881733333333334,0.12,3.919348,264.15,-9.0,0.00040398101559454706,0.95,75.78904995919409,0.4773083622779481,512812.60908748,13.147665772990434,268.78844407624814,,True,76.91427,4759.236,4682.32173,61.87715231516856,4682.32173,126.5935,False,False,0.6200881268788849,4.734848,3207.198,0.6849589124667005,1.0,0.0,3.7857278061707365,-7.814142672209846
S8-3-23-2-1,300-140K 1K-min,S8-3-23,0.15219021469526195,3.881733333333334,0.12,3.919348,267.15,-6.0,0.0004823113076656298,0.95,63.48044693716172,0.4773083622779481,512812.60908748,13.147665772990434,268.78844407624814,,True,64.20015,4588.217,4524.01685,71.46738753725653,4524.01685,118.5191,False,False,0.621214653890307,4.734848,3055.082,0.6753029666545117,1.0,0.0,3.7432154220475393,-7.636920785869493
S8-3-23-2-1,300-140K 1K-min,S8-3-23,0.15219021469526195,3.881733333333334,0.12,3.919348,270.15,-3.0,0.0005722142501901421,0.95,53.50677191853787,0.30575437300540337,311.2839770395575,5.740705605000352,268.78844407624814,,True,54.14737,4418.073,4363.925630000001,81.59349198308247,4363.925630000001,111.598,False,False,0.6220632265143956,4.734848,2915.231,0.6680294870194659,1.0,0.0,3.7016472330186936,-7.465997073446307
S8-3-23-2-1,300-140K 1K-min,S8-3-23,0.15219021469526195,3.881733333333334,0.12,3.919348,273.15,-0.0,0.0006703091225685087,0.95,45.676444408425695,0.30575437300540337,311.2839770395575,5.740705605000352,268.78844407624814,,True,46.05352,4254.762,4208.708479999999,92.38733543060334,4208.708479999999,105.5719,False,False,0.6227503952313023,4.734848,2786.752,0.6621394694459807,1.0,0.0,3.660992128866923,-7.307771575012966
S8-3-23-2-1,300-140K 1K-min,S8-3-23,0.15219021469526195,3.881733333333334,0.12,3.919348,275.15,2.0,0.000779866967206083,0.95,39.25969256416825,0.30575437300540337,311.2839770395575,5.740705605000352,268.78844407624814,,True,39.54958,4097.484,4057.9344200000005,103.60372979940622,4057.9344200000005,100.3041,False,False,0.6232155900636758,4.734848,2670.738,0.6581520851684929,1.0,0.0,3.634381246592768,-7.156387207690767
S8-3-23-2-1,300-140K 1K-min,S8-3-23,0.15219021469526195,3.881733333333334,0.12,3.919348,277.15,4.0,0.0009030879969197698,0.95,33.90293911323144,0.30575437300540337,311.2839770395575,5.740705605000352,268.78844407624814,,True,34.22882,3947.697,3913.4681800000003,115.33254725111763,3913.4681800000003,95.7511,False,False,0.6237016154811306,4.734848,2559.354,0.6539861530188803,1.0,0.0,3.608154429009562,-7.009690559771631
S8-3-23-2-1,300-140K 1K-min,S8-3-23,0.15219021469526195,3.881733333333334,0.12,3.919348,280.15,7.0,0.0010329599545357692,0.95,29.64039141984074,0.30575437300540337,311.2839770395575,5.740705605000352,268.78844407624814,,True,29.89812,3809.599,3779.7008800000003,127.41934944404532,3779.7008800000003,91.82819,False,False,0.6240431251621512,4.734848,2460.808,0.6510589271815602,1.0,0.0,3.5695163305372124,-6.875326855776345
S8-3-23-2-1,300-140K 1K-min,S8-3-23,0.15219021469526195,3.881733333333334,0.12,3.919348,283.15,10.0,0.001170914268134045,0.95,26.14823152018851,0.30575437300540337,311.2839770395575,5.740705605000352,268.78844407624814,,True,26.35226,3686.266,3659.91374,139.8842452222314,3659.91374,88.5407,False,False,0.6243181434471003,4.734848,2374.192,0.648701627596283,1.0,0.0,3.531696980399082,-6.7499704095710245
S8-3-23-2-1,300-140K 1K-min,S8-3-23,0.15219021469526195,3.881733333333334,0.12,3.919348,286.15,13.0,0.0013153466775196537,0.95,23.277009701500248,0.30575437300540337,311.2839770395575,5.740705605000352,268.78844407624814,,True,23.42312,3581.138,3557.71488,152.88902588553532,3557.71488,85.79558,False,False,0.6245958124671306,4.734848,2299.428,0.6463216074245948,1.0,0.0,3.494670627293378,-6.633655015002713
S8-3-23-2-1,300-140K 1K-min,S8-3-23,0.15219021469526195,3.881733333333334,0.12,3.919348,288.15,15.0,0.001465909418751929,0.95,20.886240979015337,0.30575437300540337,311.2839770395575,5.740705605000352,268.78844407624814,,True,21.01391,3492.231,3471.21709,166.18663542386926,3471.21709,83.45032,False,False,0.6249153270330321,4.734848,2234.016,0.643582911145439,1.0,0.0,3.47041471455839,-6.52527946545397
S8-3-23-2-1,300-140K 1K-min,S8-3-23,0.15219021469526195,3.881733333333334,0.12,3.919348,291.15,18.0,0.0016308858309083928,0.95,18.773440049085128,0.30575437300540337,311.2839770395575,5.740705605000352,268.78844407624814,,True,18.87546,3405.523,3386.64754,180.4206625957725,3386.64754,81.13664,False,False,0.6251310633878364,4.734848,2173.326,0.641733742389974,1.0,0.0,3.4346556757685045,-6.418631957236381
S8-3-23-2-1,300-140K 1K-min,S8-3-23,0.15219021469526195,3.881733333333334,0.12,3.919348,294.15,21.0,0.0017958836515285647,0.95,17.048619685023123,0.30575437300540337,311.2839770395575,5.740705605000352,268.78844407624814,,True,17.12657,3315.212,3298.08543,193.57127550934015,3298.08543,79.07306,False,False,0.6249667758505172,4.734848,2121.137,0.6431419212812809,1.0,0.0,3.3996260411354755,-6.322258093200259
S8-3-23-2-1,300-140K 1K-min,S8-3-23,0.15219021469526195,3.881733333333334,0.12,3.919348,297.15,24.0,0.0019512749064072527,0.95,15.69093994543018,0.30575437300540337,311.2839770395575,5.740705605000352,268.78844407624814,,True,15.75142,3233.765,3218.01358,205.2999031198457,3218.01358,77.4097,False,False,0.6244978792165321,4.734848,2082.573,0.6471610352868676,1.0,0.0,3.365303718660609,-6.239272321881821
S8-3-23-2-1,300-140K 1K-min,S8-3-23,0.15219021469526195,3.881733333333334,0.12,3.919348,299.15,26.0,0.002038592252423341,0.95,15.01886281430986,0.30575437300540337,311.2839770395575,5.740705605000352,268.78844407624814,,True,15.06245,3155.826,3140.76355,209.51611457631395,3140.76355,76.52895,False,False,0.6229197997622796,4.734848,2075.063,0.6606874306090311,1.0,0.0,3.342804613070366,-6.195495781677024
S8-3-25-1-1,300-140K 1K-min,S8-3-25,1.0408163265306123,5.173333333333333,0.12,3.919348,205.14999999999998,-68.0,5.590621942937665e-07,0.7319516731724641,54765.53,1.1069376986227135,1.0839882882023697e+21,48.43493405159269,251.2814870446183,,True,5023.605,60806.87,55783.265,12.10422993049812,55783.265,2600.245,False,False,0.9314263943376806,18984.38,8880.826,0.15920233424845245,0.42857142857142855,0.6923076923076923,4.874482086278333,-14.397005110062945
S8-3-25-1-1,300-140K 1K-min,S8-3-25,1.0408163265306123,5.173333333333333,0.12,3.919348,209.14999999999998,-64.0,3.0914862005401075e-06,0.8987194528658585,9903.76,1.1069376986227135,1.0839882882023697e+21,48.43493405159269,251.2814870446183,,True,4341.024,15189.73,10848.705999999998,3.499112191040639,10848.705999999998,457.0536,False,False,0.6788411539588224,4.734848,1967.538,0.18136153749580824,0.5581395348837209,0.0,4.781257470714799,-12.686858611635541
S8-3-25-1-1,300-140K 1K-min,S8-3-25,1.0408163265306123,5.173333333333333,0.12,3.919348,214.14999999999998,-59.0,9.971563712161218e-06,0.8995225357913945,3070.465,1.1069376986227135,1.0839882882023697e+21,48.43493405159269,251.2814870446183,,True,2056.393,5844.567,3788.174,2.8421449596453594,3788.174,173.0694,False,False,0.6475785123210638,4.734848,1702.129,0.4493270372480249,0.5813953488372093,0.0,4.669624095260332,-11.51577314454756
S8-3-25-1-1,300-140K 1K-min,S8-3-25,1.0408163265306123,5.173333333333333,0.12,3.919348,218.14999999999998,-55.0,2.559391692326432e-05,0.8998263425998968,1196.274,1.1069376986227135,1.0839882882023697e+21,48.43493405159269,251.2814870446183,,True,989.665,2801.156,1811.491,2.83040826946492,1811.491,63.2655,False,False,0.6047949543589599,4.734848,1478.255,0.8160432483517718,0.6511627906976745,0.0,4.584001833600734,-10.573155854899895
S8-3-25-1-1,300-140K 1K-min,S8-3-25,1.0408163265306123,5.173333333333333,0.12,3.919348,222.14999999999998,-51.0,5.2659886400684906e-05,0.8999189245324851,581.4167,0.5714789890815621,605786060.1400908,20.222037445629226,251.2814870446183,,True,534.2247,1919.331,1385.1063,3.592741032003949,1385.1063,33.26646,False,False,0.5865673462510904,4.734848,1346.711,0.9722798892763675,0.7209302325581395,0.0,4.501462975467027,-9.851656561120524
S8-3-25-1-1,300-140K 1K-min,S8-3-25,1.0408163265306123,5.173333333333333,0.12,3.919348,225.14999999999998,-48.0,9.045973725826756e-05,0.8999392092196463,338.4637,0.5714789890815621,605786060.1400908,20.222037445629226,251.2814870446183,,True,315.6093,1561.013,1245.4036999999998,4.9460297906303765,1245.4036999999998,30.47639,False,False,0.5823398522637011,4.734848,1256.009,1.008515552025419,0.7674418604651163,0.0,4.4414834554741285,-9.310605698426118
S8-3-25-1-1,300-140K 1K-min,S8-3-25,1.0408163265306123,5.173333333333333,0.12,3.919348,228.14999999999998,-45.0,0.00014328827631237453,0.8999562618618128,213.6765,0.5714789890815621,605786060.1400908,20.222037445629226,251.2814870446183,,True,202.7842,1400.422,1197.6378,6.905971964285186,1197.6378,29.01289,False,False,0.5845760240143835,4.734848,1184.881,0.9893483655909986,0.813953488372093,0.0,4.38308130615823,-8.85065203867252
S8-3-25-1-1,300-140K 1K-min,S8-3-25,1.0408163265306123,5.173333333333333,0.12,3.919348,230.14999999999998,-43.0,0.00021627499527403758,0.8999740178505145,141.5667,0.5714789890815621,605786060.1400908,20.222037445629226,251.2814870446183,,True,137.458,1320.609,1183.1509999999998,9.607363703822259,1183.1509999999998,27.69591,False,False,0.5889291673956523,4.734848,1126.402,0.952035708037266,0.9069767441860465,0.0,4.344992396263307,-8.438959833749472
S8-3-25-1-1,300-140K 1K-min,S8-3-25,1.0408163265306123,5.173333333333333,0.12,3.919348,233.14999999999998,-40.0,0.00032179674727705995,0.95,95.14495603990751,0.5714789890815621,605786060.1400908,20.222037445629226,251.2814870446183,,True,97.6753,1273.54,1175.8647,13.038506152527814,1175.8647,26.57448,False,False,0.5933251277407455,4.734848,1075.159,0.9143560479364669,1.0,0.0,4.2890842805061125,-8.041590431359314
S8-3-25-1-1,300-140K 1K-min,S8-3-25,1.0408163265306123,5.173333333333333,0.12,3.919348,236.14999999999998,-37.0,0.0004250437099814079,0.95,72.03338540123401,0.5714789890815621,605786060.1400908,20.222037445629226,251.2814870446183,,True,71.18322,1229.256,1158.07278,17.26890129443428,1158.07278,25.53732,False,False,0.5965036261940866,4.734848,1027.34,0.8871117754792571,1.0,0.0,4.2345966546686435,-7.763318547313172
S8-3-25-1-1,300-140K 1K-min,S8-3-25,1.0408163265306123,5.173333333333333,0.12,3.919348,239.14999999999998,-34.0,0.0005689514084577961,0.95,53.81362435933269,0.5714789890815621,605786060.1400908,20.222037445629226,251.2814870446183,,True,52.98913,1181.453,1128.46387,22.296138849609342,1128.46387,24.57212,False,False,0.5983722742787798,4.734848,982.999,0.8710947918961722,1.0,0.0,4.181476061049551,-7.471715525625528
S8-3-25-1-1,300-140K 1K-min,S8-3-25,1.0408163265306123,5.173333333333333,0.12,3.919348,241.14999999999998,-32.0,0.0007485567377466936,0.95,40.90182591319055,0.5714789890815621,605786060.1400908,20.222037445629226,251.2814870446183,,True,40.2392,1124.484,1084.2448,27.94498896598342,1084.2448,23.65664,False,False,0.5989570682438751,4.734848,939.0452,0.8660822721953559,1.0,0.0,4.146796599626788,-7.197363555044622
S8-3-25-1-1,300-140K 1K-min,S8-3-25,1.0408163265306123,5.173333333333333,0.12,3.919348,244.14999999999998,-29.0,0.0009700899688271464,0.95,31.561337976185783,0.5714789890815621,605786060.1400908,20.222037445629226,251.2814870446183,,True,31.12375,1063.97,1032.84625,34.185147997911564,1032.84625,22.80213,False,False,0.5985859979966364,4.734848,897.8149,0.869262874314545,1.0,0.0,4.095842719639566,-6.938121739399795
S8-3-25-1-1,300-140K 1K-min,S8-3-25,1.0408163265306123,5.173333333333333,0.12,3.919348,247.14999999999998,-26.0,0.0012337355686892581,0.95,24.816774477848185,0.5714789890815621,605786060.1400908,20.222037445629226,251.2814870446183,,True,24.42037,1004.738,980.31763,41.143438858625,980.31763,22.03334,False,False,0.5980761419133104,4.734848,856.4379,0.8736330693144824,1.0,0.0,4.046125834513454,-6.697708664396031
S8-3-25-1-1,300-140K 1K-min,S8-3-25,1.0408163265306123,5.173333333333333,0.12,3.919348,250.14999999999998,-23.0,0.0015557042712675481,0.95,19.680692493384278,0.5714789890815621,605786060.1400908,20.222037445629226,251.2814870446183,,True,19.39907,949.7853,930.38623,48.960352223070494,930.38623,21.28287,False,False,0.5976601631346157,4.734848,816.1335,0.8771986017032939,1.0,0.0,3.9976014391365187,-6.46582692831506
S8-3-25-1-1,300-140K 1K-min,S8-3-25,1.0408163265306123,5.173333333333333,0.12,3.919348,253.14999999999998,-20.0,0.0019177601579966018,0.95,15.965154581918972,0.26955393727943583,532.7239211775485,6.278003318447954,251.2814870446183,,True,15.73702,905.3613,889.62428,57.53066972018845,889.62428,20.62529,False,False,0.5979953968132855,4.734848,777.8209,0.8743251701718383,1.0,0.0,3.950227138060439,-6.2565973583084435
S8-3-25-1-1,300-140K 1K-min,S8-3-25,1.0408163265306123,5.173333333333333,0.12,3.919348,255.14999999999998,-18.0,0.0023305654068794903,0.95,13.137300194657987,0.26955393727943583,532.7239211775485,6.278003318447954,251.2814870446183,,True,12.95949,869.1934,856.23391,67.07003130524426,856.23391,20.02434,False,False,0.598898043721098,4.734848,742.0022,0.866588196676302,1.0,0.0,3.919263178522438,-6.061644376945872
S8-3-25-1-1,300-140K 1K-min,S8-3-25,1.0408163265306123,5.173333333333333,0.12,3.919348,258.15,-15.0,0.0027942095077952206,0.95,10.957423660625862,0.26955393727943583,532.7239211775485,6.278003318447954,251.2814870446183,,True,10.81395,841.5706,830.75665,77.82268273849981,830.75665,19.48262,False,False,0.6006199789874288,4.734848,707.6624,0.8518287515363243,1.0,0.0,3.873716831299632,-5.880206036064098
S8-3-25-1-1,300-140K 1K-min,S8-3-25,1.0408163265306123,5.173333333333333,0.12,3.919348,261.15,-12.0,0.0033081285137103395,0.95,9.255183783389729,0.26955393727943583,532.7239211775485,6.278003318447954,251.2814870446183,,True,9.141115,821.0723,811.931185,89.82189809448849,811.931185,18.98509,False,False,0.6027134074997584,4.734848,677.0573,0.833885078573499,1.0,0.0,3.8292169251388093,-5.711372653207008
S8-3-25-1-1,300-140K 1K-min,S8-3-25,1.0408163265306123,5.173333333333333,0.12,3.919348,264.15,-9.0,0.003869481497175805,0.95,7.912516805108794,0.26955393727943583,532.7239211775485,6.278003318447954,251.2814870446183,,True,7.818615,807.41,799.591385,103.26765034472217,799.591385,18.52589,False,False,0.6054333378875345,4.734848,648.1259,0.8105713895354177,1.0,0.0,3.7857278061707365,-5.5546347609745075
S8-3-25-1-1,300-140K 1K-min,S8-3-25,1.0408163265306123,5.173333333333333,0.12,3.919348,266.15,-7.0,0.004475877007474934,0.95,6.84052249923951,0.26955393727943583,532.7239211775485,6.278003318447954,251.2814870446183,,True,6.764614,800.0771,793.3124859999999,118.27387342426337,793.3124859999999,18.0974,False,False,0.6084335643915901,4.734848,622.6354,0.7848551623577992,1.0,0.0,3.7572797294758598,-5.40905296713275
S8-3-25-1-1,300-140K 1K-min,S8-3-25,1.0408163265306123,5.173333333333333,0.12,3.919348,269.15,-4.0,0.005123419603301042,0.95,5.97595741596769,0.26955393727943583,532.7239211775485,6.278003318447954,251.2814870446183,,True,5.915106,797.4706,791.555494,134.8193253003412,791.555494,17.69599,False,False,0.6117155833928178,4.734848,598.9887,0.7567235709187046,1.0,0.0,3.7154003343860302,-5.273933171601099
S8-3-25-1-1,300-140K 1K-min,S8-3-25,1.0408163265306123,5.173333333333333,0.12,3.919348,272.15,-1.0,0.005816721260776678,0.95,5.263676219096136,0.26955393727943583,532.7239211775485,6.278003318447954,251.2814870446183,,True,5.211465,799.3273,794.1158350000001,153.37861810450613,794.1158350000001,17.31158,False,False,0.6152178892558331,4.734848,577.087,0.7267038063785735,1.0,0.0,3.6744442403086537,-5.147018533238978
S8-3-25-1-1,300-140K 1K-min,S8-3-25,1.0408163265306123,5.173333333333333,0.12,3.919348,274.15,1.0,0.006542562300413165,0.95,4.679716595366253,0.26955393727943583,532.7239211775485,6.278003318447954,251.2814870446183,,True,4.634055,805.9836,801.349545,173.9262050191463,801.349545,16.94773,False,False,0.6187999247777282,4.734848,557.7398,0.6960006447623293,1.0,0.0,3.647638154295094,-5.02942640118832
S8-3-25-1-1,300-140K 1K-min,S8-3-25,1.0408163265306123,5.173333333333333,0.12,3.919348,277.15,4.0,0.0072975128563290605,0.95,4.195585259833695,0.26955393727943583,532.7239211775485,6.278003318447954,251.2814870446183,,True,4.156006,817.3754,813.219394,196.6732964293122,813.219394,16.60124,False,False,0.6224536939658869,4.734848,540.5328,0.66468262314954,1.0,0.0,3.608154429009562,-4.920221693493252
S8-3-25-1-1,300-140K 1K-min,S8-3-25,1.0408163265306123,5.173333333333333,0.12,3.919348,279.15,6.0,0.008069136083459995,0.95,3.7943761335516566,0.26955393727943583,532.7239211775485,6.278003318447954,251.2814870446183,,True,3.761433,833.1941,829.432667,221.5097543941365,829.432667,16.26824,False,False,0.6263458496826563,4.734848,523.6385,0.6313212884343743,1.0,0.0,3.5823034210997675,-4.819708855285865
S8-3-25-1-1,300-140K 1K-min,S8-3-25,1.0408163265306123,5.173333333333333,0.12,3.919348,282.15,9.0,0.008859987859351035,0.95,3.4556861543717416,0.26955393727943583,532.7239211775485,6.278003318447954,251.2814870446183,,True,3.429362,851.8155,848.3861380000001,248.38891315644136,848.3861380000001,15.94584,False,False,0.6300150418849332,4.734848,508.9223,0.5998710695577152,1.0,0.0,3.5442140705298604,-4.726209884642493
S8-3-25-1-1,300-140K 1K-min,S8-3-25,1.0408163265306123,5.173333333333333,0.12,3.919348,285.15,12.0,0.009646212553114935,0.95,3.174026821913043,0.26955393727943583,532.7239211775485,6.278003318447954,251.2814870446183,,True,3.150354,873.9426,870.792246,277.41091953475706,870.792246,15.64052,False,False,0.6337906081906017,4.734848,494.1825,0.5675090726519852,1.0,0.0,3.506926179203928,-4.641189922214775
S8-3-25-1-1,300-140K 1K-min,S8-3-25,1.0408163265306123,5.173333333333333,0.12,3.919348,288.15,15.0,0.0104260650511099,0.95,2.936614842068509,0.26955393727943583,532.7239211775485,6.278003318447954,251.2814870446183,,True,2.916252,898.7086,895.7923480000001,308.17247617832754,895.7923480000001,15.34978,False,False,0.6373056395729189,4.734848,481.3811,0.5373802322321237,1.0,0.0,3.47041471455839,-4.563446353339565
S8-3-25-1-1,300-140K 1K-min,S8-3-25,1.0408163265306123,5.173333333333333,0.12,3.919348,291.15,18.0,0.011202891855843392,0.95,2.7329851762776047,0.26955393727943583,532.7239211775485,6.278003318447954,251.2814870446183,,True,2.713748,924.9463,922.2325519999999,340.837211119087,922.2325519999999,15.06731,False,False,0.6407013069736016,4.734848,468.7473,0.5082745116548429,1.0,0.0,3.4346556757685045,-4.491583332594748
S8-3-25-1-1,300-140K 1K-min,S8-3-25,1.0408163265306123,5.173333333333333,0.12,3.919348,294.15,21.0,0.011960939664823755,0.95,2.559776926515601,0.26955393727943583,532.7239211775485,6.278003318447954,251.2814870446183,,True,2.541126,949.6002,947.059074,373.69268584084375,947.059074,14.78957,False,False,0.6437901800833177,4.734848,456.2916,0.48179845642870583,1.0,0.0,3.3996260411354755,-4.426108966252944
S8-3-25-1-1,300-140K 1K-min,S8-3-25,1.0408163265306123,5.173333333333333,0.12,3.919348,297.15,24.0,0.012668246124059857,0.95,2.416856846135304,0.26955393727943583,532.7239211775485,6.278003318447954,251.2814870446183,,True,2.405437,968.486,966.080563,402.62372284121346,966.080563,14.52071,False,False,0.6462083388035897,4.734848,445.4321,0.4610713816835165,1.0,0.0,3.365303718660609,-4.368656721692787
S8-3-25-1-1,300-140K 1K-min,S8-3-25,1.0408163265306123,5.173333333333333,0.12,3.919348,299.15,26.0,0.013266076668391245,0.95,2.3079421398500037,0.26955393727943583,532.7239211775485,6.278003318447954,251.2814870446183,,True,2.295777,980.082,977.786223,426.9064460529049,977.786223,14.27332,False,False,0.6479304128014902,4.734848,436.3965,0.4463107474157974,1.0,0.0,3.342804613070366,-4.32254512858059
S8-3-27-1-1,300-140K 1K-min,S8-3-27,0.0,2.7580000000000005,0.12,3.919348,272.15,-1.0,0.00010295985687086829,0.8998665572771889,297.3716,0.2158323371068144,1.0485145233605888,0.04737442282383775,284.4749874281664,,True,283.907,2341.81,2057.903,8.24851095605251,2057.903,69.66673,False,False,0.5855291284380264,4.734848,2019.171,0.9811788991026299,0.7906976744186046,0.0,3.6744442403086537,-9.18117138482045
S8-3-27-1-1,300-140K 1K-min,S8-3-27,0.0,2.7580000000000005,0.12,3.919348,274.15,1.0,0.00011457139340383003,0.899877639564202,267.2337,0.2158323371068144,1.0485145233605888,0.04737442282383775,284.4749874281664,,True,255.1991,2232.188,1976.9889,8.746849028856294,1976.9889,66.2568,False,False,0.5852916506848707,4.734848,1943.804,0.9832144227011083,0.7906976744186046,0.0,3.647638154295094,-9.074312406102235
S8-3-27-1-1,300-140K 1K-min,S8-3-27,0.0,2.7580000000000005,0.12,3.919348,277.15,4.0,0.00012733338285208785,0.8998836378266271,240.4502,0.2158323371068144,1.0485145233605888,0.04737442282383775,284.4749874281664,,True,231.4644,2130.429,1898.9646,9.204132471343325,1898.9646,62.97307,False,False,0.5850497967857502,4.734848,1871.026,0.9852874561221411,0.7906976744186046,0.0,3.608154429009562,-8.968701849135142
S8-3-27-1-1,300-140K 1K-min,S8-3-27,0.0,2.7580000000000005,0.12,3.919348,280.15,7.0,0.00013803425807555348,0.899892158346504,221.8097,0.2158323371068144,1.0485145233605888,0.04737442282383775,284.4749874281664,,True,214.9164,2041.748,1826.8316,9.50019635542006,1826.8316,60.07761,False,False,0.5847077001149604,4.734848,1805.311,0.9882197133003388,0.8372093023255814,0.0,3.5695163305372124,-8.888008656690937
S8-3-27-1-1,300-140K 1K-min,S8-3-27,0.0,2.7580000000000005,0.12,3.919348,283.15,10.0,0.00014842855357059936,0.8998992052333052,206.2766,0.2158323371068144,1.0485145233605888,0.04737442282383775,284.4749874281664,,True,200.3776,1968.495,1768.1173999999999,9.823927425021559,1768.1173999999999,57.63807,False,False,0.5846461684802906,4.734848,1748.221,0.9887471273117946,0.813953488372093,0.0,3.531696980399082,-8.815406836233942
S8-3-27-1-1,300-140K 1K-min,S8-3-27,0.0,2.7580000000000005,0.12,3.919348,286.15,13.0,0.000157902801257046,0.8999025157893993,193.8999,0.10622696390965428,0.011986623304293986,-4.423963975603928,284.4749874281664,,True,188.5626,1901.445,1712.8824,10.083892564060953,1712.8824,55.43322,False,False,0.5844653024632631,4.734848,1696.263,0.9902974074577443,0.8604651162790697,0.0,3.494670627293378,-8.753530896156775
S8-3-27-1-1,300-140K 1K-min,S8-3-27,0.0,2.7580000000000005,0.12,3.919348,288.15,15.0,0.00016732787898366577,0.899905741315915,182.9781,0.10622696390965428,0.011986623304293986,-4.423963975603928,284.4749874281664,,True,178.4401,1837.364,1658.9239,10.296811086745636,1658.9239,53.3728,False,False,0.584303412993608,4.734848,1645.13,0.9916850314833605,0.8372093023255814,0.0,3.47041471455839,-8.695555323187051
S8-3-27-1-1,300-140K 1K-min,S8-3-27,0.0,2.7580000000000005,0.12,3.919348,291.15,18.0,0.00017620160651750052,0.8999090075685365,173.7631,0.10622696390965428,0.011986623304293986,-4.423963975603928,284.4749874281664,,True,169.5185,1775.771,1606.2525,10.475381742995603,1606.2525,51.40076,False,False,0.5840382712763612,4.734848,1596.547,0.9939576747740465,0.813953488372093,0.0,3.4346556757685045,-8.643881726924302
S8-3-27-1-1,300-140K 1K-min,S8-3-27,0.0,2.7580000000000005,0.12,3.919348,294.15,21.0,0.00018434395584910116,0.8999108630636667,166.0881,0.10622696390965428,0.011986623304293986,-4.423963975603928,284.4749874281664,,True,162.4033,1717.359,1554.9557,10.574655810565424,1554.9557,49.55137,False,False,0.5838895003032348,4.734848,1547.543,0.9952328545437011,0.8372093023255814,0.0,3.3996260411354755,-8.598707220102584
S8-3-27-1-1,300-140K 1K-min,S8-3-27,0.0,2.7580000000000005,0.12,3.919348,297.15,24.0,0.00019066445911822844,0.899911632273684,160.5823,0.10622696390965428,0.011986623304293986,-4.423963975603928,284.4749874281664,,True,157.7111,1662.964,1505.2529,10.544368785710073,1505.2529,47.86755,False,False,0.5838530832039365,4.734848,1498.547,0.9955450011091154,0.8372093023255814,0.0,3.365303718660609,-8.56499543337086
S8-3-27-1-1,300-140K 1K-min,S8-3-27,0.0,2.7580000000000005,0.12,3.919348,299.15,26.0,0.00019004325923025844,0.8999114614600149,161.1072,0.10622696390965428,0.011986623304293986,-4.423963975603928,284.4749874281664,,True,158.7522,1616.218,1457.4658000000002,10.1807596997081,1457.4658000000002,46.55968,False,False,0.5838284918932575,4.734848,1451.28,0.9957557837720782,0.8372093023255814,0.0,3.342804613070366,-8.568258831559726
S8-3-28-1-1,300-140K 1K-min,S8-3-28,0.06412142500696691,3.3986666666666667,0.12,3.919348,207.14999999999998,-66.0,4.067598873496119e-07,0.7664403282437553,75271.28,1.1919812977441866,4.003962401594519e+22,52.04415651706673,259.64175405433434,207.14999999999998,True,4911.007,82683.28,77772.273,16.83631890567454,77772.273,3986.367,True,True,0.9803594549263934,15046.87,13092.77,0.16834752920234183,0.875,0.8,4.827419744146754,-14.715042782969103
S8-3-28-1-1,300-140K 1K-min,S8-3-28,0.06412142500696691,3.3986666666666667,0.12,3.919348,212.14999999999998,-61.0,1.8436393651512883e-06,0.8934890232724081,16607.01,1.1919812977441866,4.003962401594519e+22,52.04415651706673,259.64175405433434,207.14999999999998,True,5039.579,24009.23,18969.650999999998,4.7641340675481025,18969.650999999998,938.8882,False,False,0.645206666502937,4.734848,2291.912,0.120819934958213,0.4418604651162791,0.0,4.713646005185011,-13.203769024000348
S8-3-28-1-1,300-140K 1K-min,S8-3-28,0.06412142500696691,3.3986666666666667,0.12,3.919348,216.14999999999998,-57.0,6.5976981412269585e-06,0.8981547042338723,4640.609,1.1919812977441866,4.003962401594519e+22,52.04415651706673,259.64175405433434,207.14999999999998,True,3020.493,9284.938,6264.445,3.073980969331828,6264.445,367.8223,False,False,0.6635524509087929,4.734848,1957.06,0.3124075636389177,0.627906976744186,0.0,4.626416840157298,-11.928789736245832
S8-3-28-1-1,300-140K 1K-min,S8-3-28,0.06412142500696691,3.3986666666666667,0.12,3.919348,220.14999999999998,-53.0,1.5554239012256046e-05,0.8991656903350058,1968.424,1.1919812977441866,4.003962401594519e+22,52.04415651706673,259.64175405433434,207.14999999999998,True,1505.191,4456.993,2951.8020000000006,2.961081351137497,2951.8020000000006,156.758,False,False,0.634164757663285,4.734848,1665.708,0.5643020771718426,0.627906976744186,0.0,4.542357483533954,-11.071177351199324
S8-3-28-1-1,300-140K 1K-min,S8-3-28,0.06412142500696691,3.3986666666666667,0.12,3.919348,224.14999999999998,-49.0,3.2401424615647903e-05,0.8996284538163785,944.938,0.7620804274742082,4570232583823.19,29.150585213155203,259.64175405433434,207.14999999999998,True,818.0973,2566.386,1748.2887,3.1370180539649746,1748.2887,71.3265,False,False,0.6027079261375233,4.734848,1457.954,0.8339320616783711,0.6511627906976745,0.0,4.461298237787196,-10.337308166513862
S8-3-28-1-1,300-140K 1K-min,S8-3-28,0.06412142500696691,3.3986666666666667,0.12,3.919348,227.14999999999998,-46.0,5.986965850689665e-05,0.8998029386862155,511.3999,0.7620804274742082,4570232583823.19,29.150585213155203,259.64175405433434,207.14999999999998,True,472.3869,1754.523,1282.1361,3.7141652319317062,1282.1361,50.64733,False,False,0.579767197361757,4.734848,1321.327,1.0305668797563683,0.7441860465116279,0.0,4.402377283733216,-9.723340716953475
S8-3-28-1-1,300-140K 1K-min,S8-3-28,0.06412142500696691,3.3986666666666667,0.12,3.919348,230.14999999999998,-43.0,9.716399698473802e-05,0.8998496150603903,315.1099,0.7620804274742082,4570232583823.19,29.150585213155203,259.64175405433434,207.14999999999998,True,293.848,1353.699,1059.851,4.606800114344831,1059.851,46.3468,False,False,0.5648326824556786,4.734848,1227.919,1.1585770075227546,0.7906976744186046,0.0,4.344992396263307,-9.239110316505004
S8-3-28-1-1,300-140K 1K-min,S8-3-28,0.06412142500696691,3.3986666666666667,0.12,3.919348,233.14999999999998,-40.0,0.0001537019557963583,0.8999014974928962,199.1994,0.7620804274742082,4570232583823.19,29.150585213155203,259.64175405433434,207.14999999999998,True,189.1579,1105.713,916.5550999999999,5.845449753882867,916.5550999999999,43.3135,False,False,0.5528941504262357,4.734848,1155.691,1.2609072820608371,0.8372093023255814,0.0,4.2890842805061125,-8.780495182735827
S8-3-28-1-1,300-140K 1K-min,S8-3-28,0.06412142500696691,3.3986666666666667,0.12,3.919348,235.14999999999998,-38.0,0.0002320302087882157,0.899932587533237,131.9541,0.7620804274742082,4570232583823.19,29.150585213155203,259.64175405433434,207.14999999999998,True,127.1594,947.6023,820.4429,7.452082189755535,820.4429,40.66734,False,False,0.5436102825274822,4.734848,1099.79,1.340483292621581,0.9069767441860465,0.0,4.25260472039124,-8.368642984480555
S8-3-28-1-1,300-140K 1K-min,S8-3-28,0.06412142500696691,3.3986666666666667,0.12,3.919348,238.14999999999998,-35.0,0.0003491708680120961,0.8999611444946037,87.68583,0.7620804274742082,4570232583823.19,29.150585213155203,259.64175405433434,207.14999999999998,True,87.11997,831.4368,744.31683,9.543584553575949,744.31683,38.25304,False,False,0.5344957034851231,4.734848,1055.894,1.4186082558418014,1.0,0.0,4.199034222128911,-7.9599491624156045
S8-3-28-1-1,300-140K 1K-min,S8-3-28,0.06412142500696691,3.3986666666666667,0.12,3.919348,241.14999999999998,-32.0,0.0005322512238646206,0.95,57.524221646973025,0.7620804274742082,4570232583823.19,29.150585213155203,259.64175405433434,207.14999999999998,True,59.68071,737.5358,677.85509,12.35802657173482,677.85509,35.84329,False,False,0.524441951646824,4.734848,1020.025,1.5047832715986516,1.0,0.0,4.146796599626788,-7.538394954776475
S8-3-28-1-1,300-140K 1K-min,S8-3-28,0.06412142500696691,3.3986666666666667,0.12,3.919348,244.14999999999998,-29.0,0.0007604229370576997,0.95,40.26356371091144,0.7620804274742082,4570232583823.19,29.150585213155203,259.64175405433434,207.14999999999998,True,40.30255,659.4843,619.18175,16.363339292426907,619.18175,33.12419,False,False,0.5131665433183932,4.734848,991.576,1.6014296286994867,1.0,0.0,4.095842719639566,-7.181635783341893
S8-3-28-1-1,300-140K 1K-min,S8-3-28,0.06412142500696691,3.3986666666666667,0.12,3.919348,247.14999999999998,-26.0,0.0011491256551502524,0.95,26.644029080925677,0.7620804274742082,4570232583823.19,29.150585213155203,259.64175405433434,207.14999999999998,True,26.59719,600.1287,573.53151,22.56361292301931,573.53151,30.02512,False,False,0.5027103166485136,4.734848,969.873,1.6910544287270255,1.0,0.0,4.046125834513454,-6.768753925650852
S8-3-28-1-1,300-140K 1K-min,S8-3-28,0.06412142500696691,3.3986666666666667,0.12,3.919348,249.14999999999998,-24.0,0.0017780353610567265,0.95,17.219757291702297,0.7620804274742082,4570232583823.19,29.150585213155203,259.64175405433434,207.14999999999998,True,16.95313,552.0419,535.0887700000001,32.56283058054766,535.0887700000001,26.65521,False,False,0.49227882755478786,4.734848,952.708,1.7804671923875324,1.0,0.0,4.013646397752359,-6.332246253979795
S8-3-28-1-1,300-140K 1K-min,S8-3-28,0.06412142500696691,3.3986666666666667,0.12,3.919348,252.14999999999998,-21.0,0.002820977423912339,0.95,10.853449982949074,0.7620804274742082,4570232583823.19,29.150585213155203,259.64175405433434,207.14999999999998,True,10.56575,514.7595,504.19375,48.71963656153137,504.19375,23.28458,False,False,0.4827051769946247,4.734848,939.0745,1.8625270543317882,1.0,0.0,3.9658933174697606,-5.87067184986125
S8-3-28-1-1,300-140K 1K-min,S8-3-28,0.06412142500696691,3.3986666666666667,0.12,3.919348,255.14999999999998,-18.0,0.004274093200426243,0.95,7.163469755504564,0.7620804274742082,4570232583823.19,29.150585213155203,259.64175405433434,207.14999999999998,True,6.990912,490.7752,483.784288,70.2018849615043,483.784288,20.80047,False,False,0.4766535602468075,4.734848,926.1557,1.9143980550273638,1.0,0.0,3.919263178522438,-5.455183315952735
S8-3-28-1-1,300-140K 1K-min,S8-3-28,0.06412142500696691,3.3986666666666667,0.12,3.919348,258.15,-15.0,0.0060352592501307974,0.95,5.07307741134692,0.7620804274742082,4570232583823.19,29.150585213155203,259.64175405433434,207.14999999999998,True,4.878864,492.4794,487.600536,100.94140767194986,487.600536,20.18614,False,False,0.48165649172570546,4.734848,912.5521,1.871515785208239,1.0,0.0,3.873716831299632,-5.110136467587148
S8-3-28-1-1,300-140K 1K-min,S8-3-28,0.06412142500696691,3.3986666666666667,0.12,3.919348,260.15,-13.0,0.007130495111576413,0.95,4.293858546197391,0.10777182729144087,0.9095224205557048,-0.09483562980971172,259.64175405433434,207.14999999999998,True,4.268282,512.4775,508.20921799999996,120.06645765204829,508.20921799999996,20.25967,False,False,0.4906301980273543,4.734848,912.0314,1.7945983026226773,1.0,0.0,3.8439361906592353,-4.943374606353018
S8-3-28-1-1,300-140K 1K-min,S8-3-28,0.06412142500696691,3.3986666666666667,0.12,3.919348,263.15,-10.0,0.007662880769288511,0.95,3.9955387921693943,0.10777182729144087,0.9095224205557048,-0.09483562980971172,259.64175405433434,207.14999999999998,True,3.97309,518.5632,514.5901100000001,130.5188656687868,514.5901100000001,19.96337,False,False,0.49659158885376464,4.734848,897.1882,1.743500666967731,1.0,0.0,3.800114003420103,-4.871367286388241
S8-3-28-1-1,300-140K 1K-min,S8-3-28,0.06412142500696691,3.3986666666666667,0.12,3.919348,266.15,-7.0,0.00818893808886526,0.95,3.7388654110222657,0.10777182729144087,0.9095224205557048,-0.09483562980971172,259.64175405433434,207.14999999999998,True,3.719111,529.587,525.867889,142.39612638611754,525.867889,19.67873,False,False,0.504228855789038,4.734848,882.4265,1.6780383789511026,1.0,0.0,3.7572797294758598,-4.804971049002887
S8-3-28-1-1,300-140K 1K-min,S8-3-28,0.06412142500696691,3.3986666666666667,0.12,3.919348,269.15,-4.0,0.008705758225712547,0.95,3.516906463475229,0.10777182729144087,0.9095224205557048,-0.09483562980971172,259.64175405433434,207.14999999999998,True,3.500256,546.8163,543.3160439999999,156.2218020624777,543.3160439999999,19.40644,False,False,0.5132920127792142,4.734848,869.4981,1.600354176178163,1.0,0.0,3.7154003343860302,-4.743770607233225
S8-3-28-1-1,300-140K 1K-min,S8-3-28,0.06412142500696691,3.3986666666666667,0.12,3.919348,272.15,-1.0,0.009218664455424713,0.95,3.3212335172308345,0.10777182729144087,0.9095224205557048,-0.09483562980971172,259.64175405433434,207.14999999999998,True,3.307267,568.7285,565.421233,171.96328569782847,565.421233,19.141,False,False,0.5234080879190002,4.734848,855.847,1.5136449606942837,1.0,0.0,3.6744442403086537,-4.6865251048966545
S8-3-28-1-1,300-140K 1K-min,S8-3-28,0.06412142500696691,3.3986666666666667,0.12,3.919348,274.15,1.0,0.009715868191214996,0.95,3.151271381094386,0.10777182729144087,0.9095224205557048,-0.09483562980971172,259.64175405433434,207.14999999999998,True,3.137927,597.0753,593.937373,190.27698859788643,593.937373,18.88575,False,False,0.5343994061699389,4.734848,843.0547,1.4194336614005238,1.0,0.0,3.647638154295094,-4.6339948340916015
S8-3-28-1-1,300-140K 1K-min,S8-3-28,0.06412142500696691,3.3986666666666667,0.12,3.919348,276.15,3.0,0.01020465736192624,0.95,3.0003297795862243,0.10777182729144087,0.9095224205557048,-0.09483562980971172,259.64175405433434,207.14999999999998,True,2.988789,631.4987,628.509911,211.28915423604676,628.509911,18.63215,False,False,0.5457270548912635,4.734848,831.1035,1.3223395295034555,1.0,0.0,3.6212203512583745,-4.584911058793431
S8-3-28-1-1,300-140K 1K-min,S8-3-28,0.06412142500696691,3.3986666666666667,0.12,3.919348,279.15,6.0,0.010669408070270848,0.95,2.8696378629263415,0.10777182729144087,0.9095224205557048,-0.09483562980971172,259.64175405433434,207.14999999999998,True,2.857878,671.2832,668.4253219999999,234.8886831418276,668.4253219999999,18.39164,False,False,0.5570004653414373,4.734848,819.2958,1.2257102970733937,1.0,0.0,3.5823034210997675,-4.540374691283164
S8-3-28-1-1,300-140K 1K-min,S8-3-28,0.06412142500696691,3.3986666666666667,0.12,3.919348,282.15,9.0,0.011123857465764862,0.95,2.752402884313287,0.10777182729144087,0.9095224205557048,-0.09483562980971172,259.64175405433434,207.14999999999998,True,2.742531,715.3333,712.590769,260.8296132295314,712.590769,18.15898,False,False,0.5677460929425354,4.734848,807.7964,1.1336049176354104,1.0,0.0,3.5442140705298604,-4.4986631559103385
S8-3-28-1-1,300-140K 1K-min,S8-3-28,0.06412142500696691,3.3986666666666667,0.12,3.919348,285.15,12.0,0.01155825564079349,0.95,2.648958313865359,0.10777182729144087,0.9095224205557048,-0.09483562980971172,259.64175405433434,207.14999999999998,True,2.638911,763.7776,761.138689,289.429086467865,761.138689,17.9311,False,False,0.578006729029467,4.734848,795.8897,1.0456566083188539,1.0,0.0,3.506926179203928,-4.460355323249002
S8-3-28-1-1,300-140K 1K-min,S8-3-28,0.06412142500696691,3.3986666666666667,0.12,3.919348,288.15,15.0,0.011973268365153795,0.95,2.557141161436568,0.10777182729144087,0.9095224205557048,-0.09483562980971172,259.64175405433434,207.14999999999998,True,2.548222,814.4318,811.8835779999999,319.6078677603443,811.8835779999999,17.71137,False,False,0.5871937112474355,4.734848,785.0192,0.9669110464505528,1.0,0.0,3.47041471455839,-4.425078750303871
S8-3-28-1-1,300-140K 1K-min,S8-3-28,0.06412142500696691,3.3986666666666667,0.12,3.919348,291.15,18.0,0.01238573200425869,0.95,2.4719844869026457,0.10777182729144087,0.9095224205557048,-0.09483562980971172,259.64175405433434,207.14999999999998,True,2.466083,866.306,863.839917,351.2882575322891,863.839917,17.49392,False,False,0.595434896880321,4.734848,774.2358,0.8962723124543909,1.0,0.0,3.4346556757685045,-4.391210113688992
S8-3-28-1-1,300-140K 1K-min,S8-3-28,0.06412142500696691,3.3986666666666667,0.12,3.919348,294.15,21.0,0.012772149238804011,0.95,2.3971953976579212,0.10777182729144087,0.9095224205557048,-0.09483562980971172,259.64175405433434,207.14999999999998,True,2.391319,917.4183,915.0269810000001,383.64530202787665,915.0269810000001,17.27581,False,False,0.6026460801888275,4.734848,763.5554,0.8344621698100496,1.0,0.0,3.3996260411354755,-4.360488319355713
S8-3-28-1-1,300-140K 1K-min,S8-3-28,0.06412142500696691,3.3986666666666667,0.12,3.919348,296.15,23.0,0.013100258917067377,0.95,2.3371551331380167,0.10777182729144087,0.9095224205557048,-0.09483562980971172,259.64175405433434,207.14999999999998,True,2.330347,963.567,961.236653,413.4864893511567,961.236653,17.07291,False,False,0.6084818640736263,4.734848,754.0336,0.7844411650832036,1.0,0.0,3.3766672294445383,-4.335123284308717
S8-3-28-1-1,300-140K 1K-min,S8-3-28,0.06412142500696691,3.3986666666666667,0.12,3.919348,299.15,26.0,0.013203471817430514,0.95,2.318885350521348,0.10777182729144087,0.9095224205557048,-0.09483562980971172,259.64175405433434,207.14999999999998,True,2.315726,995.631,993.3152739999999,429.94335253825363,993.3152739999999,16.94368,False,False,0.6121097846590313,4.734848,748.3088,0.7533447029225881,1.0,0.0,3.342804613070366,-4.327275467500572
S8-3-29-1-1,300-140K 1K-min,S8-3-29,0.0,1.182,0.12,3.919348,268.15,-5.0,4.069961216817008e-05,0.8998453179618005,752.2759,0.2594193069521647,3.0327369934304347,1.1094655099548678,278.7039898405515,,True,712.0876,16749.21,16037.122399999998,23.521277438337645,16037.122399999998,177.1614,False,False,0.6734412037245119,4.734848,3650.8,0.22764682521846938,0.7209302325581395,0.0,3.729256013425322,-10.109291994598717
S8-3-29-1-1,300-140K 1K-min,S8-3-29,0.0,1.182,0.12,3.919348,272.15,-1.0,4.628858221021515e-05,0.8998234853858172,661.4447,0.2594193069521647,3.0327369934304347,1.1094655099548678,278.7039898405515,,True,627.0102,2860.081,2233.0708,4.56145848982999,2233.0708,84.06841,False,False,0.5651709415871036,4.734848,2580.71,1.1556776435391116,0.7209302325581395,0.0,3.6744442403086537,-9.980615231814973
S8-3-29-1-1,300-140K 1K-min,S8-3-29,0.0,1.182,0.12,3.919348,274.15,1.0,5.2668510236523325e-05,0.8998380577435181,581.3215,0.2594193069521647,3.0327369934304347,1.1094655099548678,278.7039898405515,,True,560.1264,2714.736,2154.6096,4.846648899248455,2154.6096,80.32543,False,False,0.5643294435644707,4.734848,2505.575,1.1628904837331082,0.7209302325581395,0.0,3.647638154295094,-9.85149280972711
S8-3-29-1-1,300-140K 1K-min,S8-3-29,0.0,1.182,0.12,3.919348,277.15,4.0,5.803253245794473e-05,0.8998528366436298,527.5892,0.2594193069521647,3.0327369934304347,1.1094655099548678,278.7039898405515,,True,505.0402,2598.026,2092.9858,5.144196442184206,2092.9858,77.19966,False,False,0.5635935561531282,4.734848,2447.115,1.1691980901160433,0.7674418604651163,0.0,3.608154429009562,-9.754506800218634
S8-3-29-1-1,300-140K 1K-min,S8-3-29,0.0,1.182,0.12,3.919348,281.15,8.0,6.442848494555214e-05,0.8998635208349973,475.2143,0.16523084619959943,0.06005438343069201,-2.812504736772338,278.7039898405515,,True,462.5006,2505.609,2043.1083999999998,5.4175259448312065,2043.1083999999998,74.70966,False,False,0.5624823088192482,4.734848,2408.259,1.1787230672635867,0.7674418604651163,0.0,3.5568202027387517,-9.649954709826313
S8-3-29-1-1,300-140K 1K-min,S8-3-29,0.0,1.182,0.12,3.919348,284.15,11.0,7.055211107522771e-05,0.8998787098243544,433.9677,0.16523084619959943,0.06005438343069201,-2.812504736772338,278.7039898405515,,True,424.1885,2435.53,2011.3415000000002,5.741621944017814,2011.3415000000002,72.964,False,False,0.5610735339241663,4.734848,2395.102,1.1907982806500033,0.813953488372093,0.0,3.519267992257611,-9.55915895700573
S8-3-29-1-1,300-140K 1K-min,S8-3-29,0.0,1.182,0.12,3.919348,287.15,14.0,7.583230185530644e-05,0.8998998196532454,403.7506,0.16523084619959943,0.06005438343069201,-2.812504736772338,278.7039898405515,,True,390.5391,2392.081,2001.5419000000002,6.125074288336302,2001.5419000000002,72.64724,False,False,0.5576894060190963,4.734848,2441.491,1.2198050912648886,0.8372093023255814,0.0,3.482500435312555,-9.486986210241932
S8-3-29-1-1,300-140K 1K-min,S8-3-29,0.0,1.182,0.12,3.919348,290.15,17.0,8.213115724994184e-05,0.8999016917347826,372.7859,0.16523084619959943,0.06005438343069201,-2.812504736772338,278.7039898405515,,True,362.4623,2377.008,2014.5456999999997,6.55794547460522,2014.5456999999997,72.9953,False,False,0.5514957656871886,4.734848,2564.302,1.2728934369669547,0.7209302325581395,0.0,3.446493193175944,-9.407193109845817
S8-3-29-1-1,300-140K 1K-min,S8-3-29,0.0,1.182,0.12,3.919348,293.15,20.0,8.81672471758862e-05,0.899895748474713,347.2643,0.16523084619959943,0.06005438343069201,-2.812504736772338,278.7039898405515,,True,337.0153,2313.634,1976.6187,6.86507111101484,1976.6187,71.07916,False,False,0.5501790709558703,4.734848,2538.333,1.2841793918068258,0.813953488372093,0.0,3.4112229234180456,-9.336275011130153
S8-3-29-1-1,300-140K 1K-min,S8-3-29,0.0,1.182,0.12,3.919348,296.15,23.0,9.33627331784911e-05,0.8999066365543993,327.9396,0.16523084619959943,0.06005438343069201,-2.812504736772338,278.7039898405515,,True,319.5226,2256.132,1936.6094,7.0609465496337345,1936.6094,69.33588,False,False,0.5499664069240464,4.734848,2490.484,1.286002226365316,0.7906976744186046,0.0,3.3766672294445383,-9.27901829472372
S8-3-29-1-1,300-140K 1K-min,S8-3-29,0.0,1.182,0.12,3.919348,299.15,26.0,9.612233328674698e-05,0.8999089666002927,318.5247,0.16523084619959943,0.06005438343069201,-2.812504736772338,278.7039898405515,,True,312.3564,2211.159,1898.8026,7.078961724491639,1898.8026,68.39215,False,False,0.549356861353922,4.734848,2451.785,1.2912269026806678,0.7906976744186046,0.0,3.342804613070366,-9.24988887266376
S8-3-3-1,300-120K 3K-min,S8-3-3,0.1712623980890066,3.6453333333333333,0.12,3.919348,199.14999999999998,-74.0,7.803922682906733e-06,0.95,3923.3265906802953,0.9701719233883028,2.787374678675907e+19,44.774216944339905,255.10430119402326,,True,1601.057,12412.36,10811.303,7.752603436354859,10811.303,133.6792,False,False,0.6714248273311736,4.734848,2648.013,0.2449300514470827,0.5581395348837209,0.0,5.021340697966358,-11.760884042619642
S8-3-3-1,300-120K 3K-min,S8-3-3,0.1712623980890066,3.6453333333333333,0.12,3.919348,208.14999999999998,-65.0,8.993561017735803e-05,0.8999571424340863,340.4362,0.9701719233883028,2.787374678675907e+19,44.774216944339905,255.10430119402326,,True,284.7684,1961.402,1676.6336000000001,6.8877094509081775,1676.6336000000001,42.46728,False,False,0.5609190861179608,4.734848,1998.752,1.1921221189889066,0.7674418604651163,0.0,4.804227720393947,-9.316416586158908
S8-3-3-1,300-120K 3K-min,S8-3-3,0.1712623980890066,3.6453333333333333,0.12,3.919348,216.14999999999998,-57.0,0.00028469485508739737,0.8999919934151491,107.5444,0.9701719233883028,2.787374678675907e+19,44.774216944339905,255.10430119402326,,True,104.642,1176.617,1071.975,11.244213604480036,1071.975,37.63244,False,False,0.5098426113793078,4.734848,1747.234,1.6299204738916473,1.0,0.0,4.626416840157298,-8.164092635190963
S8-3-3-1,300-120K 3K-min,S8-3-3,0.1712623980890066,3.6453333333333333,0.12,3.919348,225.14999999999998,-48.0,0.0006199467256150583,0.95,49.387045867667396,0.3370883919416964,21656.130561988106,9.983043860181953,255.10430119402326,,True,48.12373,949.7963,901.67257,19.736547852795283,901.67257,34.20702,False,False,0.49446827725205555,4.734848,1588.477,1.761700480696666,1.0,0.0,4.4414834554741285,-7.385877010044349
S8-3-3-1,300-120K 3K-min,S8-3-3,0.1712623980890066,3.6453333333333333,0.12,3.919348,233.14999999999998,-40.0,0.0011966274220870938,0.95,25.586357798871074,0.3370883919416964,21656.130561988106,9.983043860181953,255.10430119402326,,True,25.23153,887.6799,862.44837,35.18137425673354,862.44837,31.4141,False,False,0.5021365035451342,4.734848,1462.689,1.6959728267559928,1.0,0.0,4.2890842805061125,-6.728248160601116
S8-3-3-1,300-120K 3K-min,S8-3-3,0.1712623980890066,3.6453333333333333,0.12,3.919348,241.14999999999998,-32.0,0.0020648780487027532,0.95,14.82767342734659,0.3370883919416964,21656.130561988106,9.983043860181953,255.10430119402326,,True,14.57229,876.4182,861.84591,60.142791558499034,861.84591,29.08889,False,False,0.5175180371473445,4.734848,1348.04,1.5641311101656192,1.0,0.0,4.146796599626788,-6.182684110631313
S8-3-3-1,300-120K 3K-min,S8-3-3,0.1712623980890066,3.6453333333333333,0.12,3.919348,250.14999999999998,-23.0,0.0032267906437528264,0.95,9.488479654773165,0.3370883919416964,21656.130561988106,9.983043860181953,255.10430119402326,,True,9.333674,875.1668,865.833126,93.76444902618196,865.833126,27.22277,False,False,0.5322123178579643,4.734848,1245.224,1.4381801326460204,1.0,0.0,3.9976014391365187,-5.736267244449223
S8-3-3-1,300-120K 3K-min,S8-3-3,0.1712623980890066,3.6453333333333333,0.12,3.919348,258.15,-15.0,0.0046547373635202685,0.95,6.577672375978249,0.12001378343374608,1.113997257848606,0.10795467996580221,255.10430119402326,,True,6.483429,897.7566,891.273171,138.46941178811397,891.273171,25.68141,False,False,0.5495674640549308,4.734848,1149.227,1.2894217366720204,1.0,0.0,3.873716831299632,-5.369869790141189
S8-3-3-1,300-120K 3K-min,S8-3-3,0.1712623980890066,3.6453333333333333,0.12,3.919348,267.15,-6.0,0.006159959890285531,0.95,4.9703793399281215,0.12001378343374608,1.113997257848606,0.10795467996580221,255.10430119402326,,True,4.91421,957.159,952.24479,194.77372761847786,952.24479,24.48505,False,False,0.5698545430389457,4.734848,1062.26,1.1155324882376083,1.0,0.0,3.7432154220475393,-5.089685012775191
S8-3-3-1,300-120K 3K-min,S8-3-3,0.1712623980890066,3.6453333333333333,0.12,3.919348,274.15,1.0,0.007514574764781194,0.95,4.074393872153137,0.12001378343374608,1.113997257848606,0.10795467996580221,255.10430119402326,,True,4.040095,1041.977,1037.936905,257.90903431726235,1037.936905,23.43933,False,False,0.5886608622900831,4.734848,990.54,0.9543354660850016,1.0,0.0,3.647638154295094,-4.890910842237638
S8-3-3-1,300-120K 3K-min,S8-3-3,0.1712623980890066,3.6453333333333333,0.12,3.919348,282.15,9.0,0.008571131691995802,0.95,3.5721464181974083,0.12001378343374608,1.113997257848606,0.10795467996580221,255.10430119402326,,True,3.550896,1133.38,1129.8291040000001,319.18141224074157,1129.8291040000001,22.6472,False,False,0.6038849522030605,4.734848,930.8021,0.8238432668309092,1.0,0.0,3.5442140705298604,-4.759355502349011
S8-3-3-1,300-120K 3K-min,S8-3-3,0.1712623980890066,3.6453333333333333,0.12,3.919348,291.15,18.0,0.009197182068492842,0.95,3.328991113305036,0.12001378343374608,1.113997257848606,0.10795467996580221,255.10430119402326,,True,3.315818,1217.653,1214.337182,367.2255232343874,1214.337182,22.25599,False,False,0.6140702476379141,4.734848,894.4088,0.7365407345321651,1.0,0.0,3.4346556757685045,-4.6888581387485715
S8-3-3-1,300-120K 3K-min,S8-3-3,0.1712623980890066,3.6453333333333333,0.12,3.919348,299.15,26.0,0.00986885970544794,0.95,3.1024189508499447,0.12001378343374608,1.113997257848606,0.10795467996580221,255.10430119402326,,True,3.059319,1279.477,1276.4176810000001,418.2228136392446,1276.4176810000001,21.99237,False,False,0.6182406316625338,4.734848,894.5066,0.7007945857497091,1.0,0.0,3.342804613070366,-4.618370963573933
S8-3-31-1-1,300-140K 1K-min,S8-3-31,0.3340714749983821,4.9068,0.12,3.919348,184.14999999999998,-89.0,3.080946519843856e-07,0.775991650800398,99376.4,0.8836397520175577,5.672212857446718e+17,40.87952589718304,243.04945327401626,184.14999999999998,True,4486.145,110433.0,105946.855,24.616458005704228,105946.855,4807.925,True,True,0.9786205923715243,15046.87,19414.98,0.18325206538693387,0.875,0.88,5.430355688297584,-14.992858789545771
S8-3-31-1-1,300-140K 1K-min,S8-3-31,0.3340714749983821,4.9068,0.12,3.919348,190.14999999999998,-83.0,2.1515815261588233e-06,0.95,14230.154424183793,0.8836397520175577,5.672212857446718e+17,40.87952589718304,243.04945327401626,184.14999999999998,True,4875.82,22903.66,18027.84,4.697396540479345,18027.84,808.8901,False,False,0.6778226963098108,4.734848,2169.177,0.12032373262687045,0.4883720930232558,0.0,5.259006047856956,-13.0493073926788
S8-3-31-1-1,300-140K 1K-min,S8-3-31,0.3340714749983821,4.9068,0.12,3.919348,194.14999999999998,-79.0,7.887057756588943e-06,0.8995238988515639,3881.972,0.8836397520175577,5.672212857446718e+17,40.87952589718304,243.04945327401626,184.14999999999998,True,2217.271,6608.874,4391.602999999999,2.9806343022571435,4391.602999999999,196.3439,False,False,0.6495732613656866,4.734848,1898.179,0.43222918829411494,0.5348837209302325,0.0,5.150656708730364,-11.750287400564083
S8-3-31-1-1,300-140K 1K-min,S8-3-31,0.3340714749983821,4.9068,0.12,3.919348,198.14999999999998,-75.0,2.419279539859247e-05,0.8998050936675335,1265.556,0.8836397520175577,5.672212857446718e+17,40.87952589718304,243.04945327401626,184.14999999999998,True,1034.25,2967.11,1932.8600000000001,2.868851824993957,1932.8600000000001,67.18182,False,False,0.5975330511952927,4.734848,1697.608,0.8782881326117769,0.627906976744186,0.0,5.046681806712088,-10.629455679928256
S8-3-31-1-1,300-140K 1K-min,S8-3-31,0.3340714749983821,4.9068,0.12,3.919348,202.14999999999998,-71.0,5.476595067069278e-05,0.8999328521803125,559.0579,0.8836397520175577,5.672212857446718e+17,40.87952589718304,243.04945327401626,184.14999999999998,True,508.745,1917.654,1408.909,3.769381517263069,1408.909,33.38539,False,False,0.5711973945797777,4.734848,1555.467,1.1040223321733333,0.7441860465116279,0.0,4.946821667078902,-9.812441895246877
S8-3-31-1-1,300-140K 1K-min,S8-3-31,0.3340714749983821,4.9068,0.12,3.919348,205.14999999999998,-68.0,9.477895691194663e-05,0.8999485656014444,323.0394,0.8836397520175577,5.672212857446718e+17,40.87952589718304,243.04945327401626,184.14999999999998,True,298.4302,1554.22,1255.7898,5.207984982753086,1255.7898,31.53316,False,False,0.5644949045878007,4.734848,1458.565,1.161472246390279,0.7674418604651163,0.0,4.874482086278333,-9.263963146845734
S8-3-31-1-1,300-140K 1K-min,S8-3-31,0.3340714749983821,4.9068,0.12,3.919348,207.14999999999998,-66.0,0.00015816872715516449,0.8999704691321162,193.5739,0.8836397520175577,5.672212857446718e+17,40.87952589718304,243.04945327401626,184.14999999999998,True,183.3827,1368.54,1185.1572999999999,7.4627541202087215,1185.1572999999999,30.20741,False,False,0.5649083824850367,4.734848,1372.327,1.1579281501282566,0.8372093023255814,0.0,4.827419744146754,-8.751848201342717
S8-3-31-1-1,300-140K 1K-min,S8-3-31,0.3340714749983821,4.9068,0.12,3.919348,210.14999999999998,-63.0,0.0002415041239386824,0.8999827149842851,126.7777,0.405723636620504,1461829.057475207,14.195198988704178,243.04945327401626,184.14999999999998,True,122.7846,1280.328,1157.5434,10.427431453130115,1157.5434,29.06906,False,False,0.5685707306237215,4.734848,1304.015,1.1265365946538153,0.8604651162790697,0.0,4.758505829169641,-8.328624008666795
S8-3-31-1-1,300-140K 1K-min,S8-3-31,0.3340714749983821,4.9068,0.12,3.919348,213.14999999999998,-60.0,0.0003588687389654946,0.95,85.31625647227234,0.405723636620504,1461829.057475207,14.195198988704178,243.04945327401626,184.14999999999998,True,85.006,1229.663,1144.657,14.465602428063901,1144.657,28.05181,False,False,0.5733604913961126,4.734848,1242.504,1.0854815023190345,1.0,0.0,4.691531785127845,-7.932553865957381
S8-3-31-1-1,300-140K 1K-min,S8-3-31,0.3340714749983821,4.9068,0.12,3.919348,216.14999999999998,-57.0,0.0004990429846649242,0.95,61.352104556722104,0.405723636620504,1461829.057475207,14.195198988704178,243.04945327401626,184.14999999999998,True,60.45726,1194.914,1134.45674,19.764607261394247,1134.45674,27.10994,False,False,0.5779503923613695,4.734848,1186.8,1.0461394940454045,1.0,0.0,4.626416840157298,-7.6028183243096565
S8-3-31-1-1,300-140K 1K-min,S8-3-31,0.3340714749983821,4.9068,0.12,3.919348,219.14999999999998,-54.0,0.0006827457303376955,0.95,44.84442159501654,0.405723636620504,1461829.057475207,14.195198988704178,243.04945327401626,184.14999999999998,True,44.07839,1164.611,1120.5326100000002,26.421359763820778,1120.5326100000002,26.22599,False,False,0.5817104186433868,4.734848,1136.12,1.0139106973423992,1.0,0.0,4.56308464522017,-7.2893880512547735
S8-3-31-1-1,300-140K 1K-min,S8-3-31,0.3340714749983821,4.9068,0.12,3.919348,221.14999999999998,-52.0,0.0009180334189799679,0.95,33.351005247151235,0.405723636620504,1461829.057475207,14.195198988704178,243.04945327401626,184.14999999999998,True,32.87879,1133.287,1100.40821,34.46863464257657,1100.40821,25.38995,False,False,0.5844864428386384,4.734848,1089.532,0.9901162042402418,1.0,0.0,4.52181777074384,-6.993276763888786
S8-3-31-1-1,300-140K 1K-min,S8-3-31,0.3340714749983821,4.9068,0.12,3.919348,224.14999999999998,-49.0,0.0012048970516776618,0.95,25.41074968258114,0.405723636620504,1461829.057475207,14.195198988704178,243.04945327401626,184.14999999999998,True,25.02586,1099.366,1074.34014,43.92919963589662,1074.34014,24.59935,False,False,0.586583017677561,4.734848,1044.415,0.9721455627637622,1.0,0.0,4.461298237787196,-6.721361149981632
S8-3-31-1-1,300-140K 1K-min,S8-3-31,0.3340714749983821,4.9068,0.12,3.919348,227.14999999999998,-46.0,0.0015604157542219526,0.95,19.62126906923429,0.405723636620504,1461829.057475207,14.195198988704178,243.04945327401626,184.14999999999998,True,19.32268,1070.292,1050.96932,55.39045308414775,1050.96932,23.87378,False,False,0.5890478712229836,4.734848,999.491,0.9510182466601396,1.0,0.0,4.402377283733216,-6.462802984111301
S8-3-31-1-1,300-140K 1K-min,S8-3-31,0.3340714749983821,4.9068,0.12,3.919348,230.14999999999998,-43.0,0.001968138634546533,0.95,15.556494261145103,0.405723636620504,1461829.057475207,14.195198988704178,243.04945327401626,184.14999999999998,True,15.32804,1049.082,1033.75396,68.44201867949197,1033.75396,23.19276,False,False,0.5918403982059071,4.734848,958.375,0.9270823010922242,1.0,0.0,4.344992396263307,-6.230667038449764
S8-3-31-1-1,300-140K 1K-min,S8-3-31,0.3340714749983821,4.9068,0.12,3.919348,232.14999999999998,-41.0,0.002437433006872873,0.95,12.56130416184931,0.405723636620504,1461829.057475207,14.195198988704178,243.04945327401626,184.14999999999998,True,12.38239,1037.49,1025.10761,83.78754020831197,1025.10761,22.56436,False,False,0.5952965581828039,4.734848,919.9911,0.8974580727188233,1.0,0.0,4.307559767391773,-6.016809839829821
S8-3-31-1-1,300-140K 1K-min,S8-3-31,0.3340714749983821,4.9068,0.12,3.919348,235.14999999999998,-38.0,0.0029698857335500083,0.95,10.30926443653545,0.405723636620504,1461829.057475207,14.195198988704178,243.04945327401626,184.14999999999998,True,10.17158,1035.578,1025.40642,101.8109280957334,1025.40642,21.97797,False,False,0.5996101223942016,4.734848,882.3465,0.8604846651925577,1.0,0.0,4.25260472039124,-5.819231800459841
S8-3-31-1-1,300-140K 1K-min,S8-3-31,0.3340714749983821,4.9068,0.12,3.919348,238.14999999999998,-35.0,0.003560822539629302,0.95,8.598389004987736,0.405723636620504,1461829.057475207,14.195198988704178,243.04945327401626,184.14999999999998,True,8.494093,1042.676,1034.181907,122.75307086936769,1034.181907,21.43522,False,False,0.6043998987694532,4.734848,847.4391,0.8194294391189725,1.0,0.0,4.199034222128911,-5.637763710348575
S8-3-31-1-1,300-140K 1K-min,S8-3-31,0.3340714749983821,4.9068,0.12,3.919348,241.14999999999998,-32.0,0.0042069372488367255,0.95,7.277821265797867,0.405723636620504,1461829.057475207,14.195198988704178,243.04945327401626,184.14999999999998,True,7.195457,1056.552,1049.3565429999999,146.83598275967736,1049.3565429999999,20.92785,False,False,0.609388838679972,4.734848,815.0007,0.7766670970288118,1.0,0.0,4.146796599626788,-5.471020390378334
S8-3-31-1-1,300-140K 1K-min,S8-3-31,0.3340714749983821,4.9068,0.12,3.919348,244.14999999999998,-29.0,0.004904872684898711,0.95,6.242228767267863,0.405723636620504,1461829.057475207,14.195198988704178,243.04945327401626,184.14999999999998,True,6.177928,1074.162,1067.984072,173.87091594463388,1067.984072,20.45131,False,False,0.6143148004427043,4.734848,784.3751,0.7344445676339632,1.0,0.0,4.095842719639566,-5.317526142489505
S8-3-31-1-1,300-140K 1K-min,S8-3-31,0.3340714749983821,4.9068,0.12,3.919348,246.14999999999998,-27.0,0.005656115526337958,0.95,5.413138616226998,0.1523179360200124,8.130196263451316,2.095585063914257,243.04945327401626,184.14999999999998,True,5.363172,1095.12,1089.7568279999998,204.19259348758533,1089.7568279999998,19.99763,False,False,0.6190936643833842,4.734848,755.7277,0.6934828767138493,1.0,0.0,4.062563477554337,-5.175017925147743
S8-3-31-1-1,300-140K 1K-min,S8-3-31,0.3340714749983821,4.9068,0.12,3.919348,249.14999999999998,-24.0,0.006437623430459234,0.95,4.7560000525344455,0.1523179360200124,8.130196263451316,2.095585063914257,243.04945327401626,184.14999999999998,True,4.712208,1115.86,1111.147792,236.80194083113474,1111.147792,19.57367,False,False,0.623405270106499,4.734848,729.4977,0.6565262562300078,1.0,0.0,4.013646397752359,-5.045595839512525
S8-3-31-1-1,300-140K 1K-min,S8-3-31,0.3340714749983821,4.9068,0.12,3.919348,252.14999999999998,-21.0,0.007253174342043407,0.95,4.221232791274034,0.1523179360200124,8.130196263451316,2.095585063914257,243.04945327401626,184.14999999999998,True,4.185157,1134.326,1130.1408430000001,271.0354713096784,1130.1408430000001,19.17271,False,False,0.6272806743433483,4.734848,704.4264,0.6233085056284434,1.0,0.0,3.9658933174697606,-4.926316065657791
S8-3-31-1-1,300-140K 1K-min,S8-3-31,0.3340714749983821,4.9068,0.12,3.919348,255.14999999999998,-18.0,0.008088669587712476,0.95,3.785213012035007,0.1523179360200124,8.130196263451316,2.095585063914257,243.04945327401626,184.14999999999998,True,3.757405,1150.221,1146.463595,306.121112842507,1146.463595,18.79391,False,False,0.630630697436145,4.734848,681.6804,0.5945940219759002,1.0,0.0,3.919263178522438,-4.817291012892409
S8-3-31-1-1,300-140K 1K-min,S8-3-31,0.3340714749983821,4.9068,0.12,3.919348,258.15,-15.0,0.008939565426540147,0.95,3.4249245810722626,0.1523179360200124,8.130196263451316,2.095585063914257,243.04945327401626,184.14999999999998,True,3.40105,1162.0,1158.59895,341.6591934843651,1158.59895,18.43546,False,False,0.6335424033772284,4.734848,659.9803,0.5696365424808986,1.0,0.0,3.873716831299632,-4.717268300984914
S8-3-31-1-1,300-140K 1K-min,S8-3-31,0.3340714749983821,4.9068,0.12,3.919348,260.15,-13.0,0.009791394119834181,0.95,3.1269640460534953,0.1523179360200124,8.130196263451316,2.095585063914257,243.04945327401626,184.14999999999998,True,3.106312,1169.908,1166.801688,376.6228247516669,1166.801688,18.09361,False,False,0.6360731084235456,4.734848,639.3429,0.5479447849410375,1.0,0.0,3.8439361906592353,-4.626251430143439
S8-3-31-1-1,300-140K 1K-min,S8-3-31,0.3340714749983821,4.9068,0.12,3.919348,263.15,-10.0,0.010642538552526682,0.95,2.8768829187085374,0.1523179360200124,8.130196263451316,2.095585063914257,243.04945327401626,184.14999999999998,True,2.86095,1173.377,1170.51605,410.13544452017686,1170.51605,17.76848,False,False,0.6382442114598372,4.734848,619.5955,0.5293353303442525,1.0,0.0,3.800114003420103,-4.5428962377619095
S8-3-31-1-1,300-140K 1K-min,S8-3-31,0.3340714749983821,4.9068,0.12,3.919348,266.15,-7.0,0.011477899139872178,0.95,2.667503608487194,0.1523179360200124,8.130196263451316,2.095585063914257,243.04945327401626,184.14999999999998,True,2.653899,1173.134,1170.480101,442.0416903582239,1170.480101,17.4569,False,False,0.6400919888000727,4.734848,601.0383,0.513497238856519,1.0,0.0,3.7572797294758598,-4.467331906590875
S8-3-31-1-1,300-140K 1K-min,S8-3-31,0.3340714749983821,4.9068,0.12,3.919348,269.15,-4.0,0.012299764221472574,0.95,2.4892621372375765,0.1523179360200124,8.130196263451316,2.095585063914257,243.04945327401626,184.14999999999998,True,2.476596,1168.832,1166.3554040000001,471.9510166373523,1166.3554040000001,17.15918,False,False,0.6417150797831201,4.734848,582.6937,0.4995850304303983,1.0,0.0,3.7154003343860302,-4.398175185773463
S8-3-31-1-1,300-140K 1K-min,S8-3-31,0.3340714749983821,4.9068,0.12,3.919348,272.15,-1.0,0.013125628816888342,0.95,2.33263775782435,0.1523179360200124,8.130196263451316,2.095585063914257,243.04945327401626,184.14999999999998,True,2.323019,1160.803,1158.4799810000002,499.69586990033235,1158.4799810000002,16.86567,False,False,0.6431166001305292,4.734848,564.8424,0.4875719988811783,1.0,0.0,3.6744442403086537,-4.333188561793931
S8-3-31-1-1,300-140K 1K-min,S8-3-31,0.3340714749983821,4.9068,0.12,3.919348,274.15,1.0,0.013925664173309048,0.95,2.1986267220305757,0.1523179360200124,8.130196263451316,2.095585063914257,243.04945327401626,184.14999999999998,True,2.188754,1149.218,1147.029246,525.0558080076611,1147.029246,16.58161,False,False,0.6443135515308387,4.734848,547.4913,0.47731241544995406,1.0,0.0,3.647638154295094,-4.2740217978387935
S8-3-31-1-1,300-140K 1K-min,S8-3-31,0.3340714749983821,4.9068,0.12,3.919348,277.15,4.0,0.014699520989598964,0.95,2.0828799384092314,0.1523179360200124,8.130196263451316,2.095585063914257,243.04945327401626,184.14999999999998,True,2.073407,1134.915,1132.8415929999999,547.3672076924598,1132.8415929999999,16.30893,False,False,0.6453193894161688,4.734848,530.9526,0.46869094786140997,1.0,0.0,3.608154429009562,-4.21994037146994
S8-3-31-1-1,300-140K 1K-min,S8-3-31,0.3340714749983821,4.9068,0.12,3.919348,280.15,7.0,0.015437188538203183,0.95,1.9833493189314129,0.1523179360200124,8.130196263451316,2.095585063914257,243.04945327401626,184.14999999999998,True,1.974522,1117.814,1115.839478,566.1187872305297,1115.839478,16.04191,False,False,0.6461473675039365,4.734848,515.0648,0.461593992823401,1.0,0.0,3.5695163305372124,-4.170975840460424
S8-3-31-1-1,300-140K 1K-min,S8-3-31,0.3340714749983821,4.9068,0.12,3.919348,282.15,9.0,0.016139656179246835,0.95,1.8970253785722135,0.1523179360200124,8.130196263451316,2.095585063914257,243.04945327401626,184.14999999999998,True,1.888565,1099.361,1097.4724350000001,582.1144625681404,1097.4724350000001,15.78194,False,False,0.6469054151384374,4.734848,499.4558,0.45509644167053687,1.0,0.0,3.5442140705298604,-4.126475918768297
S8-3-31-1-1,300-140K 1K-min,S8-3-31,0.3340714749983821,4.9068,0.12,3.919348,285.15,12.0,0.016810974907954492,0.95,1.8212707794224243,0.1523179360200124,8.130196263451316,2.095585063914257,243.04945327401626,184.14999999999998,True,1.812537,1078.747,1076.934463,595.1586091759782,1076.934463,15.5243,False,False,0.6475028392078983,4.734848,484.5943,0.4499756639322996,1.0,0.0,3.506926179203928,-4.0857233375291715
S8-3-31-1-1,300-140K 1K-min,S8-3-31,0.3340714749983821,4.9068,0.12,3.919348,288.15,15.0,0.017456207079819847,0.95,1.753951315624349,0.1523179360200124,8.130196263451316,2.095585063914257,243.04945327401626,184.14999999999998,True,1.745977,1054.999,1053.253023,604.2456458475685,1053.253023,15.27689,False,False,0.6479503669714762,4.734848,469.898,0.44613971167306077,1.0,0.0,3.47041471455839,-4.048059987002354
S8-3-31-1-1,300-140K 1K-min,S8-3-31,0.3340714749983821,4.9068,0.12,3.919348,291.15,18.0,0.018072650031042168,0.95,1.6941255057156404,0.1523179360200124,8.130196263451316,2.095585063914257,243.04945327401626,184.14999999999998,True,1.685597,1026.965,1025.279403,609.2589153872485,1025.279403,15.03444,False,False,0.6483243560942447,4.734848,454.1312,0.4429340906207589,1.0,0.0,3.4346556757685045,-4.013355531503466
S8-3-31-1-1,300-140K 1K-min,S8-3-31,0.3340714749983821,4.9068,0.12,3.919348,294.15,21.0,0.018658372288445038,0.95,1.6409436418214323,0.1523179360200124,8.130196263451316,2.095585063914257,243.04945327401626,184.14999999999998,True,1.632791,996.678,995.045209,610.4137026722955,995.045209,14.79366,False,False,0.6485170460564806,4.734848,439.096,0.44128246237302327,1.0,0.0,3.3996260411354755,-3.981460317354564
S8-3-31-1-1,300-140K 1K-min,S8-3-31,0.3340714749983821,4.9068,0.12,3.919348,297.15,24.0,0.019164313362942983,0.95,1.5976224555305079,0.1523179360200124,8.130196263451316,2.095585063914257,243.04945327401626,184.14999999999998,True,1.58986,967.562,965.97214,608.5831456857836,965.97214,14.56092,False,False,0.6486573115176317,4.734848,425.1052,0.4400801869917279,1.0,0.0,3.365303718660609,-3.9547054084489983
S8-3-31-1-1,300-140K 1K-min,S8-3-31,0.3340714749983821,4.9068,0.12,3.919348,299.15,26.0,0.019403840908640443,0.95,1.5779008659995422,0.1523179360200124,8.130196263451316,2.095585063914257,243.04945327401626,184.14999999999998,True,1.571892,946.8199,945.2480079999999,602.3441177892628,945.2480079999999,14.38688,False,False,0.6486331351605803,4.734848,416.1808,0.44028741290931084,1.0,0.0,3.342804613070366,-3.9422842475278284
S8-3-32-1-1,300-140K 1K-min,S8-3-32,0.3584084621201487,5.320666666666667,0.12,3.919348,191.14999999999998,-82.0,4.2391658741369275e-07,0.7255526870872772,72224.91,1.079440242279692,1.4544352389930299e+22,51.03148971924719,245.31721116491244,191.14999999999998,True,4183.084,81373.28,77190.196,19.452939505876525,77190.196,4076.112,True,True,0.9826504910027694,18984.38,11478.96,0.14871007711912015,0.8571428571428571,0.7692307692307693,5.231493591420351,-14.6737291288658
S8-3-32-1-1,300-140K 1K-min,S8-3-32,0.3584084621201487,5.320666666666667,0.12,3.919348,196.14999999999998,-77.0,2.9586971104738574e-06,0.8986960025565058,10348.25,1.079440242279692,1.4544352389930299e+22,51.03148971924719,245.31721116491244,191.14999999999998,True,3840.965,18222.68,14381.715,4.744297331529967,14381.715,712.0942,False,False,0.677543947296967,4.734848,2768.199,0.1924804517402827,0.5116279069767442,0.0,5.098139179199593,-12.730761551909977
S8-3-32-1-1,300-140K 1K-min,S8-3-32,0.3584084621201487,5.320666666666667,0.12,3.919348,200.14999999999998,-73.0,1.2199459532667111e-05,0.8995499054996844,2509.729,1.079440242279692,1.4544352389930299e+22,51.03148971924719,245.31721116491244,191.14999999999998,True,1692.093,5909.994,4217.901,3.492712279998794,4217.901,183.6315,False,False,0.6406087451238581,4.734848,2147.198,0.5090678989383581,0.5581395348837209,0.0,4.996252810392207,-11.314118907807421
S8-3-32-1-1,300-140K 1K-min,S8-3-32,0.3584084621201487,5.320666666666667,0.12,3.919348,204.14999999999998,-69.0,3.265470699393158e-05,0.8998229272293663,937.6087,1.079440242279692,1.4544352389930299e+22,51.03148971924719,245.31721116491244,191.14999999999998,True,797.6626,2848.987,2051.3244,3.5716692747033645,2051.3244,63.19061,False,False,0.6009471230716441,4.734848,1741.625,0.8490246593859067,0.6511627906976745,0.0,4.898359049718345,-10.329521547427996
S8-3-32-1-1,300-140K 1K-min,S8-3-32,0.3584084621201487,5.320666666666667,0.12,3.919348,207.14999999999998,-66.0,6.654944665574316e-05,0.899913206540648,460.069,1.079440242279692,1.4544352389930299e+22,51.03148971924719,245.31721116491244,191.14999999999998,True,421.3114,1959.61,1538.2985999999999,4.651215229400391,1538.2985999999999,46.83384,False,False,0.5827648719609227,4.734848,1545.794,1.0048725260492335,0.6976744186046512,0.0,4.827419744146754,-9.617565327872324
S8-3-32-1-1,300-140K 1K-min,S8-3-32,0.3584084621201487,5.320666666666667,0.12,3.919348,210.14999999999998,-63.0,0.00012011311454837188,0.8999334978864398,254.9042,0.4747836698876585,36579859.97999575,17.41500837314481,245.31721116491244,191.14999999999998,True,232.359,1623.167,1390.808,6.9855998691679675,1390.808,43.42404,False,False,0.580237003717743,4.734848,1427.72,1.0265399681336311,0.813953488372093,0.0,4.758505829169641,-9.027076637934206
S8-3-32-1-1,300-140K 1K-min,S8-3-32,0.3584084621201487,5.320666666666667,0.12,3.919348,213.14999999999998,-60.0,0.00019858074010162805,0.8999626171441537,154.1808,0.4747836698876585,36579859.97999575,17.41500837314481,245.31721116491244,191.14999999999998,True,146.711,1497.29,1350.579,10.20571054658478,1350.579,40.15562,False,False,0.5842931315630803,4.734848,1339.468,0.9917731580307403,0.8372093023255814,0.0,4.691531785127845,-8.524314789396147
S8-3-32-1-1,300-140K 1K-min,S8-3-32,0.3584084621201487,5.320666666666667,0.12,3.919348,216.14999999999998,-57.0,0.00031206961707971507,0.8999814359895455,98.1106,0.4747836698876585,36579859.97999575,17.41500837314481,245.31721116491244,191.14999999999998,True,97.5691,1473.02,1375.4509,15.097197780854799,1375.4509,37.31098,False,False,0.592154674514372,4.734848,1271.451,0.9243885041625253,0.9767441860465116,0.0,4.626416840157298,-8.072284263379206
S8-3-32-1-1,300-140K 1K-min,S8-3-32,0.3584084621201487,5.320666666666667,0.12,3.919348,219.14999999999998,-54.0,0.00045641205356276653,0.95,67.08266605682567,0.4747836698876585,36579859.97999575,17.41500837314481,245.31721116491244,191.14999999999998,True,66.90692,1486.446,1419.53908,22.216625724215074,1419.53908,34.54793,False,False,0.6005100303402707,4.734848,1210.542,0.8527711685119646,1.0,0.0,4.56308464522017,-7.692114530240154
S8-3-32-1-1,300-140K 1K-min,S8-3-32,0.3584084621201487,5.320666666666667,0.12,3.919348,221.14999999999998,-52.0,0.0006415272402821901,0.95,47.72570118767424,0.4747836698876585,36579859.97999575,17.41500837314481,245.31721116491244,191.14999999999998,True,47.15692,1505.257,1458.1000800000002,31.92017205534204,1458.1000800000002,31.97393,False,False,0.6076567501457102,4.734848,1154.106,0.7915135701796265,1.0,0.0,4.52181777074384,-7.351658911392841
S8-3-32-1-1,300-140K 1K-min,S8-3-32,0.3584084621201487,5.320666666666667,0.12,3.919348,224.14999999999998,-49.0,0.000890755397629712,0.95,34.37232876155835,0.4747836698876585,36579859.97999575,17.41500837314481,245.31721116491244,191.14999999999998,True,34.09016,1512.838,1478.74784,44.37755645617386,1478.74784,29.68103,False,False,0.6132652776464353,4.734848,1099.361,0.7434404773162674,1.0,0.0,4.461298237787196,-7.023440693850646
S8-3-32-1-1,300-140K 1K-min,S8-3-32,0.3584084621201487,5.320666666666667,0.12,3.919348,227.14999999999998,-46.0,0.0011999044574496104,0.95,25.516479402483476,0.4747836698876585,36579859.97999575,17.41500837314481,245.31721116491244,191.14999999999998,True,25.22206,1509.437,1484.2149399999998,59.84590473577495,1484.2149399999998,27.69356,False,False,0.6178007420767058,4.734848,1045.726,0.7045650679139502,1.0,0.0,4.402377283733216,-6.725513344149918
S8-3-32-1-1,300-140K 1K-min,S8-3-32,0.3584084621201487,5.320666666666667,0.12,3.919348,230.14999999999998,-43.0,0.0015958667573788463,0.95,19.18539704639814,0.4747836698876585,36579859.97999575,17.41500837314481,245.31721116491244,191.14999999999998,True,18.94064,1513.902,1494.96136,79.92876692656638,1494.96136,26.01526,False,False,0.6226799971160013,4.734848,990.775,0.6627428818628458,1.0,0.0,4.344992396263307,-6.440338268791216
S8-3-32-1-1,300-140K 1K-min,S8-3-32,0.3584084621201487,5.320666666666667,0.12,3.919348,233.14999999999998,-40.0,0.0020608021555924036,0.95,14.856999877632482,0.4747836698876585,36579859.97999575,17.41500837314481,245.31721116491244,191.14999999999998,True,14.66311,1526.615,1511.95189,104.11263367730311,1511.95189,24.63749,False,False,0.6276245952508449,4.734848,937.9554,0.6203606121356147,1.0,0.0,4.2890842805061125,-6.18465997605692
S8-3-32-1-1,300-140K 1K-min,S8-3-32,0.3584084621201487,5.320666666666667,0.12,3.919348,235.14999999999998,-38.0,0.0026066562026980634,0.95,11.745828752472269,0.4747836698876585,36579859.97999575,17.41500837314481,245.31721116491244,191.14999999999998,True,11.59424,1541.746,1530.1517600000002,132.97516697946568,1530.1517600000002,23.50009,False,False,0.632402641770208,4.734848,886.579,0.5794059276839307,1.0,0.0,4.25260472039124,-5.94968702741129
S8-3-32-1-1,300-140K 1K-min,S8-3-32,0.3584084621201487,5.320666666666667,0.12,3.919348,238.14999999999998,-35.0,0.003235261615329706,0.95,9.46363571600712,0.4747836698876585,36579859.97999575,17.41500837314481,245.31721116491244,191.14999999999998,True,9.346445,1548.588,1539.241555,165.68738167292486,1539.241555,22.55115,False,False,0.636624734857378,4.734848,836.1415,0.5432165583653304,1.0,0.0,4.199034222128911,-5.733645484027163
S8-3-32-1-1,300-140K 1K-min,S8-3-32,0.3584084621201487,5.320666666666667,0.12,3.919348,241.14999999999998,-32.0,0.003941186090258964,0.95,7.768559177942628,0.4747836698876585,36579859.97999575,17.41500837314481,245.31721116491244,191.14999999999998,True,7.676862,1539.233,1531.556138,200.5028877684658,1531.556138,21.75615,False,False,0.6398348095898091,4.734848,789.826,0.5157016320873506,1.0,0.0,4.146796599626788,-5.53627356283839
S8-3-32-1-1,300-140K 1K-min,S8-3-32,0.3584084621201487,5.320666666666667,0.12,3.919348,244.14999999999998,-29.0,0.004716683650724143,0.95,6.491284902849161,0.4747836698876585,36579859.97999575,17.41500837314481,245.31721116491244,191.14999999999998,True,6.41545,1510.692,1504.27655,235.47716839816383,1504.27655,21.07479,False,False,0.6422528457284001,4.734848,744.5802,0.4949756080422842,1.0,0.0,4.095842719639566,-5.356649342707241
S8-3-32-1-1,300-140K 1K-min,S8-3-32,0.3584084621201487,5.320666666666667,0.12,3.919348,246.14999999999998,-27.0,0.005568366120554035,0.95,5.498441860790355,0.15090256660028603,8.1115878704567,2.093293640634237,245.31721116491244,191.14999999999998,True,5.435696,1464.262,1458.826304,269.37893509865154,1458.826304,20.47169,False,False,0.6438696221461423,4.734848,701.8669,0.4811175244616371,1.0,0.0,4.062563477554337,-5.190653603701897
S8-3-32-1-1,300-140K 1K-min,S8-3-32,0.3584084621201487,5.320666666666667,0.12,3.919348,249.14999999999998,-24.0,0.006473938746418449,0.95,4.72932144907911,0.15090256660028603,8.1115878704567,2.093293640634237,245.31721116491244,191.14999999999998,True,4.675826,1404.539,1399.863174,300.3830767013144,1399.863174,19.9363,False,False,0.6449249673597028,4.734848,660.8358,0.47207170834540396,1.0,0.0,4.013646397752359,-5.039970584996671
S8-3-32-1-1,300-140K 1K-min,S8-3-32,0.3584084621201487,5.320666666666667,0.12,3.919348,252.14999999999998,-21.0,0.007418064356545916,0.95,4.1274025004169,0.15090256660028603,8.1115878704567,2.093293640634237,245.31721116491244,191.14999999999998,True,4.078525,1336.315,1332.2364750000002,327.64663695821406,1332.2364750000002,19.45113,False,False,0.6455726631915454,4.734848,621.515,0.4665200297867535,1.0,0.0,3.9658933174697606,-4.903837124224963
S8-3-32-1-1,300-140K 1K-min,S8-3-32,0.3584084621201487,5.320666666666667,0.12,3.919348,255.14999999999998,-18.0,0.00838333674228461,0.95,3.652165994839582,0.15090256660028603,8.1115878704567,2.093293640634237,245.31721116491244,191.14999999999998,True,3.608788,1263.917,1260.308212,350.23309764940467,1260.308212,19.00836,False,False,0.64600384703357,4.734848,583.3011,0.46282416828368617,1.0,0.0,3.919263178522438,-4.781509264470234
S8-3-32-1-1,300-140K 1K-min,S8-3-32,0.3584084621201487,5.320666666666667,0.12,3.919348,258.15,-15.0,0.009371732710255862,0.95,3.2669879007491667,0.15090256660028603,8.1115878704567,2.093293640634237,245.31721116491244,191.14999999999998,True,3.228468,1190.883,1187.654532,368.8693832492687,1187.654532,18.59744,False,False,0.6461882124714249,4.734848,547.7984,0.4612438931020722,1.0,0.0,3.873716831299632,-4.670057278775744
S8-3-32-1-1,300-140K 1K-min,S8-3-32,0.3584084621201487,5.320666666666667,0.12,3.919348,261.15,-12.0,0.010358528940315644,0.95,2.955761146189174,0.15090256660028603,8.1115878704567,2.093293640634237,245.31721116491244,191.14999999999998,True,2.918338,1118.055,1115.1366620000001,383.11360781376254,1115.1366620000001,18.2106,False,False,0.6463367298025396,4.734848,512.9304,0.4599708874068024,1.0,0.0,3.8292169251388093,-4.569945046410955
S8-3-32-1-1,300-140K 1K-min,S8-3-32,0.3584084621201487,5.320666666666667,0.12,3.919348,263.15,-10.0,0.011330608749635748,0.95,2.702179384178751,0.15090256660028603,8.1115878704567,2.093293640634237,245.31721116491244,191.14999999999998,True,2.66751,1047.159,1044.49149,392.5604777489119,1044.49149,17.84645,False,False,0.6464424597657565,4.734848,479.4891,0.45906463057923,1.0,0.0,3.800114003420103,-4.480247476379771
S8-3-32-1-1,300-140K 1K-min,S8-3-32,0.3584084621201487,5.320666666666667,0.12,3.919348,266.15,-7.0,0.012279332627532821,0.95,2.493404023017558,0.15090256660028603,8.1115878704567,2.093293640634237,245.31721116491244,191.14999999999998,True,2.468294,979.197,976.728706,396.71003535235263,976.728706,17.50026,False,False,0.6465387577131372,4.734848,447.5754,0.4582392196016808,1.0,0.0,3.7572797294758598,-4.39983770403207
S8-3-32-1-1,300-140K 1K-min,S8-3-32,0.3584084621201487,5.320666666666667,0.12,3.919348,269.15,-4.0,0.013217093302737272,0.95,2.316495516235799,0.15090256660028603,8.1115878704567,2.093293640634237,245.31721116491244,191.14999999999998,True,2.291065,911.8765,909.585435,398.0142422847016,909.585435,17.16101,False,False,0.6466513756713062,4.734848,415.9297,0.4572739228173762,1.0,0.0,3.7154003343860302,-4.326244339933717
S8-3-32-1-1,300-140K 1K-min,S8-3-32,0.3584084621201487,5.320666666666667,0.12,3.919348,272.15,-1.0,0.014116823222796082,0.95,2.168854627577946,0.15090256660028603,8.1115878704567,2.093293640634237,245.31721116491244,191.14999999999998,True,2.136964,847.8069,845.669936,396.7342922014597,845.669936,16.83466,False,False,0.6466574884443648,4.734848,386.6585,0.4572215276197303,1.0,0.0,3.6744442403086537,-4.260388056451029
S8-3-32-1-1,300-140K 1K-min,S8-3-32,0.3584084621201487,5.320666666666667,0.12,3.919348,274.15,1.0,0.014974526973224978,0.95,2.044628015843576,0.15090256660028603,8.1115878704567,2.093293640634237,245.31721116491244,191.14999999999998,True,2.012618,787.168,785.155382,391.11644634004074,785.155382,16.52135,False,False,0.6467126516706049,4.734848,358.6187,0.4567486999662438,1.0,0.0,3.647638154295094,-4.201404723244137
S8-3-32-1-1,300-140K 1K-min,S8-3-32,0.3584084621201487,5.320666666666667,0.12,3.919348,277.15,4.0,0.015781217892348414,0.95,1.9401124540778336,0.15090256660028603,8.1115878704567,2.093293640634237,245.31721116491244,191.14999999999998,True,1.907449,730.0636,728.1561509999999,382.7434442546039,728.1561509999999,16.21554,False,False,0.7968428281303268,4.734848,331.7719,0.45563290174005494,0.2857142857142857,1.0,3.608154429009562,-4.148934787052832
S8-3-32-1-1,300-140K 1K-min,S8-3-32,0.3584084621201487,5.320666666666667,0.12,3.919348,280.15,7.0,0.016546548009583058,0.95,1.8503761241153645,0.15090256660028603,8.1115878704567,2.093293640634237,245.31721116491244,191.14999999999998,True,1.817965,675.7347,673.916735,371.6984100353967,673.916735,15.91198,True,True,0.8969987094671767,4.734848,306.1582,0.45429677599562734,0.42857142857142855,1.0,3.5695163305372124,-4.101577778396177
S8-3-32-1-1,300-140K 1K-min,S8-3-32,0.3584084621201487,5.320666666666667,0.12,3.919348,282.15,9.0,0.017270913092226847,0.95,1.7727688866225086,0.15090256660028603,8.1115878704567,2.093293640634237,245.31721116491244,191.14999999999998,True,1.741445,625.1973,623.455855,359.01064920224303,623.455855,15.61596,True,True,0.9469637883717259,4.734848,283.4206,0.45459609967092135,0.5714285714285714,1.0,3.5442140705298604,-4.058731516638872
S8-3-32-1-1,300-140K 1K-min,S8-3-32,0.3584084621201487,5.320666666666667,0.12,3.919348,285.15,12.0,0.017931501903806955,0.95,1.7074608439218844,0.15090256660028603,8.1115878704567,2.093293640634237,245.31721116491244,191.14999999999998,True,1.674282,578.1277,576.453418,345.29888035587794,576.453418,15.32408,True,True,0.9472054941769237,4.734848,260.8592,0.45252433562636885,0.5714285714285714,1.0,3.506926179203928,-4.021196230020584
S8-3-32-1-1,300-140K 1K-min,S8-3-32,0.3584084621201487,5.320666666666667,0.12,3.919348,288.15,15.0,0.018535467446613798,0.95,1.6518243989068917,0.15090256660028603,8.1115878704567,2.093293640634237,245.31721116491244,191.14999999999998,True,1.618795,535.4062,533.787405,330.743670446227,533.787405,15.03728,True,True,0.9475731822484648,4.734848,239.8695,0.44937272358458796,1.0,0.5,3.47041471455839,-3.9880692230258146
S8-3-32-1-1,300-140K 1K-min,S8-3-32,0.3584084621201487,5.320666666666667,0.12,3.919348,291.15,18.0,0.01911496023824999,0.95,1.6017473744043829,0.15090256660028603,8.1115878704567,2.093293640634237,245.31721116491244,191.14999999999998,True,1.569061,496.981,495.411939,316.7378451188322,495.411939,14.74923,True,True,0.9479822857747751,4.734848,220.8874,0.44586612193050024,1.0,0.75,3.4346556757685045,-3.957283991969328
S8-3-32-1-1,300-140K 1K-min,S8-3-32,0.3584084621201487,5.320666666666667,0.12,3.919348,294.15,21.0,0.019621200889924598,0.95,1.5604211763196902,0.15090256660028603,8.1115878704567,2.093293640634237,245.31721116491244,191.14999999999998,True,1.528642,462.7021,461.173458,302.68833382832605,461.173458,14.45661,True,True,0.94834771764626,4.734848,204.1771,0.4427338487463421,1.0,0.75,3.3996260411354755,-3.9311446192804755
S8-3-32-1-1,300-140K 1K-min,S8-3-32,0.3584084621201487,5.320666666666667,0.12,3.919348,297.15,24.0,0.020010029637317652,0.95,1.5300995514949849,0.15090256660028603,8.1115878704567,2.093293640634237,245.31721116491244,191.14999999999998,True,1.498951,434.2263,432.727349,289.68678762681367,432.727349,14.16586,True,True,0.9487605261883583,4.734848,190.0519,0.4391954898140712,1.0,0.75,3.365303718660609,-3.911521649262272
S8-3-32-1-1,300-140K 1K-min,S8-3-32,0.3584084621201487,5.320666666666667,0.12,3.919348,299.15,26.0,0.020054155305758537,0.95,1.5267328344998579,0.15090256660028603,8.1115878704567,2.093293640634237,245.31721116491244,191.14999999999998,True,1.497478,416.4275,414.930022,278.0858884070417,414.930022,13.92626,True,True,0.9485599365314987,4.734848,182.9488,0.4409148297300106,1.0,0.75,3.342804613070366,-3.909318899532285
S8-3-33-1-1,300-140K 1K-min,S8-3-33,0.0641214250069669,4.418266666666667,0.12,3.919348,188.14999999999998,-85.0,1.793949573648626e-07,0.7906995168377342,170670.0,0.8677804276366072,4.436515128732104e+16,38.33123067525238,257.5145400160848,188.14999999999998,True,3517.198,194079.8,190562.60199999998,55.180231536581104,190562.60199999998,13472.56,True,True,0.9686500726727063,15046.87,31606.05,0.16585651994823203,1.0,0.48,5.314908317831518,-15.533675996050862
S8-3-33-1-1,300-140K 1K-min,S8-3-33,0.0641214250069669,4.418266666666667,0.12,3.919348,193.14999999999998,-80.0,1.3820984793997095e-06,0.8918968949420125,22152.79,0.8677804276366072,4.436515128732104e+16,38.33123067525238,257.5145400160848,188.14999999999998,True,5721.232,52485.73,46764.49800000001,9.173851016704095,46764.49800000001,3341.345,False,False,0.6823118736354231,4.734848,7090.083,0.15161251169637271,0.627906976744186,0.0,5.177323323841574,-13.49190757654707
S8-3-33-1-1,300-140K 1K-min,S8-3-33,0.0641214250069669,4.418266666666667,0.12,3.919348,198.14999999999998,-75.0,4.675695428684342e-06,0.8970844526806262,6548.189,0.8677804276366072,4.436515128732104e+16,38.33123067525238,257.5145400160848,188.14999999999998,True,4034.023,18482.48,14448.456999999999,4.5816496336287615,14448.456999999999,834.0538,False,False,0.6688289817613973,4.734848,3860.341,0.26718015633088016,0.6744186046511628,0.0,5.046681806712088,-12.273132651487732
S8-3-33-1-1,300-140K 1K-min,S8-3-33,0.0641214250069669,4.418266666666667,0.12,3.919348,203.14999999999998,-70.0,1.3183410612173837e-05,0.8985298406441117,2322.414,0.8677804276366072,4.436515128732104e+16,38.33123067525238,257.5145400160848,188.14999999999998,True,1893.337,8363.781,6470.444000000001,4.417481409807129,6470.444000000001,343.6253,False,False,0.6537532432086577,4.734848,2564.889,0.39640077249721956,0.7209302325581395,0.0,4.922471080482403,-11.236551290576951
S8-3-33-1-1,300-140K 1K-min,S8-3-33,0.0641214250069669,4.418266666666667,0.12,3.919348,207.14999999999998,-66.0,3.078502339589856e-05,0.8992839774166752,994.553,0.8677804276366072,4.436515128732104e+16,38.33123067525238,257.5145400160848,188.14999999999998,True,916.8101,4441.203,3524.3929000000003,4.844190743535657,3524.3929000000003,205.8477,False,False,0.6374057113023163,4.734848,1890.916,0.5365224745515743,0.8837209302325582,0.0,4.827419744146754,-10.388482239624174
S8-3-33-1-1,300-140K 1K-min,S8-3-33,0.0641214250069669,4.418266666666667,0.12,3.919348,210.14999999999998,-63.0,6.212928677302433e-05,0.8997090119842233,492.8004,0.8677804276366072,4.436515128732104e+16,38.33123067525238,257.5145400160848,188.14999999999998,True,485.8416,2922.975,2437.1333999999997,6.016312724147129,2437.1333999999997,137.8932,False,False,0.6259818522859684,4.734848,1546.218,0.6344412661202705,0.9534883720930233,0.0,4.758505829169641,-9.68629307354535
S8-3-33-1-1,300-140K 1K-min,S8-3-33,0.0641214250069669,4.418266666666667,0.12,3.919348,213.14999999999998,-60.0,0.00010299438787675893,0.8997219466844675,297.2719,0.4743423333941634,18793599.8072998,16.749026934056836,257.5145400160848,188.14999999999998,True,292.2868,2277.829,1985.5422,7.793129898442215,1985.5422,103.1325,False,False,0.6201821883547309,4.734848,1358.414,0.6841526712451638,0.9302325581395349,0.0,4.691531785127845,-9.180836057852497
S8-3-33-1-1,300-140K 1K-min,S8-3-33,0.0641214250069669,4.418266666666667,0.12,3.919348,216.14999999999998,-57.0,0.0001627335305588331,0.8998269254274082,188.144,0.4743423333941634,18793599.8072998,16.749026934056836,257.5145400160848,188.14999999999998,True,189.8149,1930.325,1740.5101,10.169512509291948,1740.5101,81.92645,False,False,0.6175311210968171,4.734848,1230.325,0.7068761048844241,1.0,0.0,4.626416840157298,-8.723396476719119
S8-3-33-1-1,300-140K 1K-min,S8-3-33,0.0641214250069669,4.418266666666667,0.12,3.919348,219.14999999999998,-54.0,0.0002396251549517272,0.8999329491722401,127.7718,0.4743423333941634,18793599.8072998,16.749026934056836,257.5145400160848,188.14999999999998,True,133.2149,1691.731,1558.5161,12.699262620022235,1558.5161,67.35751,False,False,0.6151615651152614,4.734848,1133.332,0.72718658472633,1.0,0.0,4.56308464522017,-8.3364347099561
S8-3-33-1-1,300-140K 1K-min,S8-3-33,0.0641214250069669,4.418266666666667,0.12,3.919348,221.14999999999998,-52.0,0.00033339323071719315,0.89998823452581,91.83551,0.4743423333941634,18793599.8072998,16.749026934056836,257.5145400160848,188.14999999999998,True,95.8135,1484.77,1388.9565,15.496459267222258,1388.9565,56.93311,False,False,0.6115699447750884,4.734848,1052.79,0.7579719019278136,1.0,0.0,4.52181777074384,-8.006187891641368
S8-3-33-1-1,300-140K 1K-min,S8-3-33,0.0641214250069669,4.418266666666667,0.12,3.919348,224.14999999999998,-49.0,0.0004455474513614438,0.95,68.71846596788909,0.4743423333941634,18793599.8072998,16.749026934056836,257.5145400160848,188.14999999999998,True,71.02687,1289.835,1218.8081300000001,18.15981754510652,1218.8081300000001,49.22634,False,False,0.6060236549838789,4.734848,981.764,0.8055115287096084,1.0,0.0,4.461298237787196,-7.716206804129641
S8-3-33-1-1,300-140K 1K-min,S8-3-33,0.0641214250069669,4.418266666666667,0.12,3.919348,227.14999999999998,-46.0,0.000578189867601917,0.95,52.95377710517248,0.4743423333941634,18793599.8072998,16.749026934056836,257.5145400160848,188.14999999999998,True,54.45484,1112.613,1058.15816,20.431847747601502,1058.15816,43.21408,False,False,0.5992043164889453,4.734848,914.2095,0.8639630015233255,1.0,0.0,4.402377283733216,-7.455608252572385
S8-3-33-1-1,300-140K 1K-min,S8-3-33,0.0641214250069669,4.418266666666667,0.12,3.919348,230.14999999999998,-43.0,0.0007368992363186445,0.95,41.5488792286138,0.4743423333941634,18793599.8072998,16.749026934056836,257.5145400160848,188.14999999999998,True,42.7504,964.426,921.6756,22.55946143193982,921.6756,38.57977,False,False,0.5920821092945646,4.734848,852.5596,0.9250104917608745,1.0,0.0,4.344992396263307,-7.213059396535127
S8-3-33-1-1,300-140K 1K-min,S8-3-33,0.0641214250069669,4.418266666666667,0.12,3.919348,233.14999999999998,-40.0,0.0009208678738482089,0.8999992587894666,33.24835,0.4743423333941634,18793599.8072998,16.749026934056836,257.5145400160848,188.14999999999998,True,34.93433,850.2851,815.35077,24.33952790850719,815.35077,34.9078,False,False,0.5863930878076766,4.734848,793.967,0.973773533077057,1.0,0.0,4.2890842805061125,-6.990193991448457
S8-3-33-1-1,300-140K 1K-min,S8-3-33,0.0641214250069669,4.418266666666667,0.12,3.919348,235.14999999999998,-38.0,0.0011584390816139062,0.95,26.42982083339751,0.4743423333941634,18793599.8072998,16.749026934056836,257.5145400160848,188.14999999999998,True,28.1269,771.1394,743.0125,27.41643764510131,743.0125,32.43233,False,False,0.5837807573896807,4.734848,740.163,0.9961649366598798,1.0,0.0,4.25260472039124,-6.7606817993208566
S8-3-33-1-1,300-140K 1K-min,S8-3-33,0.0641214250069669,4.418266666666667,0.12,3.919348,238.14999999999998,-35.0,0.001658158314573932,0.95,18.46466474543373,0.4743423333941634,18793599.8072998,16.749026934056836,257.5145400160848,188.14999999999998,True,19.41346,716.78,697.36654,36.92180579865722,697.36654,29.1256,False,False,0.584015974822461,4.734848,693.2861,0.9941487872360482,1.0,0.0,4.199034222128911,-6.40204774155971
S8-3-33-1-1,300-140K 1K-min,S8-3-33,0.0641214250069669,4.418266666666667,0.12,3.919348,241.14999999999998,-32.0,0.0023930973487499676,0.95,12.794020848944585,0.4743423333941634,18793599.8072998,16.749026934056836,257.5145400160848,188.14999999999998,True,13.12935,676.0969,662.96755,51.49507782182667,662.96755,26.38669,False,False,0.5848303560760002,4.734848,654.4606,0.9871683764914271,1.0,0.0,4.146796599626788,-6.035166790252342
S8-3-33-1-1,300-140K 1K-min,S8-3-33,0.0641214250069669,4.418266666666667,0.12,3.919348,244.14999999999998,-29.0,0.0030568134788773807,0.95,10.016096037598395,0.4743423333941634,18793599.8072998,16.749026934056836,257.5145400160848,188.14999999999998,True,10.27455,654.5574,644.28285,63.70667328496139,644.28285,24.31934,False,False,0.5872499555125519,4.734848,622.6536,0.9664289527495555,1.0,0.0,4.095842719639566,-5.790382252368203
S8-3-33-1-1,300-140K 1K-min,S8-3-33,0.0641214250069669,4.418266666666667,0.12,3.919348,246.14999999999998,-27.0,0.0039126696242245945,0.95,7.825178283364209,0.4743423333941634,18793599.8072998,16.749026934056836,257.5145400160848,188.14999999999998,True,8.062982,660.8305,652.767518,81.9585731432862,652.767518,22.42355,False,False,0.5934645034426076,4.734848,596.0821,0.913161399063363,1.0,0.0,4.062563477554337,-5.543535369621241
S8-3-33-1-1,300-140K 1K-min,S8-3-33,0.0641214250069669,4.418266666666667,0.12,3.919348,249.14999999999998,-24.0,0.004925431953648416,0.95,6.216173050727441,0.4743423333941634,18793599.8072998,16.749026934056836,257.5145400160848,188.14999999999998,True,6.41226,692.5846,686.1723400000001,108.0094381700056,686.1723400000001,20.59395,False,False,0.6025758528826739,4.734848,572.9979,0.8350641181485092,1.0,0.0,4.013646397752359,-5.313343301879508
S8-3-33-1-1,300-140K 1K-min,S8-3-33,0.0641214250069669,4.418266666666667,0.12,3.919348,252.14999999999998,-21.0,0.006265395971399341,0.95,4.886736211601784,0.4743423333941634,18793599.8072998,16.749026934056836,257.5145400160848,188.14999999999998,True,5.053786,740.0748,735.021014,146.43967908415593,735.021014,18.67999,False,False,0.6128326826313024,4.734848,549.1698,0.7471484345888364,1.0,0.0,3.9658933174697606,-5.072713488896446
S8-3-33-1-1,300-140K 1K-min,S8-3-33,0.0641214250069669,4.418266666666667,0.12,3.919348,255.14999999999998,-18.0,0.007717121344982572,0.95,3.967455739615591,0.4743423333941634,18793599.8072998,16.749026934056836,257.5145400160848,188.14999999999998,True,4.147875,775.8085,771.660625,187.03757948347044,771.660625,17.03039,False,False,0.6203251191761492,4.734848,526.9883,0.6829275499187214,1.0,0.0,3.919263178522438,-4.864313867257799
S8-3-33-1-1,300-140K 1K-min,S8-3-33,0.0641214250069669,4.418266666666667,0.12,3.919348,258.15,-15.0,0.008887712252655734,0.95,3.4449064622127414,0.11294305120778184,1.5876324719227777,0.46224389518370224,257.5145400160848,188.14999999999998,True,3.727669,801.7171,797.989431,215.07196588538304,797.989431,16.83569,False,False,0.6255829763823861,4.734848,509.0057,0.6378602024366904,1.0,0.0,3.873716831299632,-4.7230856019825955
S8-3-33-1-1,300-140K 1K-min,S8-3-33,0.0641214250069669,4.418266666666667,0.12,3.919348,261.15,-12.0,0.009501118096383602,0.95,3.222498348390695,0.11294305120778184,1.5876324719227777,0.46224389518370224,257.5145400160848,188.14999999999998,True,3.346997,801.8241,798.477103,239.56522817319527,798.477103,16.34115,False,False,0.6254606615814255,4.734848,510.1539,0.6389086150163523,1.0,0.0,3.8292169251388093,-4.656345792944911
S8-3-33-1-1,300-140K 1K-min,S8-3-33,0.0641214250069669,4.418266666666667,0.12,3.919348,263.15,-10.0,0.010170131488842748,0.95,3.010515390784296,0.11294305120778184,1.5876324719227777,0.46224389518370224,257.5145400160848,188.14999999999998,True,3.043358,819.2404,816.197042,269.18962540719826,816.197042,15.88486,False,False,0.6283030277550716,4.734848,501.5902,0.6145454763850998,1.0,0.0,3.800114003420103,-4.588300139915499
S8-3-33-1-1,300-140K 1K-min,S8-3-33,0.0641214250069669,4.418266666666667,0.12,3.919348,266.15,-7.0,0.011334849139816807,0.95,2.7011684933599334,0.11294305120778184,1.5876324719227777,0.46224389518370224,257.5145400160848,188.14999999999998,True,2.630744,836.9824,834.3516559999999,318.1542559823381,834.3516559999999,15.5146,False,False,0.6310527027147572,4.734848,493.0825,0.5909768338735093,1.0,0.0,3.7572797294758598,-4.479873304346608
S8-3-33-1-1,300-140K 1K-min,S8-3-33,0.0641214250069669,4.418266666666667,0.12,3.919348,269.15,-4.0,0.013067399752822235,0.95,2.3430321221211976,0.11294305120778184,1.5876324719227777,0.46224389518370224,257.5145400160848,188.14999999999998,True,2.21414,854.6844,852.4702599999999,386.01190529957455,852.4702599999999,15.20772,False,False,0.6337454051867256,4.734848,484.1149,0.5678965269709226,1.0,0.0,3.7154003343860302,-4.33763471889526
S8-3-33-1-1,300-140K 1K-min,S8-3-33,0.0641214250069669,4.418266666666667,0.12,3.919348,272.15,-1.0,0.014194918717088011,0.95,2.156922345501252,0.11294305120778184,1.5876324719227777,0.46224389518370224,257.5145400160848,188.14999999999998,True,2.047805,871.4338,869.385995,425.5453033858205,869.385995,14.93205,False,False,0.6362262942058704,4.734848,475.234,0.546631763949682,1.0,0.0,3.6744442403086537,-4.254871215238584
S8-3-33-1-1,300-140K 1K-min,S8-3-33,0.0641214250069669,4.418266666666667,0.12,3.919348,274.15,1.0,0.014764112462939114,0.95,2.073767552930578,0.11294305120778184,1.5876324719227777,0.46224389518370224,257.5145400160848,188.14999999999998,True,1.970035,887.9622,885.992165,450.73422553406414,885.992165,14.66681,False,False,0.638645932231993,4.734848,465.9362,0.5258920094400603,1.0,0.0,3.647638154295094,-4.215555876467407
S8-3-33-1-1,300-140K 1K-min,S8-3-33,0.0641214250069669,4.418266666666667,0.12,3.919348,277.15,4.0,0.015298757538579785,0.95,2.0012956801394846,0.11294305120778184,1.5876324719227777,0.46224389518370224,257.5145400160848,188.14999999999998,True,1.902055,903.454,901.5519449999999,474.98836784425265,901.5519449999999,14.41026,False,False,0.6408853973466831,4.734848,456.8133,0.5066965941712871,1.0,0.0,3.608154429009562,-4.179983660509956
S8-3-33-1-1,300-140K 1K-min,S8-3-33,0.0641214250069669,4.418266666666667,0.12,3.919348,280.15,7.0,0.015805160669367112,0.95,1.9371734342949334,0.11294305120778184,1.5876324719227777,0.46224389518370224,257.5145400160848,188.14999999999998,True,1.84407,919.5404,917.69633,498.64723139577126,917.69633,14.15705,False,False,0.6433103377453847,4.734848,445.9191,0.48591139075384504,1.0,0.0,3.5695163305372124,-4.147418767635944
S8-3-33-1-1,300-140K 1K-min,S8-3-33,0.0641214250069669,4.418266666666667,0.12,3.919348,282.15,9.0,0.01625960907868612,0.95,1.8830303499483132,0.11294305120778184,1.5876324719227777,0.46224389518370224,257.5145400160848,188.14999999999998,True,1.791589,941.5771,939.7855109999999,525.5541868140516,939.7855109999999,13.90858,False,False,0.6476811948849039,4.734848,421.4439,0.4484469009865375,1.0,0.0,3.5442140705298604,-4.119071217052706
S8-3-33-1-1,300-140K 1K-min,S8-3-33,0.0641214250069669,4.418266666666667,0.12,3.919348,285.15,12.0,0.016712640326015004,0.95,1.831986854034186,0.11294305120778184,1.5876324719227777,0.46224389518370224,257.5145400160848,188.14999999999998,True,1.746446,922.8113,921.064854,528.3938352517055,921.064854,13.64287,False,False,0.6457092971073963,4.734848,428.6165,0.46534888193660195,1.0,0.0,3.506926179203928,-4.09158994011872
S8-3-33-1-1,300-140K 1K-min,S8-3-33,0.0641214250069669,4.418266666666667,0.12,3.919348,288.15,15.0,0.017055367069586422,0.95,1.795173170330572,0.11294305120778184,1.5876324719227777,0.46224389518370224,257.5145400160848,188.14999999999998,True,1.710893,925.0693,923.3584069999999,540.6938364935738,923.3584069999999,13.38006,False,False,0.647233954554045,4.734848,417.6169,0.45228038953675714,1.0,0.0,3.47041471455839,-4.071290340646778
S8-3-33-1-1,300-140K 1K-min,S8-3-33,0.0641214250069669,4.418266666666667,0.12,3.919348,291.15,18.0,0.017322421280709197,0.95,1.7674975615307051,0.11294305120778184,1.5876324719227777,0.46224389518370224,257.5145400160848,188.14999999999998,True,1.686597,916.3274,914.640803,543.2995552583101,914.640803,13.11848,False,False,0.6479664623417564,4.734848,407.9314,0.4460017513563732,1.0,0.0,3.4346556757685045,-4.055753588810821
S8-3-33-1-1,300-140K 1K-min,S8-3-33,0.0641214250069669,4.418266666666667,0.12,3.919348,294.15,21.0,0.017538481608429687,0.95,1.745723378855396,0.11294305120778184,1.5876324719227777,0.46224389518370224,257.5145400160848,188.14999999999998,True,1.665296,900.5994,898.9341039999999,540.804397536534,898.9341039999999,12.84282,False,False,0.6485909258594555,4.734848,396.1146,0.44064920691895293,1.0,0.0,3.3996260411354755,-4.043357863149598
S8-3-33-1-1,300-140K 1K-min,S8-3-33,0.0641214250069669,4.418266666666667,0.12,3.919348,297.15,24.0,0.017742070597564906,0.95,1.725691328139756,0.11294305120778184,1.5876324719227777,0.46224389518370224,257.5145400160848,188.14999999999998,True,1.649062,872.454,870.804938,529.0607630277091,870.804938,12.53799,False,False,0.6483057459802017,4.734848,385.8481,0.4430936058839845,1.0,0.0,3.365303718660609,-4.031816589770652
S8-3-33-1-1,300-140K 1K-min,S8-3-33,0.0641214250069669,4.418266666666667,0.12,3.919348,299.15,26.0,0.017843494427789174,0.95,1.7158823624692114,0.11294305120778184,1.5876324719227777,0.46224389518370224,257.5145400160848,188.14999999999998,True,1.645835,820.5569,818.911065,498.5657128448478,818.911065,12.21435,False,False,0.6475111236081947,4.734848,368.4319,0.44990465478690234,1.0,0.0,3.342804613070366,-4.0261162950143214
S8-3-35-1-1,300-140K 1K-min,S8-3-35,0.2996777658431794,4.0,0.12,3.919348,212.14999999999998,-61.0,3.866772101586625e-07,0.7035713105519596,79180.61,1.53692138704735,1.2587643823392874e+30,69.30768338069693,246.84297377756602,212.14999999999998,True,4973.446,87165.53,82192.084,17.526184058296803,82192.084,4361.523,True,True,0.9748543789204809,18984.38,17715.18,0.2155338949673061,1.0,0.7307692307692307,4.713646005185011,-14.765675574234153
S8-3-35-1-1,300-140K 1K-min,S8-3-35,0.2996777658431794,4.0,0.12,3.919348,216.14999999999998,-57.0,1.8324770081619411e-06,0.8988150050392171,16708.17,1.53692138704735,1.2587643823392874e+30,69.30768338069693,246.84297377756602,212.14999999999998,True,6156.441,25397.12,19240.679,4.125292518843273,19240.679,984.071,False,False,0.6717794023152556,4.734848,3311.771,0.17212339543734398,0.4883720930232558,0.0,4.626416840157298,-13.20984194996994
S8-3-35-1-1,300-140K 1K-min,S8-3-35,0.2996777658431794,4.0,0.12,3.919348,221.14999999999998,-52.0,4.986953693926072e-06,0.8995610810084512,6139.487,0.7321651258475244,276041227716.55475,26.343816067292728,246.84297377756602,212.14999999999998,True,3884.339,10955.82,7071.481,2.820510774162605,7071.481,364.1545,False,False,0.653643934936213,4.734848,2809.766,0.3973377005467454,0.5581395348837209,0.0,4.52181777074384,-12.20868531680011
S8-3-35-1-1,300-140K 1K-min,S8-3-35,0.2996777658431794,4.0,0.12,3.919348,226.14999999999998,-47.0,1.2159404879910916e-05,0.95,2517.996372013678,0.7321651258475244,276041227716.55475,26.343816067292728,246.84297377756602,212.14999999999998,True,1872.799,5425.813,3553.014,2.8971678220673978,3553.014,132.8582,False,False,0.6219173073902889,4.734848,2377.962,0.6692802223689519,0.627906976744186,0.0,4.421843908910016,-11.317407623420692
S8-3-35-1-1,300-140K 1K-min,S8-3-35,0.2996777658431794,4.0,0.12,3.919348,229.14999999999998,-44.0,2.60483965260065e-05,0.8998523480681646,1175.402,0.7321651258475244,276041227716.55475,26.343816067292728,246.84297377756602,212.14999999999998,True,1064.455,3282.896,2218.4410000000003,3.084109708724183,2218.4410000000003,62.63357,False,False,0.5910118712495247,4.734848,2072.432,0.9341839607183597,0.6744186046511628,0.0,4.3639537420903345,-10.55555434536357
S8-3-35-1-1,300-140K 1K-min,S8-3-35,0.2996777658431794,4.0,0.12,3.919348,233.14999999999998,-40.0,4.4278722460001205e-05,0.8999304466479633,691.4684,0.7321651258475244,276041227716.55475,26.343816067292728,246.84297377756602,212.14999999999998,True,639.1246,2207.557,1568.4323999999997,3.454032281029395,1568.4323999999997,46.41964,False,False,0.5624651594802555,4.734848,1848.978,1.178870061597809,0.7209302325581395,0.0,4.2890842805061125,-10.0250063019402
S8-3-35-1-1,300-140K 1K-min,S8-3-35,0.2996777658431794,4.0,0.12,3.919348,236.14999999999998,-37.0,7.36591459161596e-05,0.8999809222420181,415.6624,0.7321651258475244,276041227716.55475,26.343816067292728,246.84297377756602,212.14999999999998,True,412.0021,1662.779,1250.7769,4.035850788139187,1250.7769,43.16952,False,False,0.541475352905329,4.734848,1699.534,1.3587826893828938,0.813953488372093,0.0,4.2345966546686435,-9.51606224196218
S8-3-35-1-1,300-140K 1K-min,S8-3-35,0.2996777658431794,4.0,0.12,3.919348,239.14999999999998,-34.0,0.00010709492987491714,0.8999559618878042,285.8897,0.7321651258475244,276041227716.55475,26.343816067292728,246.84297377756602,212.14999999999998,True,271.3237,1341.402,1070.0783000000001,4.943917542035584,1070.0783000000001,40.69703,False,False,0.52637574278443,4.734848,1592.499,1.4882079189905995,0.7906976744186046,0.0,4.181476061049551,-9.14179492173463
S8-3-35-1-1,300-140K 1K-min,S8-3-35,0.2996777658431794,4.0,0.12,3.919348,242.14999999999998,-31.0,0.00015384645759815397,0.8999723414278634,199.0123,0.7321651258475244,276041227716.55475,26.343816067292728,246.84297377756602,212.14999999999998,True,193.3189,1145.367,952.0481,5.924754382525453,952.0481,38.43425,False,False,0.5139861140769395,4.734848,1517.95,1.5944047364833756,0.8372093023255814,0.0,4.129671691100558,-8.779555481497678
S8-3-35-1-1,300-140K 1K-min,S8-3-35,0.2996777658431794,4.0,0.12,3.919348,245.14999999999998,-28.0,0.00020724414002759722,0.8999829905357444,147.7356,0.7321651258475244,276041227716.55475,26.343816067292728,246.84297377756602,212.14999999999998,True,145.0288,1034.978,889.9492,7.1363618812263505,889.9492,36.7246,False,False,0.507610404429077,4.734848,1467.574,1.6490536763221972,0.9069767441860465,0.0,4.079135223332654,-8.48161303924561
S8-3-35-1-1,300-140K 1K-min,S8-3-35,0.2996777658431794,4.0,0.12,3.919348,248.14999999999998,-25.0,0.0002806041763372162,0.95,109.11219417014912,0.3523678426352971,4855.9121958272835,8.487952250991693,246.84297377756602,212.14999999999998,True,110.9792,959.277,848.2978,8.64375486577665,848.2978,35.19241,False,False,0.5040472147084827,4.734848,1424.797,1.6795953024987194,1.0,0.0,4.029820672980053,-8.178565506810036
S8-3-35-1-1,300-140K 1K-min,S8-3-35,0.2996777658431794,4.0,0.12,3.919348,250.14999999999998,-23.0,0.0003515349146750431,0.95,87.09614918837747,0.3523678426352971,4855.9121958272835,8.487952250991693,246.84297377756602,212.14999999999998,True,86.59846,905.7349,819.13644,10.459018555295325,819.13644,33.81353,False,False,0.5021466362795436,4.734848,1389.162,1.6958859747467692,1.0,0.0,3.9976014391365187,-7.9532015211342895
S8-3-35-1-1,300-140K 1K-min,S8-3-35,0.2996777658431794,4.0,0.12,3.919348,253.14999999999998,-20.0,0.00044241543210967696,0.95,69.20494890393178,0.3523678426352971,4855.9121958272835,8.487952250991693,246.84297377756602,212.14999999999998,True,68.61,868.4003,799.7903,12.657051450225914,799.7903,32.5481,False,False,0.5018964887837893,4.734848,1358.068,1.6980300961389483,1.0,0.0,3.950227138060439,-7.7232612256573105
S8-3-35-1-1,300-140K 1K-min,S8-3-35,0.2996777658431794,4.0,0.12,3.919348,256.15,-17.0,0.0005532959299144956,0.95,55.33627796284818,0.3523678426352971,4855.9121958272835,8.487952250991693,246.84297377756602,212.14999999999998,True,54.74828,842.5706,787.82232,15.389900833414309,787.82232,31.35491,False,False,0.5034097967673729,4.734848,1327.527,1.6850588848510897,1.0,0.0,3.9039625219597895,-7.499617564106612
S8-3-35-1-1,300-140K 1K-min,S8-3-35,0.2996777658431794,4.0,0.12,3.919348,259.15,-14.0,0.0006794264801275852,0.95,45.06350321776046,0.3523678426352971,4855.9121958272835,8.487952250991693,246.84297377756602,212.14999999999998,True,44.57404,825.1512,780.57716,18.51192308348088,780.57716,30.27965,False,False,0.5054552565523014,4.734848,1301.633,1.6675263724088445,1.0,0.0,3.858769052672198,-7.294261527242858
S8-3-35-1-1,300-140K 1K-min,S8-3-35,0.2996777658431794,4.0,0.12,3.919348,261.15,-12.0,0.0008243823087268794,0.95,37.139731225848905,0.3523678426352971,4855.9121958272835,8.487952250991693,246.84297377756602,212.14999999999998,True,36.74389,815.8195,779.07561,22.202861482548524,779.07561,29.29289,False,False,0.5088879974050274,4.734848,1276.206,1.6381028793854786,1.0,0.0,3.8292169251388093,-7.100876168752612
S8-3-35-1-1,300-140K 1K-min,S8-3-35,0.2996777658431794,4.0,0.12,3.919348,264.15,-9.0,0.0009902181130649508,0.95,30.91979127577606,0.3523678426352971,4855.9121958272835,8.487952250991693,246.84297377756602,212.14999999999998,True,30.63612,813.0557,782.41958,26.539121141972288,782.41958,28.38877,False,False,0.513070501124218,4.734848,1253.634,1.6022528475067026,1.0,0.0,3.7857278061707365,-6.917585322874471
S8-3-35-1-1,300-140K 1K-min,S8-3-35,0.2996777658431794,4.0,0.12,3.919348,267.15,-6.0,0.0011760044949951224,0.95,26.035051314653423,0.3523678426352971,4855.9121958272835,8.487952250991693,246.84297377756602,212.14999999999998,True,25.79264,816.2459,790.45326,31.64646581350339,790.45326,27.55672,False,False,0.518135652110959,4.734848,1232.188,1.5588372676203506,1.0,0.0,3.7432154220475393,-6.745632607238242
S8-3-35-1-1,300-140K 1K-min,S8-3-35,0.2996777658431794,4.0,0.12,3.919348,270.15,-3.0,0.0013859717916496943,0.95,22.09088060660881,0.3523678426352971,4855.9121958272835,8.487952250991693,246.84297377756602,212.14999999999998,True,21.88204,824.7184,802.83636,37.689283083295706,802.83636,26.82224,False,False,0.5240576904945695,4.734848,1210.739,1.508076938617975,1.0,0.0,3.7016472330186936,-6.581353730766636
S8-3-35-1-1,300-140K 1K-min,S8-3-35,0.2996777658431794,4.0,0.12,3.919348,273.15,-0.0,0.0016159974288491462,0.95,18.94640228188088,0.3523678426352971,4855.9121958272835,8.487952250991693,246.84297377756602,212.14999999999998,True,18.77091,837.7655,818.99459,44.631054115117486,818.99459,26.13556,False,False,0.5302456023142557,4.734848,1191.668,1.4550376944492374,1.0,0.0,3.660992128866923,-6.427802909943196
S8-3-35-1-1,300-140K 1K-min,S8-3-35,0.2996777658431794,4.0,0.12,3.919348,274.15,1.0,0.0018656825104177292,0.95,16.410797229698975,0.3523678426352971,4855.9121958272835,8.487952250991693,246.84297377756602,212.14999999999998,True,16.25698,856.2643,840.00732,52.67056365942506,840.00732,25.51155,False,False,0.5371555857394197,4.734848,1172.49,1.3958092650906881,1.0,0.0,3.647638154295094,-6.284128335503868
S8-3-35-1-1,300-140K 1K-min,S8-3-35,0.2996777658431794,4.0,0.12,3.919348,277.15,4.0,0.0021373912196347477,0.95,14.324629526031831,0.3523678426352971,4855.9121958272835,8.487952250991693,246.84297377756602,212.14999999999998,True,14.19475,878.4455,864.25075,61.88523926099438,864.25075,24.95256,False,False,0.5440891913216932,4.734848,1154.966,1.3363783600997725,1.0,0.0,3.608154429009562,-6.148169249847318
S8-3-35-1-1,300-140K 1K-min,S8-3-35,0.2996777658431794,4.0,0.12,3.919348,280.15,7.0,0.0024280978667556748,0.95,12.609597740131758,0.3523678426352971,4855.9121958272835,8.487952250991693,246.84297377756602,212.14999999999998,True,12.49942,904.8068,892.30738,72.38790279868985,892.30738,24.45015,False,False,0.5513120930741753,4.734848,1137.217,1.2744677736499264,1.0,0.0,3.5695163305372124,-6.020647099037215
S8-3-35-1-1,300-140K 1K-min,S8-3-35,0.2996777658431794,4.0,0.12,3.919348,283.15,10.0,0.002740623131283386,0.95,11.171670057066013,0.3523678426352971,4855.9121958272835,8.487952250991693,246.84297377756602,212.14999999999998,True,11.07851,934.8136,923.7350899999999,84.38080572206913,923.7350899999999,23.9967,False,False,0.5583266803617186,4.734848,1121.731,1.2143427397566968,1.0,0.0,3.531696980399082,-5.899569964261788
S8-3-35-1-1,300-140K 1K-min,S8-3-35,0.2996777658431794,4.0,0.12,3.919348,286.15,13.0,0.003068794778149811,0.95,9.976990834141217,0.3523678426352971,4855.9121958272835,8.487952250991693,246.84297377756602,212.14999999999998,True,9.89867,968.388,958.48933,97.83011253026923,958.48933,23.57996,False,False,0.5654177506597806,4.734848,1105.677,1.1535621372018807,1.0,0.0,3.494670627293378,-5.786470374870121
S8-3-35-1-1,300-140K 1K-min,S8-3-35,0.2996777658431794,4.0,0.12,3.919348,288.15,15.0,0.003407515046764403,0.95,8.985239082813063,0.3523678426352971,4855.9121958272835,8.487952250991693,246.84297377756602,212.14999999999998,True,8.916213,1003.698,994.781787,112.56998907495816,994.781787,23.21546,False,False,0.5721125560775874,4.734848,1090.458,1.0961780907635363,1.0,0.0,3.47041471455839,-5.681771978625081
S8-3-35-1-1,300-140K 1K-min,S8-3-35,0.2996777658431794,4.0,0.12,3.919348,291.15,18.0,0.0037615706272300414,0.95,8.139508840222733,0.3523678426352971,4855.9121958272835,8.487952250991693,246.84297377756602,212.14999999999998,True,8.083392,1039.712,1031.628608,128.62323143551617,1031.628608,22.87665,False,False,0.5782921983489625,4.734848,1076.205,1.043209728437464,1.0,0.0,3.4346556757685045,-5.582918688793058
S8-3-35-1-1,300-140K 1K-min,S8-3-35,0.2996777658431794,4.0,0.12,3.919348,294.15,21.0,0.004122453532072924,0.95,7.426969676008829,0.3523678426352971,4855.9121958272835,8.487952250991693,246.84297377756602,212.14999999999998,True,7.377325,1075.569,1068.191675,145.793902261321,1068.191675,22.56722,False,False,0.5839681870141269,4.734848,1062.379,0.9945583970217695,1.0,0.0,3.3996260411354755,-5.491306775377449
S8-3-35-1-1,300-140K 1K-min,S8-3-35,0.2996777658431794,4.0,0.12,3.919348,297.15,24.0,0.004468646279074192,0.95,6.851591166845354,0.3523678426352971,4855.9121958272835,8.487952250991693,246.84297377756602,212.14999999999998,True,6.815085,1108.633,1101.817915,162.67339292173173,1101.817915,22.29361,False,False,0.5889263083607301,4.734848,1048.997,0.9520602140508844,1.0,0.0,3.365303718660609,-5.410669762068423
S8-3-35-1-1,300-140K 1K-min,S8-3-35,0.2996777658431794,4.0,0.12,3.919348,299.15,26.0,0.004692668181542251,0.95,6.5245050766403585,0.3523678426352971,4855.9121958272835,8.487952250991693,246.84297377756602,212.14999999999998,True,6.511514,1133.206,1126.6944859999999,174.0311085870352,1126.6944859999999,22.10878,False,False,0.5924395789282905,4.734848,1038.752,0.9219464663289381,1.0,0.0,3.342804613070366,-5.361753949646718
S8-3-37-1-1,300-140K 1K-min,S8-3-37,0.2996777658431794,4.888888888888889,0.12,3.919348,233.14999999999998,-40.0,5.867723901969652e-05,0.8999580295359967,521.7924,0.3641122034017601,5275.466103354848,8.570822315266243,296.03441772690365,,True,527.2825,166379.1,165851.8175,315.540720581472,165851.8175,4525.89,False,False,0.6463761207601277,4.734848,76231.01,0.4596332506274765,1.0,0.0,4.2890842805061125,-9.743458657267196
S8-3-37-1-1,300-140K 1K-min,S8-3-37,0.2996777658431794,4.888888888888889,0.12,3.919348,236.14999999999998,-37.0,8.770008823321974e-05,0.8999637025858144,349.1141,0.3641122034017601,5275.466103354848,8.570822315266243,296.03441772690365,,True,379.8823,136452.0,136072.1177,359.19546659583773,136072.1177,4091.456,False,False,0.646554663147815,4.734848,62335.03,0.45810288730444293,0.9767441860465116,0.0,4.2345966546686435,-9.3415876525066
S8-3-37-1-1,300-140K 1K-min,S8-3-37,0.2996777658431794,4.888888888888889,0.12,3.919348,239.14999999999998,-34.0,0.00011533291761703842,0.8999632706487903,265.4692,0.3641122034017601,5275.466103354848,8.570822315266243,296.03441772690365,,True,282.8786,112741.6,112458.72140000001,398.5511806124606,112458.72140000001,3724.558,False,False,0.6469543542222773,4.734848,51132.39,0.4546769638090514,1.0,0.0,4.181476061049551,-9.067687676057702
S8-3-37-1-1,300-140K 1K-min,S8-3-37,0.2996777658431794,4.888888888888889,0.12,3.919348,242.14999999999998,-31.0,0.00014843251126047758,0.8999715327093193,206.2711,0.3641122034017601,5275.466103354848,8.570822315266243,296.03441772690365,,True,218.66,95249.0,95030.34,435.60321961035396,95030.34,3436.293,False,False,0.6475283998773445,4.734848,42740.52,0.4497565724799048,1.0,0.0,4.129671691100558,-8.815380172650555
S8-3-37-1-1,300-140K 1K-min,S8-3-37,0.2996777658431794,4.888888888888889,0.12,3.919348,245.14999999999998,-28.0,0.0001849669415241049,0.8999737337927267,165.5287,0.3641122034017601,5275.466103354848,8.570822315266243,296.03441772690365,,True,176.6467,82862.41,82685.7633,469.0855249489518,82685.7633,3212.22,False,False,0.6479817787044202,4.734848,36867.14,0.4458704682478271,1.0,0.0,4.079135223332654,-8.595333443318005
S8-3-37-1-1,300-140K 1K-min,S8-3-37,0.2996777658431794,4.888888888888889,0.12,3.919348,248.14999999999998,-25.0,0.00022597088377991013,0.8999746445526845,135.4924,0.3641122034017601,5275.466103354848,8.570822315266243,296.03441772690365,,True,145.3458,72918.36,72773.0142,501.6888000891667,72773.0142,3014.51,False,False,0.6483110480624652,4.734848,32241.95,0.4430481594645835,1.0,0.0,4.029820672980053,-8.395104399823907
S8-3-37-1-1,300-140K 1K-min,S8-3-37,0.2996777658431794,4.888888888888889,0.12,3.919348,251.14999999999998,-22.0,0.00027308088582818043,0.8999750328743942,112.1182,0.3641122034017601,5275.466103354848,8.570822315266243,296.03441772690365,,True,121.3016,64798.38,64677.0784,534.1922942483858,64677.0784,2836.321,False,False,0.648552780743211,4.734848,28521.05,0.4409761650581916,1.0,0.0,3.981684252438782,-8.205742521578163
S8-3-37-1-1,300-140K 1K-min,S8-3-37,0.2996777658431794,4.888888888888889,0.12,3.919348,253.14999999999998,-20.0,0.0003245269637148054,0.8999749773947527,94.34451,0.3641122034017601,5275.466103354848,8.570822315266243,296.03441772690365,,True,102.8427,58166.15,58063.3073,565.5836534824543,58063.3073,2671.2,False,False,0.6487823726959258,4.734848,25490.27,0.4390082340349221,1.0,0.0,3.950227138060439,-8.033141932160289
S8-3-37-1-1,300-140K 1K-min,S8-3-37,0.2996777658431794,4.888888888888889,0.12,3.919348,256.15,-17.0,0.0003811985937685803,0.8999750619664538,80.3186,0.3641122034017601,5275.466103354848,8.570822315266243,296.03441772690365,,True,88.29768,52539.66,52451.36232,595.0287708578527,52451.36232,2524.462,False,False,0.6490008861222654,4.734848,22928.34,0.4371352618091541,1.0,0.0,3.9039625219597895,-7.872190075150685
S8-3-37-1-1,300-140K 1K-min,S8-3-37,0.2996777658431794,4.888888888888889,0.12,3.919348,259.15,-14.0,0.00043966820363062386,0.899974067637302,69.63737,0.3641122034017601,5275.466103354848,8.570822315266243,296.03441772690365,,True,77.07252,47983.92,47906.84748,622.5814336938769,47906.84748,2390.754,False,False,0.6492395006577043,4.734848,20843.79,0.43508999436253454,1.0,0.0,3.858769052672198,-7.729490198172982
S8-3-37-1-1,300-140K 1K-min,S8-3-37,0.2996777658431794,4.888888888888889,0.12,3.919348,262.15,-11.0,0.0005033100589469926,0.8999739817357852,60.83196,0.3641122034017601,5275.466103354848,8.570822315266243,296.03441772690365,,True,68.1306,44186.12,44117.989400000006,648.5502843069047,44117.989400000006,2270.563,False,False,0.6495993162069771,4.734848,19059.23,0.43200586108305283,1.0,0.0,3.814609956131986,-7.594304158395203
S8-3-37-1-1,300-140K 1K-min,S8-3-37,0.2996777658431794,4.888888888888889,0.12,3.919348,264.15,-9.0,0.0005669162347019032,0.8999732676718474,54.00681,0.3641122034017601,5275.466103354848,8.570822315266243,296.03441772690365,,True,60.81662,41083.35,41022.53338,675.528334195488,41022.53338,2164.802,False,False,0.6501568894410716,4.734848,17525.92,0.4272266619336711,1.0,0.0,3.7857278061707365,-7.475298999362106
S8-3-37-1-1,300-140K 1K-min,S8-3-37,0.2996777658431794,4.888888888888889,0.12,3.919348,267.15,-6.0,0.000633696226829602,0.8999723207279423,48.31548,0.3641122034017601,5275.466103354848,8.570822315266243,296.03441772690365,,True,54.91801,38549.47,38494.55199,701.9458643894781,38494.55199,2070.737,False,False,0.6507878846381832,4.734848,16237.7,0.4218181316727152,1.0,0.0,3.7432154220475393,-7.363940855842837
S8-3-37-1-1,300-140K 1K-min,S8-3-37,0.2996777658431794,4.888888888888889,0.12,3.919348,270.15,-3.0,0.0007007253062898449,0.8999708975885826,43.69378,0.04782411844935631,0.006179456338739992,-5.086524982459891,296.03441772690365,,True,50.14751,36239.4,36189.25249,722.6560202091789,36189.25249,1985.54,False,False,0.6513305872467701,4.734848,15096.94,0.41716639502768577,1.0,0.0,3.7016472330186936,-7.2633946075130345
S8-3-37-1-1,300-140K 1K-min,S8-3-37,0.2996777658431794,4.888888888888889,0.12,3.919348,273.15,-0.0,0.0007628766532332163,0.8999699121048781,40.13406,0.04782411844935631,0.006179456338739992,-5.086524982459891,296.03441772690365,,True,46.22929,34245.41,34199.18071,740.7730034357007,34199.18071,1909.543,False,False,0.6520011259747319,4.734848,14070.19,0.41141892021658316,1.0,0.0,3.660992128866923,-7.178414199993044
S8-3-37-1-1,300-140K 1K-min,S8-3-37,0.2996777658431794,4.888888888888889,0.12,3.919348,274.15,1.0,0.0008249731934078612,0.8999684050868415,37.11313,0.04782411844935631,0.006179456338739992,-5.086524982459891,296.03441772690365,,True,43.27804,32462.38,32419.10196,750.0889596663806,32419.10196,1847.904,False,False,0.6526657050763865,4.734848,13153.16,0.40572252791668634,1.0,0.0,3.647638154295094,-7.100159664996453
S8-3-37-1-1,300-140K 1K-min,S8-3-37,0.2996777658431794,4.888888888888889,0.12,3.919348,277.15,4.0,0.0008747058431106666,0.8999655724397859,35.00301,0.04782411844935631,0.006179456338739992,-5.086524982459891,296.03441772690365,,True,41.08121,30916.55,30875.46879,752.5715527853245,30875.46879,1796.599,False,False,0.6532445263751194,4.734848,12373.69,0.4007612024989759,1.0,0.0,3.608154429009562,-7.0416229074296846
S8-3-37-1-1,300-140K 1K-min,S8-3-37,0.2996777658431794,4.888888888888889,0.12,3.919348,280.15,7.0,0.0009306269260731969,0.8999579804021649,32.89969,0.04782411844935631,0.006179456338739992,-5.086524982459891,296.03441772690365,,True,39.40061,29639.23,29599.82939,752.2530742544341,29599.82939,1766.249,False,False,0.653937645539472,4.734848,11686.61,0.39482018109023975,1.0,0.0,3.5695163305372124,-6.979652084872591
S8-3-37-1-1,300-140K 1K-min,S8-3-37,0.2996777658431794,4.888888888888889,0.12,3.919348,283.15,10.0,0.0009528129057769414,0.8999541109394533,32.13363,0.04782411844935631,0.006179456338739992,-5.086524982459891,296.03441772690365,,True,38.86432,28460.0,28421.13568,732.2912120937663,28421.13568,1782.503,False,False,0.6546404004453444,4.734848,11050.04,0.3887965676113334,1.0,0.0,3.531696980399082,-6.956091994908976
S8-3-37-1-1,300-140K 1K-min,S8-3-37,0.2996777658431794,4.888888888888889,0.12,3.919348,285.15,12.0,0.0009677414854088461,0.8999497621461213,31.63793,0.04782411844935631,0.006179456338739992,-5.086524982459891,296.03441772690365,,True,38.4241,27695.25,27656.8259,720.7781054078039,27656.8259,1777.959,False,False,0.6556276207868572,4.734848,10518.85,0.3803346789697946,1.0,0.0,3.506926179203928,-6.940545566882761
S8-3-37-1-1,300-140K 1K-min,S8-3-37,0.2996777658431794,4.888888888888889,0.12,3.919348,288.15,15.0,0.0009555039527493443,0.8999431452012068,32.04313,0.04782411844935631,0.006179456338739992,-5.086524982459891,296.03441772690365,,True,39.15431,26767.98,26728.825689999998,683.6534726317485,26728.825689999998,1786.74,False,False,0.6562799847542922,4.734848,10016.44,0.37474298782035276,1.0,0.0,3.47041471455839,-6.953271657453838
S8-3-37-1-1,300-140K 1K-min,S8-3-37,0.2996777658431794,4.888888888888889,0.12,3.919348,291.15,18.0,0.0008945441028862248,0.8999399598316422,34.22675,0.04782411844935631,0.006179456338739992,-5.086524982459891,296.03441772690365,,True,41.53629,25983.8,25942.26371,625.5686292637113,25942.26371,1818.39,False,False,0.6569414342883237,4.734848,9574.6,0.36907342038579566,1.0,0.0,3.4346556757685045,-7.019196351718659
S8-3-37-1-1,300-140K 1K-min,S8-3-37,0.2996777658431794,4.888888888888889,0.12,3.919348,294.15,21.0,0.0007825677553396898,0.899923326615967,39.1242,0.04782411844935631,0.006179456338739992,-5.086524982459891,296.03441772690365,,True,47.49781,25257.61,25210.11219,531.7636749989105,25210.11219,1889.853,False,False,0.6575899302387568,4.734848,9164.251,0.36351488366779855,1.0,0.0,3.3996260411354755,-7.152930051004982
S8-3-37-1-1,300-140K 1K-min,S8-3-37,0.2996777658431794,4.888888888888889,0.12,3.919348,297.15,24.0,0.0005980726667465162,0.8998884879251807,51.19334,-3.1287722482553146,5.114505879486667e-57,-129.6152695081742,296.03441772690365,,True,61.68431,24806.21,24744.52569,402.14780711659085,24744.52569,2008.734,False,False,0.658113624282608,4.734848,8883.93,0.35902607757764626,1.0,0.0,3.365303718660609,-7.421798295097628
S8-3-37-1-1,300-140K 1K-min,S8-3-37,0.2996777658431794,4.888888888888889,0.12,3.919348,299.15,26.0,0.00026421748641440785,0.8997278247490454,115.8793,-3.1287722482553146,5.114505879486667e-57,-129.6152695081742,296.03441772690365,,True,131.8168,24762.55,24630.7332,187.8557968331806,24630.7332,2257.428,False,False,0.6585984019076352,4.734848,8740.729,0.3548708407916984,1.0,0.0,3.342804613070366,-8.238737981789171
S8-3-38-1-1,300-140K 1K-min,S8-3-38,0.29967776584317934,5.555555555555555,0.12,3.919348,184.14999999999998,-89.0,2.1491506447985325e-07,0.7932487374383453,142462.5,0.91164935894947,2.279339914099818e+18,42.27041756358294,240.10596362900338,184.14999999999998,True,3535.495,158706.3,155170.805,44.88941435357708,155170.805,6312.738,True,True,0.9776509569567549,11953.13,29725.02,0.19156322608495846,1.0,0.96,5.430355688297584,-15.35302293580205
S8-3-38-1-1,300-140K 1K-min,S8-3-38,0.29967776584317934,5.555555555555555,0.12,3.919348,189.14999999999998,-84.0,1.3659386547172077e-06,0.8975364723478537,22414.87,0.91164935894947,2.279339914099818e+18,42.27041756358294,240.10596362900338,184.14999999999998,True,5590.261,33298.01,27707.749000000003,5.956432087875682,27707.749000000003,1218.709,False,False,0.8317013951584447,18984.38,4345.827,0.15684518435618858,0.2857142857142857,0.7307692307692307,5.2868094105207515,-13.50366870652307
S8-3-38-1-1,300-140K 1K-min,S8-3-38,0.29967776584317934,5.555555555555555,0.12,3.919348,194.14999999999998,-79.0,5.488981797380351e-06,0.8993655139930841,5577.963,0.91164935894947,2.279339914099818e+18,42.27041756358294,240.10596362900338,184.14999999999998,True,3073.773,9503.47,6429.696999999999,3.091793050430204,6429.696999999999,305.7453,False,False,0.6628764776940499,4.734848,2045.94,0.318201619765286,0.5348837209302325,0.0,5.150656708730364,-12.112767784601628
S8-3-38-1-1,300-140K 1K-min,S8-3-38,0.29967776584317934,5.555555555555555,0.12,3.919348,199.14999999999998,-74.0,1.881131712387985e-05,0.8997846345996551,1627.602,0.91164935894947,2.279339914099818e+18,42.27041756358294,240.10596362900338,184.14999999999998,True,1294.632,3510.481,2215.849,2.711566684586817,2215.849,91.90335,False,False,0.6056822614417017,4.734848,1791.376,0.8084377590711277,0.5813953488372093,0.0,5.021340697966358,-10.881051894567985
S8-3-38-1-1,300-140K 1K-min,S8-3-38,0.29967776584317934,5.555555555555555,0.12,3.919348,202.14999999999998,-71.0,4.4398169588583855e-05,0.8999179587673146,689.6081,0.91164935894947,2.279339914099818e+18,42.27041756358294,240.10596362900338,184.14999999999998,True,618.8088,2098.325,1479.5161999999998,3.39091008401949,1479.5161999999998,42.27353,False,False,0.571067357469061,4.734848,1635.068,1.1051369359794772,0.6976744186046512,0.0,4.946821667078902,-10.022312314858235
S8-3-38-1-1,300-140K 1K-min,S8-3-38,0.29967776584317934,5.555555555555555,0.12,3.919348,205.14999999999998,-68.0,8.146173845065322e-05,0.8999499345922998,375.8493,0.91164935894947,2.279339914099818e+18,42.27041756358294,240.10596362900338,184.14999999999998,True,347.4373,1703.273,1355.8356999999999,4.902389582235413,1355.8356999999999,33.27683,False,False,0.5679381530766106,4.734848,1534.75,1.1319586879147665,0.7441860465116279,0.0,4.874482086278333,-9.415377114814678
S8-3-38-1-1,300-140K 1K-min,S8-3-38,0.29967776584317934,5.555555555555555,0.12,3.919348,208.14999999999998,-65.0,0.00013712990795311153,0.8999638642660139,223.2725,0.43887430904874514,7061165.829820808,15.77012072753935,240.10596362900338,184.14999999999998,True,210.3307,1570.325,1359.9943,7.465980952851866,1359.9943,31.68619,False,False,0.5754353357706475,4.734848,1452.062,1.067697121965878,0.813953488372093,0.0,4.804227720393947,-8.894581848190894
S8-3-38-1-1,300-140K 1K-min,S8-3-38,0.29967776584317934,5.555555555555555,0.12,3.919348,211.14999999999998,-62.0,0.00021188204834445728,0.8999783252292032,144.5018,0.43887430904874514,7061165.829820808,15.77012072753935,240.10596362900338,184.14999999999998,True,139.1532,1528.33,1389.1768,10.983074769390859,1389.1768,30.26298,False,False,0.5838810509936533,4.734848,1382.655,0.9953052771972575,0.8604651162790697,0.0,4.735969689793986,-8.459480813860365
S8-3-38-1-1,300-140K 1K-min,S8-3-38,0.29967776584317934,5.555555555555555,0.12,3.919348,213.14999999999998,-60.0,0.00032875595217682536,0.95,93.1308989867146,0.43887430904874514,7061165.829820808,15.77012072753935,240.10596362900338,184.14999999999998,True,95.5425,1507.722,1412.1795,15.780642122615589,1412.1795,29.07362,False,False,0.5911498738887893,4.734848,1317.565,0.9330010809532352,0.9767441860465116,0.0,4.691531785127845,-8.020194869155365
S8-3-38-1-1,300-140K 1K-min,S8-3-38,0.29967776584317934,5.555555555555555,0.12,3.919348,216.14999999999998,-57.0,0.0004483070145163344,0.95,68.29546802093486,0.43887430904874514,7061165.829820808,15.77012072753935,240.10596362900338,184.14999999999998,True,67.61797,1476.927,1409.30903,21.842226260267793,1409.30903,28.00049,False,False,0.5962721350996618,4.734848,1253.011,0.8890959848600412,1.0,0.0,4.626416840157298,-7.710032260000611
S8-3-38-1-1,300-140K 1K-min,S8-3-38,0.29967776584317934,5.555555555555555,0.12,3.919348,219.14999999999998,-54.0,0.0006141431129990165,0.95,49.85375025040805,0.43887430904874514,7061165.829820808,15.77012072753935,240.10596362900338,184.14999999999998,True,49.1094,1422.794,1373.6846,28.971927981201155,1373.6846,27.02061,False,False,0.5989438939137364,4.734848,1189.879,0.8661951950251164,1.0,0.0,4.56308464522017,-7.3952825739164805
S8-3-38-1-1,300-140K 1K-min,S8-3-38,0.29967776584317934,5.555555555555555,0.12,3.919348,222.14999999999998,-51.0,0.0008252381239381019,0.95,37.10121537690567,0.43887430904874514,7061165.829820808,15.77012072753935,240.10596362900338,184.14999999999998,True,36.49176,1347.854,1311.36224,36.93584524287127,1311.36224,26.11126,False,False,0.599816176395827,4.734848,1126.091,0.858718488035769,1.0,0.0,4.501462975467027,-7.099838578200196
S8-3-38-1-1,300-140K 1K-min,S8-3-38,0.29967776584317934,5.555555555555555,0.12,3.919348,224.14999999999998,-49.0,0.0010854987321214284,0.95,28.205779028064413,0.43887430904874514,7061165.829820808,15.77012072753935,240.10596362900338,184.14999999999998,True,27.79953,1264.225,1236.42547,45.4764882715643,1236.42547,25.27683,False,False,0.5997316703070937,4.734848,1062.637,0.8594428259391965,1.0,0.0,4.461298237787196,-6.825715736660033
S8-3-38-1-1,300-140K 1K-min,S8-3-38,0.29967776584317934,5.555555555555555,0.12,3.919348,227.14999999999998,-46.0,0.0014006565460017053,0.95,21.859275538218785,0.43887430904874514,7061165.829820808,15.77012072753935,240.10596362900338,184.14999999999998,True,21.54124,1195.288,1173.74676,55.48835628775317,1173.74676,24.51896,False,False,0.6006079755511601,4.734848,999.952,0.8519316381329132,1.0,0.0,4.402377283733216,-6.5708141908591795
S8-3-38-1-1,300-140K 1K-min,S8-3-38,0.29967776584317934,5.555555555555555,0.12,3.919348,230.14999999999998,-43.0,0.0017636638134331637,0.95,17.36007573567046,0.43887430904874514,7061165.829820808,15.77012072753935,240.10596362900338,184.14999999999998,True,17.11131,1149.647,1132.53569,67.1863814050473,1132.53569,23.80234,False,False,0.6030721745584312,4.734848,940.9219,0.8308099323563034,1.0,0.0,4.344992396263307,-6.340361921514575
S8-3-38-1-1,300-140K 1K-min,S8-3-38,0.29967776584317934,5.555555555555555,0.12,3.919348,233.14999999999998,-40.0,0.002179117407392201,0.95,14.050338577259843,0.43887430904874514,7061165.829820808,15.77012072753935,240.10596362900338,184.14999999999998,True,13.86177,1127.513,1113.65123,81.33975675545042,1113.65123,23.13997,False,False,0.6072622703728647,4.734848,885.2356,0.7948948253754448,1.0,0.0,4.2890842805061125,-6.128835343153073
S8-3-38-1-1,300-140K 1K-min,S8-3-38,0.29967776584317934,5.555555555555555,0.12,3.919348,235.14999999999998,-38.0,0.002643070113083531,0.95,11.584004987949964,0.43887430904874514,7061165.829820808,15.77012072753935,240.10596362900338,184.14999999999998,True,11.4362,1122.88,1111.4438,98.18646053759117,1111.4438,22.52482,False,False,0.6123149456589708,4.734848,835.3458,0.7515861800659641,1.0,0.0,4.25260472039124,-5.935814115870929
S8-3-38-1-1,300-140K 1K-min,S8-3-38,0.29967776584317934,5.555555555555555,0.12,3.919348,238.14999999999998,-35.0,0.0031561516873800485,0.95,9.700844701439822,0.43887430904874514,7061165.829820808,15.77012072753935,240.10596362900338,184.14999999999998,True,9.58487,1129.872,1120.2871300000002,117.88078502890494,1120.2871300000002,21.95215,False,False,0.6176189634526998,4.734848,791.0607,0.7061231704054293,1.0,0.0,4.199034222128911,-5.758401813978586
S8-3-38-1-1,300-140K 1K-min,S8-3-38,0.29967776584317934,5.555555555555555,0.12,3.919348,241.14999999999998,-32.0,0.0037040123035692873,0.95,8.265992352119724,0.43887430904874514,7061165.829820808,15.77012072753935,240.10596362900338,184.14999999999998,True,8.172182,1143.164,1134.991818,139.88479453834975,1134.991818,21.41941,False,False,0.6228057460175747,4.734848,750.9844,0.6616650341350738,1.0,0.0,4.146796599626788,-5.598338640505749
S8-3-38-1-1,300-140K 1K-min,S8-3-38,0.29967776584317934,5.555555555555555,0.12,3.919348,244.14999999999998,-29.0,0.004282709598123615,0.95,7.149057546856664,0.14054938210325357,3.861592716489332,1.351079719224324,240.10596362900338,184.14999999999998,True,7.069755,1157.736,1150.6662450000001,163.75899872060631,1150.6662450000001,20.91963,False,False,0.6274772764364874,4.734848,715.281,0.621623344830107,1.0,0.0,4.095842719639566,-5.4531693860276205
S8-3-38-1-1,300-140K 1K-min,S8-3-38,0.29967776584317934,5.555555555555555,0.12,3.919348,247.14999999999998,-26.0,0.004885481742892851,0.95,6.2670047673398095,0.14054938210325357,3.861592716489332,1.351079719224324,240.10596362900338,184.14999999999998,True,6.19393,1171.766,1165.5720700000002,189.17972918647774,1165.5720700000002,20.4486,False,False,0.6315666841033118,4.734848,683.6911,0.5865712791144689,1.0,0.0,4.046125834513454,-5.321487381585559
S8-3-38-1-1,300-140K 1K-min,S8-3-38,0.29967776584317934,5.555555555555555,0.12,3.919348,249.14999999999998,-24.0,0.005509901633529452,0.95,5.556784750410996,0.14054938210325357,3.861592716489332,1.351079719224324,240.10596362900338,184.14999999999998,True,5.486385,1180.297,1174.810615,215.13200404273488,1174.810615,19.99806,False,False,0.6350324775538396,4.734848,654.2103,0.5568644781099458,1.0,0.0,4.013646397752359,-5.20120850833067
S8-3-38-1-1,300-140K 1K-min,S8-3-38,0.29967776584317934,5.555555555555555,0.12,3.919348,252.14999999999998,-21.0,0.00614621212734559,0.95,4.98149701622551,0.14054938210325357,3.861592716489332,1.351079719224324,240.10596362900338,184.14999999999998,True,4.914325,1182.939,1178.0246750000001,240.71240709558285,1178.0246750000001,19.56063,False,False,0.6379076164087989,4.734848,626.9688,0.5322204307817232,1.0,0.0,3.9658933174697606,-5.091919301169562
S8-3-38-1-1,300-140K 1K-min,S8-3-38,0.29967776584317934,5.555555555555555,0.12,3.919348,255.14999999999998,-18.0,0.006782755115092354,0.95,4.513997166923255,0.14054938210325357,3.861592716489332,1.351079719224324,240.10596362900338,184.14999999999998,True,4.442584,1177.72,1173.2774160000001,265.0979700102463,1173.2774160000001,19.14218,False,False,0.6402184635021845,4.734848,601.2028,0.5124131699812753,1.0,0.0,3.919263178522438,-4.993371900413191
S8-3-38-1-1,300-140K 1K-min,S8-3-38,0.29967776584317934,5.555555555555555,0.12,3.919348,258.15,-15.0,0.0074154550897290806,0.95,4.128854804321886,0.14054938210325357,3.861592716489332,1.351079719224324,240.10596362900338,184.14999999999998,True,4.057548,1165.477,1161.419452,287.2367745249102,1161.419452,18.73661,False,False,0.6420410932925664,4.734848,576.9823,0.49679062892085907,1.0,0.0,3.873716831299632,-4.904188931070695
S8-3-38-1-1,300-140K 1K-min,S8-3-38,0.29967776584317934,5.555555555555555,0.12,3.919348,261.15,-12.0,0.008043131801488655,0.95,3.806643746381766,0.14054938210325357,3.861592716489332,1.351079719224324,240.10596362900338,184.14999999999998,True,3.732667,1146.317,1142.584333,307.1040090101796,1142.584333,18.34421,False,False,0.6434553758521852,4.734848,553.7743,0.48466820698126933,1.0,0.0,3.8292169251388093,-4.822936744089082
S8-3-38-1-1,300-140K 1K-min,S8-3-38,0.29967776584317934,5.555555555555555,0.12,3.919348,263.15,-10.0,0.008648576531447023,0.95,3.54015915360564,0.14054938210325357,3.861592716489332,1.351079719224324,240.10596362900338,184.14999999999998,True,3.459138,1120.037,1116.577862,323.79078255912316,1116.577862,17.95551,False,False,0.6445085197888929,4.734848,531.0905,0.4756412589523466,1.0,0.0,3.800114003420103,-4.750360534418793
S8-3-38-1-1,300-140K 1K-min,S8-3-38,0.29967776584317934,5.555555555555555,0.12,3.919348,266.15,-7.0,0.009245488652549658,0.95,3.3115975287058146,0.14054938210325357,3.861592716489332,1.351079719224324,240.10596362900338,184.14999999999998,True,3.228202,1089.202,1085.973798,337.4020584833291,1085.973798,17.58356,False,False,0.6453697408636742,4.734848,508.5174,0.4682593640256499,1.0,0.0,3.7572797294758598,-4.683619559666464
S8-3-38-1-1,300-140K 1K-min,S8-3-38,0.29967776584317934,5.555555555555555,0.12,3.919348,269.15,-4.0,0.009816034073815158,0.95,3.1191148220577825,0.14054938210325357,3.861592716489332,1.351079719224324,240.10596362900338,184.14999999999998,True,3.033099,1053.427,1050.393901,347.3104570605839,1050.393901,17.21764,False,False,0.6459504541303184,4.734848,486.6284,0.46328182174012794,1.0,0.0,3.7154003343860302,-4.623738100326989
S8-3-38-1-1,300-140K 1K-min,S8-3-38,0.29967776584317934,5.555555555555555,0.12,3.919348,272.15,-1.0,0.010359373703610626,0.95,2.9555201163164737,0.14054938210325357,3.861592716489332,1.351079719224324,240.10596362900338,184.14999999999998,True,2.865543,1014.112,1011.246457,353.8987200680639,1011.246457,16.85816,False,False,0.6463399866988772,4.734848,465.1157,0.45994297115248095,1.0,0.0,3.6744442403086537,-4.5698634972976135
S8-3-38-1-1,300-140K 1K-min,S8-3-38,0.29967776584317934,5.555555555555555,0.12,3.919348,274.15,1.0,0.010880728815525787,0.95,2.813905014319722,0.14054938210325357,3.861592716489332,1.351079719224324,240.10596362900338,184.14999999999998,True,2.719698,971.816,969.096302,357.32496769861945,969.096302,16.50187,False,False,0.6465181995916852,4.734848,444.2487,0.4584154320712695,1.0,0.0,3.647638154295094,-4.520762053076731
S8-3-38-1-1,300-140K 1K-min,S8-3-38,0.29967776584317934,5.555555555555555,0.12,3.919348,277.15,4.0,0.01137650960884332,0.95,2.6912768877425526,0.14054938210325357,3.861592716489332,1.351079719224324,240.10596362900338,184.14999999999998,True,2.592472,928.1221,925.529628,358.0066052786684,925.529628,16.15146,False,False,0.6467095575968602,4.734848,422.759,0.45677522059833997,1.0,0.0,3.608154429009562,-4.476204610085349
S8-3-38-1-1,300-140K 1K-min,S8-3-38,0.29967776584317934,5.555555555555555,0.12,3.919348,279.15,6.0,0.011854404721355521,0.95,2.58278151397214,0.14054938210325357,3.861592716489332,1.351079719224324,240.10596362900338,184.14999999999998,True,2.490938,883.6638,881.172862,354.75142295793796,881.172862,15.80384,False,False,0.6466917536550281,4.734848,402.6324,0.45692782581404506,1.0,0.0,3.5823034210997675,-4.435055774023219
S8-3-38-1-1,300-140K 1K-min,S8-3-38,0.29967776584317934,5.555555555555555,0.12,3.919348,282.15,9.0,0.012306970543224374,0.95,2.4878045548193444,0.14054938210325357,3.861592716489332,1.351079719224324,240.10596362900338,184.14999999999998,True,2.390038,840.5688,838.178762,351.6968349457205,838.178762,15.45996,False,False,0.6467324250814172,4.734848,382.695,0.4565792135878522,1.0,0.0,3.5442140705298604,-4.397589466292456
S8-3-38-1-1,300-140K 1K-min,S8-3-38,0.29967776584317934,5.555555555555555,0.12,3.919348,285.15,12.0,0.012776984725253026,0.95,2.3962881721966505,0.14054938210325357,3.861592716489332,1.351079719224324,240.10596362900338,184.14999999999998,True,2.302292,798.449,796.146708,346.80613927338493,796.146708,15.114,False,False,0.6467473043506784,4.734848,363.4025,0.45645167699418476,1.0,0.0,3.506926179203928,-4.3601097948614145
S8-3-38-1-1,300-140K 1K-min,S8-3-38,0.29967776584317934,5.555555555555555,0.12,3.919348,288.15,15.0,0.013145994494702854,0.95,2.32902405259627,0.14054938210325357,3.861592716489332,1.351079719224324,240.10596362900338,184.14999999999998,True,2.211096,758.7692,756.558104,343.1642949921668,756.558104,14.77091,False,False,0.646847896034169,4.734848,344.6799,0.4555894625642653,1.0,0.0,3.47041471455839,-4.3316381679220015
S8-3-38-1-1,300-140K 1K-min,S8-3-38,0.29967776584317934,5.555555555555555,0.12,3.919348,291.15,18.0,0.013543192270089464,0.95,2.260717913684234,0.14054938210325357,3.861592716489332,1.351079719224324,240.10596362900338,184.14999999999998,True,2.138327,721.1202,718.981873,337.2356987495364,718.981873,14.41656,False,False,0.6466927636064802,4.734848,328.5166,0.45691916908731234,1.0,0.0,3.4346556757685045,-4.301871273400932
S8-3-38-1-1,300-140K 1K-min,S8-3-38,0.29967776584317934,5.555555555555555,0.12,3.919348,294.15,21.0,0.013919970152935533,0.95,2.199526079228289,0.14054938210325357,3.861592716489332,1.351079719224324,240.10596362900338,184.14999999999998,True,2.075176,685.5441,683.4689239999999,330.3546783501737,683.4689239999999,14.04624,False,False,0.646751031799655,4.734848,311.9487,0.45641972743152776,1.0,0.0,3.3996260411354755,-4.274430768263828
S8-3-38-1-1,300-140K 1K-min,S8-3-38,0.29967776584317934,5.555555555555555,0.12,3.919348,297.15,24.0,0.01425098923858196,0.95,2.1484359338768027,0.14054938210325357,3.861592716489332,1.351079719224324,240.10596362900338,184.14999999999998,True,2.022235,656.2417,654.219465,324.5130758789162,654.219465,13.66277,False,False,0.6966913573617584,4.734848,298.9333,0.45693122261349944,0.14285714285714285,1.0,3.365303718660609,-4.250928954425586
S8-3-38-1-1,300-140K 1K-min,S8-3-38,0.29967776584317934,5.555555555555555,0.12,3.919348,299.15,26.0,0.014427243319387977,0.95,2.1221890208447616,0.14054938210325357,3.861592716489332,1.351079719224324,240.10596362900338,184.14999999999998,True,1.993242,639.532,637.538758,320.85015266585793,637.538758,13.27761,False,False,0.6965664930340334,4.734848,291.9937,0.45800148827971254,0.14285714285714285,1.0,3.342804613070366,-4.238636962603922
S8-3-4-1,300-120K 3K-min,S8-3-4,0.06412142500696691,3.3986666666666667,0.12,3.919348,199.14999999999998,-74.0,5.8959861775938236e-06,0.8985993820417313,5192.912,1.0054735676475401,1.647572554919198e+20,46.551004885710405,251.35865449797612,,True,2519.739,34009.86,31490.121,13.497374132797088,31490.121,390.7924,False,False,0.6890787007984716,4.734848,2947.826,0.09361113601310074,0.627906976744186,0.0,5.021340697966358,-12.041238747450098
S8-3-4-1,300-120K 3K-min,S8-3-4,0.06412142500696691,3.3986666666666667,0.12,3.919348,208.14999999999998,-65.0,7.426844525418317e-05,0.8999217195247322,412.2523,1.0054735676475401,1.647572554919198e+20,46.551004885710405,251.35865449797612,,True,349.441,2495.755,2146.3140000000003,7.142135582258522,2146.3140000000003,55.22239,False,False,0.6142285176664116,4.734848,1577.936,0.7351841342878996,0.813953488372093,0.0,4.804227720393947,-9.507824390201076
S8-3-4-1,300-120K 3K-min,S8-3-4,0.06412142500696691,3.3986666666666667,0.12,3.919348,216.14999999999998,-57.0,0.00036673878275283566,0.95,83.48540927043354,1.0054735676475401,1.647572554919198e+20,46.551004885710405,251.35865449797612,,True,89.91917,1115.602,1025.6828300000002,12.406720391213577,1025.6828300000002,41.21861,False,False,0.5510549958866591,4.734848,1309.46,1.2766714638286365,1.0,0.0,4.626416840157298,-7.910860726949937
S8-3-4-1,300-120K 3K-min,S8-3-4,0.06412142500696691,3.3986666666666667,0.12,3.919348,224.14999999999998,-49.0,0.000977266655851529,0.95,31.329563113747152,0.4265958426954862,3571650.0969200977,15.088538258991186,251.35865449797612,,True,31.6307,744.7134,713.0826999999999,23.544006297679154,713.0826999999999,31.80499,False,False,0.5079913919287812,4.734848,1173.583,1.6457880691818754,1.0,0.0,4.461298237787196,-6.930751009843174
S8-3-4-1,300-120K 3K-min,S8-3-4,0.06412142500696691,3.3986666666666667,0.12,3.919348,233.14999999999998,-40.0,0.0023088054502617625,0.95,13.261116206213838,0.4265958426954862,3571650.0969200977,15.088538258991186,251.35865449797612,,True,12.98307,617.7516,604.76853,47.58131936437222,604.76853,26.06173,False,False,0.4910421749844251,4.734848,1083.181,1.7910670715620705,1.0,0.0,4.2890842805061125,-6.071025009300468
S8-3-4-1,300-120K 3K-min,S8-3-4,0.06412142500696691,3.3986666666666667,0.12,3.919348,241.14999999999998,-32.0,0.004599031619106434,0.95,6.657344395342486,0.4265958426954862,3571650.0969200977,15.088538258991186,251.35865449797612,,True,6.497653,608.5147,602.0170469999999,93.65146153541902,602.0170469999999,23.40827,False,False,0.5021912603193558,4.734848,1020.722,1.6955034829769502,1.0,0.0,4.146796599626788,-5.381909515234583
S8-3-4-1,300-120K 3K-min,S8-3-4,0.06412142500696691,3.3986666666666667,0.12,3.919348,249.14999999999998,-24.0,0.007542990330386335,0.95,4.059045024904989,0.4265958426954862,3571650.0969200977,15.088538258991186,251.35865449797612,,True,3.953848,697.2445,693.290652,176.3458028735551,693.290652,22.2669,False,False,0.533183937598128,4.734848,991.303,1.4298519634446167,1.0,0.0,4.013646397752359,-4.887136580043543
S8-3-4-1,300-120K 3K-min,S8-3-4,0.06412142500696691,3.3986666666666667,0.12,3.919348,258.15,-15.0,0.010474086998880689,0.95,2.923150951174361,0.07410031522993138,0.3054305896304787,-1.1860327287037808,251.35865449797612,,True,2.889876,831.253,828.3631240000001,287.64313762943465,828.3631240000001,20.84744,False,False,0.5664898720592172,4.734848,947.956,1.1443725252067096,1.0,0.0,3.873716831299632,-4.5588509769839805
S8-3-4-1,300-120K 3K-min,S8-3-4,0.06412142500696691,3.3986666666666667,0.12,3.919348,267.15,-6.0,0.01235448935450426,0.95,2.4782357647423505,0.07410031522993138,0.3054305896304787,-1.1860327287037808,251.35865449797612,,True,2.451883,921.0295,918.577617,375.641700684739,918.577617,19.46559,False,False,0.5875713370083855,4.734848,885.2096,0.9636742542138375,1.0,0.0,3.7432154220475393,-4.393735771475906
S8-3-4-1,300-120K 3K-min,S8-3-4,0.06412142500696691,3.3986666666666667,0.12,3.919348,274.15,1.0,0.013900495361528863,0.95,2.2026076465014275,0.07410031522993138,0.3054305896304787,-1.1860327287037808,251.35865449797612,,True,2.187494,995.89,993.702506,455.26524872753936,993.702506,18.28794,False,False,0.6033777016559119,4.734848,822.9756,0.8281911286636114,1.0,0.0,3.647638154295094,-4.2758308019604305
S8-3-4-1,300-120K 3K-min,S8-3-4,0.06412142500696691,3.3986666666666667,0.12,3.919348,283.15,10.0,0.01502192905696018,0.95,2.0381761395201785,0.07410031522993138,0.3054305896304787,-1.1860327287037808,251.35865449797612,,True,2.027117,1057.937,1055.9098829999998,521.8924216017131,1055.9098829999998,17.37066,False,False,0.6159284599668815,4.734848,760.9026,0.7206132002838727,1.0,0.0,3.531696980399082,-4.198244208338963
S8-3-4-1,300-120K 3K-min,S8-3-4,0.06412142500696691,3.3986666666666667,0.12,3.919348,291.15,18.0,0.015686481808425405,0.95,1.9518294635713755,0.07410031522993138,0.3054305896304787,-1.1860327287037808,251.35865449797612,,True,1.942519,1102.226,1100.2834810000002,567.4209621630471,1100.2834810000002,16.89121,False,False,0.6238619654722721,4.734848,718.0579,0.6526117245233816,1.0,0.0,3.4346556757685045,-4.154955968838737
S8-3-4-1,300-120K 3K-min,S8-3-4,0.06412142500696691,3.3986666666666667,0.12,3.919348,299.15,26.0,0.016793522111735692,0.95,1.8231635490011362,0.07410031522993138,0.3054305896304787,-1.1860327287037808,251.35865449797612,,True,1.808671,1143.323,1141.514329,632.1343129845064,1141.514329,16.67748,False,False,0.6268304468797139,4.734848,715.9208,0.627167598173881,1.0,0.0,3.342804613070366,-4.08676205551848
S8-3-5-1,300-140K 3K-min,S8-3-5,0.6367153877711904,4.532666666666667,0.12,3.919348,199.14999999999998,-74.0,2.3043303180855306e-06,0.8989970194573232,13286.87,1.0562504153865548,1.241313047757444e+21,48.57045668172454,261.06121739988583,,True,3381.766,38319.87,34938.104,11.331319198312361,34938.104,446.2164,False,False,0.6903628170549838,4.734848,2886.042,0.08260442524299544,0.5813953488372093,0.0,5.021340697966358,-12.980720458182105
S8-3-5-1,300-140K 3K-min,S8-3-5,0.6367153877711904,4.532666666666667,0.12,3.919348,209.14999999999998,-64.0,4.371583403766556e-05,0.89992640156542,700.3718,1.0562504153865548,1.241313047757444e+21,48.57045668172454,261.06121739988583,,True,558.9421,3118.105,2559.1629000000003,5.578583184197433,2559.1629000000003,39.67328,False,False,0.6294822472353492,4.734848,1546.855,0.6044378808398634,0.7209302325581395,0.0,4.781257470714799,-10.037800186532166
S8-3-5-1,300-140K 3K-min,S8-3-5,0.6367153877711904,4.532666666666667,0.12,3.919348,217.14999999999998,-56.0,0.00016786060203413588,0.899971408193559,182.3974,0.37843953661490065,118856.13665798606,11.685669105094293,261.06121739988583,,True,168.7853,1412.163,1243.3777,8.366623159718293,1243.3777,31.93385,False,False,0.5851121425130916,4.734848,1224.42,0.9847530641735003,0.8604651162790697,0.0,4.605111673958094,-8.69237667279073
S8-3-5-1,300-140K 3K-min,S8-3-5,0.6367153877711904,4.532666666666667,0.12,3.919348,225.14999999999998,-48.0,0.0004308685123455504,0.95,71.05958429588475,0.37843953661490065,118856.13665798606,11.685669105094293,261.06121739988583,,True,69.43983,1255.376,1185.93617,18.078615687855226,1185.93617,27.13088,False,False,0.5931937879928226,4.734848,1085.703,0.9154818172043772,1.0,0.0,4.4414834554741285,-7.749707590169988
S8-3-5-1,300-140K 3K-min,S8-3-5,0.6367153877711904,4.532666666666667,0.12,3.919348,233.14999999999998,-40.0,0.0009010812888423712,0.95,33.97844096041048,0.37843953661490065,118856.13665798606,11.685669105094293,261.06121739988583,,True,33.36461,1217.984,1184.6193899999998,36.50526710787268,1184.6193899999998,23.60239,False,False,0.6038688704901243,4.734848,976.104,0.8239811100846487,1.0,0.0,4.2890842805061125,-7.011915083734822
S8-3-5-1,300-140K 3K-min,S8-3-5,0.6367153877711904,4.532666666666667,0.12,3.919348,242.14999999999998,-31.0,0.001667405669374963,0.95,18.362260567902585,0.37843953661490065,118856.13665798606,11.685669105094293,261.06121739988583,,True,17.89312,1019.203,1001.30988,56.96060832319908,1001.30988,21.06681,False,False,0.5997830055699973,4.734848,860.128,0.8590028094000223,1.0,0.0,4.129671691100558,-6.3964863518646204
S8-3-5-1,300-140K 3K-min,S8-3-5,0.6367153877711904,4.532666666666667,0.12,3.919348,250.14999999999998,-23.0,0.002816508499520066,0.95,10.870671037803827,0.37843953661490065,118856.13665798606,11.685669105094293,261.06121739988583,,True,10.60471,792.1906,781.5858900000001,74.7017693081659,781.5858900000001,19.27815,False,False,0.5898968608555614,4.734848,737.6148,0.9437411926666165,1.0,0.0,3.9976014391365187,-5.872257281874405
S8-3-5-1,300-140K 3K-min,S8-3-5,0.6367153877711904,4.532666666666667,0.12,3.919348,258.15,-15.0,0.004349117703664582,0.95,7.039896240946255,0.37843953661490065,118856.13665798606,11.685669105094293,261.06121739988583,,True,6.889729,645.3054,638.415671,93.66194229119897,638.415671,17.96667,False,False,0.5846317610730039,4.734848,631.3105,0.9888706193742526,1.0,0.0,3.873716831299632,-5.437782281197444
S8-3-5-1,300-140K 3K-min,S8-3-5,0.6367153877711904,4.532666666666667,0.12,3.919348,267.15,-6.0,0.006055323659111529,0.95,5.056267690561968,0.10247080186017667,0.5586968081619058,-0.5821483355064947,261.06121739988583,,True,4.974802,602.7167,597.741898,121.15390723088072,597.741898,16.96931,False,False,0.5923622745057546,4.734848,551.4821,0.9226090756649603,1.0,0.0,3.7432154220475393,-5.106817450208043
S8-3-5-1,300-140K 3K-min,S8-3-5,0.6367153877711904,4.532666666666667,0.12,3.919348,274.15,1.0,0.00766275287676094,0.95,3.995605478328188,0.10247080186017667,0.5586968081619058,-0.5821483355064947,261.06121739988583,,True,3.946888,650.9798,647.032912,164.9349563504209,647.032912,16.218,False,False,0.609329547881381,4.734848,502.858,0.7771753038738766,1.0,0.0,3.647638154295094,-4.871383976403223
S8-3-5-1,300-140K 3K-min,S8-3-5,0.6367153877711904,4.532666666666667,0.12,3.919348,283.15,10.0,0.008937483655116884,0.95,3.425722334712419,0.10247080186017667,0.5586968081619058,-0.5821483355064947,261.06121739988583,,True,3.397907,735.6612,732.263293,216.50421862634852,732.263293,15.68404,False,False,0.6247399823804451,4.734848,472.3727,0.6450858653104702,1.0,0.0,3.531696980399082,-4.717501199761794
S8-3-5-1,300-140K 3K-min,S8-3-5,0.6367153877711904,4.532666666666667,0.12,3.919348,291.15,18.0,0.00965143687701071,0.95,3.1723087208279033,0.10247080186017667,0.5586968081619058,-0.5821483355064947,261.06121739988583,,True,3.15846,805.4092,802.2507400000001,255.00060155898763,802.2507400000001,15.35748,False,False,0.6334666137754721,4.734848,457.5125,0.57028616763881,1.0,0.0,3.4346556757685045,-4.6406484755435295
S8-3-5-1,300-140K 3K-min,S8-3-5,0.6367153877711904,4.532666666666667,0.12,3.919348,299.15,26.0,0.009823263392153198,0.95,3.116819345179949,0.10247080186017667,0.5586968081619058,-0.5821483355064947,261.06121739988583,,True,3.106856,829.6602,826.553344,267.04172964566106,826.553344,15.19805,False,False,0.6360756624075796,4.734848,452.8875,0.5479228936493171,1.0,0.0,3.342804613070366,-4.623001890828956
S8-3-6-1,300-140K 2K-min,S8-3-6,0.3797497505181546,4.566933333333333,0.12,3.919348,189.14999999999998,-84.0,4.2958666259390624e-07,0.7607411471414294,71271.62,1.0712795465658174,1.5362123729064138e+22,51.0861919346479,251.64929667334374,,True,6150.297,85872.05,79721.753,13.962260684321425,79721.753,2024.162,False,False,0.9433412939794905,18984.38,4550.089,0.057074623032938074,0.42857142857142855,0.5384615384615384,5.2868094105207515,-14.660442340337267
S8-3-6-1,300-140K 2K-min,S8-3-6,0.3797497505181546,4.566933333333333,0.12,3.919348,198.14999999999998,-75.0,9.116939973024542e-06,0.95,3358.2909906232285,1.0712795465658174,1.5362123729064138e+22,51.0861919346479,251.64929667334374,,True,1746.078,8130.97,6384.892,4.656704912380776,6384.892,120.2857,False,False,0.6655527663323566,4.734848,1885.216,0.29526200286551435,0.5348837209302325,0.0,5.046681806712088,-11.6053763394542
S8-3-6-1,300-140K 2K-min,S8-3-6,0.3797497505181546,4.566933333333333,0.12,3.919348,204.14999999999998,-69.0,5.311650714448113e-05,0.899947239835357,576.4185,1.0712795465658174,1.5362123729064138e+22,51.0861919346479,251.64929667334374,,True,513.569,2391.948,1878.379,4.657500744787945,1878.379,34.3387,False,False,0.6048799523418863,4.734848,1531.47,0.815314694212403,0.7209302325581395,0.0,4.898359049718345,-9.843022809015196
S8-3-6-1,300-140K 2K-min,S8-3-6,0.3797497505181546,4.566933333333333,0.12,3.919348,210.14999999999998,-63.0,0.00013765977531656677,0.8999694332986548,222.4131,0.3830537768697998,251692.04792398933,12.435961587155866,251.64929667334374,,True,203.493,1719.654,1516.161,8.450678893131458,1516.161,30.89997,False,False,0.595646515552548,4.734848,1356.143,0.8944584381210169,0.7906976744186046,0.0,4.758505829169641,-8.890725313157477
S8-3-6-1,300-140K 2K-min,S8-3-6,0.3797497505181546,4.566933333333333,0.12,3.919348,216.14999999999998,-57.0,0.0003153475413856527,0.95,97.0907755897731,0.3830537768697998,251692.04792398933,12.435961587155866,251.64929667334374,,True,101.9445,1493.323,1391.3785,14.648392017225058,1391.3785,28.31862,False,False,0.5977162816108869,4.734848,1219.846,0.8767175861923978,1.0,0.0,4.626416840157298,-8.061835221347183
S8-3-6-1,300-140K 2K-min,S8-3-6,0.3797497505181546,4.566933333333333,0.12,3.919348,222.14999999999998,-51.0,0.0005339746906476728,0.95,57.338555384197086,0.3830537768697998,251692.04792398933,12.435961587155866,251.64929667334374,,True,55.81533,1321.814,1265.9986700000002,23.681916778060796,1265.9986700000002,26.32842,False,False,0.5981327523827494,4.734848,1105.404,0.8731478367192906,1.0,0.0,4.501462975467027,-7.53516211591817
S8-3-6-1,300-140K 2K-min,S8-3-6,0.3797497505181546,4.566933333333333,0.12,3.919348,227.14999999999998,-46.0,0.0008971502791613879,0.95,34.127323018926866,0.3830537768697998,251692.04792398933,12.435961587155866,251.64929667334374,,True,33.67096,1113.352,1079.6810400000002,33.06564469798307,1079.6810400000002,24.68665,False,False,0.592071226887526,4.734848,998.817,0.9251037695354908,1.0,0.0,4.402377283733216,-7.016287174640972
S8-3-6-1,300-140K 2K-min,S8-3-6,0.3797497505181546,4.566933333333333,0.12,3.919348,233.14999999999998,-40.0,0.0014005091501009942,0.95,21.861576106984522,0.3830537768697998,251692.04792398933,12.435961587155866,251.64929667334374,,True,21.48211,914.5815,893.09939,42.57410003021119,893.09939,23.33893,False,False,0.5820692920489697,4.734848,902.7758,1.0108346395802588,1.0,0.0,4.2890842805061125,-6.570919429832405
S8-3-6-1,300-140K 2K-min,S8-3-6,0.3797497505181546,4.566933333333333,0.12,3.919348,238.14999999999998,-35.0,0.002077149434921872,0.95,14.740074478374114,0.3830537768697998,251692.04792398933,12.435961587155866,251.64929667334374,,True,14.47999,754.5005,740.02051,52.10642410664648,740.02051,22.13099,False,False,0.5715770819198873,4.734848,814.5908,1.1007678692581087,1.0,0.0,4.199034222128911,-6.1767587891934115
S8-3-6-1,300-140K 2K-min,S8-3-6,0.3797497505181546,4.566933333333333,0.12,3.919348,244.14999999999998,-29.0,0.0029505368364923846,0.95,10.376870064723262,0.3830537768697998,251692.04792398933,12.435961587155866,251.64929667334374,,True,10.20428,643.0997,632.89542,63.02254544171661,632.89542,21.06604,False,False,0.5635264048310964,4.734848,740.3444,1.1697736728763164,1.0,0.0,4.095842719639566,-5.825768146714488
S8-3-6-1,300-140K 2K-min,S8-3-6,0.3797497505181546,4.566933333333333,0.12,3.919348,249.14999999999998,-24.0,0.004012852176742143,0.95,7.629819396516608,0.3830537768697998,251692.04792398933,12.435961587155866,251.64929667334374,,True,7.514147,571.5294,564.015253,76.06044970906211,564.015253,20.15579,False,False,0.5591437857207504,4.734848,680.9576,1.207338979536425,1.0,0.0,4.013646397752359,-5.518253024472972
S8-3-6-1,300-140K 2K-min,S8-3-6,0.3797497505181546,4.566933333333333,0.12,3.919348,255.14999999999998,-18.0,0.005263055994715231,0.95,5.817406731793229,0.1486385563162101,5.081511721167771,1.625608800228421,251.64929667334374,,True,5.737661,531.9171,526.179439,92.70626131449731,526.179439,19.3238,False,False,0.559230335046723,4.734848,634.8866,1.2065971281709447,1.0,0.0,3.919263178522438,-5.247043433352019
S8-3-6-1,300-140K 2K-min,S8-3-6,0.3797497505181546,4.566933333333333,0.12,3.919348,261.15,-12.0,0.006654654379757135,0.95,4.600890688868276,0.1486385563162101,5.081511721167771,1.625608800228421,251.64929667334374,,True,4.543797,520.3762,515.832403,114.52452651383855,515.832403,18.58239,False,False,0.5644048475308109,4.734848,599.5232,1.1622441640216208,1.0,0.0,3.8292169251388093,-5.012438762404466
S8-3-6-1,300-140K 2K-min,S8-3-6,0.3797497505181546,4.566933333333333,0.12,3.919348,266.15,-7.0,0.008127341767385353,0.95,3.7672019031274226,0.1486385563162101,5.081511721167771,1.625608800228421,251.64929667334374,,True,3.725449,536.6781,532.952651,144.05729349670335,532.952651,17.90673,False,False,0.5750930127186854,4.734848,570.5958,1.0706313195541248,1.0,0.0,3.7572797294758598,-4.812521374768677
S8-3-6-1,300-140K 2K-min,S8-3-6,0.3797497505181546,4.566933333333333,0.12,3.919348,272.15,-1.0,0.009615050398026664,0.95,3.1843137691451746,0.1486385563162101,5.081511721167771,1.625608800228421,251.64929667334374,,True,3.153317,579.0116,575.858283,183.61985173073307,575.858283,17.29358,False,False,0.5893347948943197,4.734848,546.2355,0.9485589009058311,1.0,0.0,3.6744442403086537,-4.644425658350694
S8-3-6-1,300-140K 2K-min,S8-3-6,0.3797497505181546,4.566933333333333,0.12,3.919348,277.15,4.0,0.010975592581828201,0.95,2.789583992408105,0.1486385563162101,5.081511721167771,1.625608800228421,251.64929667334374,,True,2.767173,638.0894,635.322227,230.5925216818753,635.322227,16.75088,False,False,0.6036120794600608,4.734848,524.8919,0.8261821760566219,1.0,0.0,3.608154429009562,-4.512081327690067
S8-3-6-1,300-140K 2K-min,S8-3-6,0.3797497505181546,4.566933333333333,0.12,3.919348,282.15,9.0,0.012161226343863898,0.95,2.517619235736819,0.1486385563162101,5.081511721167771,1.625608800228421,251.64929667334374,,True,2.499198,706.4184,703.919202,282.6580366981728,703.919202,16.29726,False,False,0.615876827200593,4.734848,507.565,0.7210557668520587,1.0,0.0,3.5442140705298604,-4.409502556882498
S8-3-6-1,300-140K 2K-min,S8-3-6,0.3797497505181546,4.566933333333333,0.12,3.919348,288.15,15.0,0.013147432531206526,0.95,2.3287693092007355,0.1486385563162101,5.081511721167771,1.625608800228421,251.64929667334374,,True,2.317103,770.4874,768.170297,332.52186027120933,768.170297,15.93132,False,False,0.6250584665603127,4.734848,493.4388,0.6423560009116043,1.0,0.0,3.47041471455839,-4.3315287841962755
S8-3-6-1,300-140K 2K-min,S8-3-6,0.3797497505181546,4.566933333333333,0.12,3.919348,294.15,21.0,0.013830837985619087,0.95,2.2137008188004326,0.1486385563162101,5.081511721167771,1.625608800228421,251.64929667334374,,True,2.204849,816.4996,814.294751,370.3199629543792,814.294751,15.67076,False,False,0.6307210872589796,4.734848,483.5439,0.593819252065889,1.0,0.0,3.3996260411354755,-4.280854543266964
S8-3-6-1,300-140K 2K-min,S8-3-6,0.3797497505181546,4.566933333333333,0.12,3.919348,299.15,26.0,0.014137041315073482,0.95,2.1657528397271966,0.1486385563162101,5.081511721167771,1.625608800228421,251.64929667334374,,True,2.159432,840.0142,837.8547679999999,388.9977549651946,837.8547679999999,15.52654,False,False,0.6334670989980768,4.734848,477.8135,0.5702820085879124,1.0,0.0,3.342804613070366,-4.25895688262337
S8-3-6-2,300-150K 1K-min,S8-3-6,0.3797497505181546,4.566933333333333,0.12,3.919348,196.14999999999998,-77.0,3.6816601394440133e-07,0.7727262860546471,83161.77,0.9416399159441312,6.857525256710714e+17,41.0692932078001,248.75637746560935,196.14999999999998,True,4923.644,91479.93,86556.286,18.579720629679965,86556.286,3968.936,True,True,0.9430646854849263,946.5144,17510.57,0.2023026958434885,0.55,0.4444444444444444,5.098139179199593,-14.814731875654786
S8-3-6-2,300-150K 1K-min,S8-3-6,0.3797497505181546,4.566933333333333,0.12,3.919348,201.14999999999998,-72.0,1.996905760837529e-06,0.95,15332.389727104488,0.9416399159441312,6.857525256710714e+17,41.0692932078001,248.75637746560935,196.14999999999998,True,5763.491,22802.57,17039.078999999998,3.9563816443887916,17039.078999999998,655.1927,False,False,0.6791577705242375,4.734848,1855.219,0.10888023936035511,0.4883720930232558,0.0,4.971414367387522,-13.123911695010882
S8-3-6-2,300-150K 1K-min,S8-3-6,0.3797497505181546,4.566933333333333,0.12,3.919348,205.14999999999998,-68.0,6.25825606783739e-06,0.95,4892.311379013492,0.9416399159441312,6.857525256710714e+17,41.0692932078001,248.75637746560935,196.14999999999998,True,3099.134,8181.649,5082.515,2.639979103839976,5082.515,237.072,False,False,0.661070795331314,4.734848,1695.928,0.33367889716016574,0.6046511627906976,0.0,4.874482086278333,-11.981608995076392
S8-3-6-2,300-150K 1K-min,S8-3-6,0.3797497505181546,4.566933333333333,0.12,3.919348,210.14999999999998,-63.0,1.612489473323202e-05,0.8998090311054459,1898.762,0.9416399159441312,6.857525256710714e+17,41.0692932078001,248.75637746560935,196.14999999999998,True,1556.509,3724.221,2167.712,2.392675532232708,2167.712,80.90122,False,False,0.6171689551010466,4.734848,1539.033,0.7099803848481714,0.5813953488372093,0.0,4.758505829169641,-11.035146223475405
S8-3-6-2,300-150K 1K-min,S8-3-6,0.3797497505181546,4.566933333333333,0.12,3.919348,213.14999999999998,-60.0,3.455850701203772e-05,0.8999064309066966,885.9566,0.9416399159441312,6.857525256710714e+17,41.0692932078001,248.75637746560935,196.14999999999998,True,797.277,2276.687,1479.4099999999999,2.8555784250643126,1479.4099999999999,34.07944,False,False,0.5876302715271629,4.734848,1424.922,0.9631691011957465,0.6744186046511628,0.0,4.691531785127845,-10.27285681484473
S8-3-6-2,300-150K 1K-min,S8-3-6,0.3797497505181546,4.566933333333333,0.12,3.919348,217.14999999999998,-56.0,6.510106612470829e-05,0.899950112383884,470.3047,0.4756280824102143,8531473.435772842,15.959272640280288,248.75637746560935,196.14999999999998,True,461.9073,1726.183,1264.2757,3.7370766818363768,1264.2757,28.0396,False,False,0.5767595944460533,4.734848,1335.513,1.0563463333195433,0.813953488372093,0.0,4.605111673958094,-9.639569632160217
S8-3-6-2,300-150K 1K-min,S8-3-6,0.3797497505181546,4.566933333333333,0.12,3.919348,220.14999999999998,-53.0,9.937051442332046e-05,0.8999519231985044,308.1129,0.4756280824102143,8531473.435772842,15.959272640280288,248.75637746560935,196.14999999999998,True,285.5061,1453.22,1167.7139,5.089978813062138,1167.7139,26.95602,False,False,0.5740592480172869,4.734848,1260.538,1.079492159851826,0.7209302325581395,0.0,4.542357483533954,-9.216655123887058
S8-3-6-2,300-150K 1K-min,S8-3-6,0.3797497505181546,4.566933333333333,0.12,3.919348,223.14999999999998,-50.0,0.0001537860288334255,0.8999724284179756,199.0905,0.4756280824102143,8531473.435772842,15.959272640280288,248.75637746560935,196.14999999999998,True,191.6009,1299.953,1108.3521,6.784691512409388,1108.3521,25.97159,False,False,0.5745673870243942,4.734848,1191.63,1.0751366826480493,0.813953488372093,0.0,4.481290611696169,-8.779948344853603
S8-3-6-2,300-150K 1K-min,S8-3-6,0.3797497505181546,4.566933333333333,0.12,3.919348,225.14999999999998,-48.0,0.0002220705811651603,0.8999858222872692,137.8721,0.4756280824102143,8531473.435772842,15.959272640280288,248.75637746560935,196.14999999999998,True,136.4514,1219.214,1082.7626,8.93515200283764,1082.7626,25.20219,False,False,0.5776054572504321,4.734848,1135.922,1.0490960807105816,0.8837209302325582,0.0,4.4414834554741285,-8.41251529344564
S8-3-6-2,300-150K 1K-min,S8-3-6,0.3797497505181546,4.566933333333333,0.12,3.919348,228.14999999999998,-45.0,0.00030249323551145667,0.95,101.21660182480838,0.4756280824102143,8531473.435772842,15.959272640280288,248.75637746560935,196.14999999999998,True,100.543,1172.755,1072.212,11.664213321663368,1072.212,24.54225,False,False,0.5818076089430075,4.734848,1086.234,1.013077637631363,1.0,0.0,4.38308130615823,-8.103451642689008
S8-3-6-2,300-150K 1K-min,S8-3-6,0.3797497505181546,4.566933333333333,0.12,3.919348,231.14999999999998,-42.0,0.00039852408054601694,0.95,76.82681892525127,0.4756280824102143,8531473.435772842,15.959272640280288,248.75637746560935,196.14999999999998,True,75.7424,1142.565,1066.8226,15.084879803122162,1066.8226,23.92781,False,False,0.5862657515254489,4.734848,1040.008,0.9748649869247232,1.0,0.0,4.3261951113995245,-7.827742633589771
S8-3-6-2,300-150K 1K-min,S8-3-6,0.3797497505181546,4.566933333333333,0.12,3.919348,234.14999999999998,-39.0,0.0005183446330254864,0.95,59.06753040878052,0.4756280824102143,8531473.435772842,15.959272640280288,248.75637746560935,196.14999999999998,True,58.1399,1115.385,1057.2451,19.184501521330446,1057.2451,23.3638,False,False,0.5897531581528888,4.734848,999.068,0.9449729301180957,1.0,0.0,4.270766602605168,-7.564870222207497
S8-3-6-2,300-150K 1K-min,S8-3-6,0.3797497505181546,4.566933333333333,0.12,3.919348,236.14999999999998,-37.0,0.0006628342256019777,0.95,46.19154562463158,0.4756280824102143,8531473.435772842,15.959272640280288,248.75637746560935,196.14999999999998,True,45.45551,1089.566,1044.11049,23.96994335780195,1044.11049,22.834,False,False,0.5927581409511555,4.734848,959.763,0.9192159347043809,1.0,0.0,4.2345966546686435,-7.318985635842254
S8-3-6-2,300-150K 1K-min,S8-3-6,0.3797497505181546,4.566933333333333,0.12,3.919348,239.14999999999998,-34.0,0.0008342425952321378,0.95,36.700760124747006,0.4756280824102143,8531473.435772842,15.959272640280288,248.75637746560935,196.14999999999998,True,36.12268,1058.844,1022.7213200000001,29.31244304132473,1022.7213200000001,22.33128,False,False,0.5945609705942834,4.734848,924.2978,0.903763109191856,1.0,0.0,4.181476061049551,-7.088986316330063
S8-3-6-2,300-150K 1K-min,S8-3-6,0.3797497505181546,4.566933333333333,0.12,3.919348,242.14999999999998,-31.0,0.0010368885216881828,0.95,29.52808979273132,0.4756280824102143,8531473.435772842,15.959272640280288,248.75637746560935,196.14999999999998,True,29.12675,1020.513,991.38625,35.0369677358442,991.38625,21.84751,False,False,0.5953219998764357,4.734848,889.5114,0.897240001059122,1.0,0.0,4.129671691100558,-6.871530856296221
S8-3-6-2,300-150K 1K-min,S8-3-6,0.3797497505181546,4.566933333333333,0.12,3.919348,245.14999999999998,-28.0,0.0012674685538850762,0.95,24.156289542341757,0.4756280824102143,8531473.435772842,15.959272640280288,248.75637746560935,196.14999999999998,True,23.80398,976.516,952.7120199999999,41.02322384744064,952.7120199999999,21.41058,False,False,0.5952675961829473,4.734848,855.2556,0.8977063184318794,1.0,0.0,4.079135223332654,-6.670733632364823
S8-3-6-2,300-150K 1K-min,S8-3-6,0.3797497505181546,4.566933333333333,0.12,3.919348,247.14999999999998,-26.0,0.0015323800667615952,0.95,19.980250355360752,0.4756280824102143,8531473.435772842,15.959272640280288,248.75637746560935,196.14999999999998,True,19.72252,928.9544,909.2318799999999,47.10120207762497,909.2318799999999,20.96041,False,False,0.594382849840241,4.734848,823.1184,0.9052898585122192,1.0,0.0,4.046125834513454,-6.480933153078299
S8-3-6-2,300-150K 1K-min,S8-3-6,0.3797497505181546,4.566933333333333,0.12,3.919348,250.14999999999998,-23.0,0.0018239539423545194,0.95,16.78624479625706,0.2148573605675573,44.4181749475808,3.793648731345333,248.75637746560935,196.14999999999998,True,16.58155,882.8068,866.22525,53.240306243988044,866.22525,20.53411,False,False,0.5933554041899995,4.734848,791.8135,0.9140965355142893,1.0,0.0,3.9976014391365187,-6.306748638550935
S8-3-6-2,300-150K 1K-min,S8-3-6,0.3797497505181546,4.566933333333333,0.12,3.919348,253.14999999999998,-20.0,0.0021446550858714134,0.95,14.27611254376631,0.2148573605675573,44.4181749475808,3.793648731345333,248.75637746560935,196.14999999999998,True,14.10941,841.9963,827.88689,59.67622317304551,827.88689,20.12383,False,False,0.5926721821463639,4.734848,761.6168,0.9199527244597376,1.0,0.0,3.950227138060439,-6.1447765386592685
S8-3-6-2,300-150K 1K-min,S8-3-6,0.3797497505181546,4.566933333333333,0.12,3.919348,256.15,-17.0,0.002493740197750276,0.95,12.277677282133272,0.2148573605675573,44.4181749475808,3.793648731345333,248.75637746560935,196.14999999999998,True,12.14384,809.5551,797.4112600000001,66.66384767915255,797.4112600000001,19.73108,False,False,0.5927316794264147,4.734848,733.174,0.9194427477735879,1.0,0.0,3.9039625219597895,-5.993971608060532
S8-3-6-2,300-150K 1K-min,S8-3-6,0.3797497505181546,4.566933333333333,0.12,3.919348,259.15,-14.0,0.0028709152369116027,0.95,10.664660864873811,0.2148573605675573,44.4181749475808,3.793648731345333,248.75637746560935,196.14999999999998,True,10.55391,787.3535,776.7995900000001,74.60301442782817,776.7995900000001,19.35729,False,False,0.5940216141634851,4.734848,705.634,0.9083861643129846,1.0,0.0,3.858769052672198,-5.853124402169121
S8-3-6-2,300-150K 1K-min,S8-3-6,0.3797497505181546,4.566933333333333,0.12,3.919348,261.15,-12.0,0.003269802643234684,0.95,9.363665246527724,0.2148573605675573,44.4181749475808,3.793648731345333,248.75637746560935,196.14999999999998,True,9.272944,777.0226,767.749656,83.79459640864864,767.749656,18.99397,False,False,0.5966391374499469,4.734848,680.188,0.8859502504290268,1.0,0.0,3.8292169251388093,-5.723025649645197
S8-3-6-2,300-150K 1K-min,S8-3-6,0.3797497505181546,4.566933333333333,0.12,3.919348,264.15,-9.0,0.0036893722195859586,0.95,8.298793277328125,0.2148573605675573,44.4181749475808,3.793648731345333,248.75637746560935,196.14999999999998,True,8.22237,778.2258,770.0034300000001,94.64738268893277,770.0034300000001,18.64611,False,False,0.6006640637085647,4.734848,655.6201,0.8514508824980157,1.0,0.0,3.7857278061707365,-5.602298965596991
S8-3-6-2,300-150K 1K-min,S8-3-6,0.3797497505181546,4.566933333333333,0.12,3.919348,267.15,-6.0,0.0041274710828285354,0.95,7.417941097355717,0.2148573605675573,44.4181749475808,3.793648731345333,248.75637746560935,196.14999999999998,True,7.353665,791.1512,783.797535,107.5859724368733,783.797535,18.31245,False,False,0.6057801621350256,4.734848,632.9938,0.8075986102712087,1.0,0.0,3.7432154220475393,-5.490090388171872
S8-3-6-2,300-150K 1K-min,S8-3-6,0.3797497505181546,4.566933333333333,0.12,3.919348,270.15,-3.0,0.004580473750669806,0.95,6.68431674103228,0.2148573605675573,44.4181749475808,3.793648731345333,248.75637746560935,196.14999999999998,True,6.631499,814.918,808.286501,122.8859417757584,808.286501,17.98992,False,False,0.6116730393101049,4.734848,611.9442,0.7570882344848157,1.0,0.0,3.7016472330186936,-5.3859528471946145
S8-3-6-2,300-150K 1K-min,S8-3-6,0.3797497505181546,4.566933333333333,0.12,3.919348,272.15,-1.0,0.005050761825731479,0.95,6.061924602636935,0.2148573605675573,44.4181749475808,3.793648731345333,248.75637746560935,196.14999999999998,True,6.018956,848.2901,842.271144,140.93641820940377,842.271144,17.6777,False,False,0.6178830370409398,4.734848,592.8407,0.7038596825062301,1.0,0.0,3.6744442403086537,-5.288216190492087
S8-3-6-2,300-150K 1K-min,S8-3-6,0.3797497505181546,4.566933333333333,0.12,3.919348,274.15,1.0,0.005528699636904675,0.95,5.5378912554928865,0.2148573605675573,44.4181749475808,3.793648731345333,248.75637746560935,196.14999999999998,True,5.502153,889.1583,883.656147,161.6018856618491,883.656147,17.37563,False,False,0.6241750366050474,4.734848,574.3131,0.6499282576710229,1.0,0.0,3.647638154295094,-5.197802638132805
S8-3-6-2,300-150K 1K-min,S8-3-6,0.3797497505181546,4.566933333333333,0.12,3.919348,277.15,4.0,0.006015449503023392,0.95,5.08978379056672,0.2148573605675573,44.4181749475808,3.793648731345333,248.75637746560935,196.14999999999998,True,5.057932,935.802,930.744068,185.01672224933037,930.744068,17.08051,False,False,0.6300722179479598,4.734848,557.8703,0.5993809890174873,1.0,0.0,3.608154429009562,-5.113424202002965
S8-3-6-2,300-150K 1K-min,S8-3-6,0.3797497505181546,4.566933333333333,0.12,3.919348,280.15,7.0,0.0065041235320333094,0.95,4.707373287525729,0.2148573605675573,44.4181749475808,3.793648731345333,248.75637746560935,196.14999999999998,True,4.680825,984.395,979.714175,210.30373919127507,979.714175,16.79041,False,False,0.6354450886998071,4.734848,542.1031,0.5533278111445101,1.0,0.0,3.5695163305372124,-5.035318913676943
S8-3-6-2,300-150K 1K-min,S8-3-6,0.3797497505181546,4.566933333333333,0.12,3.919348,283.15,10.0,0.006985621306191437,0.95,4.382908267060597,0.2148573605675573,44.4181749475808,3.793648731345333,248.75637746560935,196.14999999999998,True,4.358808,1034.104,1029.745192,237.24467790276609,1029.745192,16.5095,False,False,0.6402608135702759,4.734848,527.2812,0.5120501693976344,1.0,0.0,3.531696980399082,-4.9639013415973485
S8-3-6-2,300-150K 1K-min,S8-3-6,0.3797497505181546,4.566933333333333,0.12,3.919348,285.15,12.0,0.007453812258784145,0.95,4.107607799938786,0.2148573605675573,44.4181749475808,3.793648731345333,248.75637746560935,196.14999999999998,True,4.08671,1078.117,1074.03029,263.8104979310986,1074.03029,16.24097,False,False,0.6441417165866585,4.734848,514.2299,0.47878528640006945,1.0,0.0,3.506926179203928,-4.899029664882433
S8-3-6-2,300-150K 1K-min,S8-3-6,0.3797497505181546,4.566933333333333,0.12,3.919348,288.15,15.0,0.007913232502994276,0.95,3.8691315289770456,0.2148573605675573,44.4181749475808,3.793648731345333,248.75637746560935,196.14999999999998,True,3.852288,1111.468,1107.615712,288.5215227937268,1107.615712,15.98409,False,False,0.6471092386116916,4.734848,502.1369,0.4533493833283575,1.0,0.0,3.47041471455839,-4.839218920378764
S8-3-6-2,300-150K 1K-min,S8-3-6,0.3797497505181546,4.566933333333333,0.12,3.919348,291.15,18.0,0.008342572694139416,0.95,3.6700114576130103,0.2148573605675573,44.4181749475808,3.793648731345333,248.75637746560935,196.14999999999998,True,3.655048,1131.278,1127.622952,309.51111996340404,1127.622952,15.73721,False,False,0.6491025332848434,4.734848,491.9413,0.43626400041562796,1.0,0.0,3.4346556757685045,-4.7863836336650625
S8-3-6-2,300-150K 1K-min,S8-3-6,0.3797497505181546,4.566933333333333,0.12,3.919348,294.15,21.0,0.008721998176989007,0.95,3.510358148690965,0.2148573605675573,44.4181749475808,3.793648731345333,248.75637746560935,196.14999999999998,True,3.497831,1140.576,1137.0781690000001,326.0809341560527,1137.0781690000001,15.50696,False,False,0.6503181400597857,4.734848,484.2185,0.4258445137732651,1.0,0.0,3.3996260411354755,-4.741906918574539
S8-3-6-2,300-150K 1K-min,S8-3-6,0.3797497505181546,4.566933333333333,0.12,3.919348,297.15,24.0,0.009013425031904998,0.95,3.3968593808773364,0.2148573605675573,44.4181749475808,3.793648731345333,248.75637746560935,196.14999999999998,True,3.387685,1138.808,1135.420315,336.16112477990134,1135.420315,15.30381,False,False,0.6508232904922087,4.734848,478.5963,0.42151465292392587,1.0,0.0,3.365303718660609,-4.709040142869136
S8-3-6-2,300-150K 1K-min,S8-3-6,0.3797497505181546,4.566933333333333,0.12,3.919348,299.15,26.0,0.009131725998359775,0.95,3.35285326990325,0.2148573605675573,44.4181749475808,3.793648731345333,248.75637746560935,196.14999999999998,True,3.348655,1137.049,1133.700345,339.5539403133497,1133.700345,15.1579,False,False,0.6505426821288183,4.734848,480.5981,0.42391986746727117,1.0,0.0,3.342804613070366,-4.696000555324548
S8-3-6-3,300-140K 3K-min,S8-3-6,0.3797497505181546,4.566933333333333,0.12,3.919348,190.14999999999998,-83.0,3.5808905302425717e-06,0.8992363447128893,8550.202,1.084712437322564,2.0181486464149965e+23,53.661637718346796,252.96461978239213,,True,2495.837,30182.89,27687.053,12.093293752757091,27687.053,287.6237,False,False,0.6904057304329211,4.734848,2276.889,0.08223659628924755,0.5813953488372093,0.0,5.259006047856956,-12.539899037020776
S8-3-6-3,300-140K 3K-min,S8-3-6,0.3797497505181546,4.566933333333333,0.12,3.919348,199.14999999999998,-74.0,7.133561192256663e-05,0.8999746481800294,429.2013,1.084712437322564,2.0181486464149965e+23,53.661637718346796,252.96461978239213,,True,388.8458,2384.027,1995.1812,6.131034461475474,1995.1812,34.4957,False,False,0.6061565936968532,4.734848,1604.868,0.8043720540269722,0.7674418604651163,0.0,5.021340697966358,-9.548114889280974
S8-3-6-3,300-140K 3K-min,S8-3-6,0.3797497505181546,4.566933333333333,0.12,3.919348,208.14999999999998,-65.0,0.00029026263417918525,0.95,105.48149767896189,0.32801366000980003,27641.56003353096,10.227075717444109,252.96461978239213,,True,114.4038,1418.844,1304.4402,12.402070560593266,1304.4402,29.8088,False,False,0.5788241500070299,4.734848,1354.857,1.0386501427968864,0.9767441860465116,0.0,4.804227720393947,-8.144724409723159
S8-3-6-3,300-140K 3K-min,S8-3-6,0.3797497505181546,4.566933333333333,0.12,3.919348,216.14999999999998,-57.0,0.0006238070856279577,0.95,49.08141968704963,0.32801366000980003,27641.56003353096,10.227075717444109,252.96461978239213,,True,47.16318,1245.351,1198.18782,26.405153342077448,1198.18782,26.73437,False,False,0.5852638562124592,4.734848,1178.361,0.9834526610360629,1.0,0.0,4.626416840157298,-7.379669395041428
S8-3-6-3,300-140K 3K-min,S8-3-6,0.3797497505181546,4.566933333333333,0.12,3.919348,224.14999999999998,-49.0,0.0013001607835151797,0.95,23.548885462213782,0.32801366000980003,27641.56003353096,10.227075717444109,252.96461978239213,,True,22.94744,1113.411,1090.4635600000001,48.52005278148674,1090.4635600000001,24.37392,False,False,0.5894217672589322,4.734848,1033.556,0.9478134234948659,1.0,0.0,4.461298237787196,-6.645267342535279
S8-3-6-3,300-140K 3K-min,S8-3-6,0.3797497505181546,4.566933333333333,0.12,3.919348,233.14999999999998,-40.0,0.002357300134744616,0.95,12.98830680157667,0.32801366000980003,27641.56003353096,10.227075717444109,252.96461978239213,,True,12.65037,922.8087,910.1583300000001,72.94717071516486,910.1583300000001,22.51248,False,False,0.5841984302518736,4.734848,903.4094,0.9925848835553688,1.0,0.0,4.2890842805061125,-6.050238325525802
S8-3-6-3,300-140K 3K-min,S8-3-6,0.3797497505181546,4.566933333333333,0.12,3.919348,241.14999999999998,-32.0,0.003872609463670342,0.95,7.9061257430391425,0.32801366000980003,27641.56003353096,10.227075717444109,252.96461978239213,,True,7.721665,728.785,721.0633349999999,94.38184640229795,721.0633349999999,20.93414,False,False,0.5720505922455944,4.734848,790.7968,1.0967092093234763,1.0,0.0,4.146796599626788,-5.5538267191469055
S8-3-6-3,300-140K 3K-min,S8-3-6,0.3797497505181546,4.566933333333333,0.12,3.919348,249.14999999999998,-24.0,0.005879456620308867,0.95,5.207511399557307,0.32801366000980003,27641.56003353096,10.227075717444109,252.96461978239213,,True,5.102534,587.7662,582.663666,115.19104037327335,582.663666,19.54589,False,False,0.5607573492778367,4.734848,695.414,1.1935084347613993,1.0,0.0,4.013646397752359,-5.136290932853906
S8-3-6-3,300-140K 3K-min,S8-3-6,0.3797497505181546,4.566933333333333,0.12,3.919348,258.15,-15.0,0.008169820482039835,0.95,3.747614459922206,0.10393006934868813,0.948296091336966,-0.053088492858868186,252.96461978239213,,True,3.684836,515.6039,511.91906399999993,139.9258745843777,511.91906399999993,18.35653,False,False,0.5576174305814355,4.734848,624.7573,1.2204220235876952,1.0,0.0,3.873716831299632,-4.807308343174173
S8-3-6-3,300-140K 3K-min,S8-3-6,0.3797497505181546,4.566933333333333,0.12,3.919348,266.15,-7.0,0.010493745482459368,0.95,2.917674859242485,0.10393006934868813,0.948296091336966,-0.053088492858868186,252.96461978239213,,True,2.879213,503.7194,500.840187,174.95037706484376,500.840187,17.35304,False,False,0.5657141637611176,4.734848,576.4778,1.151021453476134,1.0,0.0,3.7572797294758598,-4.55697586763673
S8-3-6-3,300-140K 3K-min,S8-3-6,0.3797497505181546,4.566933333333333,0.12,3.919348,274.15,1.0,0.012495559938755455,0.95,2.450257333286863,0.10393006934868813,0.948296091336966,-0.053088492858868186,252.96461978239213,,True,2.427511,535.3485,532.920989,220.53391313159855,532.920989,16.52669,False,False,0.5814456120686464,4.734848,541.5439,1.0161804679830297,1.0,0.0,3.647638154295094,-4.382381902673648
S8-3-6-3,300-140K 3K-min,S8-3-6,0.3797497505181546,4.566933333333333,0.12,3.919348,283.15,10.0,0.014131327206673476,0.95,2.1666285781707857,0.10393006934868813,0.948296091336966,-0.053088492858868186,252.96461978239213,,True,2.150547,595.9734,593.822853,277.12642411442295,593.822853,15.87914,False,False,0.5985637697128733,4.734848,516.3013,0.8694534024610856,1.0,0.0,3.531696980399082,-4.259361158411231
S8-3-6-3,300-140K 3K-min,S8-3-6,0.3797497505181546,4.566933333333333,0.12,3.919348,291.15,18.0,0.015148104139078335,0.95,2.0211992928194884,0.10393006934868813,0.948296091336966,-0.053088492858868186,252.96461978239213,,True,2.011194,654.2486,652.237406,325.3035758857673,652.237406,15.45341,False,False,0.6099077327885323,4.734848,503.6704,0.772219433241152,1.0,0.0,3.4346556757685045,-4.189879894192102
S8-3-6-3,300-140K 3K-min,S8-3-6,0.3797497505181546,4.566933333333333,0.12,3.919348,299.15,26.0,0.015605681215221469,0.95,1.9619353331142992,0.10393006934868813,0.948296091336966,-0.053088492858868186,252.96461978239213,,True,1.951357,691.1488,689.197443,354.18880297147064,689.197443,15.29577,False,False,0.614857833659529,4.734848,502.9694,0.7297899972040367,1.0,0.0,3.342804613070366,-4.16012025056134
S8-3-7-1,300-140K 1K-min,S8-3-7,0.3865699438677832,5.838000000000001,0.12,3.919348,190.14999999999998,-83.0,2.720370735919933e-07,0.7789931182656584,112548.4,0.9383503112575826,2.2726106730790676e+18,42.267460920801355,248.26824308737238,190.14999999999998,True,4179.514,124676.2,120496.686,29.830310414081637,120496.686,5342.994,True,True,0.9783665876088907,18984.38,22343.61,0.18542924906665068,1.0,0.8846153846153846,5.259006047856956,-15.117327479967848
S8-3-7-1,300-140K 1K-min,S8-3-7,0.3865699438677832,5.838000000000001,0.12,3.919348,195.14999999999998,-78.0,1.5923556833870456e-06,0.8981693686050851,19227.7,0.9383503112575826,2.2726106730790676e+18,42.267460920801355,248.26824308737238,190.14999999999998,True,5602.784,29309.99,23707.206000000002,5.231326069325536,23707.206000000002,972.656,False,False,0.8358897009345316,18984.38,2867.278,0.12094542056115763,0.2857142857142857,0.7692307692307693,5.124263387138099,-13.35029607628347
S8-3-7-1,300-140K 1K-min,S8-3-7,0.3865699438677832,5.838000000000001,0.12,3.919348,200.14999999999998,-73.0,5.295667755548757e-06,0.8993380529971994,5781.582,0.9383503112575826,2.2726106730790676e+18,42.267460920801355,248.26824308737238,190.14999999999998,True,3280.173,10070.93,6790.7570000000005,3.070243551178551,6790.7570000000005,257.4111,False,False,0.6652254748623754,4.734848,2024.103,0.29806735832249626,0.5813953488372093,0.0,4.996252810392207,-12.148621476276952
S8-3-7-1,300-140K 1K-min,S8-3-7,0.3865699438677832,5.838000000000001,0.12,3.919348,204.14999999999998,-69.0,1.4850853985492768e-05,0.8997259201326637,2061.655,0.9383503112575826,2.2726106730790676e+18,42.267460920801355,248.26824308737238,190.14999999999998,True,1590.613,4376.959,2786.3459999999995,2.7517435102064423,2786.3459999999995,104.5039,False,False,0.627998305546643,4.734848,1719.614,0.6171573810287738,0.5581395348837209,0.0,4.898359049718345,-11.117453186928465
S8-3-7-1,300-140K 1K-min,S8-3-7,0.3865699438677832,5.838000000000001,0.12,3.919348,207.14999999999998,-66.0,3.3050177461490114e-05,0.8998426008787667,926.3895,0.9383503112575826,2.2726106730790676e+18,42.267460920801355,248.26824308737238,190.14999999999998,True,826.0969,2568.339,1742.2421,3.109004524771852,1742.2421,42.24993,False,False,0.5994526650458051,4.734848,1501.524,0.8618342996073848,0.6511627906976745,0.0,4.827419744146754,-10.317483622195665
S8-3-7-1,300-140K 1K-min,S8-3-7,0.3865699438677832,5.838000000000001,0.12,3.919348,211.14999999999998,-62.0,6.248548417494253e-05,0.8998826022617257,489.9912,0.4270181796682048,1211074.107012838,14.007018215553764,248.26824308737238,190.14999999999998,True,484.0755,1955.351,1471.2755000000002,4.039351299539018,1471.2755000000002,37.10886,False,False,0.5916080185752658,4.734848,1366.924,0.9290741264977218,0.813953488372093,0.0,4.735969689793986,-9.680576281397789
S8-3-7-1,300-140K 1K-min,S8-3-7,0.3865699438677832,5.838000000000001,0.12,3.919348,214.14999999999998,-59.0,9.403220521767828e-05,0.8998334675527359,325.6048,0.4270181796682048,1211074.107012838,14.007018215553764,248.26824308737238,190.14999999999998,True,309.2581,1728.266,1419.0079,5.588425978171631,1419.0079,35.96082,False,False,0.5951055757570718,4.734848,1275.823,0.8990950649393842,0.813953488372093,0.0,4.669624095260332,-9.271873225672524
S8-3-7-1,300-140K 1K-min,S8-3-7,0.3865699438677832,5.838000000000001,0.12,3.919348,217.14999999999998,-56.0,0.00014591190659615915,0.8998453589040959,209.8344,0.4270181796682048,1211074.107012838,14.007018215553764,248.26824308737238,190.14999999999998,True,208.1437,1632.888,1424.7442999999998,7.845003235745304,1424.7442999999998,35.62434,False,False,0.6014910956302826,4.734848,1203.0,0.8443620374547204,0.9534883720930233,0.0,4.605111673958094,-8.832507497840954
S8-3-7-1,300-140K 1K-min,S8-3-7,0.3865699438677832,5.838000000000001,0.12,3.919348,219.14999999999998,-54.0,0.00020921112874136533,0.8998741085038688,146.3466,0.4270181796682048,1211074.107012838,14.007018215553764,248.26824308737238,190.14999999999998,True,151.1638,1576.831,1425.6671999999999,10.431273889648182,1425.6671999999999,35.37041,False,False,0.6067290037955562,4.734848,1139.772,0.7994656817523749,1.0,0.0,4.56308464522017,-8.472166630527953
S8-3-7-1,300-140K 1K-min,S8-3-7,0.3865699438677832,5.838000000000001,0.12,3.919348,222.14999999999998,-51.0,0.0002830493722215955,0.8999212682380461,108.1696,0.4270181796682048,1211074.107012838,14.007018215553764,248.26824308737238,190.14999999999998,True,113.5273,1522.028,1408.5007,13.406713627471103,1408.5007,35.78986,False,False,0.6101202434617179,4.734848,1085.106,0.7703979131852752,1.0,0.0,4.501462975467027,-8.169889215390457
S8-3-7-1,300-140K 1K-min,S8-3-7,0.3865699438677832,5.838000000000001,0.12,3.919348,225.14999999999998,-48.0,0.00037238489816857653,0.8999306079176121,82.2196,0.4270181796682048,1211074.107012838,14.007018215553764,248.26824308737238,190.14999999999998,True,86.71291,1443.722,1357.00909,16.64944700852503,1357.00909,38.15865,False,False,0.6114298735709525,4.734848,1030.204,0.7591725122489779,1.0,0.0,4.4414834554741285,-7.8955825660996055
S8-3-7-1,300-140K 1K-min,S8-3-7,0.3865699438677832,5.838000000000001,0.12,3.919348,228.14999999999998,-45.0,0.0004794355224259902,0.8999310360021596,63.86122,0.4270181796682048,1211074.107012838,14.007018215553764,248.26824308737238,190.14999999999998,True,67.84315,1361.912,1294.06885,20.074421662319633,1294.06885,44.34923,False,False,0.6119337944551148,4.734848,976.832,0.7548531903847304,1.0,0.0,4.38308130615823,-7.642901141032846
S8-3-7-1,300-140K 1K-min,S8-3-7,0.3865699438677832,5.838000000000001,0.12,3.919348,230.14999999999998,-43.0,0.0006130161611171618,0.8999314320141854,49.9454,0.4270181796682048,1211074.107012838,14.007018215553764,248.26824308737238,190.14999999999998,True,53.54603,1281.165,1227.61897,23.926423676974743,1227.61897,57.68726,False,False,0.6121056077087719,4.734848,924.8642,0.7533805053533829,1.0,0.0,4.344992396263307,-7.397119258399792
S8-3-7-1,300-140K 1K-min,S8-3-7,0.3865699438677832,5.838000000000001,0.12,3.919348,233.14999999999998,-40.0,0.000771744179427753,0.8999310537079744,39.67291,0.4270181796682048,1211074.107012838,14.007018215553764,248.26824308737238,190.14999999999998,True,42.90267,1218.884,1175.98133,28.4104462496157,1175.98133,85.46609,False,False,0.6133724739207098,4.734848,873.1916,0.7425216521082008,0.9302325581395349,0.0,4.2890842805061125,-7.166857436654174
S8-3-7-1,300-140K 1K-min,S8-3-7,0.3865699438677832,5.838000000000001,0.12,3.919348,236.14999999999998,-37.0,0.0009656534741462147,0.8998841019541042,31.70634,0.4270181796682048,1211074.107012838,14.007018215553764,248.26824308737238,190.14999999999998,True,34.74273,1210.879,1176.13627,34.85273034099507,1176.13627,130.6316,False,False,0.6181817823428459,4.734848,824.8232,0.7012990084898916,0.9069767441860465,0.0,4.2345966546686435,-6.94270551052396
S8-3-7-1,300-140K 1K-min,S8-3-7,0.3865699438677832,5.838000000000001,0.12,3.919348,239.14999999999998,-34.0,0.0011909074505658897,0.8998925589857265,25.70925,0.4270181796682048,1211074.107012838,14.007018215553764,248.26824308737238,190.14999999999998,True,28.41837,1348.286,1319.86763,47.44417079515821,1319.86763,219.2024,False,False,0.6300848727282347,4.734848,790.9604,0.5992725194722743,0.9069767441860465,0.0,4.181476061049551,-6.733039698961771
S8-3-7-1,300-140K 1K-min,S8-3-7,0.3865699438677832,5.838000000000001,0.12,3.919348,242.14999999999998,-31.0,0.001443077943518103,0.8999139101378006,21.21669,0.4270181796682048,1211074.107012838,14.007018215553764,248.26824308737238,190.14999999999998,True,23.53648,1478.327,1454.79052,62.810029367178096,1454.79052,252.9556,False,False,0.6385689860924673,4.734848,766.0222,0.526551547778851,0.9534883720930233,0.0,4.129671691100558,-6.540976985737096
S8-3-7-1,300-140K 1K-min,S8-3-7,0.3865699438677832,5.838000000000001,0.12,3.919348,244.14999999999998,-29.0,0.0017358243259608863,0.899923666822476,17.6385,0.4270181796682048,1211074.107012838,14.007018215553764,248.26824308737238,190.14999999999998,True,19.78638,1638.359,1618.57262,82.80236202882992,1618.57262,265.1423,False,False,0.6466364948559841,4.734848,740.3375,0.4574014726629934,0.9767441860465116,0.0,4.095842719639566,-6.356272862587502
S8-3-7-1,300-140K 1K-min,S8-3-7,0.3865699438677832,5.838000000000001,0.12,3.919348,247.14999999999998,-26.0,0.0020519160727830808,0.8999295037654325,14.92134,0.4270181796682048,1211074.107012838,14.007018215553764,248.26824308737238,190.14999999999998,True,16.83744,1674.978,1658.14056,99.47937453674668,1658.14056,260.8752,False,False,0.6498694238161169,4.734848,712.4875,0.42969065300471243,1.0,0.0,4.046125834513454,-6.188981252713227
S8-3-7-1,300-140K 1K-min,S8-3-7,0.3865699438677832,5.838000000000001,0.12,3.919348,250.14999999999998,-23.0,0.0024089645644848326,0.8999368086220317,12.70975,0.19081584584272646,19.412297265859632,2.9659067449359,248.26824308737238,190.14999999999998,True,14.52202,1754.277,1739.75498,120.8011695342659,1739.75498,264.7026,False,False,0.6535682815902425,4.734848,692.3984,0.39798615779792146,0.9767441860465116,0.0,3.9976014391365187,-6.028558265094439
S8-3-7-1,300-140K 1K-min,S8-3-7,0.3865699438677832,5.838000000000001,0.12,3.919348,253.14999999999998,-20.0,0.0027850526789552957,0.8999410444788507,10.99345,0.19081584584272646,19.412297265859632,2.9659067449359,248.26824308737238,190.14999999999998,True,12.64475,1882.406,1869.76125,148.86858182249549,1869.76125,265.425,False,False,0.6571393673924946,4.734848,686.907,0.36737685092147443,1.0,0.0,3.950227138060439,-5.883488490537509
S8-3-7-1,300-140K 1K-min,S8-3-7,0.3865699438677832,5.838000000000001,0.12,3.919348,255.14999999999998,-18.0,0.003203065813291797,0.8999461110075313,9.55876,0.19081584584272646,19.412297265859632,2.9659067449359,248.26824308737238,190.14999999999998,True,11.13597,2007.168,1996.0320299999998,180.24186487571356,1996.0320299999998,259.0381,False,False,0.6592462518416267,4.734848,697.2496,0.3493178413574855,0.9767441860465116,0.0,3.919263178522438,-5.743646861175702
S8-3-7-1,300-140K 1K-min,S8-3-7,0.3865699438677832,5.838000000000001,0.12,3.919348,258.15,-15.0,0.003628635454384619,0.8999506998582025,8.4377,0.19081584584272646,19.412297265859632,2.9659067449359,248.26824308737238,190.14999999999998,True,9.8963,2175.439,2165.5427,219.82346937744407,2165.5427,255.5497,False,False,0.6610486153578654,4.734848,723.0076,0.3338690112182963,0.9534883720930233,0.0,3.873716831299632,-5.618898609259482
S8-3-7-1,300-140K 1K-min,S8-3-7,0.3865699438677832,5.838000000000001,0.12,3.919348,261.15,-12.0,0.0040947832676859796,0.8999554505350957,7.477157,0.19081584584272646,19.412297265859632,2.9659067449359,248.26824308737238,190.14999999999998,True,8.854493,2319.512,2310.6575070000004,261.9587592423417,2310.6575070000004,246.4922,True,True,0.960474194874553,15.02404,782.8337,0.33879261536097466,1.0,0.5714285714285714,3.8292169251388093,-5.498041489161749
S8-3-7-1,300-140K 1K-min,S8-3-7,0.3865699438677832,5.838000000000001,0.12,3.919348,264.15,-9.0,0.004583461870568532,0.8999634288275232,6.679959,0.19081584584272646,19.412297265859632,2.9659067449359,248.26824308737238,190.14999999999998,True,7.973222,2291.602,2283.628778,287.412290790348,2283.628778,237.7357,True,True,0.9599886961137254,15.02404,783.1797,0.3429540333109254,1.0,0.7142857142857143,3.7857278061707365,-5.385300699443226
S8-3-7-1,300-140K 1K-min,S8-3-7,0.3865699438677832,5.838000000000001,0.12,3.919348,267.15,-6.0,0.0051076481878051545,0.8999689741206208,5.99441,0.19081584584272646,19.412297265859632,2.9659067449359,248.26824308737238,190.14999999999998,True,7.243393,2316.388,2309.1446069999997,319.79322397666397,2309.1446069999997,228.7239,True,True,0.9608301721804351,15.02404,775.2754,0.3357413813105555,1.0,0.7142857142857143,3.7432154220475393,-5.277016217928306
S8-3-7-1,300-140K 1K-min,S8-3-7,0.3865699438677832,5.838000000000001,0.12,3.919348,269.15,-4.0,0.005629001359840312,0.899976860162925,5.439213,0.19081584584272646,19.412297265859632,2.9659067449359,248.26824308737238,190.14999999999998,True,6.632727,1379.139,1372.506273,207.92940822078157,1372.506273,148.0788,False,False,0.6629750143954352,4.734848,435.5745,0.3173570194676988,1.0,0.0,3.7154003343860302,-5.179823230922676
S8-3-7-1,300-140K 1K-min,S8-3-7,0.3865699438677832,5.838000000000001,0.12,3.919348,272.15,-1.0,0.006123773663375388,0.899982894999626,4.99975,0.19081584584272646,19.412297265859632,2.9659067449359,248.26824308737238,190.14999999999998,True,6.110765,1159.714,1153.603235,189.78213038793015,1153.603235,140.8333,False,False,0.6573182831212616,4.734848,422.038,0.36584328753204276,0.9302325581395349,0.0,3.6744442403086537,-5.095576760822118
S8-3-7-1,300-140K 1K-min,S8-3-7,0.3865699438677832,5.838000000000001,0.12,3.919348,274.15,1.0,0.006674160463530693,0.8999895466680525,4.587444,0.19081584584272646,19.412297265859632,2.9659067449359,248.26824308737238,190.14999999999998,True,5.670965,1153.556,1147.885035,203.41441006953843,1147.885035,73.97071,False,False,0.6576311432035817,4.734848,416.8678,0.36316162968358556,1.0,0.0,3.647638154295094,-5.009511855859771
S8-3-7-1,300-140K 1K-min,S8-3-7,0.3865699438677832,5.838000000000001,0.12,3.919348,277.15,4.0,0.007162798070008075,0.8999927865889383,4.274494,0.19081584584272646,19.412297265859632,2.9659067449359,248.26824308737238,190.14999999999998,True,5.289052,1100.341,1095.0519479999998,208.0412520050852,1095.0519479999998,66.08414,False,False,0.6563327580753884,4.734848,409.8677,0.3742906450681002,1.0,0.0,3.608154429009562,-4.938854582448281
S8-3-7-1,300-140K 1K-min,S8-3-7,0.3865699438677832,5.838000000000001,0.12,3.919348,280.15,7.0,0.007658686391907476,0.8999950141749308,3.997727,0.19081584584272646,19.412297265859632,2.9659067449359,248.26824308737238,190.14999999999998,True,4.963062,1091.396,1086.432938,219.9037610249479,1086.432938,89.64951,False,False,0.657788672395105,4.734848,393.0838,0.361811379470529,0.9767441860465116,0.0,3.5695163305372124,-4.871914799242727
S8-3-7-1,300-140K 1K-min,S8-3-7,0.3865699438677832,5.838000000000001,0.12,3.919348,282.15,9.0,0.008106678920447315,0.8999998968905708,3.776804,0.19081584584272646,19.412297265859632,2.9659067449359,248.26824308737238,190.14999999999998,True,4.688485,1367.678,1362.9895150000002,291.7100086701781,1362.9895150000002,159.1914,False,False,0.6671462769836494,4.734848,383.8224,0.28160334014014754,0.9534883720930233,0.0,3.5442140705298604,-4.8150669989850865
S8-3-7-1,300-140K 1K-min,S8-3-7,0.3865699438677832,5.838000000000001,0.12,3.919348,285.15,12.0,0.008576497675524318,0.95,3.569911464074329,0.19081584584272646,19.412297265859632,2.9659067449359,248.26824308737238,190.14999999999998,True,4.456933,1353.495,1349.038067,303.68304841019597,1349.038067,154.7525,False,False,0.6683107768571712,4.734848,366.4283,0.2716219126528175,0.9534883720930233,0.0,3.506926179203928,-4.758729645142902
S8-3-7-1,300-140K 1K-min,S8-3-7,0.3865699438677832,5.838000000000001,0.12,3.919348,288.15,15.0,0.008952131847965743,0.95,3.420116894325958,0.19081584584272646,19.412297265859632,2.9659067449359,248.26824308737238,190.14999999999998,True,4.267982,1372.822,1368.5540179999998,321.655995737564,1368.5540179999998,154.4871,False,False,0.6681056834981285,4.734848,374.1351,0.27337985573032736,0.9302325581395349,0.0,3.47041471455839,-4.715863579755935
S8-3-7-1,300-140K 1K-min,S8-3-7,0.3865699438677832,5.838000000000001,0.12,3.919348,291.15,18.0,0.009421272872793785,0.8999572732848041,3.249809,0.19081584584272646,19.412297265859632,2.9659067449359,248.26824308737238,190.14999999999998,True,4.115005,1369.118,1365.0029949999998,332.7135689993086,1365.0029949999998,151.3302,False,False,0.6682902319688072,4.734848,371.0051,0.2717980116959376,0.9534883720930233,0.0,3.4346556757685045,-4.664785075021957
S8-3-7-1,300-140K 1K-min,S8-3-7,0.3865699438677832,5.838000000000001,0.12,3.919348,294.15,21.0,0.009762910714358721,0.8999607560383611,3.136087,0.19081584584272646,19.412297265859632,2.9659067449359,248.26824308737238,190.14999999999998,True,3.987013,1383.165,1379.177987,346.91760473316737,1379.177987,151.9872,False,False,0.6681141239580027,4.734848,376.9397,0.27330750893140504,0.9534883720930233,0.0,3.3996260411354755,-4.629164694088347
S8-3-7-1,300-140K 1K-min,S8-3-7,0.3865699438677832,5.838000000000001,0.12,3.919348,296.15,23.0,0.009955310157790463,0.8999660904926391,3.075478,0.19081584584272646,19.412297265859632,2.9659067449359,248.26824308737238,190.14999999999998,True,3.89325,1376.135,1372.24175,353.46689783599817,1372.24175,152.3141,False,False,0.6680937172088421,4.734848,375.284,0.27348242392420996,0.9302325581395349,0.0,3.3766672294445383,-4.609649185970354
S8-3-7-1,300-140K 1K-min,S8-3-7,0.3865699438677832,5.838000000000001,0.12,3.919348,299.15,26.0,0.010226832764204274,0.8999727431358344,2.993824,0.19081584584272646,19.412297265859632,2.9659067449359,248.26824308737238,190.14999999999998,True,3.790492,1402.615,1398.824508,370.03507724063263,1398.824508,156.378,False,False,0.6681649034037846,4.734848,381.7004,0.27287225653898806,0.9302325581395349,0.0,3.342804613070366,-4.582740349672497
S8-3-7-2,300-140K 3K-min,S8-3-7,0.3865699438677832,5.838000000000001,0.12,3.919348,199.14999999999998,-74.0,1.3905139523760282e-05,0.8994230657916443,2201.872,0.7476042539785246,115709040136874.38,32.38209988136172,255.20248941568482,299.15,True,1462.841,10182.67,8719.829,6.9608863847813955,8719.829,109.4758,False,False,0.672831988257262,4.734848,2030.575,0.2328686720806107,0.5581395348837209,0.0,5.021340697966358,-11.18325203625747
S8-3-7-2,300-140K 3K-min,S8-3-7,0.3865699438677832,5.838000000000001,0.12,3.919348,208.14999999999998,-65.0,9.146315651047899e-05,0.8997893151587437,334.7505,0.7476042539785246,115709040136874.38,32.38209988136172,255.20248941568482,299.15,True,321.5231,2798.601,2477.0779,8.704198858495705,2477.0779,42.91917,False,False,0.630818465579948,4.734848,1468.869,0.5929845807433021,0.813953488372093,0.0,4.804227720393947,-9.299574327860205
S8-3-7-2,300-140K 3K-min,S8-3-7,0.3865699438677832,5.838000000000001,0.12,3.919348,217.14999999999998,-56.0,0.0003034351747179561,0.8999464557493245,100.9024,0.34124646240303524,26940.12424438992,10.201372061846442,255.20248941568482,299.15,True,110.6721,1442.203,1331.5309,13.031315028810333,1331.5309,38.71592,False,False,0.5907123747560046,4.734848,1247.313,0.9367510735199606,1.0,0.0,4.605111673958094,-8.100342562641401
S8-3-7-2,300-140K 3K-min,S8-3-7,0.3865699438677832,5.838000000000001,0.12,3.919348,225.14999999999998,-48.0,0.0006327287108872921,0.8999493082231582,48.38936,0.34124646240303524,26940.12424438992,10.201372061846442,255.20248941568482,299.15,True,54.24501,1473.101,1418.85599,27.156433375162067,1418.85599,56.82388,False,False,0.60940098860914,4.734848,1101.831,0.7765629547787998,1.0,0.0,4.4414834554741285,-7.365468804482709
S8-3-7-2,300-140K 3K-min,S8-3-7,0.3865699438677832,5.838000000000001,0.12,3.919348,233.14999999999998,-40.0,0.0012167645702925891,0.8999235325570198,25.16291,0.34124646240303524,26940.12424438992,10.201372061846442,255.20248941568482,299.15,True,28.95329,1375.181,1346.2277100000001,47.49653666301826,1346.2277100000001,69.84844,False,False,0.6163108520474594,4.734848,965.697,0.7173355538789193,1.0,0.0,4.2890842805061125,-6.711559934559647
S8-3-7-2,300-140K 3K-min,S8-3-7,0.3865699438677832,5.838000000000001,0.12,3.919348,241.14999999999998,-32.0,0.0020981629111945627,0.8999500261310723,14.59245,0.34124646240303524,26940.12424438992,10.201372061846442,255.20248941568482,299.15,True,17.02933,1266.954,1249.9246699999999,74.39834685216623,1249.9246699999999,102.4169,False,False,0.623242324942137,4.734848,822.3541,0.6579229290673969,0.9767441860465116,0.0,4.146796599626788,-6.166693121310317
S8-3-7-2,300-140K 3K-min,S8-3-7,0.3865699438677832,5.838000000000001,0.12,3.919348,250.14999999999998,-23.0,0.003297344499343338,0.899965771897951,9.285453,0.34124646240303524,26940.12424438992,10.201372061846442,255.20248941568482,299.15,True,11.12063,1202.703,1191.58237,108.15061736610245,1191.58237,134.4678,False,False,0.6326407162267766,4.734848,687.9783,0.577365289484771,0.9767441860465116,0.0,3.9976014391365187,-5.71463783162095
S8-3-7-2,300-140K 3K-min,S8-3-7,0.3865699438677832,5.838000000000001,0.12,3.919348,258.15,-15.0,0.004781850467412822,0.8999797515098059,6.402822,0.11266598311186449,0.8243684089856211,-0.19313775070780093,255.20248941568482,299.15,True,7.845328,1400.009,1392.163672,178.45130248219067,1392.163672,154.2659,False,False,0.6514427819374962,4.734848,579.4251,0.41620472625003224,1.0,0.0,3.873716831299632,-5.342927680319312
S8-3-7-2,300-140K 3K-min,S8-3-7,0.3865699438677832,5.838000000000001,0.12,3.919348,267.15,-6.0,0.0063185827836172055,0.8999948131407471,4.845602,0.11266598311186449,0.8243684089856211,-0.19313775070780093,255.20248941568482,299.15,True,6.044591,2352.554,2346.5094090000002,389.19986480474864,2346.5094090000002,165.3032,False,False,0.6623495479450685,4.734848,757.2612,0.32271816047084073,1.0,0.0,3.7432154220475393,-5.0642603390681575
S8-3-7-2,300-140K 3K-min,S8-3-7,0.3865699438677832,5.838000000000001,0.12,3.919348,274.15,1.0,0.007579992155556821,0.95,4.0392307465669095,0.11266598311186449,0.8243684089856211,-0.19313775070780093,255.20248941568482,299.15,True,4.990285,1676.063,1671.072715,335.8651860565078,1671.072715,132.716,False,False,0.6651989959435527,4.734848,498.4715,0.2982943204838335,1.0,0.0,3.647638154295094,-4.882243114215355
S8-3-7-2,300-140K 3K-min,S8-3-7,0.3865699438677832,5.838000000000001,0.12,3.919348,283.15,10.0,0.008568543938003787,0.95,3.5732252288122144,0.11266598311186449,0.8243684089856211,-0.19313775070780093,255.20248941568482,299.15,True,4.368688,1248.219,1243.850312,285.71941965184976,1243.850312,101.9358,False,False,0.6656065233461415,4.734848,366.6886,0.29480122846164447,1.0,0.0,3.531696980399082,-4.75965746302406
S8-3-7-2,300-140K 3K-min,S8-3-7,0.3865699438677832,5.838000000000001,0.12,3.919348,291.15,18.0,0.009414268245562532,0.8999916825804367,3.252227,0.11266598311186449,0.8243684089856211,-0.19313775070780093,255.20248941568482,299.15,True,4.06628,920.9948,916.92852,226.4956668011057,916.92852,86.46002,False,False,0.8134086235351621,4.734848,287.5858,0.31364036969861037,0.2857142857142857,1.0,3.4346556757685045,-4.665528842085525
S8-3-7-2,300-140K 3K-min,S8-3-7,0.3865699438677832,5.838000000000001,0.12,3.919348,299.15,26.0,0.009543308123383418,0.8999921145436881,3.208252,0.11266598311186449,0.8243684089856211,-0.19313775070780093,255.20248941568482,299.15,True,3.997785,820.8903,816.892515,205.33627996503066,816.892515,82.16158,True,True,0.9123935857297782,4.734848,263.3177,0.32234069374475743,0.42857142857142855,1.0,3.342804613070366,-4.651915090173113
S8-3-8-2,300-150K 1K-min,S8-3-8,0.38656994386778326,7.005600000000001,0.12,3.919348,191.14999999999998,-82.0,1.5620668101046808e-07,0.8059657066832737,196005.3,1.1793574843209251,2.5568219835964445e+24,56.200807306499925,245.33770379251754,191.14999999999998,True,2724.004,220291.1,217567.09600000002,80.87032911845945,217567.09600000002,9192.188,True,True,0.9465475928400497,2390.625,99681.3,0.45816348994243133,0.875,0.75,5.231493591420351,-15.672085828301443
S8-3-8-2,300-150K 1K-min,S8-3-8,0.38656994386778326,7.005600000000001,0.12,3.919348,195.14999999999998,-78.0,1.2586032881696253e-06,0.8968560124540278,24326.44,1.1793574843209251,2.5568219835964445e+24,56.200807306499925,245.33770379251754,191.14999999999998,True,3928.826,36972.74,33043.914,9.410633100066024,33043.914,1822.269,False,False,0.9319990180340016,18984.38,5098.482,0.15429413113712862,0.42857142857142855,0.7692307692307693,5.124263387138099,-13.585507953295712
S8-3-8-2,300-150K 1K-min,S8-3-8,0.38656994386778326,7.005600000000001,0.12,3.919348,200.14999999999998,-73.0,5.372661648961153e-06,0.8991346572516659,5698.728,1.1793574843209251,2.5568219835964445e+24,56.200807306499925,245.33770379251754,191.14999999999998,True,2626.212,10173.21,7546.998,3.8737200195566843,7546.998,357.4671,False,False,0.6664467690773647,4.734848,2170.51,0.28759912219401673,0.5581395348837209,0.0,4.996252810392207,-12.134187120662535
S8-3-8-2,300-150K 1K-min,S8-3-8,0.38656994386778326,7.005600000000001,0.12,3.919348,204.14999999999998,-69.0,1.9236478710466507e-05,0.8997889522329392,1591.629,1.1793574843209251,2.5568219835964445e+24,56.200807306499925,245.33770379251754,191.14999999999998,True,1184.033,3641.371,2457.338,3.075396547224613,2457.338,109.9515,False,False,0.6127625232399179,4.734848,1837.474,0.7477498008007035,0.5581395348837209,0.0,4.898359049718345,-10.858702148683294
S8-3-8-2,300-150K 1K-min,S8-3-8,0.38656994386778326,7.005600000000001,0.12,3.919348,207.14999999999998,-66.0,4.6554652150034416e-05,0.8998764912547886,657.6644,1.1793574843209251,2.5568219835964445e+24,56.200807306499925,245.33770379251754,191.14999999999998,True,573.825,2131.467,1557.642,3.7144896092014115,1557.642,41.30136,False,False,0.5763445323123029,4.734848,1650.951,1.0599040087516893,0.6976744186046512,0.0,4.827419744146754,-9.974883620458495
S8-3-8-2,300-150K 1K-min,S8-3-8,0.38656994386778326,7.005600000000001,0.12,3.919348,211.14999999999998,-62.0,8.727582635178437e-05,0.8999276667708667,350.8112,0.5246402160901552,410263921.21238554,19.832311220844147,245.33770379251754,191.14999999999998,True,317.4606,1681.305,1363.8444,5.296106036465628,1363.8444,36.06905,False,False,0.5676949144638495,4.734848,1546.659,1.1340435903098618,0.7441860465116279,0.0,4.735969689793986,-9.346437036650375
S8-3-8-2,300-150K 1K-min,S8-3-8,0.38656994386778326,7.005600000000001,0.12,3.919348,213.14999999999998,-60.0,0.00015347528629219734,0.8999604041076428,199.4936,0.5246402160901552,410263921.21238554,19.832311220844147,245.33770379251754,191.14999999999998,True,187.5292,1498.579,1311.0498,7.991176840726671,1311.0498,34.16285,False,False,0.5695452809394934,4.734848,1465.994,1.1181833062329127,0.813953488372093,0.0,4.691531785127845,-8.781971005252895
S8-3-8-2,300-150K 1K-min,S8-3-8,0.38656994386778326,7.005600000000001,0.12,3.919348,216.14999999999998,-57.0,0.0002444298937209193,0.8999762165768548,125.2602,0.5246402160901552,410263921.21238554,19.832311220844147,245.33770379251754,191.14999999999998,True,120.081,1435.104,1315.0230000000001,11.951132985234967,1315.0230000000001,32.55622,False,False,0.576067123287324,4.734848,1396.925,1.0622818003943648,0.8604651162790697,0.0,4.626416840157298,-8.316582023412959
S8-3-8-2,300-150K 1K-min,S8-3-8,0.38656994386778326,7.005600000000001,0.12,3.919348,219.14999999999998,-54.0,0.000399412249030814,0.8999961975635157,76.65598,0.5246402160901552,410263921.21238554,19.832311220844147,245.33770379251754,191.14999999999998,True,79.64542,1421.994,1342.3485799999999,17.854058651457922,1342.3485799999999,31.10689,False,False,0.5840815252324401,4.734848,1333.74,0.9935869265790852,1.0,0.0,4.56308464522017,-7.825516468872926
S8-3-8-2,300-150K 1K-min,S8-3-8,0.38656994386778326,7.005600000000001,0.12,3.919348,222.14999999999998,-51.0,0.0005543876750973076,0.95,55.22730527529686,0.5246402160901552,410263921.21238554,19.832311220844147,245.33770379251754,191.14999999999998,True,54.46114,1429.111,1374.64986,26.24093068929516,1374.64986,29.74418,False,False,0.5919169981704772,4.734848,1273.511,0.9264257299673381,1.0,0.0,4.501462975467027,-7.497646341401157
S8-3-8-2,300-150K 1K-min,S8-3-8,0.38656994386778326,7.005600000000001,0.12,3.919348,224.14999999999998,-49.0,0.0007851135929387175,0.95,38.99733446068479,0.5246402160901552,410263921.21238554,19.832311220844147,245.33770379251754,191.14999999999998,True,38.28619,1431.371,1393.08481,37.38609143401316,1393.08481,28.46795,False,False,0.5981342588419534,4.734848,1216.351,0.8731349242118284,1.0,0.0,4.461298237787196,-7.149682146270003
S8-3-8-2,300-150K 1K-min,S8-3-8,0.38656994386778326,7.005600000000001,0.12,3.919348,227.14999999999998,-46.0,0.001090543279276099,0.95,28.07530701008477,0.5246402160901552,410263921.21238554,19.832311220844147,245.33770379251754,191.14999999999998,True,27.64239,1412.115,1384.47261,51.08512686493462,1384.47261,27.29917,False,False,0.6021055028311467,4.734848,1161.705,0.8390956900187423,1.0,0.0,4.402377283733216,-6.821079285557531
S8-3-8-2,300-150K 1K-min,S8-3-8,0.38656994386778326,7.005600000000001,0.12,3.919348,230.14999999999998,-43.0,0.001477281759031022,0.95,20.725455510628933,0.5246402160901552,410263921.21238554,19.832311220844147,245.33770379251754,191.14999999999998,True,20.38495,1361.23,1340.8450500000001,66.77622461669026,1340.8450500000001,26.28195,False,False,0.6037273049062107,4.734848,1106.458,0.8251945293753362,1.0,0.0,4.344992396263307,-6.517551529217835
S8-3-8-2,300-150K 1K-min,S8-3-8,0.38656994386778326,7.005600000000001,0.12,3.919348,233.14999999999998,-40.0,0.0019497535853492693,0.95,15.703183009137259,0.5246402160901552,410263921.21238554,19.832311220844147,245.33770379251754,191.14999999999998,True,15.44553,1289.472,1274.02647,83.48512482252147,1274.02647,25.3835,False,False,0.603676451871522,4.734848,1051.875,0.8256304125298113,1.0,0.0,4.2890842805061125,-6.240052280878953
S8-3-8-2,300-150K 1K-min,S8-3-8,0.38656994386778326,7.005600000000001,0.12,3.919348,235.14999999999998,-38.0,0.0025170942534653356,0.95,12.163762771818964,0.5246402160901552,410263921.21238554,19.832311220844147,245.33770379251754,191.14999999999998,True,11.97169,1203.849,1191.8773099999999,100.5579830416591,1191.8773099999999,24.61021,False,False,0.6022757356347916,4.734848,998.36,0.837636551701785,1.0,0.0,4.25260472039124,-5.9846501167818245
S8-3-8-2,300-150K 1K-min,S8-3-8,0.38656994386778326,7.005600000000001,0.12,3.919348,238.14999999999998,-35.0,0.0031784726092243536,0.95,9.632720220588178,0.5246402160901552,410263921.21238554,19.832311220844147,245.33770379251754,191.14999999999998,True,9.488187,1112.711,1103.222813,117.2732999465546,1103.222813,23.93463,False,False,0.6000387210690019,4.734848,945.2534,0.8568109622656971,1.0,0.0,4.199034222128911,-5.751354509141269
S8-3-8-2,300-150K 1K-min,S8-3-8,0.38656994386778326,7.005600000000001,0.12,3.919348,241.14999999999998,-32.0,0.003933035622654924,0.95,7.784658037954261,0.5246402160901552,410263921.21238554,19.832311220844147,245.33770379251754,191.14999999999998,True,7.673603,1024.872,1017.1983970000001,133.55812126324494,1017.1983970000001,23.335,False,False,0.5974907841896648,4.734848,893.7618,0.8786504212314434,1.0,0.0,4.146796599626788,-5.538343728198724
S8-3-8-2,300-150K 1K-min,S8-3-8,0.38656994386778326,7.005600000000001,0.12,3.919348,244.14999999999998,-29.0,0.004772487312942571,0.95,6.415383712059231,0.5246402160901552,410263921.21238554,19.832311220844147,245.33770379251754,191.14999999999998,True,6.330494,947.5608,941.2303059999999,149.6819679475251,941.2303059999999,22.79296,False,False,0.5952638271721777,4.734848,844.9788,0.8977386242384753,1.0,0.0,4.095842719639566,-5.344887660735098
S8-3-8-2,300-150K 1K-min,S8-3-8,0.38656994386778326,7.005600000000001,0.12,3.919348,246.14999999999998,-27.0,0.005707351983506145,0.95,5.364543392792856,0.1463115960794947,6.933497523020708,1.936364378963677,245.33770379251754,191.14999999999998,True,5.300627,884.4929,879.192273,166.86571230158242,879.192273,22.2845,False,False,0.5940200478763763,4.734848,798.6579,0.9083995896310603,1.0,0.0,4.062563477554337,-5.16600011357928
S8-3-8-2,300-150K 1K-min,S8-3-8,0.38656994386778326,7.005600000000001,0.12,3.919348,249.14999999999998,-24.0,0.006706093503783954,0.95,4.565599533645792,0.1463115960794947,6.933497523020708,1.936364378963677,245.33770379251754,191.14999999999998,True,4.514946,839.408,834.893054,185.91761673340056,834.893054,21.80468,False,False,0.5943313443033309,4.734848,756.1888,0.905731334542878,1.0,0.0,4.013646397752359,-5.004738687733196
S8-3-8-2,300-150K 1K-min,S8-3-8,0.38656994386778326,7.005600000000001,0.12,3.919348,252.14999999999998,-21.0,0.0077423939085839505,0.95,3.954505251859611,0.1463115960794947,6.933497523020708,1.936364378963677,245.33770379251754,191.14999999999998,True,3.913609,812.6919,808.7782910000001,207.65791881611065,808.7782910000001,21.35126,False,False,0.5966038291780346,4.734848,716.7821,0.8862528927597032,1.0,0.0,3.9658933174697606,-4.86104434868623
S8-3-8-2,300-150K 1K-min,S8-3-8,0.38656994386778326,7.005600000000001,0.12,3.919348,255.14999999999998,-18.0,0.008810221035290423,0.95,3.475206496048123,0.1463115960794947,6.933497523020708,1.936364378963677,245.33770379251754,191.14999999999998,True,3.440447,804.1929,800.7524530000001,233.74663234166957,800.7524530000001,20.92166,False,False,0.6005478538321756,4.734848,682.599,0.8524469671527801,1.0,0.0,3.919263178522438,-4.731842750212519
S8-3-8-2,300-150K 1K-min,S8-3-8,0.38656994386778326,7.005600000000001,0.12,3.919348,258.15,-15.0,0.0098838709493952,0.95,3.097707115989266,0.1463115960794947,6.933497523020708,1.936364378963677,245.33770379251754,191.14999999999998,True,3.071073,811.9139,808.842827,264.37466644394317,808.842827,20.50856,False,False,0.6058804000083773,4.734848,652.5254,0.8067394284996227,1.0,0.0,3.873716831299632,-4.616851047457077
S8-3-8-2,300-150K 1K-min,S8-3-8,0.38656994386778326,7.005600000000001,0.12,3.919348,260.15,-13.0,0.010943805756925284,0.95,2.797686477036229,0.1463115960794947,6.933497523020708,1.936364378963677,245.33770379251754,191.14999999999998,True,2.774231,833.504,830.729769,300.44506027075613,830.729769,20.11159,False,False,0.6121485416918211,4.734848,625.5499,0.7530124997843904,1.0,0.0,3.8439361906592353,-4.514981667078416
S8-3-8-2,300-150K 1K-min,S8-3-8,0.38656994386778326,7.005600000000001,0.12,3.919348,263.15,-10.0,0.011982300975700223,0.95,2.555213513293667,0.1463115960794947,6.933497523020708,1.936364378963677,245.33770379251754,191.14999999999998,True,2.533987,866.6633,864.129313,342.0156851633414,864.129313,19.72871,False,False,0.6187112172411631,4.734848,602.0916,0.6967609950757442,1.0,0.0,3.800114003420103,-4.4243246366490485
S8-3-8-2,300-150K 1K-min,S8-3-8,0.38656994386778326,7.005600000000001,0.12,3.919348,266.15,-7.0,0.013010058266365062,0.95,2.353358974003689,0.1463115960794947,6.933497523020708,1.936364378963677,245.33770379251754,191.14999999999998,True,2.342333,909.4158,907.0734669999999,388.25214006718943,907.0734669999999,19.35217,False,False,0.625334017441096,4.734848,580.5217,0.6399941362191772,1.0,0.0,3.7572797294758598,-4.342032507884734
S8-3-8-2,300-150K 1K-min,S8-3-8,0.38656994386778326,7.005600000000001,0.12,3.919348,269.15,-4.0,0.013987843762945583,0.95,2.1888532566089833,0.1463115960794947,6.933497523020708,1.936364378963677,245.33770379251754,191.14999999999998,True,2.172074,957.665,955.492926,440.8988828189095,955.492926,18.98131,False,False,0.6314852436699254,4.734848,561.1317,0.5872693399720674,1.0,0.0,3.7154003343860302,-4.269566629206727
S8-3-8-2,300-150K 1K-min,S8-3-8,0.38656994386778326,7.005600000000001,0.12,3.919348,272.15,-1.0,0.014894950386872087,0.95,2.0555514841087486,0.1463115960794947,6.933497523020708,1.936364378963677,245.33770379251754,191.14999999999998,True,2.039322,1005.928,1003.888678,493.2658991566805,1003.888678,18.62795,False,False,0.6367405838332737,4.734848,544.3321,0.5422235671433675,1.0,0.0,3.6744442403086537,-4.206733023680305
S8-3-8-2,300-150K 1K-min,S8-3-8,0.38656994386778326,7.005600000000001,0.12,3.919348,274.15,1.0,0.01574459463152964,0.95,1.9446253199906307,0.1463115960794947,6.933497523020708,1.936364378963677,245.33770379251754,191.14999999999998,True,1.930714,1051.126,1049.195286,544.423461993853,1049.195286,18.28557,False,False,0.6412346069830386,4.734848,528.4832,0.5037033687168125,1.0,0.0,3.647638154295094,-4.151258170614524
S8-3-8-2,300-150K 1K-min,S8-3-8,0.38656994386778326,7.005600000000001,0.12,3.919348,277.15,4.0,0.016530570590145496,0.95,1.8521645823716004,0.1463115960794947,6.933497523020708,1.936364378963677,245.33770379251754,191.14999999999998,True,1.838908,1089.139,1087.300092,592.2748718261055,1087.300092,17.94767,False,False,0.6449540253204233,4.734848,513.0128,0.4718226401106564,1.0,0.0,3.608154429009562,-4.10254384928485
S8-3-8-2,300-150K 1K-min,S8-3-8,0.38656994386778326,7.005600000000001,0.12,3.919348,280.15,7.0,0.017244030580930898,0.95,1.7755325374636548,0.1463115960794947,6.933497523020708,1.936364378963677,245.33770379251754,191.14999999999998,True,1.761556,1114.885,1113.123444,632.897847130605,1113.123444,17.61508,False,False,0.6477468960756162,4.734848,498.5499,0.4478837479232892,1.0,0.0,3.5695163305372124,-4.06028924867439
S8-3-8-2,300-150K 1K-min,S8-3-8,0.38656994386778326,7.005600000000001,0.12,3.919348,282.15,9.0,0.017892607045210004,0.95,1.7111725136587967,0.1463115960794947,6.933497523020708,1.936364378963677,245.33770379251754,191.14999999999998,True,1.698522,1126.965,1125.266478,663.4974407161048,1125.266478,17.28844,False,False,0.6497724721758456,4.734848,484.4516,0.43052166706418105,1.0,0.0,3.5442140705298604,-4.0233676656833754
S8-3-8-2,300-150K 1K-min,S8-3-8,0.38656994386778326,7.005600000000001,0.12,3.919348,285.15,12.0,0.018493782567973658,0.95,1.6555476015210773,0.1463115960794947,6.933497523020708,1.936364378963677,245.33770379251754,191.14999999999998,True,1.6439,1124.082,1122.4381,683.7897682340775,1122.4381,16.97306,False,False,0.6511735079199468,4.734848,469.7547,0.41851278925759877,1.0,0.0,3.506926179203928,-3.9903206807913554
S8-3-8-2,300-150K 1K-min,S8-3-8,0.38656994386778326,7.005600000000001,0.12,3.919348,288.15,15.0,0.01901135912887794,0.95,1.6104759878505408,0.1463115960794947,6.933497523020708,1.936364378963677,245.33770379251754,191.14999999999998,True,1.597964,1106.632,1105.034036,692.5262396399419,1105.034036,16.66749,False,False,0.6520189696069536,4.734848,454.4629,0.41126597479753974,1.0,0.0,3.47041471455839,-3.962718629567834
S8-3-8-2,300-150K 1K-min,S8-3-8,0.38656994386778326,7.005600000000001,0.12,3.919348,291.15,18.0,0.01948573445069867,0.95,1.5712693535327993,0.1463115960794947,6.933497523020708,1.936364378963677,245.33770379251754,191.14999999999998,True,1.559289,1075.474,1073.914711,689.720763758354,1073.914711,16.36561,False,False,0.6523180120275553,4.734848,438.9119,0.40870275404952494,1.0,0.0,3.4346556757685045,-3.938072647768722
S8-3-8-2,300-150K 1K-min,S8-3-8,0.38656994386778326,7.005600000000001,0.12,3.919348,294.15,21.0,0.019873524032940827,0.95,1.540609371680239,0.1463115960794947,6.933497523020708,1.936364378963677,245.33770379251754,191.14999999999998,True,1.529649,1034.014,1032.4843509999998,675.981221835859,1032.4843509999998,16.06848,False,False,0.7021801226796511,4.734848,423.1995,0.409884662745847,0.14285714285714285,1.0,3.3996260411354755,-3.9183668836928804
S8-3-8-2,300-150K 1K-min,S8-3-8,0.38656994386778326,7.005600000000001,0.12,3.919348,297.15,24.0,0.020126266419902967,0.95,1.521262649250407,0.1463115960794947,6.933497523020708,1.936364378963677,245.33770379251754,191.14999999999998,True,1.511184,992.569,991.057816,656.8154506664972,991.057816,15.787,False,False,0.7018213963950346,4.734848,409.2667,0.412959459471131,0.14285714285714285,1.0,3.365303718660609,-3.9057295299603325
S8-3-8-2,300-150K 1K-min,S8-3-8,0.38656994386778326,7.005600000000001,0.12,3.919348,299.15,26.0,0.020067844259976323,0.95,1.5256913984789524,0.1463115960794947,6.933497523020708,1.936364378963677,245.33770379251754,191.14999999999998,True,1.51785,965.337,963.81915,635.9897223045756,963.81915,15.56405,False,False,0.7013331849306653,4.734848,402.0515,0.41714412916572524,0.14285714285714285,1.0,3.342804613070366,-3.9086365330053368
S8-3-9-2,300-150K 1K-min,S8-3-9,0.29412726488993274,4.2860000000000005,0.12,3.919348,197.14999999999998,-76.0,6.582254567392196e-07,0.7215143220143386,46514.97,0.8628024624896808,1.0299365917700176e+16,36.87085872686296,251.9655555826747,197.14999999999998,True,5784.789,51246.71,45461.921,8.858872812819966,45461.921,2073.418,True,True,0.9829355700418672,18984.38,6649.558,0.14626654249828114,0.5714285714285714,0.7307692307692307,5.07227998985544,-14.233718324887269
S8-3-9-2,300-150K 1K-min,S8-3-9,0.29412726488993274,4.2860000000000005,0.12,3.919348,201.14999999999998,-72.0,3.2136122666817563e-06,0.8993163315172714,9527.39,0.8628024624896808,1.0299365917700176e+16,36.87085872686296,251.9655555826747,197.14999999999998,True,4749.504,14320.31,9570.806,3.0151169469485657,9570.806,395.0204,False,False,0.6783931172219629,4.734848,1772.531,0.18520185238317435,0.5116279069767442,0.0,4.971414367387522,-12.648114936793315
S8-3-9-2,300-150K 1K-min,S8-3-9,0.29412726488993274,4.2860000000000005,0.12,3.919348,206.14999999999998,-67.0,9.355046763554034e-06,0.8995672221622508,3272.815,0.8628024624896808,1.0299365917700176e+16,36.87085872686296,251.9655555826747,197.14999999999998,True,2228.2,5676.051,3447.8510000000006,2.547370523292344,3447.8510000000006,161.3769,False,False,0.6455409422661633,4.734848,1609.429,0.466791923432886,0.6046511627906976,0.0,4.850836769342712,-11.579594599474229
S8-3-9-2,300-150K 1K-min,S8-3-9,0.29412726488993274,4.2860000000000005,0.12,3.919348,210.14999999999998,-63.0,2.503271408916664e-05,0.8998225153579812,1223.093,0.8628024624896808,1.0299365917700176e+16,36.87085872686296,251.9655555826747,197.14999999999998,True,1081.646,2754.977,1673.331,2.547022778247227,1673.331,57.95688,False,False,0.5986709543220479,4.734848,1453.346,0.8685346772395893,0.6046511627906976,0.0,4.758505829169641,-10.595327024952542
S8-3-9-2,300-150K 1K-min,S8-3-9,0.29412726488993274,4.2860000000000005,0.12,3.919348,214.14999999999998,-59.0,4.736642862805657e-05,0.8999203305802228,646.3932,0.8628024624896808,1.0299365917700176e+16,36.87085872686296,251.9655555826747,197.14999999999998,True,599.8461,1833.375,1233.5289,3.056408968900523,1233.5289,28.65294,False,False,0.5727919548540776,4.734848,1344.984,1.090354672679334,0.6976744186046512,0.0,4.669624095260332,-9.95759683698763
S8-3-9-2,300-150K 1K-min,S8-3-9,0.29412726488993274,4.2860000000000005,0.12,3.919348,217.14999999999998,-56.0,8.17173815961393e-05,0.8999669755179301,374.6735,0.8628024624896808,1.0299365917700176e+16,36.87085872686296,251.9655555826747,197.14999999999998,True,351.5312,1455.498,1103.9668000000001,4.140451829026841,1103.9668000000001,27.00704,False,False,0.5669011000451585,4.734848,1259.458,1.1408477138986415,0.7441860465116279,0.0,4.605111673958094,-9.41224382969143
S8-3-9-2,300-150K 1K-min,S8-3-9,0.29412726488993274,4.2860000000000005,0.12,3.919348,220.14999999999998,-53.0,0.00013009300790594542,0.8999614483183577,235.3496,0.8628024624896808,1.0299365917700176e+16,36.87085872686296,251.9655555826747,197.14999999999998,True,224.7132,1310.566,1085.8528000000001,5.832171852832856,1085.8528000000001,26.02614,False,False,0.5715481662585083,4.734848,1195.541,1.1010157177842141,0.7906976744186046,0.0,4.542357483533954,-8.94726091788742
S8-3-9-2,300-150K 1K-min,S8-3-9,0.29412726488993274,4.2860000000000005,0.12,3.919348,222.14999999999998,-51.0,0.0001870364146329998,0.8999776925183697,163.6972,0.4279204643664117,978690.7908127519,13.793971029757657,251.9655555826747,197.14999999999998,True,157.6432,1248.245,1090.6018,7.918165832715904,1090.6018,25.04628,False,False,0.5779954944753133,4.734848,1140.5,1.0457529044973144,0.8604651162790697,0.0,4.501462975467027,-8.584207229409488
S8-3-9-2,300-150K 1K-min,S8-3-9,0.29412726488993274,4.2860000000000005,0.12,3.919348,225.14999999999998,-48.0,0.0002765169327022903,0.8999972849677275,110.725,0.4279204643664117,978690.7908127519,13.793971029757657,251.9655555826747,197.14999999999998,True,113.9439,1225.142,1111.1981,10.752150839141017,1111.1981,24.27146,False,False,0.5849964136307769,4.734848,1095.358,0.9857450260219118,0.9767441860465116,0.0,4.4414834554741285,-8.19323849944732
S8-3-9-2,300-150K 1K-min,S8-3-9,0.29412726488993274,4.2860000000000005,0.12,3.919348,228.14999999999998,-45.0,0.0003587075994134815,0.95,85.35458246082084,0.4279204643664117,978690.7908127519,13.793971029757657,251.9655555826747,197.14999999999998,True,84.34881,1207.709,1123.36019,14.318032465425416,1123.36019,23.56934,False,False,0.5905178400527084,4.734848,1054.182,0.938418513833928,1.0,0.0,4.38308130615823,-7.9330029876636114
S8-3-9-2,300-150K 1K-min,S8-3-9,0.29412726488993274,4.2860000000000005,0.12,3.919348,231.14999999999998,-42.0,0.00047301364889336373,0.95,64.72823235670198,0.4279204643664117,978690.7908127519,13.793971029757657,251.9655555826747,197.14999999999998,True,63.72175,1177.887,1114.16525,18.484850149281836,1114.16525,22.9221,False,False,0.5939037394437974,4.734848,1013.218,0.9093965190531648,1.0,0.0,4.3261951113995245,-7.656386313877328
S8-3-9-2,300-150K 1K-min,S8-3-9,0.29412726488993274,4.2860000000000005,0.12,3.919348,233.14999999999998,-40.0,0.000613213741449974,0.95,49.92930735874394,0.4279204643664117,978690.7908127519,13.793971029757657,251.9655555826747,197.14999999999998,True,49.10029,1134.337,1085.23671,23.102450107728487,1085.23671,22.31951,False,False,0.5951992080449743,4.734848,974.86,0.898292502471649,1.0,0.0,4.2890842805061125,-7.39679700180809
S8-3-9-2,300-150K 1K-min,S8-3-9,0.29412726488993274,4.2860000000000005,0.12,3.919348,236.14999999999998,-37.0,0.0007819468116361487,0.95,39.15526851423213,0.4279204643664117,978690.7908127519,13.793971029757657,251.9655555826747,197.14999999999998,True,38.51242,1074.944,1036.43158,27.91161916077982,1036.43158,21.75105,False,False,0.5947446246282847,4.734848,935.0571,0.9021889317575592,1.0,0.0,4.2345966546686435,-7.153723835542695
S8-3-9-2,300-150K 1K-min,S8-3-9,0.29412726488993274,4.2860000000000005,0.12,3.919348,239.14999999999998,-34.0,0.0009826948861987419,0.95,31.156504224719246,0.4279204643664117,978690.7908127519,13.793971029757657,251.9655555826747,197.14999999999998,True,30.73008,1005.049,974.3189199999999,32.705707241894586,974.3189199999999,21.21061,False,False,0.5926365284308893,4.734848,896.6251,0.9202583277352339,1.0,0.0,4.181476061049551,-6.925211876436906
S8-3-9-2,300-150K 1K-min,S8-3-9,0.29412726488993274,4.2860000000000005,0.12,3.919348,242.14999999999998,-31.0,0.0012140907159000972,0.95,25.21832757016196,0.4279204643664117,978690.7908127519,13.793971029757657,251.9655555826747,197.14999999999998,True,24.81997,931.771,906.95103,37.54118155662557,906.95103,20.71952,False,False,0.5898272361335026,4.734848,856.4683,0.9443379759985487,1.0,0.0,4.129671691100558,-6.71375986434244
S8-3-9-2,300-150K 1K-min,S8-3-9,0.29412726488993274,4.2860000000000005,0.12,3.919348,245.14999999999998,-28.0,0.001489054324866726,0.95,20.561598634892935,0.4279204643664117,978690.7908127519,13.793971029757657,251.9655555826747,197.14999999999998,True,20.2829,858.8051,838.5222,42.34133679109003,838.5222,20.20963,False,False,0.5862731581028306,4.734848,817.3927,0.9748015019757366,1.0,0.0,4.079135223332654,-6.509614041817705
S8-3-9-2,300-150K 1K-min,S8-3-9,0.29412726488993274,4.2860000000000005,0.12,3.919348,247.14999999999998,-26.0,0.0017871621470991197,0.95,17.131818410074573,0.4279204643664117,978690.7908127519,13.793971029757657,251.9655555826747,197.14999999999998,True,16.90573,796.7891,779.88337,47.13130400166098,779.88337,19.7467,False,False,0.5832760638726447,4.734848,780.2662,1.0004908810916162,1.0,0.0,4.046125834513454,-6.327126309876368
S8-3-9-2,300-150K 1K-min,S8-3-9,0.29412726488993274,4.2860000000000005,0.12,3.919348,250.14999999999998,-23.0,0.0021169478422858484,0.95,14.462962554807659,0.4279204643664117,978690.7908127519,13.793971029757657,251.9655555826747,197.14999999999998,True,14.28174,744.9045,730.62276,52.15782530700041,730.62276,19.30608,False,False,0.5811662145135839,4.734848,744.1943,1.0185753041692802,1.0,0.0,3.9976014391365187,-6.157779924692744
S8-3-9-2,300-150K 1K-min,S8-3-9,0.29412726488993274,4.2860000000000005,0.12,3.919348,253.14999999999998,-20.0,0.0024782438774904594,0.95,12.354448911002692,0.19851352903906916,25.225629449652747,3.2278605193338024,251.9655555826747,197.14999999999998,True,12.20828,704.9897,692.78142,57.74684885995406,692.78142,18.89395,False,False,0.5801464897831701,4.734848,711.7053,1.0273158018585413,1.0,0.0,3.950227138060439,-6.00020508355146
S8-3-9-2,300-150K 1K-min,S8-3-9,0.29412726488993274,4.2860000000000005,0.12,3.919348,256.15,-17.0,0.00286820282549008,0.95,10.674746256213458,0.19851352903906916,25.225629449652747,3.2278605193338024,251.9655555826747,197.14999999999998,True,10.55518,677.4426,666.88742,64.1810561259969,666.88742,18.50684,False,False,0.580851836031535,4.734848,681.0721,1.0212699768725566,1.0,0.0,3.9039625219597895,-5.854069638560492
S8-3-9-2,300-150K 1K-min,S8-3-9,0.29412726488993274,4.2860000000000005,0.12,3.919348,258.15,-15.0,0.003283795049708719,0.95,9.323766224745643,0.19851352903906916,25.225629449652747,3.2278605193338024,251.9655555826747,197.14999999999998,True,9.227186,661.7971,652.569914,71.7225273230647,652.569914,18.14531,False,False,0.5830897476322618,4.734848,653.9324,1.002087877437756,1.0,0.0,3.873716831299632,-5.718755498076149
S8-3-9-2,300-150K 1K-min,S8-3-9,0.29412726488993274,4.2860000000000005,0.12,3.919348,261.15,-12.0,0.0037204448526973475,0.95,8.229482920910202,0.19851352903906916,25.225629449652747,3.2278605193338024,251.9655555826747,197.14999999999998,True,8.150944,657.7025,649.551556,80.69034703219651,649.551556,17.80569,False,False,0.5870394926229178,4.734848,628.9172,0.9682329203749902,1.0,0.0,3.8292169251388093,-5.593912033788259
S8-3-9-2,300-150K 1K-min,S8-3-9,0.29412726488993274,4.2860000000000005,0.12,3.919348,264.15,-9.0,0.004180022167373919,0.95,7.324683015424368,0.19851352903906916,25.225629449652747,3.2278605193338024,251.9655555826747,197.14999999999998,True,7.259097,663.9049,656.645803,91.45833152525721,656.645803,17.4842,False,False,0.5921885441488157,4.734848,606.8052,0.9240981930101502,1.0,0.0,3.7857278061707365,-5.477438729260032
S8-3-9-2,300-150K 1K-min,S8-3-9,0.29412726488993274,4.2860000000000005,0.12,3.919348,267.15,-6.0,0.004656284815725173,0.95,6.575486377049023,0.19851352903906916,25.225629449652747,3.2278605193338024,251.9655555826747,197.14999999999998,True,6.523379,680.271,673.747621,104.28199863904887,673.747621,17.18211,False,False,0.5983696844350961,4.734848,586.913,0.8711169905563186,1.0,0.0,3.7432154220475393,-5.369537398661637
S8-3-9-2,300-150K 1K-min,S8-3-9,0.29412726488993274,4.2860000000000005,0.12,3.919348,269.15,-4.0,0.005151819602606271,0.95,5.943014261984638,0.19851352903906916,25.225629449652747,3.2278605193338024,251.9655555826747,197.14999999999998,True,5.89735,706.0938,700.19645,119.73069259921829,700.19645,16.89036,False,False,0.6051486860104285,4.734848,569.2676,0.8130112627677549,1.0,0.0,3.7154003343860302,-5.268405305815199
S8-3-9-2,300-150K 1K-min,S8-3-9,0.29412726488993274,4.2860000000000005,0.12,3.919348,272.15,-1.0,0.0056592619338493915,0.95,5.410129047099149,0.19851352903906916,25.225629449652747,3.2278605193338024,251.9655555826747,197.14999999999998,True,5.37315,740.2078,734.83465,137.76049430966938,734.83465,16.61345,False,False,0.6121810691244169,4.734848,553.1348,0.7527336932192831,1.0,0.0,3.6744442403086537,-5.17446179564988
S8-3-9-2,300-150K 1K-min,S8-3-9,0.29412726488993274,4.2860000000000005,0.12,3.919348,274.15,1.0,0.006174122970926659,0.95,4.958977577485117,0.19851352903906916,25.225629449652747,3.2278605193338024,251.9655555826747,197.14999999999998,True,4.927847,781.2233,776.295453,158.53237732421482,776.295453,16.34631,False,False,0.6190526367800329,4.734848,538.6206,0.6938345418854325,1.0,0.0,3.647638154295094,-5.087388435554901
S8-3-9-2,300-150K 1K-min,S8-3-9,0.29412726488993274,4.2860000000000005,0.12,3.919348,277.15,4.0,0.006692176665050284,0.95,4.57509400989955,0.19851352903906916,25.225629449652747,3.2278605193338024,251.9655555826747,197.14999999999998,True,4.54806,827.3826,822.8345400000001,181.9198955158903,822.8345400000001,16.08916,False,False,0.6254544763438509,4.734848,525.7597,0.638961631338421,1.0,0.0,3.608154429009562,-5.006816096766347
S8-3-9-2,300-150K 1K-min,S8-3-9,0.29412726488993274,4.2860000000000005,0.12,3.919348,280.15,7.0,0.007209797554332843,0.95,4.246629276720969,0.19851352903906916,25.225629449652747,3.2278605193338024,251.9655555826747,197.14999999999998,True,4.221128,876.3014,872.0802719999999,207.59886930697195,872.0802719999999,15.83781,False,False,0.6313315850355574,4.734848,513.2946,0.5885864139809361,1.0,0.0,3.5695163305372124,-4.9323144065354025
S8-3-9-2,300-150K 1K-min,S8-3-9,0.29412726488993274,4.2860000000000005,0.12,3.919348,283.15,10.0,0.0077227847312140215,0.95,3.9645462665444584,0.19851352903906916,25.225629449652747,3.2278605193338024,251.9655555826747,197.14999999999998,True,3.943215,924.6747,920.731485,234.49766244041982,920.731485,15.59276,False,False,0.6363442716055991,4.734848,502.37,0.5456205290948636,1.0,0.0,3.531696980399082,-4.8635802635095
S8-3-9-2,300-150K 1K-min,S8-3-9,0.29412726488993274,4.2860000000000005,0.12,3.919348,285.15,12.0,0.008226122827358443,0.95,3.7219645288584733,0.19851352903906916,25.225629449652747,3.2278605193338024,251.9655555826747,197.14999999999998,True,3.702502,970.262,966.559498,262.0557666140356,966.559498,15.35301,False,False,0.6407064195717693,4.734848,491.2352,0.5082306893848344,1.0,0.0,3.506926179203928,-4.800440477683332
S8-3-9-2,300-150K 1K-min,S8-3-9,0.29412726488993274,4.2860000000000005,0.12,3.919348,288.15,15.0,0.008714408650327328,0.95,3.513415379288078,0.19851352903906916,25.225629449652747,3.2278605193338024,251.9655555826747,197.14999999999998,True,3.497148,1008.53,1005.0328519999999,288.38642230754886,1005.0328519999999,15.1195,False,False,0.6442087706667987,4.734848,480.6173,0.47821053714172473,1.0,0.0,3.47041471455839,-4.742777456549036
S8-3-9-2,300-150K 1K-min,S8-3-9,0.29412726488993274,4.2860000000000005,0.12,3.919348,291.15,18.0,0.00918950651611566,0.95,3.331771659312434,0.19851352903906916,25.225629449652747,3.2278605193338024,251.9655555826747,197.14999999999998,True,3.317922,1037.085,1033.767078,312.5706390927816,1033.767078,14.88882,False,False,0.6468655227059443,4.734848,470.8172,0.4554383768061915,1.0,0.0,3.4346556757685045,-4.689693041976276
S8-3-9-2,300-150K 1K-min,S8-3-9,0.29412726488993274,4.2860000000000005,0.12,3.919348,294.15,21.0,0.00961317902659413,0.95,3.184933650851665,0.19851352903906916,25.225629449652747,3.2278605193338024,251.9655555826747,197.14999999999998,True,3.172686,1054.07,1050.8973139999998,332.23268864299837,1050.8973139999998,14.66011,False,False,0.6488019974772403,4.734848,461.1758,0.43884002162365376,1.0,0.0,3.3996260411354755,-4.644620306687482
S8-3-9-2,300-150K 1K-min,S8-3-9,0.29412726488993274,4.2860000000000005,0.12,3.919348,297.15,24.0,0.009909136051655129,0.95,3.089808961533742,0.19851352903906916,25.225629449652747,3.2278605193338024,251.9655555826747,197.14999999999998,True,3.081795,1057.836,1054.754205,343.2532014621349,1054.754205,14.45148,False,False,0.6498989482578076,4.734848,452.9511,0.4294375863616487,1.0,0.0,3.365303718660609,-4.614298113890122
S8-3-9-2,300-150K 1K-min,S8-3-9,0.29412726488993274,4.2860000000000005,0.12,3.919348,299.15,26.0,0.009877118895207574,0.95,3.0998247260460516,0.19851352903906916,25.225629449652747,3.2278605193338024,251.9655555826747,197.14999999999998,True,3.097244,1050.822,1047.7247559999998,339.27646643273823,1047.7247559999998,14.32163,False,False,0.6499760364543682,4.734848,449.2401,0.4287768303911296,1.0,0.0,3.342804613070366,-4.617534419545569
S8-3-9-3,300-150K 1K-min,S8-3-9,0.29412726488993274,4.2860000000000005,0.12,3.919348,183.14999999999998,-90.0,6.818523181088978e-07,0.705402954575495,44903.18,0.8645731461535073,4.987510537548345e+17,40.750883475904175,239.6464042002425,183.14999999999998,True,5658.924,49983.09,44324.166,8.832613761909506,44324.166,1869.773,True,True,0.9836549543500341,18984.38,6209.833,0.14010039128542204,0.5714285714285714,0.6153846153846154,5.460005460005461,-14.198452744913952
S8-3-9-3,300-150K 1K-min,S8-3-9,0.29412726488993274,4.2860000000000005,0.12,3.919348,188.14999999999998,-85.0,3.6829798901025798e-06,0.8991656754109447,8313.197,0.8645731461535073,4.987510537548345e+17,40.750883475904175,239.6464042002425,183.14999999999998,True,4100.523,13057.9,8957.377,3.1844474473134277,8957.377,356.1937,False,False,0.6740835328616104,4.734848,1989.802,0.22214114690048206,0.5813953488372093,0.0,5.314908317831518,-12.511788380711046
S8-3-9-3,300-150K 1K-min,S8-3-9,0.29412726488993274,4.2860000000000005,0.12,3.919348,192.14999999999998,-81.0,1.2860439650839823e-05,0.8996401963194719,2380.738,0.8645731461535073,4.987510537548345e+17,40.750883475904175,239.6464042002425,183.14999999999998,True,1789.776,4771.462,2981.6860000000006,2.66595484574606,2981.6860000000006,121.4934,False,False,0.6311366063808641,4.734848,1759.963,0.5902576595925926,0.5581395348837209,0.0,5.204267499349467,-11.261354652271075
S8-3-9-3,300-150K 1K-min,S8-3-9,0.29412726488993274,4.2860000000000005,0.12,3.919348,196.14999999999998,-77.0,3.217702198302215e-05,0.8998835380508265,951.528,0.8645731461535073,4.987510537548345e+17,40.750883475904175,239.6464042002425,183.14999999999998,True,830.8343,2472.753,1641.9187000000002,2.976228834076783,1641.9187000000002,42.39429,False,False,0.587391267708119,4.734848,1584.809,0.9652177053589797,0.627906976744186,0.0,5.098139179199593,-10.34425796316147
S8-3-9-3,300-150K 1K-min,S8-3-9,0.29412726488993274,4.2860000000000005,0.12,3.919348,199.14999999999998,-74.0,6.608288527484216e-05,0.8999458224255642,463.3172,0.8645731461535073,4.987510537548345e+17,40.750883475904175,239.6464042002425,183.14999999999998,True,434.7003,1723.686,1288.9857,3.9652284573992698,1288.9857,31.75524,False,False,0.56782099289387,4.734848,1460.373,1.1329629180525425,0.7906976744186046,0.0,5.021340697966358,-9.624600766344566
S8-3-9-3,300-150K 1K-min,S8-3-9,0.29412726488993274,4.2860000000000005,0.12,3.919348,202.14999999999998,-71.0,0.00011757570745856977,0.8999615488261338,260.4053,0.8645731461535073,4.987510537548345e+17,40.750883475904175,239.6464042002425,183.14999999999998,True,238.5551,1421.707,1183.1519,5.9596587958086,1183.1519,30.10594,False,False,0.5657325262574766,4.734848,1361.647,1.1508640606501996,0.7906976744186046,0.0,4.946821667078902,-9.048428113067958
S8-3-9-3,300-150K 1K-min,S8-3-9,0.29412726488993274,4.2860000000000005,0.12,3.919348,205.14999999999998,-68.0,0.00019205106276112837,0.899979223973829,159.4229,0.3959131497955037,1204118.1423886898,14.00125802494452,239.6464042002425,183.14999999999998,True,154.2549,1287.039,1132.7841,8.3435858439505,1132.7841,28.66922,False,False,0.568015685130703,4.734848,1281.512,1.131294127451117,0.8604651162790697,0.0,4.874482086278333,-8.557749269414549
S8-3-9-3,300-150K 1K-min,S8-3-9,0.29412726488993274,4.2860000000000005,0.12,3.919348,208.14999999999998,-65.0,0.00029199994444195214,0.95,104.85391506486278,0.3959131497955037,1204118.1423886898,14.00125802494452,239.6464042002425,183.14999999999998,True,104.7437,1229.028,1124.2843,11.733669900910508,1124.2843,27.57104,False,False,0.5734056116114641,4.734848,1219.955,1.085094757616022,1.0,0.0,4.804227720393947,-8.138756945963298
S8-3-9-3,300-150K 1K-min,S8-3-9,0.29412726488993274,4.2860000000000005,0.12,3.919348,211.14999999999998,-62.0,0.0004118134500614155,0.95,74.3475895915857,0.3959131497955037,1204118.1423886898,14.00125802494452,239.6464042002425,183.14999999999998,True,73.22406,1190.414,1117.18994,16.257142802516004,1117.18994,26.56682,False,False,0.5784554635952653,4.734848,1163.9,1.0418103120405822,1.0,0.0,4.735969689793986,-7.794940102268667
S8-3-9-3,300-150K 1K-min,S8-3-9,0.29412726488993274,4.2860000000000005,0.12,3.919348,213.14999999999998,-60.0,0.0005697258172725217,0.95,53.740477340551436,0.3959131497955037,1204118.1423886898,14.00125802494452,239.6464042002425,183.14999999999998,True,52.77009,1150.7,1097.92991,21.805913160276965,1097.92991,25.64736,False,False,0.581881804276559,4.734848,1111.59,1.0124416776294936,1.0,0.0,4.691531785127845,-7.4703553351929415
S8-3-9-3,300-150K 1K-min,S8-3-9,0.29412726488993274,4.2860000000000005,0.12,3.919348,216.14999999999998,-57.0,0.0007725474701618105,0.95,39.63165832003602,0.3959131497955037,1204118.1423886898,14.00125802494452,239.6464042002425,183.14999999999998,True,38.87943,1101.671,1062.79157,28.335574878541173,1062.79157,24.7827,False,False,0.5834359246313305,4.734848,1061.857,0.9991206460171668,1.0,0.0,4.626416840157298,-7.165817101032699
S8-3-9-3,300-150K 1K-min,S8-3-9,0.29412726488993274,4.2860000000000005,0.12,3.919348,219.14999999999998,-54.0,0.0010272082354365658,0.95,29.80635894186407,0.3959131497955037,1204118.1423886898,14.00125802494452,239.6464042002425,183.14999999999998,True,29.32858,1039.346,1010.01742,35.43799256561348,1010.01742,23.96939,False,False,0.5827149436689915,4.734848,1015.371,1.0053004828372158,1.0,0.0,4.56308464522017,-6.880910607696459
S8-3-9-3,300-150K 1K-min,S8-3-9,0.29412726488993274,4.2860000000000005,0.12,3.919348,222.14999999999998,-51.0,0.0013361846234379614,0.95,22.914002179342283,0.3959131497955037,1204118.1423886898,14.00125802494452,239.6464042002425,183.14999999999998,True,22.54618,971.576,949.02982,43.09271016198753,949.02982,23.22661,False,False,0.5809607127694542,4.734848,968.33,1.0203367476903928,1.0,0.0,4.501462975467027,-6.617937022219128
S8-3-9-3,300-150K 1K-min,S8-3-9,0.29412726488993274,4.2860000000000005,0.12,3.919348,224.14999999999998,-49.0,0.0017038356821301233,0.95,17.969653819659133,0.3959131497955037,1204118.1423886898,14.00125802494452,239.6464042002425,183.14999999999998,True,17.68977,898.9775,881.28773,50.819060960091626,881.28773,22.50573,False,False,0.5777378794702309,4.734848,923.5552,1.047961033112306,1.0,0.0,4.461298237787196,-6.37487328589956
S8-3-9-3,300-150K 1K-min,S8-3-9,0.29412726488993274,4.2860000000000005,0.12,3.919348,227.14999999999998,-46.0,0.0021262782133754854,0.95,14.399497291022797,0.3959131497955037,1204118.1423886898,14.00125802494452,239.6464042002425,183.14999999999998,True,14.18616,828.1862,814.00004,58.3798716495514,814.00004,21.84197,False,False,0.5737432535425102,4.734848,880.9114,1.082200683921341,1.0,0.0,4.402377283733216,-6.153382145264994
S8-3-9-3,300-150K 1K-min,S8-3-9,0.29412726488993274,4.2860000000000005,0.12,3.919348,230.14999999999998,-43.0,0.0026050837808903986,0.95,11.752918504216519,0.3959131497955037,1204118.1423886898,14.00125802494452,239.6464042002425,183.14999999999998,True,11.58881,761.393,749.8041900000001,65.70070611218925,749.8041900000001,21.22535,False,False,0.5691876630706302,4.734848,840.7169,1.121248602251741,1.0,0.0,4.344992396263307,-5.950290442723769
S8-3-9-3,300-150K 1K-min,S8-3-9,0.29412726488993274,4.2860000000000005,0.12,3.919348,233.14999999999998,-40.0,0.003138000898389454,0.95,9.756956216671297,0.3959131497955037,1204118.1423886898,14.00125802494452,239.6464042002425,183.14999999999998,True,9.62755,701.2538,691.6262499999999,72.83824025842505,691.6262499999999,20.65765,False,False,0.5644179159866572,4.734848,803.7611,1.1621321486857952,1.0,0.0,4.2890842805061125,-5.764169338377694
S8-3-9-3,300-150K 1K-min,S8-3-9,0.29412726488993274,4.2860000000000005,0.12,3.919348,235.14999999999998,-38.0,0.003720121224868679,0.95,8.230198835668828,0.3959131497955037,1204118.1423886898,14.00125802494452,239.6464042002425,183.14999999999998,True,8.131083,650.4504,642.319317,79.99554302913891,642.319317,20.13599,False,False,0.5602811468406559,4.734848,769.2353,1.1975901699372353,1.0,0.0,4.25260472039124,-5.593999023897747
S8-3-9-3,300-150K 1K-min,S8-3-9,0.29412726488993274,4.2860000000000005,0.12,3.919348,238.14999999999998,-35.0,0.004345198313205343,0.95,7.046246262319719,0.3959131497955037,1204118.1423886898,14.00125802494452,239.6464042002425,183.14999999999998,True,6.967474,607.4952,600.5277259999999,87.19016389583943,600.5277259999999,19.65242,False,False,0.5565487826729698,4.734848,738.398,1.2295818628031154,1.0,0.0,4.199034222128911,-5.438683879601996
S8-3-9-3,300-150K 1K-min,S8-3-9,0.29412726488993274,4.2860000000000005,0.12,3.919348,241.14999999999998,-32.0,0.0050100867947943445,0.95,6.1111391134528015,0.3959131497955037,1204118.1423886898,14.00125802494452,239.6464042002425,183.14999999999998,True,6.048399,572.6641,566.615701,94.68027820254582,566.615701,19.20086,False,False,0.5539596799254012,4.734848,709.2749,1.25177417206799,1.0,0.0,4.146796599626788,-5.296302039725179
S8-3-9-3,300-150K 1K-min,S8-3-9,0.29412726488993274,4.2860000000000005,0.12,3.919348,244.14999999999998,-29.0,0.005708208949449543,0.95,5.363738020909975,0.12736601691890356,2.7090190421030367,0.9965865922783408,239.6464042002425,183.14999999999998,True,5.315027,545.5117,540.196673,102.63573449391697,540.196673,18.77818,False,False,0.5523212273344258,4.734848,683.7907,1.2658180514192072,1.0,0.0,4.095842719639566,-5.165849973616813
S8-3-9-3,300-150K 1K-min,S8-3-9,0.29412726488993274,4.2860000000000005,0.12,3.919348,247.14999999999998,-26.0,0.006426442126621408,0.95,4.76427497053609,0.12736601691890356,2.7090190421030367,0.9965865922783408,239.6464042002425,183.14999999999998,True,4.722941,523.2088,518.485859,110.78029558277353,518.485859,18.38248,False,False,0.5514009328073114,4.734848,660.3987,1.2737062902230447,1.0,0.0,4.046125834513454,-5.047334217881944
S8-3-9-3,300-150K 1K-min,S8-3-9,0.29412726488993274,4.2860000000000005,0.12,3.919348,249.14999999999998,-24.0,0.007155631630847366,0.95,4.278774949994933,0.12736601691890356,2.7090190421030367,0.9965865922783408,239.6464042002425,183.14999999999998,True,4.243279,509.1436,504.900321,119.9882449398213,504.900321,18.01006,False,False,0.5523396759733891,4.734848,639.0321,1.2656599202280934,1.0,0.0,4.013646397752359,-4.939855591624404
S8-3-9-3,300-150K 1K-min,S8-3-9,0.29412726488993274,4.2860000000000005,0.12,3.919348,252.14999999999998,-21.0,0.007891416331396445,0.95,3.8798279152562634,0.12736601691890356,2.7090190421030367,0.9965865922783408,239.6464042002425,183.14999999999998,True,3.851419,497.0226,493.171181,129.04921536711535,493.171181,17.66057,False,False,0.5532275719763387,4.734848,620.4337,1.2580493830599537,1.0,0.0,3.9658933174697606,-4.841979650551597
S8-3-9-3,300-150K 1K-min,S8-3-9,0.29412726488993274,4.2860000000000005,0.12,3.919348,255.14999999999998,-18.0,0.008617404671257208,0.95,3.5529650215433457,0.12736601691890356,2.7090190421030367,0.9965865922783408,239.6464042002425,183.14999999999998,True,3.527262,489.5519,486.024638,138.79090920946615,486.024638,17.33042,False,False,0.5550855495244806,4.734848,603.7028,1.2421238612187369,1.0,0.0,3.919263178522438,-4.753971321861629
S8-3-9-3,300-150K 1K-min,S8-3-9,0.29412726488993274,4.2860000000000005,0.12,3.919348,258.15,-15.0,0.009342263646138388,0.95,3.277293227120253,0.12736601691890356,2.7090190421030367,0.9965865922783408,239.6464042002425,183.14999999999998,True,3.256795,482.0441,478.787305,148.01180301492727,478.787305,17.0151,False,False,0.5566742700080574,4.734848,588.1932,1.2285062570737935,1.0,0.0,3.873716831299632,-4.673206695705668
S8-3-9-3,300-150K 1K-min,S8-3-9,0.29412726488993274,4.2860000000000005,0.12,3.919348,261.15,-12.0,0.010045504972276333,0.95,3.04786443866775,0.12736601691890356,2.7090190421030367,0.9965865922783408,239.6464042002425,183.14999999999998,True,3.028781,484.6121,481.583319,160.00235738404328,481.583319,16.70934,False,False,0.5608458584643519,4.734848,574.4084,1.1927497845912698,1.0,0.0,3.8292169251388093,-4.600630010970687
S8-3-9-3,300-150K 1K-min,S8-3-9,0.29412726488993274,4.2860000000000005,0.12,3.919348,263.15,-10.0,0.010734399536791884,0.95,2.852263628582199,0.12736601691890356,2.7090190421030367,0.9965865922783408,239.6464042002425,183.14999999999998,True,2.837774,492.9377,490.099926,173.70576374299011,490.099926,16.4169,False,False,0.5662395159526443,4.734848,561.9086,1.14651843469162,1.0,0.0,3.800114003420103,-4.534301784307399
S8-3-9-3,300-150K 1K-min,S8-3-9,0.29412726488993274,4.2860000000000005,0.12,3.919348,266.15,-7.0,0.011395714840387315,0.95,2.686741270933775,0.12736601691890356,2.7090190421030367,0.9965865922783408,239.6464042002425,183.14999999999998,True,2.672692,502.6509,499.978208,188.06914526627085,499.978208,16.13499,False,False,0.5715929835085934,4.734848,550.2918,1.1006315699263414,1.0,0.0,3.7572797294758598,-4.474517885440586
S8-3-9-3,300-150K 1K-min,S8-3-9,0.29412726488993274,4.2860000000000005,0.12,3.919348,269.15,-4.0,0.012032555564910763,0.95,2.544541532203443,0.12736601691890356,2.7090190421030367,0.9965865922783408,239.6464042002425,183.14999999999998,True,2.532663,518.9645,516.4318370000001,204.9086277961182,516.4318370000001,15.86269,False,False,0.5781959647722753,4.734848,539.1727,1.044034587666211,1.0,0.0,3.7154003343860302,-4.420139338895261
S8-3-9-3,300-150K 1K-min,S8-3-9,0.29412726488993274,4.2860000000000005,0.12,3.919348,272.15,-1.0,0.012642262701605626,0.95,2.421824169938547,0.12736601691890356,2.7090190421030367,0.9965865922783408,239.6464042002425,183.14999999999998,True,2.414209,540.1816,537.767391,223.75096770826386,537.767391,15.59443,False,False,0.5852167510221288,4.734848,529.0859,0.9838564198103248,1.0,0.0,3.6744442403086537,-4.370709895081043
S8-3-9-3,300-150K 1K-min,S8-3-9,0.29412726488993274,4.2860000000000005,0.12,3.919348,274.15,1.0,0.013244360906255942,0.95,2.311726295452963,0.12736601691890356,2.7090190421030367,0.9965865922783408,239.6464042002425,183.14999999999998,True,2.300629,570.6072,568.3065710000001,248.0222582606757,568.3065710000001,15.32368,False,False,0.5933387897310332,4.734848,519.568,0.9142389451625731,1.0,0.0,3.647638154295094,-4.32418340912056
S8-3-9-3,300-150K 1K-min,S8-3-9,0.29412726488993274,4.2860000000000005,0.12,3.919348,277.15,4.0,0.013802336492496037,0.95,2.2182720577857906,0.12736601691890356,2.7090190421030367,0.9965865922783408,239.6464042002425,183.14999999999998,True,2.20871,598.8373,596.62859,271.12536276831275,596.62859,15.05401,False,False,0.6001667855038595,4.734848,510.543,0.8557132671097761,1.0,0.0,3.608154429009562,-4.282917390100039
S8-3-9-3,300-150K 1K-min,S8-3-9,0.29412726488993274,4.2860000000000005,0.12,3.919348,280.15,7.0,0.014328284295960296,0.95,2.1368460271334317,0.12736601691890356,2.7090190421030367,0.9965865922783408,239.6464042002425,183.14999999999998,True,2.126313,634.4158,632.289487,298.3642577550906,632.289487,14.80077,False,False,0.6072707103225964,4.734848,502.5579,0.7948224829491736,1.0,0.0,3.5695163305372124,-4.245519772435631
S8-3-9-3,300-150K 1K-min,S8-3-9,0.29412726488993274,4.2860000000000005,0.12,3.919348,282.15,9.0,0.014826221165458748,0.95,2.0650803081766753,0.12736601691890356,2.7090190421030367,0.9965865922783408,239.6464042002425,183.14999999999998,True,2.0558,660.4289,658.3731,321.2515322502189,658.3731,14.55928,False,False,0.6124457089756554,4.734848,494.0862,0.7504653516372392,1.0,0.0,3.5442140705298604,-4.211357965453049
S8-3-9-3,300-150K 1K-min,S8-3-9,0.29412726488993274,4.2860000000000005,0.12,3.919348,285.15,12.0,0.015291279720002939,0.95,2.0022743638264444,0.12736601691890356,2.7090190421030367,0.9965865922783408,239.6464042002425,183.14999999999998,True,1.992284,709.9763,707.984016,356.36299844801243,707.984016,14.32499,False,False,0.6198136675635533,4.734848,486.6055,0.6873114208838287,1.0,0.0,3.506926179203928,-4.180472566009652
S8-3-9-3,300-150K 1K-min,S8-3-9,0.29412726488993274,4.2860000000000005,0.12,3.919348,288.15,15.0,0.015742068099193558,0.95,1.944937423757529,0.12736601691890356,2.7090190421030367,0.9965865922783408,239.6464042002425,183.14999999999998,True,1.935298,733.5842,731.648902,379.05490523939983,731.648902,14.08778,False,False,0.6236046098332924,4.734848,479.0966,0.6548176300003514,1.0,0.0,3.47041471455839,-4.151418653315604
S8-3-9-3,300-150K 1K-min,S8-3-9,0.29412726488993274,4.2860000000000005,0.12,3.919348,291.15,18.0,0.016181460791774707,0.95,1.8921244359485996,0.12736601691890356,2.7090190421030367,0.9965865922783408,239.6464042002425,183.14999999999998,True,1.883805,763.8536,761.969795,405.48443177505106,761.969795,13.8407,False,False,0.6278722612182634,4.734848,471.0785,0.6182377609863123,1.0,0.0,3.4346556757685045,-4.1238890876338825
S8-3-9-3,300-150K 1K-min,S8-3-9,0.29412726488993274,4.2860000000000005,0.12,3.919348,294.15,21.0,0.016597425968259593,0.95,1.8447039578313378,0.12736601691890356,2.7090190421030367,0.9965865922783408,239.6464042002425,183.14999999999998,True,1.835071,787.5026,785.6675290000001,429.14012591338434,785.6675290000001,13.59244,False,False,0.6312645748063408,4.734848,462.8845,0.589160787374222,1.0,0.0,3.3996260411354755,-4.098507657796055
S8-3-9-3,300-150K 1K-min,S8-3-9,0.29412726488993274,4.2860000000000005,0.12,3.919348,297.15,24.0,0.01696808726609506,0.95,1.8044071139732651,0.12736601691890356,2.7090190421030367,0.9965865922783408,239.6464042002425,183.14999999999998,True,1.795944,805.9509,804.1549560000001,448.76170971923403,804.1549560000001,13.35289,False,False,0.6338920963718673,4.734848,455.6657,0.5666391739554228,1.0,0.0,3.365303718660609,-4.076420918752366
S8-3-9-3,300-150K 1K-min,S8-3-9,0.29412726488993274,4.2860000000000005,0.12,3.919348,299.15,26.0,0.017211995483619295,0.95,1.7788371721686602,0.12736601691890356,2.7090190421030367,0.9965865922783408,239.6464042002425,183.14999999999998,True,1.770996,810.1052,808.334204,457.429152860876,808.334204,13.16236,False,False,0.635052511192924,4.734848,449.9938,0.5566927612035076,1.0,0.0,3.342804613070366,-4.062148726403024
S8-3-9-4,300-150K 5K-min,S8-3-9,0.29412726488993274,4.2860000000000005,0.12,3.919348,203.14999999999998,-70.0,3.832155680339519e-05,0.8999075298925038,798.9586,0.6832938369664896,3432357543928.9062,28.864268471594425,223.33016264008165,,True,509.0594,5802.282,5293.2226,11.398045100434253,5293.2226,32.27712,False,False,0.6647951703372534,4.734848,1597.26,0.30175568282354115,0.7441860465116279,0.0,4.922471080482403,-10.16949797929344
S8-3-9-4,300-150K 5K-min,S8-3-9,0.29412726488993274,4.2860000000000005,0.12,3.919348,216.14999999999998,-57.0,0.00040087001792752904,0.95,76.37721955797709,0.6832938369664896,3432357543928.9062,28.864268471594425,223.33016264008165,,True,71.60661,1308.197,1236.5903899999998,18.269221235302158,1236.5903899999998,25.17658,False,False,0.5874993818014926,4.734848,1192.433,0.9642910131300626,1.0,0.0,4.626416840157298,-7.821873328023122
S8-3-9-4,300-150K 5K-min,S8-3-9,0.29412726488993274,4.2860000000000005,0.12,3.919348,230.14999999999998,-43.0,0.0013459401713094882,0.95,22.747918537621896,0.17963980748094058,14.767089861791398,2.692401046784383,223.33016264008165,,True,21.27005,1117.655,1096.38495,52.54595076175185,1096.38495,22.0291,False,False,0.596101714396329,4.734848,976.393,0.8905567337457517,1.0,0.0,4.344992396263307,-6.610662497997507
S8-3-9-4,300-150K 5K-min,S8-3-9,0.29412726488993274,4.2860000000000005,0.12,3.919348,244.14999999999998,-29.0,0.0031712259746133342,0.95,9.654732150456182,0.17963980748094058,14.767089861791398,2.692401046784383,223.33016264008165,,True,9.170935,867.301,858.1300650000001,94.5706190263043,858.1300650000001,19.75744,False,False,0.5918656443220334,4.734848,795.3715,0.9268659058111418,1.0,0.0,4.095842719639566,-5.753637023078429
S8-3-9-4,300-150K 5K-min,S8-3-9,0.29412726488993274,4.2860000000000005,0.12,3.919348,258.15,-15.0,0.005673036038596658,0.95,5.39699327928735,0.17963980748094058,14.767089861791398,2.692401046784383,223.33016264008165,,True,5.210093,731.9233,726.713207,140.48181097727047,726.713207,18.06624,False,False,0.5938557958531777,4.734848,661.1691,0.9098074641156192,1.0,0.0,3.873716831299632,-5.172030848005557
S8-3-9-4,300-150K 5K-min,S8-3-9,0.29412726488993274,4.2860000000000005,0.12,3.919348,272.15,-1.0,0.008280861290054677,0.95,3.697361458068685,0.17963980748094058,14.767089861791398,2.692401046784383,223.33016264008165,,True,3.617944,827.5237,823.905756,228.72761435776783,823.905756,16.79517,False,False,0.6182859008128272,4.734848,577.069,0.700406564461481,1.0,0.0,3.6744442403086537,-4.793808295456725
S8-3-9-4,300-150K 5K-min,S8-3-9,0.29412726488993274,4.2860000000000005,0.12,3.919348,285.15,12.0,0.01021392999700608,0.95,2.997605954068188,0.17963980748094058,14.767089861791398,2.692401046784383,223.33016264008165,,True,2.968444,1035.875,1032.906556,348.96228461779975,1032.906556,15.90954,False,False,0.640733720802007,4.734848,524.7131,0.5079966788399392,1.0,0.0,3.506926179203928,-4.5840028044118455
S8-3-9-4,300-150K 5K-min,S8-3-9,0.29412726488993274,4.2860000000000005,0.12,3.919348,299.15,26.0,0.010627493575778399,0.95,2.8809556228048403,0.17963980748094058,14.767089861791398,2.692401046784383,223.33016264008165,,True,2.879698,1121.215,1118.335302,389.35159172941053,1118.335302,15.53052,False,False,0.6484479491703166,4.734848,494.1641,0.44187472139728595,1.0,0.0,3.342804613070366,-4.5443109022219
